<?xml version="1.0" encoding="UTF-8"?>
<kml xmlns="http://www.opengis.net/kml/2.2" xmlns:gx="http://www.google.com/kml/ext/2.2" xmlns:kml="http://www.opengis.net/kml/2.2" xmlns:atom="http://www.w3.org/2005/Atom">
<Document id="Autobahn">
	<name>Autobahn</name>
	<atom:link rel="app" href="https://www.google.com/earth/about/versions/#earth-pro" title="Google Earth Pro 7.3.6.10201"></atom:link>
	<Placemark id="Autobahn.1">
		<name>dd904364-A1</name>
		<LineString>
			<coordinates>
				10.0227479969824,53.3911419400194,0 10.0263740039085,53.3993809472146,0 10.0308699977019,53.41742494137121,0 10.0348770058787,53.4264949475771,0 10.0295265233064,53.4445572317558,0 10.0287759938705,53.45134694375161,0 10.022466996219,53.4793449442786,0 10.0386400053731,53.50039194219039,0 10.0388509944034,53.5036199460903,0 10.0362269929791,53.5087469438934,0 10.0645970018408,53.5092639482499,0 10.0809588111321,53.5072519603017,0 10.0907279315949,53.5082578274072,0 10.1145069998666,53.51595594442811,0 10.1332379932456,53.5274739414399,0 10.1417589951888,53.5362549401492,0 10.1520069996683,53.5550859410278,0 10.1548360055357,53.5580369424793,0 10.1611586542374,53.5609472242896,0 10.1745355832563,53.56181931074779,0 10.1833309946955,53.5641769425262,0 10.1892590035595,53.5672689404834,0 10.2273139950498,53.60024594209369,0 10.2332419924119,53.6157399403921,0 10.2374950006598,53.6215369469312,0 10.2583680027233,53.63573294033951,0 10.2760740004694,53.6418119443873,0 10.2818818508948,53.64458445880609,0 10.2953329956755,53.6550249467008,0 10.3362640053312,53.7156299410046,0 10.3668929942829,53.7497949412338,0 10.3831670060358,53.7629399436011,0 10.4074129936571,53.776542947107,0 10.4262349937414,53.79033293984239,0 10.4551629927515,53.8051779483074,0 10.4714599929519,53.8156969457717,0 10.4789059997648,53.8180529458987,0 10.5241800031298,53.8207729439592,0 10.5507940033408,53.8294679450155,0 10.593884697031,53.8501061356811,0 10.6554709954857,53.8763589413567,0 10.6629996293855,53.88111174174691,0 10.6726558943741,53.8949433048816,0 10.6884295103441,53.9067928116868,0 10.7022299986199,53.9127729482712,0 10.720287002171,53.9171279446724,0 10.7237669985007,53.9195323477426,0 10.729031991436,53.9297979483429,0 10.7445859957948,53.94192594555249,0 10.7479239912021,53.9491779452359,0 10.7460339933783,53.9555359413162,0 10.7365139929932,53.9659989470723,0 10.7326509925356,53.9768639463241,0 10.7336519930711,53.9908749455312,0 10.7291917379124,54.0058459847579,0 10.7289128424434,54.0118903043031,0 10.7315709350369,54.0250731213558,0 10.7285453513095,54.03905399707079,0 10.7292671527211,54.04496250504239,0 10.7338249944963,54.0521889478441,0 10.7541589913889,54.06708594460951,0 10.7643899952517,54.084385941512,0 10.7760949968271,54.0946339411532,0 10.7848819957864,54.11379694524659,0 10.7899170012892,54.1193409412719,0 10.7990150010152,54.12312194574289,0 10.8172690049171,54.1256119425211,0 10.8320039957782,54.1303759413975,0 10.8380609945293,54.1348599433935,0 10.8520709984317,54.1521969481944,0 10.8829980024933,54.17166394277871,0 10.8901349926957,54.178330946286,0 10.8954859961148,54.1880379473046,0 10.9021340046889,54.21649094309019,0 10.9011009959146,54.2242279396333,0 10.8907769970728,54.2414429465374,0 10.8880240027266,54.25051694108861,0 10.8898819973341,54.2655329411719,0 10.8711306265818,54.2915049232005,0 10.8715444890823,54.2950973371415,0 10.8754870077535,54.29805036298531,0 10.8973763277612,54.3036370889363,0 10.9076461397992,54.3086435872052,0 10.9139166957321,54.3146194829071,0 10.9301728570735,54.3238281474092,0 10.9335871217103,54.33169525170339,0 10.963617983292,54.3610537283843,0 10.9712561622049,54.36301169323611,0 11.000306726815,54.3615619097912,0 11.012969744267,54.36306828730699,0 11.000306726815,54.3615619097912,0 10.9712561622049,54.36301169323611,0 10.963617983292,54.3610537283843,0 10.9335871217103,54.33169525170339,0 10.9301728570735,54.3238281474092,0 10.9139166957321,54.3146194829071,0 10.9076461397992,54.3086435872052,0 10.8973763277612,54.3036370889363,0 10.8754870077535,54.29805036298531,0 10.8715444890823,54.2950973371415,0 10.8711306265818,54.2915049232005,0 10.8898819973341,54.2655329411719,0 10.8880240027266,54.25051694108861,0 10.8907769970728,54.2414429465374,0 10.9011009959146,54.2242279396333,0 10.9021340046889,54.21649094309019,0 10.8954859961148,54.1880379473046,0 10.8901349926957,54.178330946286,0 10.8829980024933,54.17166394277871,0 10.8520709984317,54.1521969481944,0 10.8380609945293,54.1348599433935,0 10.8320039957782,54.1303759413975,0 10.8172690049171,54.1256119425211,0 10.7990150010152,54.12312194574289,0 10.7899170012892,54.1193409412719,0 10.7848819957864,54.11379694524659,0 10.7760949968271,54.0946339411532,0 10.7643899952517,54.084385941512,0 10.7541589913889,54.06708594460951,0 10.7338249944963,54.0521889478441,0 10.7292671527211,54.04496250504239,0 10.7285453513095,54.03905399707079,0 10.7315709350369,54.0250731213558,0 10.7289128424434,54.0118903043031,0 10.7291917379124,54.0058459847579,0 10.7336519930711,53.9908749455312,0 10.7326509925356,53.9768639463241,0 10.7365139929932,53.9659989470723,0 10.7460339933783,53.9555359413162,0 10.7479239912021,53.9491779452359,0 10.7445859957948,53.94192594555249,0 10.729031991436,53.9297979483429,0 10.7237669985007,53.9195323477426,0 10.720287002171,53.9171279446724,0 10.7022299986199,53.9127729482712,0 10.6884295103441,53.9067928116868,0 10.6726558943741,53.8949433048816,0 10.6629996293855,53.88111174174691,0 10.6554709954857,53.8763589413567,0 10.593884697031,53.8501061356811,0 10.5507940033408,53.8294679450155,0 10.5241800031298,53.8207729439592,0 10.4789059997648,53.8180529458987,0 10.4714599929519,53.8156969457717,0 10.4551629927515,53.8051779483074,0 10.4262349937414,53.79033293984239,0 10.4074129936571,53.776542947107,0 10.3831670060358,53.7629399436011,0 10.3668929942829,53.7497949412338,0 10.3362640053312,53.7156299410046,0 10.2953329956755,53.6550249467008,0 10.2818818508948,53.64458445880609,0 10.2583680027233,53.63573294033951,0 10.2374950006598,53.6215369469312,0 10.2332419924119,53.6157399403921,0 10.2273139950498,53.60024594209369,0 10.1892590035595,53.5672689404834,0 10.1833309946955,53.5641769425262,0 10.1745355832563,53.56181931074779,0 10.1611586542374,53.5609472242896,0 10.1548360055357,53.5580369424793,0 10.1417589951888,53.5362549401492,0 10.1332379932456,53.5274739414399,0 10.1145069998666,53.51595594442811,0 10.0907279315949,53.5082578274072,0 10.0809588111321,53.5072519603017,0 10.0645970018408,53.5092639482499,0 10.0362269929791,53.5087469438934,0 10.0388509944034,53.5036199460903,0 10.0386400053731,53.50039194219039,0 10.022466996219,53.4793449442786,0 10.0295265233064,53.4445572317558,0 10.0348770058787,53.4264949475771,0 10.0308699977019,53.41742494137121,0 10.0263740039085,53.3993809472146,0 10.0197035763225,53.385043262335,0 10.0161080955151,53.38165525805281,0 10.0130567193713,53.3805416375808,0 9.999643992208989,53.3815559477925,0 9.98098000123348,53.3803839469171,0 9.890538004106959,53.37117994577131,0 9.86565999808928,53.3728629476346,0 9.750541992951669,53.3692049466442,0 9.59662500049757,53.3264659426289,0 9.53233199262065,53.2989779458031,0 9.47745299301214,53.2835679445736,0 9.423617996259461,53.2518679411191,0 9.4018899987013,53.2427999448833,0 9.39185199614283,53.2400859443028,0 9.357138996786871,53.23544894527999,0 9.335374002168949,53.2290959471345,0 9.325786000713681,53.2231529483196,0 9.31273700644017,53.21182894810381,0 9.25314000172453,53.1714219471681,0 9.238549997302689,53.15870394914399,0 9.222560003209519,53.1407679446151,0 9.20870200499221,53.1177799444418,0 9.178202002726801,53.0897539426329,0 9.17074099898654,53.0856449443248,0 9.10261599350261,53.06159994209671,0 9.082722993028529,53.0571339413967,0 9.009236994585279,53.0508209463371,0 8.95308300691851,53.0282529405106,0 8.93816900503173,53.0275189445965,0 8.9064559944387,53.03782094918919,0 8.88682299849102,53.03835294457661,0 8.877282993383529,53.0363959462393,0 8.843031001103441,53.0240569424167,0 8.802262998819931,53.0231739404144,0 8.78156700556322,53.0202739409208,0 8.751370002016859,53.012903945865,0 8.6825419966484,53.0021729403565,0 8.66455799380067,52.9966649482321,0 8.60352133152054,52.9671719009887,0 8.5242423438422,52.9445407742074,0 8.480152154633901,52.9213194476446,0 8.451857595473401,52.9155823419097,0 8.401776848549339,52.9137156216621,0 8.3820540979819,52.9118328299472,0 8.357542675443669,52.90678013145111,0 8.31235200756679,52.8898619453315,0 8.27774600650314,52.8840729476358,0 8.26289700173484,52.87935794939391,0 8.247907997448131,52.8711599437146,0 8.23640199655229,52.8622419463842,0 8.226957073612651,52.8521781778459,0 8.217993993651231,52.8371289465775,0 8.200016005403439,52.7843369428741,0 8.18428231425565,52.7557660112877,0 
			</coordinates>
		</LineString>
	</Placemark>
	<Placemark id="Autobahn.2">
		<name>ea2735a3-A1</name>
		<LineString>
			<coordinates>
				8.18428231425565,52.7557660112877,0 8.176983998887851,52.7425129438981,0 8.17301899896901,52.7253799487112,0 8.172466000643769,52.68318494796861,0 8.168276999842069,52.6675009485452,0 8.16308300429251,52.6571449424301,0 8.149803994737089,52.6381789441918,0 8.12122499682631,52.6083519454069,0 8.113762997032531,52.5969129461921,0 8.109763997040551,52.58244294283101,0 8.114120997926729,52.5464669494013,0 8.111429004870869,52.5311169408404,0 8.10345600197571,52.5194379433659,0 8.076116997596539,52.4946379456108,0 8.052889001265079,52.46870794288521,0 8.042097998866121,52.45309094895119,0 8.03467399906517,52.43843594667659,0 8.03178300087591,52.4279919467664,0 8.03116000593535,52.4162239492741,0 8.03390800573346,52.4043199439449,0 8.043736007718021,52.3802879448222,0 8.04402900798627,52.3741539478547,0 8.042735002031581,52.3681769436592,0 8.035607004844779,52.355699948776,0 8.020137007559359,52.34164994625399,0 8.0108779945622,52.33706994510061,0 7.98088399544123,52.3289169441296,0 7.966181005267,52.3230189418738,0 7.952577997183379,52.3138469446464,0 7.94482000202853,52.304072945816,0 7.938036995698809,52.2842709420788,0 7.918793773310201,52.2566114323857,0 7.90625614378657,52.2464843041023,0 7.884129597296631,52.2363208384236,0 7.87151816680672,52.2217719353257,0 7.86456116966625,52.2165516212709,0 7.852946567475301,52.21191885688009,0 7.82925650323938,52.2077393804842,0 7.81246378089657,52.2026002775533,0 7.799229198716511,52.19537081679171,0 7.78197075154331,52.1808553299185,0 7.74864170624067,52.1617424464953,0 7.74020338743753,52.1548260128516,0 7.71515013481036,52.12647052469611,0 7.700242974753281,52.11372058619009,0 7.68555043497976,52.1046924985488,0 7.65805813577085,52.0923330026635,0 7.64405797085911,52.083905876933,0 7.633432602516929,52.07450801961399,0 7.61717161642363,52.05441449713341,0 7.597658364774329,52.0249233975202,0 7.57723188754164,52.0076793859112,0 7.553412999486959,51.9821459487124,0 7.54935099737316,51.97529694315821,0 7.546171006567261,51.9598609418314,0 7.551054007400231,51.9389979445802,0 7.560742006576589,51.91527994666509,0 7.57484303409442,51.8870120523645,0 7.57673086075445,51.8599161267852,0 7.578900468206871,51.8530453527037,0 7.58263415950463,51.8461828723336,0 7.59249349519512,51.8352326722168,0 7.623704728239059,51.81016306796991,0 7.63493799410974,51.7960997284362,0 7.63851593439661,51.7865076924717,0 7.641622916309119,51.764948074279,0 7.649141147203281,51.7444513244146,0 7.65454254872309,51.72171214733691,0 7.66010338006768,51.7083942108432,0 7.67560000411069,51.6843059457114,0 7.68221600112385,51.666841948107,0 7.68644199660277,51.6301769481701,0 7.69027500736413,51.6154479494995,0 7.68733600757896,51.6010229448671,0 7.68337700455204,51.5880169450352,0 7.67052199582211,51.5752119433181,0 7.66555200784337,51.5658929485076,0 7.66319400022478,51.5444189482413,0 7.65819299797908,51.5222279467721,0 7.64925299885264,51.50519894204541,0 7.62339399943286,51.4848979465468,0 7.60911600676771,51.47908494502211,0 7.59290999840981,51.4668489479067,0 7.54563999515915,51.45269994252401,0 7.53981099951948,51.44924294763079,0 7.532438997500641,51.4326099424687,0 7.52826500859267,51.42795194798779,0 7.52037900792941,51.4246109499778,0 7.50271499674584,51.4124609442577,0 7.44648099502391,51.3960039428628,0 7.44179499545944,51.39209695020081,0 7.435991005108561,51.3812269490292,0 7.432771997130409,51.3788909495419,0 7.398189999895161,51.36435894218121,0 7.37236499853571,51.35771194957321,0 7.36283999552641,51.35138694665681,0 7.3516200059657,51.3487189496602,0 7.34221599928385,51.3441409420291,0 7.313079998646281,51.32762094324531,0 7.28809099912803,51.321361946926,0 7.26717100384865,51.3101709420176,0 7.26402699716401,51.3065399432312,0 7.26168400357517,51.2964039477248,0 7.25717999971888,51.2893209446577,0 7.25983400035556,51.2779989444594,0 7.25850000059148,51.2748899472335,0 7.250616008381959,51.267156949561,0 7.22869400223277,51.25558194832011,0 7.22592300573026,51.25241894219489,0 7.22539854683665,51.2490113416033,0 7.23109599743146,51.2395269484326,0 7.23064500235036,51.2311869458504,0 7.24780852599768,51.2197486753999,0 7.251776245948409,51.2154237219374,0 7.25270381233265,51.2086887480267,0 7.23723828763442,51.19199286428869,0 7.237678001321409,51.1706989442494,0 7.229136699696999,51.15930677961091,0 7.22461000610374,51.15605594671109,0 7.20686899788365,51.1509869461975,0 7.200486000554269,51.1442809500347,0 7.19084600696632,51.138068949597,0 7.187889001735669,51.1315069507021,0 7.18284499904733,51.1272579428169,0 7.15841000466944,51.1198839467545,0 7.14945200416843,51.11466594689221,0 7.142723003747219,51.1075979493236,0 7.141351008641731,51.0984029467857,0 7.12795300557382,51.0798079480243,0 7.121169003507739,51.0762869436029,0 7.08163100335145,51.0680639443386,0 7.05745700010772,51.0568059442635,0 6.99370199825382,51.0377959429374,0 6.968868997682411,51.037890943314,0 6.922174134792221,51.0148083985959,0 6.9022567723168,51.00177579626709,0 6.861677001163451,50.98758294973891,0 6.85524999729174,50.9834089497764,0 6.851237002976921,50.97796494421931,0 6.85012500753568,50.9726729490471,0 6.85079400924346,50.96030194853931,0 6.84893900170956,50.9316669503537,0 6.84302600053751,50.9213399495892,0 6.847417009072099,50.9101899470574,0 6.84699799993782,50.9066249445211,0 6.84051900376383,50.9001499475801,0 6.80719400225771,50.8849289447143,0 6.80408100566522,50.8820599482898,0 6.8020170001577,50.8738049460107,0 6.80552599828905,50.8616999460704,0 6.803203008690661,50.8483459498517,0 6.798802997769921,50.8400349487013,0 6.78634200189446,50.82672994711839,0 6.78513999857056,50.8218879489947,0 6.78619500610839,50.81664394935,0 6.81275100698625,50.77946194990701,0 6.82204499659898,50.77170794455251,0 6.822199961548789,50.7675043625323,0 6.81191755112217,50.7521798565598,0 6.78699400746872,50.72936194478581,0 6.779958007346259,50.7198779505466,0 6.76700799601143,50.6949559421546,0 6.75947000214739,50.68734594357319,0 6.73383900290822,50.6720839423876,0 6.72680400849376,50.6644059499134,0 6.723409995451269,50.6574859440988,0 6.72170200081645,50.6404999429464,0 6.717625997910421,50.6307399485832,0 6.71463099910677,50.6148949490677,0 6.687178005239939,50.575426944264,0 6.68157800235215,50.56367494274999,0 6.676177997498031,50.5380879483487,0 6.66614000914462,50.5201929454706,0 6.66380600713532,50.5128869504375,0 6.663751003848949,50.50571495019,0 6.665569006823739,50.5005259450166,0 6.67242999818013,50.4910459462155,0 6.68942199766572,50.4758589490981,0 6.70017228044601,50.46211054576,0 6.699222129670031,50.4610394663642,0 
			</coordinates>
		</LineString>
	</Placemark>
	<Placemark id="Autobahn.3">
		<name>620d32c5-A1</name>
		<LineString>
			<coordinates>
				6.9580140003319,49.2593979449113,0 6.95785600334494,49.26221794971741,0 6.961773001639719,49.26577095202109,0 6.960628001512631,49.26954194870331,0 6.96218260941323,49.2812381254709,0 6.95681182699087,49.2862881571515,0 6.956050236138821,49.28958350679011,0 6.9595360085018,49.2962519456752,0 6.96771500766868,49.30444294559259,0 6.97026399597814,49.31466294430439,0 6.992997001414521,49.3229839516157,0 7.001695008285979,49.33172194590561,0 7.010253000395901,49.335504946778,0 7.01319400666807,49.3386289437506,0 7.01398700643698,49.3460279523833,0 7.01932100073428,49.35475995046231,0 7.01688900713681,49.3594899436173,0 7.00608200328491,49.3642979482565,0 7.00228999648073,49.36813794883189,0 7.00024400290623,49.3751939455374,0 7.003104998713919,49.3832679497901,0 7.01087195854255,49.3919359233177,0 7.008110985391651,49.399409509757,0 7.01217279977974,49.4055600674254,0 7.01198517924406,49.4083006508406,0 7.006026584567049,49.4134327602506,0 6.994723188202619,49.412420576306,0 6.97969412205747,49.4161333085591,0 6.971146057696841,49.4235936005771,0 6.97156788417471,49.4340401894256,0 6.98374615563611,49.4466127245489,0 6.9810833894791,49.4539125606447,0 6.98202000405542,49.4587259476216,0 6.980688997616519,49.4623829446282,0 6.974481000240881,49.4681849519076,0 6.97382600092021,49.4715909520017,0 6.97660400246788,49.4754039492749,0 6.98753099870305,49.4808059446234,0 6.988865002804709,49.4843339497349,0 6.987409005698659,49.4915869504356,0 6.99113600725464,49.4974689433763,0 6.996242006075529,49.5159799449077,0 6.99390900271445,49.5242159439142,0 6.995983006158569,49.5351999453213,0 6.99500900347754,49.54044994946059,0 6.99035199880524,49.5443569432866,0 6.975868006285271,49.54969095179811,0 6.971059008073931,49.5588309454464,0 6.970877998263591,49.5645859434788,0 6.972836004721781,49.5693499506116,0 6.982923008562199,49.57894794637291,0 6.98943965495477,49.59051686000041,0 6.988856418897861,49.5944054574027,0 6.98497257386639,49.59788588075129,0 6.968564879947081,49.59950622230491,0 6.96333207647233,49.6024411746814,0 6.958252997991399,49.6117609465894,0 6.95480400303425,49.6146619481021,0 6.934781008708521,49.62258294606091,0 6.925464002299169,49.62813594701839,0 6.921873001077331,49.6327479494386,0 6.92191700502032,49.6372399494494,0 6.92727997058544,49.6478512983863,0 6.92285774420457,49.657907245602,0 6.92245060131934,49.669206503436,0 6.88927166988776,49.69839854812291,0 6.889058555191281,49.7024512070663,0 6.89393885734349,49.71380570820361,0 6.888632588876961,49.7247543828379,0 6.888190174450941,49.7352720088021,0 6.87512272994045,49.7439451582763,0 6.87012703630152,49.7540509036549,0 6.85673391661541,49.765131681817,0 6.85292671964191,49.77448230971899,0 6.8443874844214,49.7787717499841,0 6.82252600274626,49.7841749434472,0 6.79376999950999,49.78225895133659,0 6.78601400245466,49.7833709450724,0 6.780798001084859,49.78670294465329,0 6.77465799852009,49.7960179514905,0 6.76077899914857,49.8032749506034,0 6.75795499866608,49.8100239463459,0 6.76031669112922,49.8286435271254,0 6.76554213636215,49.8349155454125,0 6.80063562972294,49.8562827093043,0 6.81348599606155,49.8657359456336,0 6.84655500120061,49.8824899459718,0 6.85067799947727,49.8881649493919,0 6.85688899623276,49.9203859509603,0 6.872257006259071,49.9310869518741,0 6.881592002652761,49.9420699464312,0 6.88299645402333,49.9567216140144,0 6.88605032876838,49.9617244020801,0 6.91240395475532,49.979647128604,0 6.92505204434299,49.99094658336809,0 6.931893139407869,50.00662070659569,0 6.93929061481968,50.0186886978536,0 6.93813005522985,50.02255320928591,0 6.934559980102579,50.0254200997158,0 6.920236523849019,50.0279354698157,0 6.915583735765829,50.0304347971498,0 6.91407339169052,50.034018438527,0 6.91588044999397,50.0434484738098,0 6.905160109577901,50.05146246226899,0 6.89878626787702,50.0626812015858,0 6.88184105290872,50.0685649151856,0 6.875709908873401,50.0728192866689,0 6.8732029572699,50.07704294259921,0 6.869035911760401,50.0946945855697,0 6.85305226309835,50.11246133320159,0 6.85250358433955,50.1179087136596,0 6.86064490190539,50.1350317528222,0 6.87198215360427,50.1424081184546,0 6.88034837091784,50.1505072014552,0 6.88199867956228,50.1538560834815,0 6.88228047967277,50.1621916735987,0 6.89276740727769,50.1700850673618,0 6.89693233896699,50.17968884100169,0 6.8974896711192,50.18576056591179,0 6.892916574742059,50.198749344632,0 6.887890315931471,50.2035448455221,0 6.865540710745749,50.2152128219363,0 6.85546963465459,50.2250578585231,0 6.837069605576381,50.238413337352,0 6.82804928987288,50.2500665888851,0 6.82428734836775,50.2617123220358,0 6.82670241534669,50.26984609745701,0 
			</coordinates>
		</LineString>
	</Placemark>
	<Placemark id="Autobahn.4">
		<name>ce3ec5e5-A14</name>
		<LineString>
			<coordinates>
				11.5275936375164,53.8934629575601,0 11.5261349970911,53.8906583456033,0 11.5266497980946,53.8874978478792,0 11.5353784268733,53.8783465245917,0 11.5554516471624,53.8677916148137,0 11.5797203421256,53.86296620232979,0 11.5913460411378,53.85610375199731,0 11.5944950043119,53.8511231116666,0 11.5949175992707,53.8455412900174,0 11.5927008142776,53.8406005223963,0 11.5852898887328,53.83203320786561,0 11.5846143204331,53.8240396251715,0 11.5895748865751,53.81754800331769,0 11.6018291367096,53.8108036578811,0 11.6073698189368,53.8058521202216,0 11.6099585421358,53.7999848747335,0 11.6094787199282,53.7949332778962,0 11.601234300173,53.78292902676739,0 11.5979611427741,53.7722340756705,0 11.5844329743659,53.7591076258078,0 11.5842879736811,53.7467014131825,0 11.5811559500907,53.74090786351861,0 11.576966522943,53.73738151566201,0 11.5565706053461,53.7277164932791,0 11.5392948988551,53.7224320373859,0 11.5303310582263,53.71792597104049,0 11.5111815392609,53.6961339460445,0 11.5080563284457,53.6894535012797,0 11.5084952069865,53.6813630049659,0 11.5142991063971,53.66760685521621,0 11.5138416695695,53.6503351240241,0 11.51808786029,53.6315925032659,0 11.5154915408939,53.611719980472,0 11.5087345623221,53.5986643662209,0 11.5047656822622,53.58616590583091,0 11.5001655332181,53.5787695569319,0 11.4744023844796,53.5519150001338,0 11.4673328801863,53.5315659324432,0 11.4664747715186,53.5231680933128,0 11.4676363607893,53.5178302931229,0 11.4767333621556,53.4966202239295,0 11.4902937934484,53.47645191932,0 11.4945332907388,53.4612478956261,0 11.5031101378598,53.4475447985642,0 11.50454020214,53.43820949503499,0 11.5080937579808,53.4342874417932,0 11.5181963732289,53.4288019140767,0 11.5221422360101,53.4176213565101,0 11.5310143858972,53.4057949795703,0 11.5326421827421,53.39860782259381,0 11.5309978909911,53.3906947035886,0 11.5199070704116,53.3748146798625,0 11.5163700263769,53.3656223869591,0 11.5159205104576,53.3551196930731,0 11.5278890612076,53.3247951007566,0 11.5277244848749,53.2754854052863,0 11.5314140790455,53.2664878717416,0 11.5380023403606,53.2578995597444,0 11.5480139073698,53.24966973289801,0 11.5767595588803,53.2323374033395,0 11.5870101197764,53.2279360799593,0 11.6276700235714,53.2208116243518,0 11.6363444475534,53.2169121711782,0 11.6676070250467,53.1970857580392,0 11.6902078548132,53.1853950938485,0 11.721282885298,53.1651270002759,0 11.7327298578696,53.1542936650612,0 
			</coordinates>
		</LineString>
	</Placemark>
	<Placemark id="Autobahn.5">
		<name>a630c774-A14</name>
		<LineString>
			<coordinates>
				13.3669151010945,51.0538384279336,0 13.3442851620821,51.0569416222064,0 13.3259779920844,51.0680399367773,0 13.2965959779179,51.0805742373757,0 13.2589811166261,51.0879653052761,0 13.2350189230535,51.090577127474,0 13.2191063176667,51.0947885028815,0 13.2048531748989,51.10206442571149,0 13.1862169225175,51.1072254518418,0 13.1789494801357,51.1107514509956,0 13.1744217656095,51.1151970323315,0 13.1687255943623,51.1260348509054,0 13.1645212837409,51.1307852503239,0 13.1412056652106,51.1493428525175,0 13.1329745602151,51.15330347117439,0 13.1089426556578,51.1590508893208,0 13.0854045525749,51.1671226333604,0 13.0592284462173,51.1675715475756,0 13.0481348295649,51.1693973718532,0 13.0392939840915,51.1729238526051,0 13.0171200023566,51.1863500059019,0 12.9796236885958,51.1955027987539,0 12.9692400030312,51.1993839432306,0 12.9531022019524,51.2101560278137,0 12.9421328554328,51.2155145372821,0 12.9080038015971,51.2243220266649,0 12.886792186919,51.2340599947011,0 12.8563419912151,51.2436777717461,0 12.8387039877333,51.25122624750409,0 12.8276462096662,51.2536222608462,0 12.799882635476,51.2519601050922,0 12.7745159430892,51.259211780429,0 12.7325790413507,51.25736301112531,0 12.7167376469642,51.25829460940229,0 12.6870851601387,51.26652254230699,0 12.6664450857108,51.2775138587413,0 12.6311438802395,51.2897964081441,0 12.6101653849955,51.3009724214253,0 12.5992450673466,51.3049135639307,0 12.5410165390734,51.31250785509,0 12.5285675292117,51.31571491893499,0 12.5218951380657,51.3187309591515,0 12.5148785817222,51.3255565190681,0 12.5053079442026,51.3479668232836,0 12.5016111496607,51.3514263233326,0 12.4577004960155,51.3761314813912,0 12.4390659039457,51.3916638493057,0 12.4335542612569,51.39414612084519,0 12.3892465726511,51.4060034549945,0 12.3444348534302,51.4138780566264,0 12.2849958364445,51.4161392431053,0 12.1575018599042,51.43498536775919,0 12.1011641104262,51.460059303254,0 12.0932119533839,51.4653550679178,0 12.0210197050021,51.52587627879841,0 12.0079786154519,51.5525138277723,0 12.0038873111081,51.5578681503358,0 11.9964163042108,51.56333823647559,0 11.9867724984851,51.5672735203332,0 11.9714245590144,51.5696166711808,0 11.9411499434198,51.56905200033589,0 11.9140030909953,51.57083819357379,0 11.9035409873412,51.5731831527476,0 11.8878339549591,51.57985601441479,0 11.8760150097697,51.5899541459669,0 11.8711444213297,51.599307595501,0 11.868406083452,51.6198465861495,0 11.8635602903989,51.6273488581201,0 11.8563630067141,51.6338069411499,0 11.8344900001337,51.64602394531699,0 11.7938689908175,51.6735329477782,0 11.7810809928048,51.679774944456,0 11.7394562812365,51.69201625064421,0 11.7312687811088,51.6971449438614,0 11.7129874484601,51.71508686095271,0 11.678320352927,51.7267386125501,0 11.6683400341954,51.7341948130928,0 11.6658514955955,51.7423011433747,0 11.6721511940114,51.7604145416132,0 11.671763502014,51.77836064158739,0 11.6845960006761,51.8046165662849,0 11.6842551008373,51.8133392417489,0 11.6741243962863,51.8342368472607,0 11.676579792991,51.84173794901429,0 11.6923015945414,51.8575596476649,0 11.6940487959372,51.86289594466889,0 11.693119893373,51.8685249461092,0 11.6864851993297,51.88282404475461,0 11.6870652031087,51.8899124431031,0 11.6986461430015,51.9131619373729,0 11.6996197162534,51.92123057054669,0 11.6984019626551,51.93018622615449,0 11.693262880256,51.94142041922021,0 11.6743947277119,51.96636768506801,0 11.6600563721535,52.0030053471741,0 11.6294929552335,52.0451298774361,0 11.6230878952168,52.0500150916796,0 11.6136429946922,52.0534919438375,0 11.5760519935376,52.0630659450652,0 11.5561700037475,52.0713729437085,0 11.5402310049328,52.0833809494177,0 11.5310310016716,52.09646794323299,0 11.5278849922053,52.1107329488276,0 11.5305480007714,52.1236879426862,0 11.5417613796746,52.14402546783271,0 11.5467985159266,52.1780916606282,0 11.5516576997065,52.1912082116669,0 11.5509728305959,52.1965924932667,0 11.5463093264267,52.20467588735839,0 
			</coordinates>
		</LineString>
	</Placemark>
	<Placemark id="Autobahn.6">
		<name>7beeb3d2-A14</name>
		<LineString>
			<coordinates>
				11.6229744570575,52.28842672674551,0 11.6280974251373,52.2966133315586,0 11.6303492812721,52.314008542221,0 11.6262158180146,52.3231943237608,0 11.6114993984071,52.33770384511389,0 11.6090528278372,52.3443393166199,0 11.6093447597538,52.350443294634,0 11.612450698052,52.36228647362099,0 11.6200232681146,52.37484478831021,0 11.6258209291245,52.3893772187064,0 11.638048737451,52.40405488130371,0 11.6444229362521,52.41671802485801,0 11.6447450328431,52.4351710235448,0 11.6463339397412,52.4403432987884,0 11.6700469360499,52.47064434077149,0 11.6832102995271,52.48112209057691,0 11.7196378177981,52.4990574709397,0 11.7400574046688,52.5160540501047,0 
			</coordinates>
		</LineString>
	</Placemark>
	<Placemark id="Autobahn.7">
		<name>922e7535-A37</name>
		<LineString>
			<coordinates>
				9.819678039684209,52.40626678471669,0 9.84766399833196,52.4123649432946,0 9.86403300324117,52.4222169428279,0 9.886790998601951,52.4271509416044,0 9.90478200291086,52.43497394295891,0 9.92831199961282,52.4395479454221,0 9.939889992187551,52.4469049459546,0 
			</coordinates>
		</LineString>
	</Placemark>
	<Placemark id="Autobahn.8">
		<name>3b827c11-A37</name>
		<LineString>
			<coordinates>
				9.881019275601689,52.3012338456272,0 9.868361165246551,52.3045851511882,0 9.83236399552945,52.30581194921429,0 9.824496638920079,52.3080082600949,0 
			</coordinates>
		</LineString>
	</Placemark>
	<Placemark id="Autobahn.9">
		<name>8be178dd-A39</name>
		<LineString>
			<coordinates>
				10.4086757811663,53.27530996243591,0 10.3753940059032,53.2896719449912,0 10.3420639912162,53.30128194192049,0 10.31104899333,53.3180719423565,0 10.2871990060475,53.3272619450818,0 10.2514010039518,53.33478494686721,0 10.1880499948416,53.3406399476661,0 10.1586569979239,53.3489929443048,0 10.1300330040356,53.3531199466838,0 10.1211450003639,53.3559609470805,0 10.1019910047862,53.3706859412578,0 10.075921995507,53.3847569472395,0 10.067355004403,53.386769945929,0 10.0349466357083,53.3895121285841,0 10.0116727100319,53.39259708593491,0 10.002718392956,53.39298626224279,0 9.99682699056947,53.3953460585681,0 
			</coordinates>
		</LineString>
	</Placemark>
	<Placemark id="Autobahn.10">
		<name>29071efe-A39</name>
		<LineString>
			<coordinates>
				10.1851612592571,52.0833721923787,0 10.1824621497762,52.09101315970599,0 10.1824172490862,52.1003567902716,0 10.1847080226255,52.1061054765003,0 10.1896501407756,52.1103709510795,0 10.2023226019086,52.1166323307656,0 10.2254949917735,52.1203239489211,0 10.2320285398527,52.1232386453807,0 10.2386919975992,52.13093794370279,0 10.2455159927005,52.134396945372,0 10.2608719956146,52.1375209464652,0 10.2842109953257,52.1355659477116,0 10.3169999975061,52.1352899434418,0 10.3359694920898,52.1408753861495,0 
			</coordinates>
		</LineString>
	</Placemark>
	<Placemark id="Autobahn.11">
		<name>7c985499-A39</name>
		<LineString>
			<coordinates>
				10.3359694920898,52.1408753861495,0 10.3500419924926,52.1450189411823,0 10.3593260004708,52.1503029429731,0 10.3636919926987,52.1561489411267,0 10.3667590057709,52.169310945328,0 10.3734419953332,52.1770479453771,0 10.3845280013486,52.1837809466513,0 10.410290002655,52.1949459461954,0 10.4569029984037,52.19725494641651,0 10.4686810027891,52.1994309418698,0 10.4833930055313,52.2052869455772,0 10.4906884356249,52.2102269079075,0 10.5024809924452,52.2272869490437,0 10.5198722080819,52.2363458005498,0 10.5352029927579,52.23646265795911,0 10.5710607216373,52.2510757088917,0 10.5791764871004,52.2509783862771,0 10.6006999566794,52.24689194621351,0 10.611976301586,52.2472405891423,0 10.6796266448163,52.2595362588937,0 10.6956437690392,52.2667281562552,0 10.7072376405262,52.2770756687447,0 10.7204674302969,52.2959706818887,0 10.7327864055278,52.3222550851094,0 10.7340045693969,52.3331393943392,0 10.7321846514536,52.3416973028214,0 10.724626357026,52.35982307638739,0 10.7232225390559,52.3671936871979,0 10.7265235970018,52.3787728458243,0 10.7360100013589,52.3880539470897,0 10.7379950029528,52.3930989488106,0 10.7317879950042,52.4039529437842,0 10.7360559926624,52.4131219493419,0 10.737942992139,52.42307394428419,0 10.7384109978693,52.42809894517569,0 10.7346384549096,52.4440768171153,0 10.7387761967028,52.4501246198636,0 10.7359251981538,52.4567946057799,0 10.7384924665138,52.4631376690366,0 
			</coordinates>
		</LineString>
	</Placemark>
	<Placemark id="Autobahn.12">
		<name>f3d0e68c-A4</name>
		<LineString>
			<coordinates>
				6.0247210063489,50.8186329457636,0 6.03200770928173,50.8121992624768,0 6.03980883013094,50.80869573349481,0 6.063322036503581,50.80670551081839,0 6.07556584110189,50.8039152958033,0 6.15491010577798,50.8035187382841,0 6.17712123723761,50.8047984835592,0 6.194467173103031,50.80776099672939,0 6.22736031469477,50.8230890035644,0 6.23404519300739,50.82468228264451,0 6.32524699867075,50.83328794398129,0 6.362569998992631,50.8351029453216,0 6.433773003094791,50.8353219452972,0 6.46227400120664,50.8408579478432,0 6.49704219859342,50.8513190780907,0 6.505876582496091,50.8510702050008,0 6.52481996401027,50.8458523149788,0 6.53398465529492,50.8474951783295,0 6.619742777810221,50.88108875342,0 6.63498929468777,50.8907531770233,0 6.64218535422693,50.892964445855,0 6.67303599759934,50.8897109450112,0 6.68806999961075,50.89151094539,0 6.71009300913626,50.9015359501246,0 6.73500300066205,50.9089479492882,0 6.75019500058843,50.92250594298459,0 6.75958099719451,50.9267899466596,0 6.76662900626156,50.9281149491918,0 6.79066699820763,50.9297889503861,0 6.81980545595524,50.9295727739514,0 6.84533000764718,50.9257199500241,0 6.85950299767816,50.9208509446564,0 6.93613818175566,50.8868075255696,0 6.957362800190201,50.8836780647632,0 6.9746763938274,50.88756982632359,0 7.00329500250386,50.91003594716079,0 7.011430009183661,50.91366694302931,0 7.05756808657635,50.9219308630917,0 7.06506934282931,50.9217930306153,0 
			</coordinates>
		</LineString>
	</Placemark>
	<Placemark id="Autobahn.13">
		<name>ca80a8a0-A4</name>
		<LineString>
			<coordinates>
				7.03656197455921,50.9523092820538,0 7.044606008461809,50.9529489495007,0 7.07309400666268,50.94928394261751,0 7.08984299978995,50.950918950935,0 7.103613006044541,50.9462459457909,0 7.110499006503441,50.9460069509612,0 7.12791900754544,50.94995394962729,0 7.14536400741849,50.9502379498931,0 7.15938300476956,50.9540879477992,0 7.18313300340609,50.9569859431849,0 7.19311200453993,50.9553669444506,0 7.20278700092067,50.9505619433256,0 7.216229006267449,50.9491089428952,0 7.22753099797302,50.9439649438456,0 7.23437899664137,50.9428149436917,0 7.26896700098667,50.9506429448474,0 7.276152007454289,50.9498069507572,0 7.28720199519786,50.9457529478937,0 7.30359799464936,50.9452879490565,0 7.31590800409187,50.9480189439841,0 7.32321199681134,50.9574829463097,0 7.33424500498044,50.9647709499572,0 7.342190996373929,50.96631994526749,0 7.35675262714043,50.96558745863799,0 7.36326655825254,50.9667477481062,0 7.37042985071482,50.9705553868421,0 7.37811032078635,50.9783096007942,0 7.39104100844943,50.9820919492747,0 7.398680002498689,50.9822629455854,0 7.417795007735211,50.97910794521891,0 7.430913995828319,50.9816849474921,0 7.43938318489488,50.98155206924171,0 7.44998047256937,50.97736169969571,0 7.47499463277228,50.9730407984819,0 7.505016135424849,50.9758190687506,0 7.520280028961821,50.9730928367814,0 7.53571580988491,50.9733486294883,0 7.555956726189419,50.970976182713,0 7.62772211114776,50.98140622253671,0 7.63623931564084,50.9801165521456,0 7.65119605278517,50.9691695097162,0 7.65694038754403,50.96683788975151,0 7.68159090757001,50.9649093538915,0 7.71425657570016,50.9665788791613,0 7.73296800614881,50.97368194749221,0 7.75886099744061,50.9750269465559,0 7.775917993227399,50.9822259997854,0 7.78819504576897,50.9845707727729,0 7.80029321918355,50.9848135800238,0 7.81721008753266,50.9814385650003,0 7.82366851201393,50.981612733863,0 7.829361346339209,50.98349300563179,0 7.84759263506928,50.99592659576521,0 7.855812268124901,50.9971828142922,0 7.872326595514011,50.9946055867317,0 7.89130153959886,50.9950485895106,0 7.907446919443841,50.99097971122021,0 7.92493623868044,50.99146379073,0 
			</coordinates>
		</LineString>
	</Placemark>
	<Placemark id="Autobahn.14">
		<name>9339dc40-A4</name>
		<LineString>
			<coordinates>
				9.57804557993656,50.8353384151317,0 9.5810835315537,50.837917108564,0 9.59329053528613,50.8408353189375,0 9.6036461307061,50.8394518994274,0 9.61858789328482,50.84119164712641,0 9.631293598852769,50.8470368547962,0 9.640668632259739,50.84898109784589,0 9.6634470814148,50.84590336083959,0 9.674489708977671,50.8467897970091,0 9.700701953852491,50.8529213710565,0 9.728921290092471,50.8539348703456,0 9.736605255956849,50.8564808895803,0 9.74880608945212,50.8551514375394,0 9.767819884040669,50.8577007593848,0 9.775260398824329,50.8622624028278,0 9.78414302229832,50.8650256580826,0 9.78826657294705,50.87400865185661,0 9.79401078895758,50.8783765824673,0 9.803610525676961,50.88252161619419,0 9.81539954988297,50.8857559795797,0 9.841494754727821,50.8883316834908,0 9.876149030243971,50.9034595810739,0 9.882666379319749,50.9094214074826,0 9.909607208746101,50.9208547119042,0 9.915935981816739,50.9290720054553,0 9.92490280447038,50.933470499446,0 9.935302172114231,50.9424822174914,0 9.939522554224141,50.9443609357675,0 9.96108084800235,50.9457917166187,0 9.98606277994358,50.9554609256232,0 9.99963931908202,50.9566107121538,0 10.0128074798824,50.9605906262294,0 10.0213472767617,50.9604816358639,0 10.0307637523214,50.9573744747149,0 10.0386156850093,50.958028576227,0 10.0563520003362,50.96375694633791,0 10.0679946173549,50.9720611435307,0 10.0723769924514,50.98432794249031,0 10.0846969939587,50.9906039452267,0 10.0921590014702,51.0028439489345,0 10.1058373118534,51.0113762149871,0 10.1186561517139,51.0169098743219,0 10.1377461986476,51.0162889563401,0 10.1638881805503,51.0098040334251,0 10.1942059994863,51.0055659461115,0 10.2109359410135,51.01053734368431,0 10.2204613509075,51.0110704275853,0 10.2674705499021,51.0052904416396,0 10.3062386648911,51.0140355640597,0 10.3407162478565,51.0146160605798,0 10.3642102382457,51.01709882525981,0 10.37997141972,51.0139403628731,0 10.3954030118884,51.0057080284869,0 10.4181373626889,50.9970162074357,0 10.4665477325734,50.9878854247618,0 10.4790237370707,50.9825618229869,0 10.4853227548316,50.9767828357972,0 10.4885174328183,50.970044952102,0 10.4857166292331,50.9525124350118,0 10.4890340622095,50.9430206596592,0 10.5152123192563,50.925516918248,0 10.5297889351607,50.9213083773815,0 10.5728265561656,50.9183069254238,0 10.5956843752252,50.9077721140475,0 10.6027321628978,50.9063449540599,0 10.6561807266958,50.908157077719,0 10.6900764348213,50.9015401036022,0 10.7383079551594,50.9010574590461,0 10.752404600789,50.8965435979832,0 10.7670966685427,50.8879880259741,0 10.7933966282169,50.8798108212729,0 10.8386386830232,50.8765931792459,0 10.8453485339928,50.8777517599362,0 10.8708030762048,50.88898444632621,0 10.8791071684841,50.89103796324359,0 10.9099476009504,50.8938849673376,0 10.9456433056108,50.8925025276921,0 10.9985946889747,50.9043365093342,0 11.0722547040658,50.91051704332551,0 11.1308200033008,50.92359234265859,0 11.1475076724136,50.9305503371059,0 11.1565101926502,50.9375808354828,0 11.1737556776878,50.94451632866861,0 11.1953025703283,50.9487664717051,0 11.2282709940732,50.9503309487366,0 11.275725941226,50.94747613365221,0 11.3033537278442,50.9431687602131,0 11.3233528968059,50.9424693743408,0 11.3477345532284,50.9375677791604,0 11.3702464352146,50.93767933673149,0 11.381930109878,50.93522362586599,0 11.4041107691304,50.9218751600884,0 11.4206179280065,50.9070957457686,0 11.440198003198,50.8971739469163,0 11.4731171131486,50.8877213215071,0 11.5080471696056,50.8751537198843,0 11.5375774414541,50.8787963748748,0 11.5846073909028,50.87035658132141,0 11.5914931817738,50.8710093598565,0 11.6090318353058,50.8797126496096,0 11.6138982417991,50.8803052859839,0 11.6449389826474,50.8760648635001,0 11.6726477026975,50.8779297608062,0 11.6960293258276,50.8759668189197,0 
			</coordinates>
		</LineString>
	</Placemark>
	<Placemark id="Autobahn.15">
		<name>23bce1d4-A4</name>
		<LineString>
			<coordinates>
				11.6960293258276,50.8759668189197,0 11.7249457875484,50.8735392144027,0 11.7436694680355,50.8660375771,0 11.7581122422569,50.8649836424291,0 11.7769354079423,50.8686163613432,0 11.8003959748094,50.8755754858184,0 11.8607646429932,50.8823226131496,0 11.8822392371816,50.892510642492,0 11.8906948332608,50.8935163244264,0 11.9127167637734,50.89231074343459,0 11.9444377125362,50.88893742737801,0 12.0158040633238,50.9052076082402,0 12.0929289251426,50.91172092226999,0 12.1156267466377,50.9074199559885,0 12.1262774180187,50.9028838889856,0 12.135482850485,50.89818863473249,0 12.1589584494118,50.8800327334177,0 12.1693459997502,50.8766449246199,0 12.2582404951103,50.8694883701796,0 12.3024451584119,50.8608421236161,0 12.329218059271,50.8526604961977,0 12.3430503202495,50.8458492343075,0 12.3698901492661,50.8360334048304,0 12.4085905401152,50.8330842742632,0 12.430000278574,50.82606744616811,0 12.4610696856445,50.8246270758744,0 12.4822362560144,50.82958414175049,0 12.49643931536,50.8378422151659,0 12.5038671561765,50.8397961685455,0 12.5427241201491,50.8432595304383,0 12.5703350065684,50.8439920904096,0 12.5801644295123,50.84292516664841,0 12.5885108024379,50.83992794683449,0 12.6061759103652,50.82913501134441,0 12.6389855083417,50.820114264016,0 12.6715098396373,50.81381201718209,0 12.6860038803836,50.8129590407748,0 12.7077144814404,50.8090325732294,0 12.7162577561622,50.8104472872671,0 12.7333123225,50.8171988390555,0 12.7659230118824,50.8224218348092,0 12.7880370970554,50.8305930106819,0 12.7926129895459,50.83369294149951,0 12.7991756862926,50.8417879738675,0 12.8052808419467,50.84518826830049,0 12.8183858423963,50.84875237193339,0 12.856205184083,50.8535675547793,0 12.8810504180356,50.8672810766561,0 12.9150744722029,50.8766141480371,0 12.9377168685807,50.8910114962956,0 12.9583689381618,50.8993253612082,0 12.977294396846,50.90906766959989,0 12.9958547032148,50.9129220924143,0 13.0207198427364,50.915265404947,0 13.0366453532418,50.9202022387072,0 13.0533151853523,50.9283796617716,0 13.0603742065565,50.93536626554339,0 13.0724927826859,50.9595373275084,0 13.0988815377581,50.9852796914013,0 13.1090135139177,50.9904188426333,0 13.1331830273713,50.9920166850708,0 13.1672159979637,51.0016030160086,0 13.214200704345,51.0012317712041,0 13.2257432823761,51.0037950298048,0 13.2727513355795,51.0315341342367,0 13.3255060675442,51.0385241009321,0 13.341039568027,51.0473472149832,0 13.3585415723131,51.0505875504921,0 13.3803742138793,51.0584990516801,0 13.3964807994939,51.0585022404708,0 13.4148950605983,51.0608512158879,0 13.4349290882013,51.0576998874187,0 13.4527973906472,51.0605617669036,0 13.4811931608977,51.0592243134199,0 13.5079759447997,51.0610611074224,0 13.6056771456487,51.06298699909,0 13.6383623599517,51.0702773147974,0 13.6653264223937,51.0718909540185,0 13.6784009029061,51.0745623727679,0 13.6839312237606,51.0772397329963,0 13.6895508372234,51.0828592138574,0 13.6937872886451,51.09075931402501,0 13.6982109132944,51.0952462024563,0 13.7042241820495,51.0985686552504,0 13.7265953807808,51.1041547466674,0 13.7393857305436,51.1101184618077,0 13.7423705696084,51.1129386359768,0 13.7521333451696,51.13590944120941,0 13.7628999064538,51.1436636348484,0 13.8067612446381,51.1696339078166,0 13.8143209208608,51.1719186536532,0 13.9112485490028,51.1702464641948,0 13.9175630481704,51.1684638994288,0 13.9258320588263,51.1622428927843,0 13.931585526428,51.1601754426038,0 13.9609625669934,51.1604810543644,0 13.9850313515452,51.1548046270424,0 13.9952199590848,51.1541436280515,0 14.0115511603204,51.1553111009449,0 14.0257027770141,51.1590007369665,0 14.0390117429128,51.16035959342171,0 14.062990832963,51.1689220595763,0 14.0850551057165,51.1720721864037,0 14.0974577960921,51.1758852574271,0 14.1233284523207,51.1731839705292,0 14.1400965977111,51.1754298879488,0 14.1494111119819,51.1806911224566,0 14.1690647220143,51.1835212577717,0 14.1809735912373,51.18866758947319,0 14.2070129107646,51.1960522424369,0 14.2366972213102,51.199733801677,0 14.2553113276715,51.2038947855577,0 14.2861246047968,51.2014817182437,0 14.3162739646002,51.2025546369163,0 14.3731793256474,51.1887100986401,0 14.3977818693048,51.1860291999169,0 14.4093306089773,51.18804222901391,0 14.42382619116,51.1963493844575,0 14.430332189505,51.1981564604405,0 14.4653910379378,51.1956112529442,0 14.495105347086,51.2073517094508,0 14.5253704899958,51.20630441387501,0 14.5645104142091,51.21141386610109,0 14.5951582997061,51.2082160643815,0 14.6261944435543,51.2109746335525,0 14.6468878433139,51.2069225340303,0 14.6794071358389,51.2061523902664,0 14.717966080844,51.21344570017289,0 14.7432897322189,51.2057517787664,0 14.759735987112,51.2032505721217,0 14.7702261459184,51.2034289302134,0 14.7796759297715,51.2048789148826,0 14.8088906734888,51.2145210723463,0 14.8322206909327,51.2151455622651,0 14.8563443836549,51.2189575991697,0 14.8794258489397,51.2196459010508,0 14.898417129345,51.2230014934316,0 14.9102909739681,51.2228675130356,0 14.9275607599555,51.2180689754152,0 14.9637774531698,51.1974513058271,0 14.9873752506934,51.1872756652264,0 15.0086675805587,51.18072097124,0 
			</coordinates>
		</LineString>
	</Placemark>
	<Placemark id="Autobahn.16">
		<name>de17e4bb-A44</name>
		<LineString>
			<coordinates>
				6.47518799725962,51.1133669456765,0 6.478016008782459,51.09356494335751,0 6.47560208446705,51.08604199301819,0 6.477263745752171,51.0823875608376,0 6.498562417503591,51.0579173800947,0 6.500685589720891,51.0522060838219,0 6.49991885145334,51.0468132949048,0 6.496787744881809,51.0420599751621,0 6.48417485604685,51.0350977113627,0 6.4603387445111,51.02934913462909,0 6.404308004527099,51.0078139457528,0 6.387735996567829,50.9950989432454,0 6.37449700580595,50.9762689432868,0 6.34989800659185,50.9509329476922,0 6.33473300948715,50.9238029502267,0 6.328725005509499,50.9177089493565,0 6.3020260073161,50.9037609474862,0 6.28370700486534,50.9012149438416,0 6.276725996488429,50.89880994710679,0 6.261626002766061,50.8866949489957,0 6.23717100572629,50.8767419431364,0 6.20479200677091,50.8566579500294,0 6.189268003551261,50.8358789422923,0 6.1786811791661,50.8258714486096,0 6.17349360798972,50.8170883249341,0 6.169608858479629,50.7940855978974,0 6.1770822640052,50.7813565469413,0 6.17772396595834,50.7775603554977,0 6.17479671121233,50.7698108248444,0 6.17088660290311,50.766180020724,0 6.151455275442949,50.7552227248794,0 6.14325068562769,50.74630590574839,0 6.13263079462183,50.72674831642641,0 6.12057162759392,50.71826151044971,0 
			</coordinates>
		</LineString>
	</Placemark>
	<Placemark id="Autobahn.17">
		<name>68d2b193-A44</name>
		<LineString>
			<coordinates>
				6.896237656607829,51.2979415806546,0 6.85281500310689,51.2787849499771,0 6.83410700586699,51.2738209430493,0 6.82417582343882,51.2734439849065,0 6.815711972878741,51.2753041878908,0 6.80893262209939,51.2797690000296,0 6.80151572165741,51.2889182132879,0 6.79408246073032,51.2909677312861,0 6.78478526452553,51.2873406983572,0 6.77196599850617,51.2739299499923,0 6.766133005936791,51.2717099430171,0 6.75044299936275,51.27129594174249,0 6.737561004626511,51.2690469470669,0 6.72741810383909,51.2700106475582,0 6.65794370198984,51.2929180464148,0 6.64974600907379,51.2933769422856,0 6.606638000969389,51.2866749451778,0 6.58603200891878,51.2855269453605,0 6.524883967602519,51.288006945867,0 6.51287600585194,51.2828269503912,0 6.50944300016815,51.27868494748359,0 6.50279899984221,51.2634889469832,0 6.488910000156269,51.24779994316591,0 6.48677500565728,51.2427279506437,0 6.48666400702841,51.23602894280881,0 6.49204595834572,51.22192192699099,0 
			</coordinates>
		</LineString>
	</Placemark>
	<Placemark id="Autobahn.18">
		<name>5c5edc95-A44</name>
		<LineString>
			<coordinates>
				7.07473800775348,51.4083069498042,0 7.08411161590894,51.4039779106151,0 7.08571799960585,51.40033794226301,0 7.080544006904,51.39287894859741,0 7.08248800688705,51.3884869431374,0 7.078885868645939,51.3843958545489,0 7.07692743792768,51.3771218342846,0 7.071529330608959,51.3715217477904,0 7.07201690351041,51.3658889919034,0 7.06960494179471,51.36362905893341,0 7.05722946561324,51.3609052090996,0 7.04070095925422,51.35251384282891,0 7.027217997312771,51.347872942594,0 7.02310199766477,51.3386149438188,0 7.0150280042665,51.3334449498212,0 7.01147114465461,51.3258606414551,0 7.00624218302396,51.323517847353,0 6.98619943249107,51.3191415596049,0 6.969779860206251,51.31767177918571,0 6.95277551644732,51.3131654245073,0 
			</coordinates>
		</LineString>
	</Placemark>
	<Placemark id="Autobahn.19">
		<name>d4eb183d-A44</name>
		<LineString>
			<coordinates>
				7.413407997637151,51.4639769482969,0 7.39564600136563,51.45978194218931,0 7.372526995682449,51.4600689443689,0 7.329323001812161,51.45718294450861,0 7.302658006896571,51.461354949814,0 7.28828399780609,51.4615109420054,0 
			</coordinates>
		</LineString>
	</Placemark>
	<Placemark id="Autobahn.20">
		<name>3115c92f-A44</name>
		<LineString>
			<coordinates>
				9.51676071607838,51.2608538404818,0 9.48747099985653,51.25956794906549,0 9.46019699691036,51.2619709432173,0 9.44171999317533,51.266395943281,0 9.424653999821899,51.2683569505657,0 9.40397900493624,51.2777939482325,0 9.382231004641261,51.2792709470419,0 9.37485499925414,51.281277948697,0 9.3525849987026,51.292618948393,0 9.332527003859029,51.2976329499997,0 9.300769995401421,51.30848795031959,0 9.290291001645709,51.31469294270531,0 9.28414700676071,51.3210789457009,0 9.280524994900819,51.3297069419162,0 9.283062004348061,51.34070194667309,0 9.27912599770327,51.35462595016019,0 9.28043399322895,51.3677239497172,0 9.276741999039579,51.37373894585939,0 9.26143000238506,51.38006694503439,0 9.22854300564236,51.38372394445201,0 9.219768992667291,51.3876429501965,0 9.207874993987581,51.3963419498892,0 9.184534006326761,51.4012879464826,0 9.1725039961756,51.40595094729291,0 9.16368200686329,51.4121749444003,0 9.158913002442301,51.4192909433131,0 9.15707900021253,51.4295789428114,0 9.15420799958015,51.4348439427977,0 9.133969006742991,51.4483569478821,0 9.1192958293688,51.4634000895386,0 9.10778023690836,51.4696295247276,0 9.083888579439209,51.4758712475367,0 9.045998184112831,51.479530926543,0 9.022875625344721,51.4887712566795,0 8.997185998415709,51.4931129492398,0 8.977323004713821,51.5019849467416,0 8.959848995404201,51.50421694933959,0 8.95237396202031,51.50646471724169,0 8.93558031432404,51.5179493165678,0 8.91359021410215,51.5246754468566,0 8.89192309061983,51.53436599117519,0 8.839175997130759,51.54016194556699,0 8.803934004410181,51.5530159434493,0 8.756400007187789,51.5617319423615,0 8.719139004290071,51.5819939461311,0 8.69198800576323,51.5884659431325,0 8.636030995822569,51.5888339440141,0 8.599866005564261,51.5957069455648,0 8.584619041006031,51.5969830830032,0 8.51508557266356,51.5969353507016,0 8.4556821750664,51.59048897850059,0 8.26626499699929,51.58112594740171,0 8.22771900561958,51.57579394487271,0 8.20699900654019,51.5699499496823,0 8.17724900364755,51.5568699477896,0 8.112873003861599,51.5445209437381,0 8.05360899777847,51.54623094571021,0 7.984713002556401,51.5359599427204,0 7.91082500672524,51.53554394800339,0 7.872028007344981,51.53266094242539,0 7.83078400612984,51.53325794663411,0 7.786796998180969,51.5244799431556,0 7.73894999713542,51.5287119461018,0 7.724151998895959,51.52748994907421,0 7.69711300106367,51.5211269443432,0 7.68479800228852,51.5200599478149,0 7.64789935952092,51.5216905071367,0 
			</coordinates>
		</LineString>
	</Placemark>
	<Placemark id="Autobahn.21">
		<name>801203c5-A44</name>
		<LineString>
			<coordinates>
				9.945526444745241,51.09004174981229,0 9.962771824268261,51.0983933325655,0 9.975750482633,51.10263648593719,0 9.97978329092164,51.1079575264383,0 9.980871117068601,51.1122573157198,0 9.977065073891939,51.1208651558717,0 9.97998731855029,51.130169677027,0 9.986110157576549,51.139823676381,0 9.98631443986539,51.14316866353651,0 9.98422938506191,51.1451942533815,0 9.975996312490309,51.1458489204276,0 9.963643370309891,51.1403037877496,0 9.95699623002149,51.14044203570499,0 9.930196745891889,51.1437539513074,0 9.912149278796599,51.15053766136249,0 9.897568376910151,51.15208188824139,0 9.88877727647855,51.1552202244741,0 9.85903824953542,51.1561951724631,0 9.84593922107282,51.16504416928969,0 9.833288958764751,51.16832152907521,0 9.8171802006351,51.1792873248322,0 9.80651045923709,51.1789409611623,0 9.802279527779939,51.1803725078043,0 9.79864820267408,51.18537806567679,0 9.78549439486337,51.1935950385055,0 9.76742200163658,51.193918744101,0 9.743199678938289,51.2007845010546,0 9.72970028874021,51.2091059597678,0 9.718740263504349,51.2108923487994,0 9.676532122384611,51.2244349116714,0 9.67127597579065,51.2294850844349,0 9.671334406611431,51.2335006721075,0 9.682402312710609,51.24747146531331,0 
			</coordinates>
		</LineString>
	</Placemark>
	<Placemark id="Autobahn.22">
		<name>32e23dde-A46</name>
		<LineString>
			<coordinates>
				6.671075775030581,51.17971306759281,0 6.66549100749034,51.17621302313659,0 6.6490881990788,51.1651662441526,0 6.59648273476614,51.1218353322288,0 6.57670263721868,51.10892502617651,0 6.51564999928173,51.09624994454901,0 6.49902300387394,51.0966272652411,0 6.46010000309106,51.0927629430195,0 6.44252999566681,51.0957219464029,0 6.42553699739874,51.1025479447784,0 6.41577999599799,51.10444594655121,0 6.38085800159632,51.1035389496891,0 6.36977300610681,51.1018389455857,0 6.358907006175339,51.09795894738561,0 6.34523600089957,51.090239949848,0 6.34023300789196,51.0864429465881,0 6.3337009994522,51.073905948831,0 6.32604100532577,51.06890394316619,0 6.315653007617161,51.06698194868449,0 6.28245500313212,51.0711749487484,0 6.25423199723238,51.065313945539,0 6.24525000527943,51.0654469457149,0 6.22566899723549,51.069472942099,0 6.215089000176679,51.0693369475116,0 6.185128002678929,51.0568879450284,0 6.15396582117999,51.03656257305839,0 6.1401863624872,51.0301706373155,0 6.111796638602159,51.0232367367567,0 
			</coordinates>
		</LineString>
	</Placemark>
	<Placemark id="Autobahn.23">
		<name>587cd9a6-A46</name>
		<LineString>
			<coordinates>
				6.75246999718242,51.1542749420083,0 6.77246100798597,51.16616794570839,0 6.775123998209269,51.1700689505019,0 6.77392200199062,51.1793369475084,0 6.77581500068881,51.1878409417743,0 6.78191400319178,51.1917309420622,0 6.79881500530804,51.1936699461533,0 6.828581001492471,51.1900599492682,0 6.869265007490149,51.18986694196379,0 6.91573600904962,51.1922189497203,0 6.99928600784914,51.201499942394,0 7.02434299901455,51.20737194189991,0 7.03969100661907,51.2078849444375,0 7.05350100314038,51.21253394394739,0 7.060734001940769,51.2192279435124,0 7.08435800812402,51.22619994629181,0 7.09247799577014,51.233448946,0 7.094814259684019,51.2441094022282,0 7.10459599932076,51.2496159485197,0 7.11561699755597,51.2617059459303,0 7.16659279081917,51.2728593535463,0 7.19484700516156,51.2871579500549,0 7.205850003513161,51.29050594713849,0 7.209449001073369,51.2944599487945,0 7.2175190033873,51.2973069425571,0 7.223656994721921,51.302909945229,0 7.24115299609888,51.3088669476962,0 7.26633099634697,51.3142629449883,0 7.27247448189349,51.3134432344891,0 
			</coordinates>
		</LineString>
	</Placemark>
	<Placemark id="Autobahn.24">
		<name>20438471-A46</name>
		<LineString>
			<coordinates>
				7.49711018209961,51.3736508723357,0 7.50395711606679,51.37378034190821,0 7.51665797163388,51.3687365326264,0 7.54994300829752,51.36876894277151,0 7.56912100660527,51.3643919443766,0 7.57446399834639,51.3644789450347,0 7.61084300581267,51.37246194917089,0 7.6482250015408,51.3760759424266,0 7.66658300690024,51.3812129462808,0 7.69166699657045,51.3836429428013,0 7.70890900392573,51.3883269432074,0 7.73243100538366,51.3871089472496,0 
			</coordinates>
		</LineString>
	</Placemark>
	<Placemark id="Autobahn.25">
		<name>0873842f-A46</name>
		<LineString>
			<coordinates>
				8.436302565267249,51.3793022803675,0 8.42404873882518,51.379184604391,0 8.383260803133039,51.3635065830807,0 8.34825799908721,51.3585279467942,0 8.332299994769549,51.35948194284399,0 8.318625995134481,51.3659869472494,0 8.291783996373301,51.3651169503784,0 8.26262799544045,51.36057294931279,0 8.216157788690371,51.3566244331185,0 8.195723701106269,51.359996736581,0 8.1759746204695,51.35715789625959,0 8.1707515423585,51.3578197332772,0 8.162613672801751,51.3628406182495,0 8.15361744426041,51.3785489117984,0 8.149933367222481,51.38155839096621,0 8.142463187833849,51.3836042975305,0 8.12813417959886,51.3825094249359,0 8.12095484119547,51.383758298905,0 8.11128241855946,51.39075280255909,0 8.09703805663521,51.3960427900742,0 8.085311002550251,51.40529095002589,0 8.064846002166259,51.4166909477294,0 8.05325599530515,51.42725694723621,0 8.04474199789032,51.4305569486319,0 8.00818700175984,51.43346694669891,0 7.983805004148469,51.4403909441828,0 7.960943001017429,51.4424869434091,0 7.95556099819467,51.44622394766741,0 7.95361600795824,51.45206394861761,0 7.95530000594444,51.45719094751391,0 
			</coordinates>
		</LineString>
	</Placemark>
	<Placemark id="Autobahn.26">
		<name>297716ed-A52</name>
		<LineString>
			<coordinates>
				6.70325299881922,51.2348049427585,0 6.68597199609256,51.2354409444842,0 6.657177996843499,51.23093394957639,0 6.646623997042919,51.2313399416581,0 6.619113998647,51.23727694456459,0 6.6103480074851,51.23782094450651,0 6.58102400680825,51.23288294361901,0 6.563845009102389,51.23233394488499,0 6.51703500095055,51.23625594737261,0 6.49372700542677,51.2417519426005,0 6.4798930083328,51.2424719418643,0 6.4741230009107,51.2413369487976,0 6.43320300868797,51.22422394473091,0 6.4092129963964,51.2212989438426,0 6.38918600521307,51.2127319454778,0 6.37145099953595,51.2101629443827,0 6.32747587388297,51.21067406597501,0 6.311819729123599,51.2070101060911,0 6.29916361711286,51.2006767052197,0 6.28820816763942,51.1985411709276,0 6.27425916390078,51.19978905400819,0 6.2510286496996,51.2074341753207,0 6.24071657184465,51.2086994828538,0 6.214242372489249,51.2075322033962,0 6.19832244218225,51.2022299742712,0 6.188157276512539,51.2014375703132,0 6.16243307687619,51.2065695719066,0 6.13345752011778,51.21069110920141,0 6.124304654865349,51.2105756532468,0 6.08505004586524,51.2054971282186,0 6.07101068290126,51.200490703205,0 6.04532385153988,51.1994039990481,0 6.03699219123216,51.20157825809169,0 6.03105971515744,51.2068256567109,0 6.023692641637569,51.2079564451095,0 
			</coordinates>
		</LineString>
	</Placemark>
	<Placemark id="Autobahn.27">
		<name>84b1a685-A52</name>
		<LineString>
			<coordinates>
				7.03907020750592,51.4503568230294,0 7.03619700600599,51.4402789469783,0 7.008037999907721,51.423474944135,0 6.98873894187937,51.42265512438661,0 6.9806947516102,51.4198221769642,0 6.96427798845826,51.4068630297641,0 6.930018410951179,51.3864341219173,0 6.90816682543269,51.3814407811968,0 6.897835082960609,51.3774700198598,0 6.87881782956974,51.3627648036689,0 6.863884199904359,51.3545510518094,0 6.849099824833331,51.34167390260609,0 6.84284951025228,51.3308701002779,0 6.82365847916501,51.31921724349149,0 6.80999563432241,51.3051808046493,0 6.80425310256997,51.2919075908615,0 6.80355639767747,51.27990565384939,0 6.79381563464341,51.27179528160971,0 6.79529211971472,51.26394167456709,0 
			</coordinates>
		</LineString>
	</Placemark>
	<Placemark id="Autobahn.28">
		<name>49db0132-A52</name>
		<LineString>
			<coordinates>
				7.14826200019898,51.7053779484535,0 7.140609996769289,51.6987189429501,0 7.13526900642898,51.686555941654,0 7.12428200283019,51.67843294622699,0 7.11766999644174,51.676313943586,0 7.076313008727439,51.6726919429494,0 7.06702600387529,51.6699089481872,0 7.05374299725184,51.6617299425589,0 7.0468980024188,51.65384094155349,0 7.0336380011438,51.6432989419917,0 7.0321400080668,51.64066494330039,0 7.03584000743487,51.623569944456,0 7.03331399699934,51.60745394420169,0 7.03627837264902,51.5944177543108,0 7.0308869963524,51.587293946911,0 7.0273748301583,51.5791370369454,0 7.02181699951966,51.5753919443115,0 7.01081475153284,51.5732948358076,0 
			</coordinates>
		</LineString>
	</Placemark>
	<Placemark id="Autobahn.29">
		<name>368ff6f9-A59</name>
		<LineString>
			<coordinates>
				6.75515460398076,51.349025186752,0 6.775461001659129,51.3750529466416,0 6.77016172320839,51.424000752594,0 6.77621000183963,51.4344999432758,0 6.77518800587799,51.4376429499945,0 6.77855499930166,51.4462699436324,0 6.77740900158404,51.4547379447297,0 6.76936900760975,51.4625659479843,0 6.7654809982017,51.469634946478,0 6.76535600807861,51.4731169456523,0 6.76995000937282,51.4794899457023,0 6.770594005986111,51.483260945768,0 6.764091004194569,51.4951679458222,0 6.76403499867891,51.5021239422935,0 6.75847400064704,51.5101979460195,0 6.760061009147469,51.5204469448722,0 6.75697050855784,51.53239655846319,0 6.74965835598111,51.5360088999554,0 6.740142298772401,51.54398026667119,0 6.732324422834641,51.5444251945481,0 
			</coordinates>
		</LineString>
	</Placemark>
	<Placemark id="Autobahn.30">
		<name>1c93373b-A59</name>
		<LineString>
			<coordinates>
				6.96429641197729,51.0360049445283,0 6.95339299575106,51.04389894384089,0 6.93912399735313,51.04969795048909,0 6.93721000778854,51.0537829445383,0 6.94352100091557,51.062381945462,0 6.94407000002777,51.068511948191,0 6.93216800749448,51.0821819437019,0 6.9288900072531,51.08807194882131,0 6.92399400263962,51.10525194246699,0 6.91430300023737,51.1169559466124,0 6.91088800360099,51.13071294914109,0 6.891117004984641,51.1528419483133,0 6.890656008133361,51.1615799436471,0 6.885394998912899,51.169354949901,0 6.88442700535882,51.1768659421639,0 6.86925444193608,51.1898879345702,0 
			</coordinates>
		</LineString>
	</Placemark>
	<Placemark id="Autobahn.31">
		<name>ba9eb40d-A59</name>
		<LineString>
			<coordinates>
				7.1630009979919,50.7250529435003,0 7.15438600803172,50.73009294858529,0 7.14462799517872,50.7398759426716,0 7.13795200410211,50.7607169477263,0 7.138770003652651,50.7652849427651,0 7.149788996231689,50.78175594305399,0 7.15049000021873,50.7862799487566,0 7.14870200677676,50.79098694816921,0 7.134398003431911,50.8076339457094,0 7.11089900335302,50.8182169436765,0 7.098913005523329,50.8252979473432,0 7.094532005575531,50.8299269484477,0 7.09361399691033,50.8344159446153,0 7.097610004606999,50.84979194281269,0 7.09374000011395,50.8856749471536,0 7.091862548649699,50.89102749807051,0 7.08835200363623,50.89516994348691,0 7.0706690040442,50.9051619454194,0 7.06589870844013,50.911272933596,0 7.06396927234232,50.9187937587941,0 7.06031720676451,50.92384795057029,0 
			</coordinates>
		</LineString>
	</Placemark>
	<Placemark id="Autobahn.32">
		<name>435ccd0f-A60</name>
		<LineString>
			<coordinates>
				6.180753007294539,50.2362449493528,0 6.18688100838769,50.2301129475798,0 6.193253008206,50.22657494611121,0 6.23019622777767,50.2186031248247,0 6.23808289905942,50.2142154813206,0 6.25224024412409,50.202287195141,0 6.262988847423869,50.1986206076349,0 6.2751582830518,50.1982144451411,0 6.28412123942885,50.200211964405,0 6.30234691674857,50.2082840316834,0 6.3114264135134,50.20936092067771,0 6.36621924583088,50.1987602835429,0 6.37575473459285,50.19532805793609,0 6.38606149995863,50.18679709527269,0 6.39278873629679,50.1635582866073,0 6.40279699630242,50.1500949455578,0 6.406761001650039,50.1395679460742,0 6.41224600942429,50.1343689495535,0 6.425896999188339,50.1272079497011,0 6.43263900433511,50.12151294475711,0 6.448039999437439,50.0939813441002,0 6.45832600547116,50.08668795016991,0 6.46987799890669,50.0718139507669,0 6.49362400325216,50.0479809479507,0 6.4992431961839,50.0445403507098,0 6.51496419494854,50.0394751266657,0 6.53701620608346,50.036587843855,0 6.54342150601673,50.0340332505507,0 6.55480329636479,50.0246113500142,0 6.560726901891069,50.0219726484098,0 6.59390890790133,50.0171538487876,0 6.63899149215197,50.0208346925281,0 6.65220117278567,50.02046155014791,0 6.66440572821869,50.0174751784162,0 6.68108664900083,50.0095434813223,0 6.690795271880899,50.00748830970959,0 6.702969320169559,50.0058260375719,0 6.72064937932345,50.0068959250304,0 6.738172693880911,49.99898141611181,0 6.76719012039257,49.9967618959299,0 6.77569615518575,49.9940520444296,0 6.79907455970127,49.980847215627,0 6.81834468509634,49.97760233193011,0 6.827186400252149,49.9744814345795,0 6.84992043101409,49.9586097651968,0 6.863988401696339,49.9512175599074,0 6.88263445441278,49.9478106579007,0 
			</coordinates>
		</LineString>
	</Placemark>
	<Placemark id="Autobahn.33">
		<name>83c4b5da-A60</name>
		<LineString>
			<coordinates>
				7.93971511665876,49.9275057629626,0 7.941682342425649,49.9472369503972,0 7.94613795251034,49.9542690400332,0 7.998668130135749,49.9780139349029,0 8.00765394241102,49.979550566366,0 8.02498350150309,49.9792627506563,0 8.09067722537174,49.9951040428617,0 8.114278106615769,50.00274265806761,0 8.13767899840218,49.9988319453869,0 8.160242998490389,50.0018379493154,0 8.18205900448676,49.9995529506736,0 8.18485700482085,49.99837794926641,0 8.18956848557999,49.9910138490506,0 8.20741599500635,49.98214594336871,0 8.216682998346281,49.9717419508077,0 8.223504001660499,49.9673079459139,0 8.239173994279129,49.9643299441214,0 8.28076069182606,49.9745430581971,0 8.2896031167306,49.9742334739905,0 8.3034410067308,49.9703369430055,0 8.31212399954792,49.9705759502992,0 8.3387800072994,49.98225794687221,0 8.343556001085201,49.9819939445741,0 8.3593769945447,49.9754939457369,0 8.38246599674906,49.9730659478281,0 8.455681464699129,49.9763161865713,0 8.46487269030237,49.97828364457321,0 
			</coordinates>
		</LineString>
	</Placemark>
	<Placemark id="Autobahn.34">
		<name>e5c43675-A61</name>
		<LineString>
			<coordinates>
				6.42055789655895,51.0930042569098,0 6.428786995715609,51.1086979505387,0 6.42865000408499,51.1185079468813,0 6.42346846919912,51.1283922652156,0 6.424573067533119,51.1362436521073,0 6.422908183945959,51.13989292935931,0 6.405195002969859,51.1538529428821,0 6.40086500407889,51.1622509480986,0 6.40522900729121,51.17258794913031,0 6.40471200953322,51.1751889470721,0 6.37985399975161,51.1936639469284,0 6.37766900948011,51.1990169449113,0 6.378657001648949,51.2105089437458,0 6.37544900117174,51.2162689465713,0 6.364711998336881,51.2255169429119,0 6.360975996633,51.2358139428341,0 6.36152900284925,51.2596159420203,0 6.35522600962984,51.2689239443268,0 6.34251700132782,51.2757289418264,0 6.32661700753719,51.2776219499967,0 6.30359900103284,51.2774579496186,0 6.269424008431341,51.2864439428922,0 6.26321800606258,51.292930949642,0 6.254999009056261,51.29655094968181,0 6.251957995899571,51.29977094491899,0 6.23132500201506,51.3063539442944,0 6.22718300000592,51.3094529433306,0 6.22132100416416,51.3229049429621,0 6.21171376550552,51.32969274344561,0 6.203016461933299,51.3335735507166,0 6.19539147274298,51.3343584374876,0 6.17857844095318,51.3320642930362,0 6.169725872039129,51.3329852956731,0 6.16146748288559,51.33761657306069,0 6.15805403506771,51.3458185405922,0 
			</coordinates>
		</LineString>
	</Placemark>
	<Placemark id="Autobahn.35">
		<name>87983b3d-A61</name>
		<LineString>
			<coordinates>
				6.78619755309819,50.8166383636531,0 6.75212600012623,50.8433539429343,0 6.73111299716425,50.8505419504726,0 6.71277399673264,50.8626939501966,0 6.70494100922391,50.8809369430871,0 6.68540099728413,50.9114269495884,0 6.66338899833075,50.93163494638549,0 6.6492130091891,50.9372169456729,0 6.58456100863549,50.9541839480965,0 6.57716200801653,50.9577969495254,0 6.570608005810281,50.9622409456913,0 6.56300300857527,50.9703559438975,0 6.55405300685004,50.9880839460921,0 6.54913400931969,50.9936659502339,0 6.538952999640941,50.9988569475096,0 6.4948650089764,51.01387894390229,0 6.48887600215559,51.0178719464254,0 6.479684007417391,51.0287059478731,0 6.4551909978009,51.0401459472738,0 
			</coordinates>
		</LineString>
	</Placemark>
	<Placemark id="Autobahn.36">
		<name>11d81077-A61</name>
		<LineString>
			<coordinates>
				8.559686100596419,49.3332357769653,0 8.52161400507878,49.3309059460323,0 8.495335998533649,49.33184194898941,0 8.484949999440749,49.3342339448705,0 8.463334999749961,49.3484069442049,0 8.453337005259851,49.3522209464467,0 8.442818997946651,49.3536679469723,0 8.40417499843088,49.35336645577589,0 8.38727099581018,49.3551909489816,0 8.371863003551081,49.3586349457864,0 8.35674500646077,49.3640199504253,0 8.34884600597838,49.3686809439916,0 8.343475997711151,49.3747139503853,0 8.34085299710449,49.3817109500675,0 8.3393350025015,49.4179609455331,0 8.335773005048781,49.4259379467312,0 8.31921600531766,49.44946995168719,0 8.31291600517136,49.4677099472041,0 8.31083900293784,49.52003595208289,0 8.316120994892501,49.5400869441976,0 8.31553400593099,49.54680395216649,0 8.313380741232001,49.5535504437265,0 8.29757500051878,49.5751099487693,0 8.28869200656832,49.5946479491111,0 8.288475000709839,49.6051109447992,0 8.294373552591219,49.6243951437331,0 8.294267994744519,49.6371189433662,0 8.29098399579156,49.64755894869799,0 8.28374200621931,49.6571739454083,0 8.24889000650194,49.6825599493477,0 8.23406400358691,49.6918949492145,0 8.22280500357668,49.69684794771361,0 8.205863999892481,49.70084595038999,0 8.191419996737521,49.7020099496371,0 8.175239995860681,49.698839946495,0 8.168348997331639,49.6991319445757,0 8.16037900166973,49.7020539441953,0 8.140914004705939,49.7131609434113,0 8.13585599794582,49.7174119460722,0 8.13412500041377,49.7212359513638,0 8.138359005936691,49.7333919461503,0 8.13794199925221,49.7405409508293,0 8.134764996668981,49.7465479432253,0 8.11475999998614,49.7629349457381,0 8.11048000644913,49.7752369434717,0 8.10531699965453,49.7823459484702,0 8.09229199640774,49.7896189464999,0 8.06638099713993,49.79666494402371,0 8.054909003486721,49.80202194801819,0 8.05042400087474,49.8082529468616,0 8.04856199905827,49.8217129472321,0 8.0414660019501,49.8275159468081,0 8.033928997463921,49.8297639479465,0 8.01464500075063,49.83128394735489,0 7.99663891334041,49.83804504045679,0 7.98548299858066,49.8453419446929,0 7.97378100541063,49.856105951376,0 7.948074007009899,49.8834069484587,0 7.94436099958498,49.8915369474005,0 7.94898299856087,49.9148129508669,0 7.94535700302566,49.92287095047139,0 7.93971099544772,49.92743995121089,0 7.93013799550746,49.930908943113,0 7.89186400648779,49.9329179431951,0 7.88081999544338,49.9299009438404,0 7.867975998769361,49.9289909474181,0 7.85318599764699,49.9247309492112,0 7.83629799968609,49.92319695136171,0 7.826942005839821,49.9249429509275,0 7.81187300516609,49.9372589438993,0 7.79688200039931,49.9416169472148,0 7.785468002992209,49.9545939506153,0 7.77320599953452,49.9588629480434,0 7.76506700723063,49.9653019490097,0 7.760693000431071,49.96752194872969,0 7.73973600324851,49.9716659498098,0 7.72491200687741,49.9796379447401,0 7.7084049988403,49.9813249449043,0 7.694438001655459,49.99319894694,0 7.68524900826992,49.9979849431653,0 7.680262006571951,50.0038609515605,0 7.68150800037971,50.0156029461662,0 7.679857998559529,50.0195959473545,0 7.673516998714889,50.02395894772841,0 7.64913700710362,50.034179945148,0 7.641781003002401,50.03955794555409,0 7.63609700462044,50.0482949445562,0 7.63001300570864,50.0691479514414,0 7.62590800263161,50.0735319437834,0 7.60965900009724,50.08456695144631,0 7.604911995180961,50.0912839453253,0 7.60333099758015,50.09728994282601,0 7.603765175857159,50.1113073920775,0 7.60192425643179,50.1177616536591,0 7.59212658482946,50.1333691018618,0 7.59621184677938,50.1466995604993,0 7.59358400724471,50.17815094841529,0 7.58442600377489,50.19547695122419,0 7.57269200540635,50.2059739441809,0 7.562978001482971,50.2108339506592,0 7.52761100524608,50.2233049513568,0 7.52057299518413,50.2280769468957,0 7.51430300304962,50.2357569494633,0 7.51395650085869,50.24088847510431,0 7.51772603020761,50.252063045042,0 7.51687799472278,50.2584239512615,0 7.507052005440111,50.2716389459934,0 7.50554000425722,50.2763989494769,0 7.511376003601591,50.2876019469471,0 7.51117899621901,50.2921379470107,0 7.50532499544381,50.2966849454549,0 7.48847599887221,50.3010019478197,0 7.48525500117798,50.3048709466967,0 7.486421001472251,50.3095799487189,0 7.51174900174901,50.3267489494714,0 7.513337005645529,50.3337569430715,0 7.51153400804024,50.337800947224,0 7.48390999774492,50.35882594549911,0 7.47245100336817,50.3645619451547,0 7.462291997358119,50.36677894933339,0 7.451521996979351,50.3662829511282,0 7.438769997836579,50.3632729493198,0 7.42908199487979,50.3638169491696,0 7.40948400386153,50.37547894361891,0 7.38662200372713,50.3789789486027,0 7.37141100629662,50.3894139508681,0 7.3670050063534,50.3906259435532,0 7.32572800527254,50.3962279504814,0 7.30182000191545,50.3885649486838,0 7.28114300055052,50.38487194707181,0 7.25959000148827,50.3879049441682,0 7.24903400046662,50.3927839478995,0 7.24145299554838,50.399632945576,0 7.22408799728674,50.4344699510233,0 7.22536000488723,50.4417019504241,0 7.23344400046282,50.4572089469887,0 7.233885002173881,50.4620229491166,0 7.23193500595849,50.46774894354391,0 7.21846600006835,50.4837619480052,0 7.21924700013371,50.488506949921,0 7.22496800379618,50.4969769497286,0 7.222916002093909,50.5039369434613,0 7.20199300107824,50.51560894457041,0 7.186488366031021,50.5277127050356,0 7.16891299842754,50.53870195127351,0 7.15108000628467,50.5554589509852,0 7.14421999812107,50.5659379502847,0 7.135005002167921,50.57237094333131,0 7.11648099710805,50.5753569489887,0 7.090069997107601,50.5749539467197,0 7.07790999808295,50.5762389501824,0 7.03001200648208,50.5929859446097,0 7.00553500018146,50.6025969476158,0 6.98702800578067,50.6132879448232,0 6.96539199777651,50.63364394691,0 6.93951499590022,50.64492194675499,0 6.931284998751041,50.6502539451652,0 6.92503899965102,50.6579259510777,0 6.919854007461439,50.6732759492354,0 6.90690200496606,50.6906389488544,0 6.89773700438638,50.7156679475707,0 6.847459998024141,50.76213594842581,0 6.82204066811104,50.7716436719681,0 
			</coordinates>
		</LineString>
	</Placemark>
	<Placemark id="Autobahn.37">
		<name>bc73ca51-A66</name>
		<LineString>
			<coordinates>
				8.167058485960229,50.0489213245741,0 8.186407003401319,50.0492599464929,0 8.20150300632479,50.0522719477275,0 8.212671999602611,50.05269494509321,0 8.26551799974825,50.05260994864621,0 8.293055005035111,50.0497489465285,0 8.301332002477199,50.0503049470383,0 8.31596999434492,50.0558659450719,0 8.447846004234201,50.0557949453965,0 8.48459200485817,50.0800029493898,0 8.48640699654989,50.08502994445089,0 8.48350200100117,50.0930599494539,0 8.48438499645602,50.0963599484197,0 8.487487001061529,50.0984879482496,0 8.56525400138946,50.1278409461106,0 8.59071300714942,50.13471594647759,0 8.607173001645419,50.1316259466247,0 8.626440995232169,50.1351799498986,0 8.66112600190394,50.13137494768039,0 
			</coordinates>
		</LineString>
	</Placemark>
	<Placemark id="Autobahn.38">
		<name>0f01adda-A66</name>
		<LineString>
			<coordinates>
				8.74707700274813,50.13967195056431,0 8.74934800281876,50.1385319477047,0 8.779034998176151,50.143677947644,0 8.793929000280301,50.1422779436123,0 8.827803003146551,50.1480729452817,0 8.85168299936568,50.1461849477239,0 8.859584005733179,50.1471559482402,0 8.87298299344662,50.15357894282481,0 8.889713003969669,50.1561309491195,0 8.93649300406911,50.1541529516604,0 8.96894200360334,50.1399439471713,0 8.976973261395671,50.13763327673441,0 8.9864621997295,50.13807630861339,0 
			</coordinates>
		</LineString>
	</Placemark>
	<Placemark id="Autobahn.39">
		<name>2c5ad96b-A66</name>
		<LineString>
			<coordinates>
				9.01772043292458,50.1675727320079,0 9.029777689756539,50.1712458850629,0 9.04726500599342,50.1722039501269,0 9.056940993525499,50.1775959512636,0 9.07787199517716,50.1816399447155,0 9.087707995647261,50.1886449435141,0 9.09970400558627,50.1922379428676,0 9.118184000291411,50.19373195147611,0 9.13633299844793,50.1997629510564,0 9.14646000655768,50.19885594636471,0 9.16564100537329,50.1907479439898,0 9.2097490029405,50.1952939469168,0 9.226087001536239,50.2024439441109,0 9.245169000706779,50.22165594612549,0 9.251441006172859,50.22373994268939,0 9.273625006498699,50.2258689476397,0 9.283550004260491,50.2306499482345,0 9.29080800323373,50.2371359482372,0 9.2967779964616,50.2399339513027,0 9.32465000605635,50.2440289482844,0 9.34536299604858,50.2572939456866,0 9.3610200054678,50.2643759448167,0 9.37084900047679,50.2716199442545,0 9.395893998567409,50.3020299482435,0 9.404271995313801,50.30620094962761,0 9.423231004649031,50.30878794663271,0 9.43378500323511,50.31826994818509,0 9.452535004170731,50.3255319505575,0 9.468342997711691,50.327076951308,0 9.47665899430506,50.3293189448119,0 9.484059995601489,50.3333899459442,0 9.50124199950846,50.34924195079089,0 9.502368003627,50.3533339513981,0 9.500470997803051,50.36044194438929,0 9.50254000124513,50.36523894365969,0 9.518915004455829,50.3795939487956,0 9.52765800060239,50.3839939492304,0 9.540437732797431,50.39438617216231,0 9.56767533029271,50.4053854695433,0 9.573989568956909,50.4183066704383,0 9.583321038339021,50.4243949691428,0 9.59442943155779,50.43524459699331,0 9.61635064314949,50.44783813455051,0 9.625643686790911,50.4590001373379,0 9.66493250920335,50.47609376939981,0 9.677507847796999,50.484054807408,0 9.70526640910114,50.4899662015609,0 9.70974669089151,50.4891654911966,0 
			</coordinates>
		</LineString>
	</Placemark>
	<Placemark id="Autobahn.40">
		<name>bd0294a6-A7</name>
		<LineString>
			<coordinates>
				9.327724593009609,54.8058861921783,0 9.3463512411927,54.77260634300361,0 9.353142501120359,54.7658869190744,0 9.37091668775253,54.7536860031755,0 9.397683236067531,54.7217767552165,0 9.40126255349986,54.7061562091504,0 9.40453881539587,54.6986935301061,0 9.43027722661463,54.6639944283366,0 9.435329641119861,54.650821894095,0 9.444346087760829,54.6133076402072,0 9.46315375157744,54.58788325630201,0 9.467841457272939,54.5788051129823,0 9.46920256741984,54.56961614023971,0 9.467217580429431,54.5512181765932,0 9.469082145460559,54.54395452172701,0 9.475336990178951,54.5349428092255,0 9.48875814222888,54.5236519015453,0 9.50340399211038,54.5058759421438,0 9.54311399323141,54.4761619457807,0 9.56475799525289,54.4663389420867,0 9.57430599381002,54.4601909439317,0 9.584940996601251,54.4492949409546,0 9.60319299714936,54.4220559474204,0 9.615561005119149,54.4132019456629,0 9.63995099858826,54.4005719476496,0 9.650692002312731,54.3913519412162,0 9.665726003685471,54.36915994268551,0 9.680997998598651,54.3573809448251,0 9.71778300002604,54.3369929418686,0 9.731101992238351,54.3279379435416,0 9.74484299559589,54.3161139410233,0 9.76968299654137,54.2834969429942,0 9.779159000555801,54.27344194358431,0 9.798653993359791,54.259922947164,0 9.827363004257879,54.2355129426692,0 9.854535006314711,54.2192429434675,0 9.87304500662038,54.20488894363871,0 9.884065000005361,54.1989099395246,0 9.9018109999468,54.1937679397051,0 9.93158800509195,54.18833994098169,0 9.939820993666331,54.1852969471373,0 9.9493350014105,54.1799299461338,0 9.956777991402531,54.17333694152061,0 9.96199700112744,54.1649699431753,0 9.96404899871075,54.1513689431568,0 9.960118999829501,54.1344889427794,0 9.952366995064519,54.1214669453917,0 9.93001532365199,54.0908597782585,0 9.92512522482934,54.0804667241921,0 9.922638061778629,54.070017396226,0 9.92310916619339,54.0592473778715,0 9.93202778538044,54.0331185250337,0 9.931619173981719,54.01246929923759,0 9.93373811725535,54.00218075390361,0 9.94709882593988,53.9746754774985,0 9.95018963582033,53.9595538004749,0 9.948388063598699,53.9452552301162,0 9.937440948128121,53.9163321219878,0 9.93674937168209,53.9043277416291,0 9.945661285355159,53.88158090769731,0 9.94708413358074,53.8726670539569,0 9.944423136502961,53.86114833036841,0 9.927221433984499,53.8377446407571,0 9.923309697078309,53.82722381032669,0 9.92371757541131,53.8164535693637,0 9.94822934202193,53.7642227767101,0 9.949724311682401,53.75440971751171,0 9.947769002301531,53.74417494419751,0 9.940647999651491,53.7286389433928,0 9.938555001527179,53.7195909402252,0 9.939401996477381,53.7111679423324,0 9.945258999319471,53.6940019476159,0 9.944867002102489,53.68192794230309,0 9.94146399770117,53.67295194452289,0 9.93290699410883,53.6597369434145,0 9.92988400024946,53.6452389467133,0 9.92064100101965,53.62684194582471,0 9.91281199228094,53.6191159402655,0 9.912939995642381,53.6154939479942,0 9.92177700137368,53.6018739469858,0 9.923213289560509,53.5959418634252,0 9.91583599668864,53.5893279422062,0 9.915551993335431,53.582563943304,0 9.91318699444057,53.5790679483796,0 9.904676006309749,53.5738219414087,0 9.89938499297077,53.56505594085101,0 9.89718089588138,53.5543332144077,0 9.89844787909843,53.5509112143565,0 9.902383800737731,53.54751717160891,0 9.92834149593771,53.53701619001189,0 9.93367915878053,53.53132328548709,0 9.930543995175849,53.5256449484621,0 9.913272994234649,53.51091094081841,0 9.911896003346479,53.5067759456371,0 9.91408799811509,53.4820099419567,0 9.916321004263679,53.4754599410584,0 9.927103994227339,53.4645609466024,0 9.928431998338869,53.4607949473837,0 9.92683699692636,53.4569469453505,0 9.91978899803464,53.4499759441972,0 9.91871999781767,53.4441239413171,0 9.921907998257829,53.4389109461313,0 9.932976006548779,53.43318194476101,0 9.965702420595671,53.4237498771766,0 9.976038793667451,53.4169754030102,0 9.9864359957677,53.4042929448077,0 9.99897800089748,53.3935119469954,0 10.0014125512498,53.3891394771623,0 10.0033506144874,53.3845440893418,0 10.0061359995528,53.3808859419885,0 10.0103166006713,53.377428472592,0 10.015971287709,53.3746195313523,0 10.0231573616509,53.3728727767022,0 
			</coordinates>
		</LineString>
	</Placemark>
	<Placemark id="Autobahn.41">
		<name>a48daf4b-A7</name>
		<LineString>
			<coordinates>
				10.0231573616509,53.3728727767022,0 10.0193774528754,53.3768809834944,0 10.0172265085827,53.3801611764556,0 10.01783399653,53.3825396529672,0 10.0196853439733,53.38501205420251,0 
			</coordinates>
		</LineString>
	</Placemark>
	<Placemark id="Autobahn.42">
		<name>15e24f53-A7</name>
		<LineString>
			<coordinates>
				10.0235396753366,53.3726767998698,0 10.0231573616509,53.3728727767022,0 
			</coordinates>
		</LineString>
	</Placemark>
	<Placemark id="Autobahn.43">
		<name>a0587d4d-A7</name>
		<LineString>
			<coordinates>
				10.0231573616509,53.3728727767022,0 10.0235396753366,53.3726767998698,0 
			</coordinates>
		</LineString>
	</Placemark>
	<Placemark id="Autobahn.44">
		<name>2a97b13f-A7</name>
		<LineString>
			<coordinates>
				10.0235396753366,53.3726767998698,0 10.031920232759,53.3681791472328,0 
			</coordinates>
		</LineString>
	</Placemark>
	<Placemark id="Autobahn.45">
		<name>1487df06-A7</name>
		<LineString>
			<coordinates>
				10.031920232759,53.3681791472328,0 10.0235396753366,53.3726767998698,0 
			</coordinates>
		</LineString>
	</Placemark>
	<Placemark id="Autobahn.46">
		<name>f4a46991-A7</name>
		<LineString>
			<coordinates>
				10.031920232759,53.3681791472328,0 10.0367670031404,53.3619919453137,0 10.0400390005162,53.3363899464947,0 10.0434870031987,53.3315879453402,0 10.0669369999027,53.31454494576201,0 10.071135005682,53.3087489461598,0 10.0882289964622,53.2600629448121,0 10.0872770047867,53.2518639470324,0 10.0766689926051,53.23032194518809,0 10.075899003478,53.2207949479169,0 10.083685997408,53.1865209438028,0 10.0805859960681,53.1784599438967,0 10.0739099950496,53.16964694284451,0 10.0636450012641,53.1611419406002,0 10.0506620063235,53.154958947135,0 10.0146839914668,53.145048940975,0 10.0014039962379,53.1388409406876,0 9.991195993506169,53.12910994724299,0 9.98519899481728,53.11293694097969,0 9.956550117158169,53.0686366562625,0 9.94950938026229,53.0379047859861,0 9.930764004020549,53.0113289456112,0 9.929138465755029,53.0069173017564,0 9.92896499904878,52.9864339427899,0 9.92437700571557,52.9787089443488,0 9.867721105199299,52.9426945269668,0 9.8091455276613,52.9196226458499,0 9.78277931467742,52.8995143782647,0 9.75962214990578,52.8856134655818,0 9.7350394696011,52.8669671821275,0 9.70230886665842,52.8552121833271,0 9.69421593066579,52.8502322824161,0 9.68786789734677,52.841661322101,0 9.68360961844196,52.8211168859381,0 9.668298305549049,52.77547771837219,0 9.66564096428062,52.7645556542438,0 9.66600278573272,52.7541159758663,0 9.667736581836561,52.7483498554265,0 
			</coordinates>
		</LineString>
	</Placemark>
	<Placemark id="Autobahn.47">
		<name>7101b53a-A7</name>
		<LineString>
			<coordinates>
				9.667736581836561,52.7483498554265,0 9.668899918729499,52.7444809226138,0 9.68273680514071,52.7153024150385,0 9.69351843651342,52.673694217264,0 9.70562377751142,52.651495207652,0 9.75263599466621,52.5936579418339,0 9.77997099295481,52.5725469457571,0 9.78701000208823,52.564455942025,0 9.80017399427553,52.5425439426343,0 9.813618993673799,52.52520894618039,0 9.823886992752559,52.50601294310981,0 9.856241994468901,52.4710109458764,0 9.860751005974331,52.454585943563,0 9.864338997977301,52.4481359462038,0 9.886790998601951,52.4271509416044,0 9.896805993173651,52.41075994829341,0 9.899845992301691,52.3970159469746,0 9.899207003880591,52.3857479489107,0 9.893907005945421,52.3691719483557,0 9.89072600252878,52.3635719495914,0 9.87147100506753,52.3473609467241,0 9.866985005079769,52.341412944292,0 9.864588004951891,52.33567994130161,0 9.86394199951204,52.3234129486798,0 9.866375997157791,52.3164309420854,0 9.876547997200859,52.3042359493113,0 9.901959997421409,52.2871319432156,0 9.911221001487849,52.27634594915921,0 9.918637000556441,52.2576219436362,0 9.9318609974466,52.2347709460684,0 9.93434999834054,52.21115594745729,0 9.93768200339608,52.203839944762,0 9.945103999529801,52.1973249416146,0 9.96753599182607,52.1851629494076,0 9.979160000146839,52.17599194401931,0 9.9951680020027,52.1472809453366,0 10.0042129941364,52.14020594734161,0 10.0134339970299,52.1366839487759,0 10.0407399991391,52.1310719427651,0 10.0640292596786,52.1228974888782,0 10.07350696536,52.1213161737368,0 10.1059245069193,52.1207865824175,0 10.1170266062143,52.11926590613,0 10.126629739851,52.1156084467012,0 10.1461544149263,52.10308067905559,0 10.1709772869886,52.0927567307365,0 10.1815731116404,52.0865182660021,0 10.1922637631197,52.0747783342777,0 10.1939579741185,52.06843848449751,0 10.1930912147954,52.06140480070381,0 10.1885896016777,52.0522063816229,0 10.1751663015509,52.0363873043188,0 10.1685359624781,52.0202416347245,0 10.1594024559895,52.0065347825669,0 10.1526570054721,51.9800359448856,0 10.1424029948321,51.9656459425318,0 10.1403200010094,51.96015194266419,0 10.1404930052376,51.95370294672511,0 10.1453768523205,51.94001285934199,0 10.1452312818463,51.9335423846992,0 10.1352252049165,51.9142285552625,0 10.1243870010264,51.8537479465772,0 10.1098659949093,51.8211829468758,0 10.0820039937468,51.7955529440123,0 10.0744239998184,51.7929139471897,0 10.0581010061379,51.79076395013301,0 10.0370590035414,51.7830049489011,0 10.0138829998519,51.7584809420188,0 10.0054740051607,51.74260494927579,0 9.99756799884763,51.7389099456778,0 9.9840810048373,51.73714594253921,0 9.95586899614305,51.72704194711419,0 9.945096004898421,51.71983094399199,0 9.93952999888346,51.7117239434611,0 9.93807299486927,51.6997219418376,0 9.935231993886269,51.6933019480765,0 9.92838500569302,51.6866529484047,0 9.926244998463909,51.6790499462362,0 9.915638998440739,51.6592519420064,0 9.921723997262809,51.64154194970539,0 9.920309994339259,51.6323759465446,0 9.90899400307484,51.6153959504128,0 9.90419400124239,51.5998199497388,0 9.90528199542559,51.5935739469516,0 9.912093004755111,51.58488294851189,0 9.911766004262841,51.579384943943,0 9.90180699675925,51.5713249439613,0 9.88815799950196,51.5685449452101,0 9.883105003612011,51.5663619431227,0 9.879828005560549,51.56274494952249,0 9.876881453819831,51.49122511497031,0 9.869314002061349,51.45980494854919,0 9.84996600401351,51.4380619424512,0 9.8413224807771,51.4196739584443,0 9.824286240270061,51.4093117355277,0 9.77891199681587,51.395105942442,0 9.772083000098521,51.395519950616,0 9.74369900524656,51.4064529455981,0 9.728152994994391,51.40794094309431,0 9.71732400336419,51.4059569435285,0 9.695461000019529,51.397093944171,0 9.680841993352971,51.3986259445087,0 9.669879006328451,51.39619194527139,0 9.666512005063449,51.39375594219941,0 9.653826992988609,51.3752799425673,0 9.61819199349522,51.3621529421709,0 9.60180099455223,51.34580794809789,0 9.56462300567801,51.320099950272,0 9.560150993556871,51.311657945371,0 9.55976599552223,51.3084689433597,0 9.56254699809387,51.2997739470044,0 9.56122100196222,51.2952289495945,0 9.52081500032131,51.2714919500934,0 9.51652599556151,51.2657569456863,0 9.51724399388814,51.2522919445811,0 9.51582199942492,51.2487139494979,0 9.48126199299695,51.2260429476263,0 9.467937993761341,51.20497394694059,0 9.46683702889065,51.19977165103239,0 9.47373104984098,51.1844293011459,0 9.473010207658261,51.1729514023201,0 9.481568264320231,51.1583595543215,0 9.47598023000409,51.14944962648929,0 9.473435507068791,51.13195724857029,0 9.47470375446923,51.12735575039649,0 9.48198300591871,51.1217259488631,0 9.48468499914763,51.1173069490776,0 9.48290499814151,51.1084979462771,0 9.48512600066282,51.1014049494252,0 9.483116995262829,51.0959269502188,0 9.484219964997489,51.0880355089627,0 9.485551828612101,51.0813868135015,0 9.49448720185377,51.06097530592151,0 9.497136495134461,51.0480985180086,0 9.484843124200109,51.0322416364042,0 9.484740965948459,51.0284570274977,0 9.48926927880807,51.022062435168,0 9.48879064806966,51.01163581411669,0 9.48636767611325,51.00757546376389,0 9.47670779473982,51.0007019932409,0 9.47429787042368,50.9969814779712,0 9.47166104259029,50.9876952328273,0 9.47150799501253,50.9806829452374,0 9.473386121376301,50.9753582605368,0 9.47864599286336,50.9708839488979,0 9.48050700328359,50.96469594475949,0 9.487210993918239,50.9600339504367,0 9.50019999958325,50.9567239475222,0 9.52134300432949,50.9453839450325,0 9.53789099646503,50.94284594567971,0 9.541395776631131,50.9394655377019,0 9.54598099319003,50.925925950795,0 9.582703655019269,50.9081876360539,0 9.58586874987213,50.90460599514179,0 9.58547505396041,50.90164441067041,0 9.579164112432981,50.8936230583582,0 9.58016263902749,50.88962369546309,0 9.58461971823621,50.88706765755951,0 9.59574978156544,50.885360044301,0 9.600727512330559,50.8796133265164,0 9.6002818929448,50.87539871986319,0 9.59112669911978,50.8645689224851,0 9.584882198202751,50.8470044036175,0 9.57063418378663,50.82269821380629,0 9.562261669092599,50.8184585251817,0 9.55083775539185,50.8179421493572,0 9.538326846632961,50.80995216839799,0 9.535491648301919,50.8057233838231,0 9.53544526736612,50.8016655669637,0 9.545679019123449,50.7960958755123,0 9.54961469389907,50.78832219639249,0 9.552937725893671,50.7851147273923,0 9.565725037892889,50.7825288298635,0 9.58497293118503,50.776013323082,0 9.587552995344661,50.7735279433391,0 9.58939199324112,50.7670789480655,0 9.592662002023051,50.7637989498148,0 9.61707100639495,50.7553979511051,0 9.63465299948732,50.7448819464171,0 9.64268999711004,50.7366919499644,0 9.652782994290749,50.7184869460412,0 9.67257399768015,50.7070539505689,0 9.678935005395401,50.70118094688111,0 9.68226399729215,50.6950989437764,0 9.6833649951139,50.6876119498514,0 9.68229600002984,50.6820449454849,0 9.676824003592429,50.6691269440069,0 9.677162994577801,50.6598159478453,0 9.68281257349012,50.646161805724,0 9.682142382754661,50.6410203745958,0 9.675913862333839,50.62833976161291,0 9.68229316014723,50.61448945894149,0 9.680332549572549,50.6045132249117,0 9.6809498602024,50.6001784741695,0 9.68795907645808,50.5927944825432,0 9.70772479535427,50.58233114803001,0 9.7244216807879,50.56855119012899,0 9.72894593162999,50.5616461341138,0 9.731228779781871,50.5542688523243,0 9.73019599567033,50.5386169507968,0 9.739525993280751,50.5224579484754,0 9.74056700431456,50.51776194564831,0 9.74022100083184,50.5126469493319,0 9.73498099778678,50.50290994724931,0 9.715319994093649,50.4876419475656,0 9.71133099498693,50.4792459495906,0 9.71346699525564,50.4717769503338,0 9.722637993908339,50.4603119471417,0 9.740291002782699,50.4455879509745,0 9.744414996188709,50.43800195126579,0 9.74343300325104,50.43090294426871,0 9.734361002066979,50.4162039474671,0 9.731106997482261,50.4046889430977,0 9.73429500030961,50.3842489479871,0 9.732464994310311,50.3677099509628,0 9.735717997594969,50.3579659514698,0 9.742894924655079,50.350922277071,0 9.763927702698901,50.3422697381232,0 9.76902099651265,50.33932581471349,0 9.78024294732487,50.3286673784219,0 9.79020363955963,50.3242137942767,0 9.80181603181355,50.32265366021999,0 9.820106185789889,50.32352250517441,0 9.837094027340401,50.3195525759332,0 9.845713587668939,50.3148201989645,0 9.847933011975559,50.3111920548826,0 9.849366949725169,50.2960370554504,0 9.852465597563,50.2899173383363,0 9.861297713507581,50.2818093536088,0 9.873755603086771,50.27678156284249,0 9.880522869397121,50.2687161899873,0 9.881723594270291,50.2585406343922,0 9.873805672784449,50.2454384744096,0 9.87625313422844,50.23850376198731,0 9.906845609063151,50.2179964352446,0 9.93015350302705,50.20759003282801,0 9.93554943545918,50.2031699815281,0 9.944810998254709,50.1888079511697,0 9.958174997576251,50.1776529477148,0 9.96334799745568,50.1692449484222,0 9.96373899862277,50.1619639487133,0 9.96132199974338,50.1539259462631,0 9.951550998679901,50.1467939486128,0 9.949318996329581,50.1433869494336,0 9.949986993066039,50.1394559427408,0 9.95854700534689,50.1241579470196,0 9.95742300346024,50.1142759431121,0 9.959142000587409,50.1095059446635,0 9.977899005183859,50.0986119449812,0 9.98852999870221,50.0835199449395,0 10.035304994089,50.0708939487072,0 10.0458049958694,50.0653029474675,0 10.0546809990455,50.05247095126019,0 10.0682720032262,50.03743394914011,0 10.0701729939371,50.0281219484631,0 10.0669149995971,50.0155189468147,0 10.0693269946665,50.0115409501666,0 10.0764219932096,50.0059199453481,0 10.0784158898661,50.00152213025069,0 10.0771358001097,49.9965858360723,0 10.0731539685108,49.99293901594109,0 10.0490610550514,49.9843465913202,0 10.0427808167856,49.9806355918053,0 10.0372096123127,49.9754996241355,0 10.0335651483708,49.96955049724781,0 10.0299584842585,49.956284873312,0 10.0267366757458,49.9509651129377,0 10.0214065330986,49.9462728467407,0 10.006770790411,49.9383512542141,0 9.99985334974475,49.93095699568159,0 9.996866372646201,49.92071909941131,0 10.0009420005464,49.9013789442515,0 10.0009879953466,49.8942719463358,0 9.99306900296293,49.876883944295,0 9.992164993023829,49.86620094351219,0 9.99409500537573,49.8603179487398,0 9.99897099869283,49.85337494400509,0 10.0039049935145,49.8496669454069,0 10.0279090017187,49.83926894295421,0 10.0394619978343,49.83048094656209,0 10.0428960030864,49.824186944296,0 10.0442270012068,49.8082769436914,0 10.0521429953133,49.7978539486379,0 10.0637289997898,49.79137594429909,0 10.0824330043495,49.78617694427211,0 10.086768005669,49.7835829455395,0 10.0998899979476,49.7692679481528,0 10.1051399944375,49.7600689438856,0 10.1074020011875,49.74858094737399,0 10.1023890056169,49.7218739462895,0 10.1027101491316,49.7142881947829,0 10.1043929896328,49.7075430064056,0 10.1102293547122,49.6960834985894,0 10.1235927873248,49.67928113066269,0 10.1322469943918,49.65874295122281,0 10.1374310012762,49.65389794359581,0 10.1452069959236,49.6501809512749,0 10.1666620825261,49.6427121935005,0 10.1724075155747,49.6383198163816,0 10.1753964158519,49.6337692708561,0 10.1761569941229,49.6268459443076,0 10.171983083002,49.6143563844585,0 10.1746646024659,49.5981169232589,0 10.1715153093808,49.5812255488086,0 10.1723258846353,49.570255819755,0 10.1636189934639,49.55538794414121,0 10.1638484740703,49.5478689629346,0 10.1698129991363,49.54009194380869,0 10.1905029923807,49.5283019456312,0 10.1953889979746,49.5199809459232,0 10.1977420047474,49.5004529488046,0 10.2019929935502,49.49237195127341,0 10.2077879979063,49.4874269448691,0 10.2259870002475,49.4772669467093,0 10.236456993211,49.4624029500898,0 10.2546760008568,49.4426009439334,0 10.2586689940335,49.4356919522709,0 10.2588669972721,49.4270889481277,0 10.2477370031922,49.415248949218,0 10.2448670044668,49.4020129433042,0 10.2414669923799,49.3952639436786,0 10.2361309954525,49.39052194935099,0 10.2209669988682,49.38321394613369,0 10.2147139966471,49.376214945771,0 10.2131340048535,49.3659579516717,0 10.2218710002146,49.3507779465798,0 10.2223329966919,49.3440399477528,0 10.2187869964852,49.3363379441054,0 10.2068870045587,49.324611950241,0 10.2051139981375,49.3153769447633,0 10.2137839981989,49.2975079439076,0 10.232378000517,49.2784669509625,0 10.235262993442,49.2745039502889,0 10.2362880050619,49.2684179470412,0 10.2326580042681,49.2608379451307,0 10.2161009996289,49.2420419483684,0 10.2132089938104,49.23694395008841,0 10.2128670013497,49.2285039438657,0 10.215401999363,49.2238929444221,0 10.2270109980999,49.2129479464007,0 10.2337910001496,49.202924951175,0 10.238265002668,49.18422794606321,0 10.2418479943876,49.1782479492339,0 10.2591539965744,49.1644269503105,0 10.2649289948282,49.1563069451903,0 10.2654780048619,49.1483809504893,0 10.2604630741005,49.1356425774315,0 10.2601500040003,49.129517949376,0 10.2580269951063,49.12646595201449,0 10.2522900036714,49.1233979519081,0 10.2371440001017,49.1197709439233,0 10.229113004698,49.11035295210921,0 10.2148896114143,49.10189297952179,0 10.2045349919546,49.0805989460847,0 10.1804409981789,49.0603769470836,0 10.1775719957559,49.0552819493432,0 10.1783869931722,49.0468769478756,0 10.1940187988447,49.02799835623231,0 10.1965597957374,49.0218734225597,0 10.1969199036202,49.0151073826706,0 10.1935449994142,49.00054594548539,0 10.1951179964795,48.98587594773421,0 10.1853809976877,48.9665289473149,0 10.1848289932413,48.9597089512357,0 10.1935359950179,48.9369879470663,0 10.1946509966035,48.9267489441071,0 10.193522002846,48.91886594967719,0 10.1873029985014,48.90700494978869,0 10.1693370045594,48.8919479520081,0 10.1651229935733,48.8848859508963,0 10.1650322477682,48.8793667203721,0 10.1698205258584,48.8716474211648,0 10.1789461155311,48.8666784775728,0 10.1897239920387,48.863679944846,0 10.1957659970005,48.8595129497423,0 10.1976919978371,48.8556699466278,0 10.1972949953862,48.8461049518099,0 10.1991470050898,48.8409559504325,0 10.2124419962989,48.8297159508702,0 10.2155250044039,48.8253619448275,0 10.2162730019465,48.8186569509936,0 10.2106589994914,48.8063189475211,0 10.2096363675547,48.7990145326462,0 10.2120595840026,48.7839336521173,0 10.2113957643291,48.7746115466688,0 10.2079532544359,48.76580105353749,0 10.1986407524948,48.7511867279506,0 10.1963320337189,48.7413650257339,0 10.1993527822088,48.7303379128176,0 10.2140000189862,48.7067054701124,0 10.2143269642496,48.6898763084891,0 10.2168094026497,48.680325504564,0 10.2309577480403,48.6641525092881,0 10.2327741909285,48.6585656532074,0 10.2300635901956,48.65318796684079,0 10.2174659565046,48.64424614048,0 10.2162736829289,48.6389661362952,0 10.2201280961528,48.6306564624728,0 10.2198580891767,48.6253732756807,0 10.2171267484125,48.6210307054553,0 10.1960163432692,48.6037563701061,0 10.1808773925183,48.5869526198581,0 10.1707865893336,48.5799313391917,0 10.1071203628788,48.5487789070012,0 10.0988517223156,48.5430717399887,0 10.0913757574957,48.5360813850489,0 10.0837495842768,48.5247730688393,0 10.0809732787264,48.5151272378296,0 10.0823315217753,48.5037884093158,0 10.0881336269365,48.493363269646,0 10.1123579547334,48.4712804588094,0 10.1156417779214,48.46492123382531,0 10.1171523511671,48.4558674479792,0 10.1151862025972,48.446915568996,0 10.1107489393877,48.4395651858689,0 10.097838747761,48.42553322331599,0 10.0951536209352,48.4198701881817,0 10.0925934531885,48.4035989272891,0 10.0863868651761,48.388865780062,0 10.081472245,48.3618091858014,0 10.0904555950713,48.3191520516792,0 10.0938128032111,48.3134475501515,0 10.1117454106899,48.2957463029226,0 10.1140889264305,48.2907333016727,0 10.1134863679051,48.27638731953489,0 10.1148960851325,48.26531343533599,0 10.1137903276361,48.2527985692122,0 10.1237401129066,48.23283422109629,0 10.1253022432834,48.22633676903919,0 10.1225264410776,48.1989141051578,0 10.1319243564205,48.1660660520863,0 10.1283824382693,48.1571473926194,0 10.1123169930185,48.1395319521895,0 10.1099330639016,48.1298318446247,0 10.114391202308,48.11788841463431,0 10.1261973895648,48.1073352094748,0 10.1324990014014,48.0989389505832,0 10.1364819925849,48.0849489505664,0 10.1387383318364,48.0585843988135,0 10.1319949960713,48.03703394668499,0 10.1314389939843,48.02693295041121,0 10.1326910038822,48.0215609461079,0 10.1497599793878,48.0000170091829,0 10.1508226140417,47.98589734224049,0 10.1550898296492,47.9789685329326,0 10.1828975903215,47.9634950733731,0 10.1925020034473,47.9536164071606,0 10.2033576212443,47.934670127468,0 10.2137961843878,47.9251905442815,0 10.232370498845,47.9137072667343,0 10.2404404552187,47.90586276116549,0 10.2444238969446,47.89750391927301,0 10.2475651969857,47.8780176814443,0 10.2517474354459,47.8729602091421,0 10.271703996547,47.86415394494049,0 10.2778429919457,47.8588949460225,0 10.2874760276564,47.8294351628024,0 10.2940489554159,47.8190488294275,0 10.3198783433617,47.7953444721697,0 10.3250581440063,47.78837847621611,0 10.3270626843862,47.7801166975394,0 10.3251561401159,47.7674053492325,0 10.3297883144392,47.7545142807014,0 10.3416052233619,47.73982506620509,0 10.3590728525685,47.7221233963558,0 10.3624279947987,47.7118719494289,0 10.3664159934122,47.7053459484317,0 10.3658790006175,47.6947759533038,0 10.3676309953045,47.6875949491802,0 10.3735678804919,47.6788864644257,0 10.379447964137,47.6753240821784,0 10.3867488458816,47.67450794717279,0 10.4035767730399,47.6762409117455,0 10.4111207081927,47.6722043827317,0 10.4190544038345,47.66229909604459,0 10.4295436097428,47.6565664484757,0 10.4406787158967,47.6542297418287,0 10.4652057915167,47.6534318424349,0 10.5030644878244,47.6412827229818,0 10.5434960006415,47.641538948551,0 10.5536182105264,47.6400775164088,0 10.5617099634978,47.63730132303169,0 10.5739943387683,47.6302909107383,0 10.5808563783942,47.6285283821951,0 10.5996692368562,47.6295489565898,0 10.6179529967539,47.62581166731259,0 10.6484892447637,47.62707099432441,0 10.6562316024713,47.6252568270834,0 10.6599600861151,47.6222666573217,0 10.6614380342053,47.61848556959669,0 10.6554029928625,47.6059156101201,0 10.6563022571514,47.5927290577304,0 10.6620587607643,47.5810737501082,0 10.6567194032361,47.55925480059259,0 
			</coordinates>
		</LineString>
	</Placemark>
	<Placemark id="Autobahn.48">
		<name>b28deb7f-A73</name>
		<LineString>
			<coordinates>
				10.6453558694264,50.6088192537408,0 10.6433679397929,50.5990115792405,0 10.6456439969672,50.5953896125586,0 10.654672043617,50.5896056302325,0 10.6709762010986,50.58610727552791,0 10.6865087130527,50.58788689314421,0 10.7030572537236,50.584229896908,0 10.7247281011497,50.57499247635339,0 10.729325585071,50.5709362726449,0 10.7313488747527,50.5542247083157,0 10.7384181373782,50.5442532738149,0 10.7445784130009,50.53025910048459,0 10.7528659004606,50.523252697058,0 10.7700542822879,50.5158510786075,0 10.7828639672836,50.5035066614469,0 10.8129036102437,50.487843642218,0 10.8286860797055,50.47078689247329,0 10.8724938967849,50.44715247553381,0 10.8792866758832,50.4412789811381,0 10.8838081918336,50.4353810513394,0 10.8918102725215,50.4186983414514,0 10.90470683915,50.4051699230733,0 10.9144388220701,50.3981100576792,0 10.9168336537193,50.3941993221633,0 10.9152578891931,50.3811142949939,0 10.9216194717123,50.3690128393008,0 10.9184088234003,50.3549888822456,0 10.9202316997599,50.3490244103115,0 10.9339072410784,50.33804098948381,0 10.9427873630758,50.3261058015058,0 10.9599580280792,50.31493161426191,0 10.96260063054,50.3094479986055,0 10.9630019936403,50.29841032476,0 10.9653781641726,50.2944357273851,0 10.972201782428,50.2913223240141,0 10.9799801781104,50.2913520288711,0 10.9949535231656,50.29563171101189,0 11.0024122652173,50.2957126438762,0 11.0082062485419,50.2929382074559,0 11.0161429015279,50.2773696900742,0 11.017465105878,50.2643089090364,0 11.0194054302223,50.2602345290591,0 11.0267294649604,50.2535883748341,0 11.0425398891265,50.2448549323441,0 11.0482158225272,50.2388682236779,0 11.0505534785633,50.2314075898154,0 11.0496286822271,50.222140764147,0 11.0433604026025,50.2041957158262,0 11.0300864476485,50.1927567218773,0 11.0256643116764,50.1824315806612,0 11.0083476291899,50.1720260727258,0 11.0073201294497,50.1672650055554,0 11.0104392142688,50.16258156966899,0 11.0268472613829,50.1514480538232,0 11.0313937443816,50.1465279364625,0 11.0341179869289,50.1405664008037,0 11.0346313415682,50.1301490148367,0 11.0209347572002,50.1190374892846,0 11.0043927033571,50.0929279100196,0 10.9977321712061,50.0786327720828,0 10.993277912607,50.0732579230234,0 10.9869365122045,50.068994170002,0 10.9722368185986,50.06334762325919,0 10.9665320048897,50.0590297562629,0 10.959123594829,50.0472462035951,0 10.9577961166916,50.0371557315063,0 10.9504357295553,50.0291922018141,0 10.9491100021798,50.0185502854388,0 10.946975360198,50.0154701991446,0 10.933927502721,50.00769637949641,0 10.9159743960542,50.0021910558271,0 10.9059127751743,49.99061493859309,0 10.8807439790115,49.9766531718046,0 10.8766368484788,49.9699449949752,0 10.8775412170535,49.967030750973,0 10.886011997761,49.9576369508313,0 10.9027256884201,49.9456694646566,0 10.9168544985306,49.9288016475901,0 10.9388079975601,49.91282395097091,0 10.9453719981961,49.904220945208,0 10.9489419997373,49.89380594643141,0 10.9477192974569,49.8761278716208,0 10.9501419910844,49.87045374505771,0 10.9576225953447,49.8653111490006,0 10.9870279953453,49.851150944394,0 10.9986400020067,49.8433749479876,0 11.0050549939208,49.83523495037739,0 11.0145900033619,49.8071489518075,0 11.0192209911658,49.8008489510764,0 11.0380974749049,49.78395312137199,0 11.0479270019234,49.76867525344911,0 11.059338956356,49.75554413512529,0 11.0599847248133,49.7490547696351,0 11.0538854025917,49.7369048706541,0 11.0541070832442,49.7280827856663,0 11.0513939923792,49.7181989504877,0 11.0540549945751,49.7114619469215,0 11.0611014573896,49.70106058142661,0 11.0621239963459,49.696143943751,0 11.0597799938658,49.69035694516529,0 11.0329910016446,49.6530849518235,0 11.0234340001031,49.64801494398101,0 11.0112319968024,49.6369419465178,0 11.0076219911603,49.6263329517007,0 11.0021129963418,49.6196879482019,0 10.9985539987883,49.6108819467529,0 10.9980800977105,49.5947086767195,0 10.996047531056,49.59104043199471,0 10.9897873076678,49.5867038163704,0 10.9882830005095,49.5820969454228,0 10.9919131591687,49.5598078419571,0 10.9919878728084,49.5176429119139,0 10.9931569220714,49.511460743417,0 11.0049140040169,49.4817389478951,0 11.0155780010695,49.47177294551921,0 11.0157193073603,49.4669370699912,0 
			</coordinates>
		</LineString>
	</Placemark>
	<Placemark id="Autobahn.49">
		<name>1bf4df71-A73</name>
		<LineString>
			<coordinates>
				11.0722311013174,49.4048157084633,0 11.0766459919869,49.3978479490519,0 11.0802889936094,49.3958249447922,0 11.1123360015633,49.3937219507123,0 11.1420579974839,49.3750039496876,0 11.1762799953187,49.3676139503992,0 11.1911809975017,49.3664309480762,0 11.1971029977886,49.3638589503225,0 11.2001760017867,49.3600279469552,0 11.2006379921021,49.3519299467722,0 11.2035669921191,49.3493539451102,0 
			</coordinates>
		</LineString>
	</Placemark>
	<Placemark id="Autobahn.50">
		<name>b5353a54-A8</name>
		<LineString>
			<coordinates>
				6.3679445065429,49.4793063486056,0 6.37646330142069,49.4859316458494,0 6.38770680373755,49.4884310435623,0 6.39544409968367,49.4936188448417,0 6.399957202005271,49.4945722472939,0 6.40481930798508,49.4936040462478,0 6.41528350475665,49.4871186460355,0 6.421261099661459,49.4812392475911,0 6.44135920812605,49.4693724513122,0 6.449470596951621,49.4671031519516,0 6.46657240709984,49.46603304930431,0 6.486187800284609,49.45325585166821,0 6.50748020225505,49.4495293474484,0 6.5269510056834,49.4530789511384,0 6.53919800578155,49.4515019495848,0 6.5510350019901,49.45358094471271,0 6.56494000402075,49.45314594608099,0 6.57809500909127,49.4578269508877,0 6.59544000026429,49.4600949461829,0 6.60597600045253,49.4579619451592,0 6.62112199625041,49.44755696922861,0 6.62472869625679,49.44221488833939,0 6.6261092274381,49.4353905664737,0 6.63152650800638,49.4250074296595,0 6.641498827824389,49.4114093390355,0 6.655119610714819,49.40389816332001,0 6.67029355826404,49.3886503295721,0 6.69059299795611,49.3823769477636,0 6.69498530608249,49.37969230362449,0 6.6965209322151,49.37562887904609,0 6.69457887886397,49.36451161940211,0 6.695325671706411,49.3601579437037,0 6.70088376982304,49.3534415906208,0 6.70265935218708,49.34499948941589,0 6.72630200102173,49.33319794661761,0 6.73466299749119,49.33933694689261,0 6.740345005340589,49.3414739457194,0 6.760065547334801,49.3411777274232,0 6.77608500523334,49.3457559434394,0 6.782568996595439,49.3459899462561,0 6.800207005213901,49.3406329481002,0 6.80669500913496,49.33241794420551,0 6.81227699660255,49.32960994493,0 6.83339600234121,49.3280659472359,0 6.84789870309521,49.321172932883,0 6.860535973959591,49.31891435511019,0 6.86808846685947,49.3199184737534,0 6.88008295448115,49.3245996966473,0 6.913803122982141,49.346309394141,0 6.92237840975224,49.3486309559585,0 6.96139023962602,49.34955254599291,0 6.97940620359608,49.3530646001252,0 6.99679695323891,49.3508625400827,0 7.01131200639033,49.354860951479,0 7.01932100073428,49.35475995046231,0 7.03051299891919,49.3498099434473,0 7.04237599681634,49.3476089468073,0 7.05494600584287,49.33888195114871,0 7.06597599630462,49.3352249454959,0 7.069767996397579,49.3327099458269,0 7.07961975418186,49.3207288084154,0 7.086999026848711,49.3153024087016,0 7.09290226193778,49.31383208078031,0 7.126900001439149,49.3236499436399,0 7.14402800733222,49.320941947355,0 7.1919059175983,49.329344184897,0 7.22627872869987,49.32713139946079,0 7.23101926030729,49.3255324850623,0 7.24349399907852,49.3134509478427,0 7.29939630982042,49.29677643856831,0 7.31095570189171,49.2907385104081,0 7.313717243471961,49.2848307778929,0 7.30993870011863,49.2718634069103,0 7.31066224225331,49.26715946004191,0 7.31365335612717,49.26447621457811,0 7.32715399720202,49.2588959459678,0 7.33437165314085,49.2529854351187,0 7.35872600628048,49.2445729437763,0 7.36037332213481,49.2398168668912,0 7.35937406942624,49.2298334451269,0 7.36342152612171,49.22699720396119,0 7.37284631691372,49.2279195797273,0 7.38439415112529,49.2358123142434,0 7.39102822810453,49.2369707444778,0 7.39808601319262,49.23605839445,0 7.4106373104091,49.2312176195853,0 7.430544348383541,49.2288034583155,0 7.44147490352674,49.22093743771561,0 7.44748264637466,49.2184472816413,0 7.48382537732625,49.21960688178569,0 7.49878410737116,49.2145949431179,0 7.507664455992189,49.21337093629541,0 7.52121232685212,49.214527275592,0 7.53752100437049,49.21926794535651,0 7.546089209284661,49.2201352318463,0 7.54914599547381,49.2223009475787,0 7.55102361561288,49.2263048406105,0 
			</coordinates>
		</LineString>
	</Placemark>
	<Placemark id="Autobahn.51">
		<name>9c3556dd-A8</name>
		<LineString>
			<coordinates>
				8.43490655843096,48.9720586425875,0 8.45950399710177,48.9700779500944,0 8.478925996038701,48.958474948787,0 8.48809790068759,48.94965714721291,0 8.494755494657641,48.94563655210109,0 8.52022994423214,48.9376052727781,0 8.53795459784161,48.9381547705314,0 8.55103810968537,48.9340266507942,0 8.567611524505089,48.9342688962115,0 8.59095867717609,48.9254952130481,0 8.60125672772762,48.9240965404228,0 8.613007397972259,48.918414088342,0 8.61923430759682,48.9130553402609,0 8.63192924688417,48.9095022896086,0 8.6748408395017,48.9078682643567,0 8.69079329200229,48.909193496024,0 8.73244200274581,48.9194379515385,0 8.743184005013861,48.9238669515827,0 8.74812800244475,48.9244049508722,0 8.754590003594529,48.9226069488043,0 8.78472391660752,48.8959636982795,0 8.787510137841499,48.8878345086781,0 8.790031318255769,48.870567253814,0 8.798787847538559,48.8541322641735,0 8.80411584146422,48.8489628844664,0 8.82513680460225,48.84105936025879,0 8.84803480130959,48.83791015547409,0 8.86918099914825,48.8289269483448,0 8.90511800876136,48.8194340712865,0 8.93884024170938,48.8017090349311,0 8.98096813653628,48.7879264021667,0 9.014435302772659,48.7803731480364,0 9.024357998794541,48.7754429488391,0 9.028276004881249,48.7716119472554,0 9.03221600622904,48.76352694465529,0 9.034714996429891,48.74382294826349,0 9.037854993853029,48.7383869494368,0 9.053422994087731,48.7296269498173,0 9.067870995115889,48.7262149458224,0 9.085558997609681,48.71608394827611,0 9.11964087649447,48.70840241567,0 9.139576530355759,48.70955086578289,0 9.16685399851146,48.7059829483947,0 9.201117487211031,48.6933517126582,0 9.21995017626895,48.69325054734109,0 9.24792519479292,48.6975822238238,0 9.30911300319501,48.69111294585839,0 9.371062002445379,48.6640879439443,0 9.38400999556162,48.65622294752431,0 9.413531994321589,48.6495429484931,0 9.44382752235933,48.6343946781889,0 9.455754997877129,48.63107594627589,0 9.51504497864077,48.6282361097009,0 9.550003549525419,48.6331988356268,0 9.563044911819761,48.63220504209389,0 9.577794284488061,48.6272951491494,0 9.588407728035399,48.6193916147626,0 9.603350177875001,48.6148594445354,0 9.618154307463421,48.6131722278492,0 9.62949601720412,48.6084729954256,0 9.64066883140843,48.6019071869928,0 9.65327983091508,48.5874346604007,0 9.66506126701867,48.5823528643752,0 9.66679516301387,48.5791501818779,0 9.665463481455861,48.5738008919407,0 9.653444959419289,48.5612305515961,0 9.648792150886321,48.55238431645981,0 9.64837822650045,48.5415732129358,0 9.651324583555651,48.53658814872841,0 9.65675037426891,48.5339190347932,0 9.678976153048909,48.5310926981898,0 9.699008882492929,48.530508678172,0 9.722516092708711,48.52675039209809,0 9.749547192628491,48.5191842743292,0 9.77905905701555,48.5179565244495,0 9.803163691722609,48.5202217147226,0 9.8116292148776,48.5190329204931,0 9.83306967063119,48.5117925867871,0 9.83768143540961,48.50821629573601,0 9.84423320121498,48.4970053738695,0 9.855357778795881,48.4881063682565,0 9.87789232457963,48.4778932996202,0 9.925019474854951,48.4626435459742,0 9.949099241175469,48.45662522883089,0 10.0149011219689,48.4575121782207,0 10.0536767413013,48.4530771135414,0 10.06798787276,48.454672102127,0 10.1022777357724,48.4646667585588,0 10.1212969678108,48.4644385779435,0 10.1871077892429,48.4575945350915,0 10.1948137726111,48.4554362732946,0 10.2015412179805,48.45156835340859,0 10.2197198622055,48.4331103106972,0 10.2299797060254,48.429167214723,0 10.2823570981697,48.43013013120089,0 10.3088971366828,48.436000994667,0 10.3263925412012,48.43635592054451,0 10.3460537977454,48.4326119072494,0 10.3673451501243,48.4313337712426,0 10.3767648583103,48.42880543359541,0 10.4091086583534,48.4136516445998,0 10.4173866258511,48.4124239981245,0 10.4627315764513,48.41317146487489,0 10.5041052413448,48.4087298031588,0 10.526243137468,48.40387923199409,0 
			</coordinates>
		</LineString>
	</Placemark>
	<Placemark id="Autobahn.52">
		<name>d14b6782-A8</name>
		<LineString>
			<coordinates>
				10.526243137468,48.40387923199409,0 10.5447951326812,48.39981435733171,0 10.5817018112039,48.40855574147311,0 10.6372496013471,48.409773103072,0 10.6591132573249,48.4131180205172,0 10.6801168708654,48.4198258779729,0 10.7332431312917,48.41672321833509,0 10.7984138513972,48.4200031546326,0 10.8947589930333,48.4138789442363,0 10.9701759688386,48.4017403819051,0 11.0138760092285,48.39957707046749,0 11.0315426590143,48.3959843635912,0 11.0608804782732,48.3952945097525,0 11.0665883198674,48.3932418431668,0 11.1017556819826,48.3707113573508,0 11.123576298419,48.3628054128903,0 11.1398257516386,48.3477232316673,0 11.1560339071291,48.3396659692514,0 11.1687089180493,48.3287533404605,0 11.1934626103312,48.31668217911,0 11.2172773427846,48.30100179469561,0 11.2532221204199,48.2881504571287,0 11.2838746437856,48.273656432833,0 11.3035213840382,48.2559742342332,0 11.3485098448032,48.23328149785301,0 11.3937168949204,48.206554747134,0 11.4536840004963,48.1668079490611,0 
			</coordinates>
		</LineString>
	</Placemark>
	<Placemark id="Autobahn.53">
		<name>8b95a01c-A8</name>
		<LineString>
			<coordinates>
				11.6148140273032,48.11178711401119,0 11.6136025177335,48.0999179239278,0 11.6176112178967,48.0840433186068,0 11.6207689161726,48.07845234284039,0 11.6440500040008,48.0537149524894,0 11.6621306380106,48.01837683233211,0 11.6798470445787,47.9922605515365,0 11.6906103057405,47.9583272482882,0 11.7088168260311,47.9297115460288,0 11.7207204950125,47.9004454752876,0 11.726474002007,47.8939319466126,0 11.7955957009011,47.8655301598286,0 11.8211970250583,47.8654462427531,0 11.8462123233215,47.8612097872587,0 11.8591915210917,47.8553928265903,0 11.8649180314464,47.84995777079099,0 11.8727150917767,47.8387260658283,0 11.8904059986157,47.82895773195389,0 11.8963991786484,47.8279380854218,0 11.9089048140029,47.8304097576837,0 11.9292122989947,47.8220345202984,0 11.934702253768,47.82243999799051,0 11.9425145115297,47.8262987407449,0 11.9481587084837,47.8271770767987,0 11.9588920006686,47.8257989488742,0 11.9709646254912,47.8217838799082,0 12.0143630327255,47.8203138360998,0 12.0968349963269,47.8098699448886,0 12.1866689998522,47.8019809522061,0 12.1983409948086,47.7966239476479,0 12.2062000000023,47.7961409463812,0 12.2502980003839,47.7980809502332,0 12.2762269984868,47.80380295219081,0 12.313145994829,47.8020839448642,0 12.374790993207,47.81854894608739,0 12.3793409918714,47.8214219501564,0 12.3886159914538,47.83201395252431,0 12.3943369942107,47.8339819489934,0 12.436785992413,47.8338459511158,0 12.4525870007128,47.8373469498997,0 12.4798489923384,47.8388639472679,0 12.5232569922539,47.8300349521155,0 12.5614889939075,47.8262369470912,0 12.5840109993609,47.8283759490627,0 12.6201520029951,47.82768094986071,0 12.6343729983286,47.8291469465149,0 12.6544099926968,47.82526694735179,0 12.6770449991075,47.8242849487641,0 12.6995489957694,47.82891095157299,0 12.7231220016647,47.829187952065,0 12.7358569965216,47.8310509497106,0 12.7421639975224,47.8308209488984,0 12.7555189992362,47.8263589488603,0 12.7813790011875,47.8266339453166,0 12.7970420028201,47.8290619483124,0 12.812594003557,47.8283839444258,0 12.8208959989721,47.8251239463209,0 12.8353449997514,47.8115879493158,0 12.863506999408,47.7939749512976,0 12.876744000635,47.7814889474513,0 12.8957879997251,47.7692379519316,0 12.9100309946355,47.76593995281189,0 12.9734420204944,47.77029357562331,0 12.9783745131508,47.7738904525338,0 12.981064159675,47.77982586329319,0 12.9812193373294,47.7867284885242,0 12.9853744113675,47.7947480840299,0 12.9988731754161,47.8127411121017,0 13.0057169512797,47.81928453559819,0 
			</coordinates>
		</LineString>
	</Placemark>
	<Placemark id="Autobahn.54">
		<name>9d3c40a9-A81</name>
		<LineString>
			<coordinates>
				8.74424534422338,47.7377360098827,0 8.74797578790597,47.7435109348342,0 8.75445908218073,47.7467006812836,0 8.771396996883951,47.7529559532401,0 8.785485003736399,47.7553919452239,0 8.812089688270669,47.7695473368124,0 8.81700769609648,47.7744705908965,0 8.82170299427432,47.7851339448776,0 8.829531998281761,47.79333194709349,0 8.834859006114741,47.7966479492285,0 8.84593699938535,47.7998439529506,0 8.857284994043431,47.8066589506198,0 8.850630474758489,47.81451249302571,0 8.824368994811531,47.8309909470001,0 8.808717005019661,47.8477219492476,0 8.78818000146372,47.8608519511558,0 8.779357002328091,47.8689569520097,0 8.775870004752139,47.875063946605,0 8.774782001436369,47.8853919467809,0 8.769323006542621,47.8902729535872,0 8.75831299401912,47.89233094893569,0 8.738386005343781,47.8877189450644,0 8.724109003821169,47.8917509470885,0 8.70997199676083,47.8932389514515,0 8.70437300228795,47.8963749477656,0 8.69610399381574,47.9060849464643,0 8.68273799761929,47.9126339531076,0 8.672247470959681,47.9214249728642,0 8.66112272861721,47.9250395967318,0 8.638393060433859,47.9285764657617,0 8.62921021136091,47.9329435699271,0 8.6232476420306,47.93817784577011,0 8.618823820006661,47.9482678876169,0 8.621164240315331,47.96356984998291,0 8.62013517775649,47.9713371046901,0 8.60835907005371,47.99056397318721,0 8.60563545794248,47.998074943813,0 8.605094420973209,48.0066804598588,0 8.610426003794389,48.020811948942,0 8.62232166575102,48.0384009492281,0 8.623978025180261,48.04847562052679,0 8.62251118158799,48.0538133947638,0 8.617613031542,48.0610248526885,0 8.603824871041949,48.0724788682786,0 8.59549484935965,48.0828917772786,0 8.579906553549829,48.11734675235449,0 8.57324495278011,48.1285988946167,0 8.570658030111851,48.14243483521659,0 8.572981234337821,48.1553956323984,0 8.57223697772344,48.1687251895688,0 8.57458409855532,48.177715061182,0 8.57931545304065,48.1848937046946,0 8.588269651257111,48.1925854681626,0 8.59790829862713,48.1976457056114,0 8.63213509367039,48.2099545219582,0 8.642817115303311,48.2178309564348,0 8.649157473265911,48.2261516988072,0 8.650057149068051,48.23648524439051,0 8.63844495786533,48.2672306464816,0 8.64089913157976,48.2836699542731,0 8.636023392005979,48.293153849233,0 8.63476403814632,48.29933241787941,0 8.637042044291309,48.3075618314491,0 8.646770018852759,48.3187629791343,0 8.646366781823669,48.33055757841471,0 8.647637144812061,48.3358132005477,0 8.65153938486773,48.3410310133932,0 8.67749300690485,48.35536995032371,0 8.69618800047391,48.3728689497376,0 8.716122004031231,48.379475953146,0 8.724722000552919,48.3847549494343,0 8.7293370099062,48.3938204955521,0 8.72624401676816,48.4069178512353,0 8.727242908914519,48.4128686553762,0 8.730605520108391,48.4173519988865,0 8.741138266030729,48.4249213002395,0 8.75565096281986,48.4407367000572,0 8.778944607886009,48.45934481467269,0 8.793305702007061,48.475842579094,0 8.80305263356208,48.4813468692163,0 8.824937381826251,48.4887046090957,0 8.84225608374782,48.50279740720509,0 8.855926141199919,48.5108483161674,0 8.878559865412649,48.5193033064114,0 8.884666599154089,48.52351305013409,0 8.890356224948009,48.53180344709831,0 8.89117783505197,48.5362542709745,0 8.889180429853869,48.5526801200864,0 8.89884223901417,48.56956599568921,0 8.899803591584361,48.575064099714,0 8.89562432161908,48.60196428132839,0 8.896300534157531,48.6056563373124,0 8.899269396345829,48.61018441053979,0 8.90892177325607,48.61860118191011,0 8.913037541667279,48.62569876575251,0 8.933100702412849,48.6423841874257,0 8.947165999666341,48.64931994501351,0 8.958544995965189,48.65705794495099,0 8.96148299626376,48.6609039470173,0 8.96449499436501,48.6771283483114,0 8.966636845133319,48.68020431237701,0 8.992148987610321,48.69246256516941,0 9.013026000912889,48.6949189483794,0 9.02674100504324,48.701294944297,0 9.04922200474005,48.705955951044,0 9.05248299969505,48.70875695138621,0 9.056252002377789,48.7195499476537,0 9.067870995115889,48.7262149458224,0 
			</coordinates>
		</LineString>
	</Placemark>
	<Placemark id="Autobahn.55">
		<name>a4978ecd-A81</name>
		<LineString>
			<coordinates>
				9.012145342114151,48.7812506064195,0 9.020804699407289,48.79185614577711,0 9.03784482982889,48.8035926379144,0 9.06998499426463,48.81656095100539,0 9.088232622496269,48.8325716435847,0 9.11769915536377,48.8472932457529,0 9.14576899494412,48.8856409461975,0 9.15390400287127,48.90149394401509,0 9.15447400089972,48.9146349512016,0 9.157232001306721,48.9204039502299,0 9.16502600506964,48.92614494814509,0 9.187226997949249,48.9340949484666,0 9.20075299569724,48.9482269506609,0 9.217695000605829,48.9592639526553,0 9.22857899382559,48.972293949397,0 9.23363800464834,48.9993919513678,0 9.24581456231809,49.0133342115333,0 9.255477091729899,49.0363201642152,0 9.266587753979371,49.0477627580925,0 9.268955748121609,49.0581296878521,0 9.28877186988856,49.08092754247651,0 9.293763265443051,49.0971570310429,0 9.30263369238113,49.107771804698,0 9.30309518456485,49.1136690076819,0 9.300438956679629,49.1206567801352,0 9.300284963561831,49.12581822510791,0 9.3053979969194,49.13710495223911,0 9.305626500785801,49.1430747577167,0 9.299506880733651,49.1529730434374,0 9.301262006037179,49.1628269451605,0 9.30571900484229,49.16756294620479,0 9.31156599962403,49.16977894485189,0 9.3322240019322,49.17327795203789,0 9.33666799670767,49.1762379513337,0 9.35006900340597,49.19210394965759,0 9.350708000114601,49.1953029479606,0 9.344785380273709,49.203442706601,0 9.343809967276711,49.207278249475,0 9.350805530529801,49.22407195523411,0 9.3486450757008,49.243861893049,0 9.35330936995862,49.2578579125733,0 9.351965665145491,49.2738906954281,0 9.35358065190854,49.2782658919991,0 9.35657342485403,49.2821397087429,0 9.372287398673571,49.2916282405562,0 9.383135009164789,49.3012570275697,0 9.395402592656341,49.3068183476088,0 9.409973017693069,49.3166201587224,0 9.413930905352871,49.3249757674497,0 9.406781462234351,49.34096786536761,0 9.40945554172708,49.3497438578597,0 9.42053266849438,49.3596897270994,0 9.4541019949367,49.3759235293785,0 9.46121705189719,49.38099205856,0 9.46858149899411,49.3908893904332,0 9.47299200471921,49.40826195104901,0 9.47798799479515,49.4170509474633,0 9.48365900057685,49.4224639497362,0 9.50623199860658,49.4331869437767,0 9.51213900177299,49.4379069435992,0 9.516143992973969,49.4444869485669,0 9.521016997865001,49.4489239518862,0 9.558509998346221,49.4695199517318,0 9.562929996533221,49.4745289477915,0 9.565271993567681,49.4810019490253,0 9.565173005614639,49.4886049436902,0 9.562395550969949,49.5000735609024,0 9.56395039315723,49.5073430335148,0 9.574250727255279,49.52766192991,0 9.57901525189394,49.53333676967681,0 9.585928790673259,49.5388574212892,0 9.603270081608271,49.5476973586354,0 9.6158732064838,49.5591155884688,0 9.63564207447128,49.5660452263253,0 9.644964248858679,49.57846540428459,0 9.66308946061355,49.5854238987654,0 9.68812599343585,49.6070789506992,0 9.69654000466215,49.610465951123,0 9.713602994402081,49.6120119510855,0 9.725428001704691,49.6183719506254,0 9.729101992951129,49.62406995089359,0 9.73131999950655,49.6393609514622,0 9.737427000664271,49.648628943361,0 9.745191000384731,49.655147951148,0 9.767413001387229,49.66733195172521,0 9.78481300332817,49.68565094476601,0 9.795158001734601,49.70009494483939,0 9.80398299753487,49.7077189483585,0 9.82160932751577,49.7190027647234,0 9.825308086954999,49.7257315420351,0 9.824963436104641,49.73442184416749,0 9.818042862829021,49.7446911559108,0 9.818708151741911,49.7477538215456,0 
			</coordinates>
		</LineString>
	</Placemark>
	<Placemark id="Autobahn.56">
		<name>dc424953-A93</name>
		<LineString>
			<coordinates>
				11.9616252507055,50.3834923573116,0 11.9635683958814,50.3795462731501,0 11.9720989217682,50.3741118590023,0 11.9745730313887,50.3705212615281,0 11.9743555535648,50.36683615750589,0 11.9694127542824,50.35816526742389,0 11.972117875963,50.3518388579293,0 11.9779770994454,50.3488536473435,0 12.0047442951882,50.3415847469752,0 12.0157706014188,50.33559954264729,0 12.0202494909939,50.33093254900031,0 12.0239506919293,50.3206704473038,0 12.0226653009711,50.3110938493107,0 12.0274222002252,50.29908854687779,0 12.0220170957576,50.28687014294781,0 12.0220131970705,50.2793399453213,0 12.0255713952203,50.27339014289601,0 12.0537897953802,50.254385143037,0 12.0646811006222,50.2379982440091,0 12.0673117966047,50.2289811447433,0 12.0703548007116,50.2265178450714,0 12.0837652969496,50.2179591461115,0 12.1028470697154,50.2132794617771,0 12.1076292450349,50.2106276486777,0 12.1089799067538,50.2056717733828,0 12.1012462060818,50.1975611195266,0 12.1008484259084,50.1931455207185,0 12.1047884628529,50.1894803672076,0 12.1189749329919,50.1852350308764,0 12.1212937678173,50.1832778826821,0 12.1221158022261,50.1806504271846,0 12.1197231180755,50.1771836398236,0 12.1088081786341,50.1725116079495,0 12.1063820011732,50.1588935580038,0 12.1002613580039,50.1541887746786,0 12.0865013285632,50.14766019389599,0 12.0833703289904,50.14339891774529,0 12.0842628301669,50.1399752981281,0 12.0893759530277,50.1348292829575,0 12.0935481026607,50.12470578651481,0 12.0967248051977,50.1126391059281,0 12.0944213180979,50.103112730415,0 12.0992222980477,50.09744294760169,0 12.0996012225414,50.09078977191579,0 12.1042030145958,50.0839050829932,0 12.1017970961037,50.07768588541149,0 12.1018638241469,50.0707957215014,0 12.09735251504,50.0637056137678,0 12.102861267324,50.0541322182878,0 12.1055267452095,50.0382495308277,0 12.1076096737362,50.0340052958302,0 12.1162291965676,50.0298018068473,0 12.118729950203,50.0268438291129,0 12.1184420487392,50.0226007416415,0 12.1086104832718,50.0099423237038,0 12.1088930411192,50.0071062166788,0 12.1251684044538,49.9933376622358,0 12.1312544187337,49.98238454622581,0 12.1345533285668,49.9793731475918,0 12.1417557364781,49.9776955390771,0 12.1594990895863,49.98017842480359,0 12.1693923600257,49.9782536489349,0 12.1758810178289,49.9742066022597,0 12.1946908230742,49.954597799775,0 12.2109091997684,49.94947629744281,0 12.2218453819151,49.9430863083551,0 12.2261896150293,49.9279422191943,0 12.2199993516964,49.91482229723211,0 12.2211084010346,49.9007858492234,0 12.2170574964162,49.8914241461595,0 12.2108137950158,49.8853639457687,0 12.1882960917001,49.8709045470923,0 12.1821373997198,49.86414864562721,0 12.177257723962,49.8452163161226,0 12.1660658525891,49.83004055875449,0 12.1645302734701,49.8249010660352,0 12.1653671649113,49.8217941483869,0 12.1799172408104,49.8113740318915,0 12.1823848897368,49.80514781655149,0 12.1772330008588,49.7955629431288,0 12.1526887178356,49.7702267724229,0 12.1517648926028,49.7656453671544,0 12.1538592376366,49.75532269139871,0 12.1534072105153,49.7450205574799,0 12.1569459977144,49.7303779501884,0 12.1466486979168,49.71476941429151,0 12.1380489967458,49.7055219477201,0 12.1275245664295,49.6843454196022,0 12.1273430640332,49.6792522414593,0 12.1351721866039,49.6686098544391,0 12.1420788273195,49.66346098501351,0 12.1470569772604,49.65360021144111,0 12.1478639913234,49.6341119497893,0 12.1527670761155,49.6105614927461,0 12.149796413241,49.60249197043601,0 12.1259960016332,49.5779509469163,0 12.1226225210451,49.57094600706,0 12.1224999412886,49.5578458587153,0 12.1334809959529,49.5391739458023,0 12.1390429935164,49.53352094828179,0 12.1584719981769,49.5227529490932,0 12.1843389965808,49.5018769519749,0 12.1880299948614,49.49602895049921,0 12.188847993291,49.4831849455463,0 12.194360004097,49.46776795097171,0 12.1948679964735,49.4614699493305,0 12.193981993648,49.455506945363,0 12.1881410827274,49.4433606572213,0 12.1688366126309,49.4216036624953,0 12.1608442087744,49.4002838853732,0 12.1482375244815,49.3880685420004,0 12.1525217703655,49.3697633196427,0 12.1498001971756,49.3432317673195,0 12.1543666471176,49.32321453068851,0 12.1538846437667,49.3136889096622,0 12.1510112526445,49.303610114539,0 12.1462426088652,49.2943710736162,0 12.1272500061977,49.27243236388411,0 12.1230976816138,49.2656879383139,0 12.122460756014,49.2600940965408,0 12.1312446302078,49.2448966342127,0 12.1326704465212,49.2377315707896,0 12.1309844034356,49.2282661614134,0 12.1266346014861,49.2182780002952,0 12.1153128510296,49.2034660041346,0 12.1160268487702,49.1977171385596,0 12.122809990734,49.1874509454283,0 12.1236452062553,49.1831230816008,0 12.1220933381293,49.1789517811457,0 12.1157082539122,49.1718388233589,0 12.11429434587,49.1637707243771,0 12.104847002998,49.146680948255,0 12.1090299967625,49.1294659458711,0 12.1083639937097,49.1247109472112,0 12.0929240034244,49.0990219448726,0 12.0934859949374,49.0943519512325,0 12.1009329955022,49.0806859468718,0 12.0996949947847,49.076442949501,0 12.0921370022022,49.065578945135,0 12.091916002046,49.0508159512214,0 12.0958839925385,49.0444319464284,0 12.094787991705,49.0403759527399,0 12.0869609912544,49.0361959504115,0 12.0821689946448,49.0313949490322,0 12.0719710013285,49.02712694722519,0 12.06100899585,49.010395952007,0 12.0605529992911,49.0069189445051,0 12.0633289920168,48.9977249526266,0 12.0604789989241,48.9873019436793,0 12.0647359955035,48.9768189464241,0 12.0717419965974,48.9697059445737,0 12.0841580032085,48.9673309521733,0 12.0882739962181,48.9657159439822,0 12.0921719995247,48.96175494732771,0 12.0916259972943,48.9421559470814,0 12.088268688061,48.9279305570063,0 12.0872993860743,48.91263942811801,0 12.0749229418466,48.89001307599401,0 12.0672913025159,48.88489279778751,0 12.0536413537232,48.880558971189,0 12.0466979973341,48.8751012689219,0 12.0366413159609,48.87139079165379,0 12.0291670758903,48.865820072243,0 12.0182731818937,48.86172458888671,0 12.0141772998993,48.8585535920301,0 12.0070722579559,48.8451735652483,0 12.003786995763,48.8420667858748,0 11.9866777811878,48.8372624482902,0 11.9583944767427,48.8262254374428,0 11.9523426302177,48.8221862743567,0 11.9232961297597,48.794226042326,0 11.898227238436,48.7765114721438,0 11.8871274700129,48.7715028373176,0 11.8771155255721,48.757913783348,0 11.8599308283503,48.74471080641529,0 11.8477365090426,48.7315225999438,0 11.8107872348892,48.7145067261679,0 11.7999797123843,48.7128348194757,0 11.7868676372194,48.70769600220121,0 11.7553475109487,48.69977207728,0 11.7362952327857,48.6879404286432,0 11.7339453793887,48.678492823162,0 11.7348975162281,48.6659038502784,0 11.7191989273167,48.6541790717473,0 11.711316508908,48.6382414154415,0 11.7054765742357,48.6331695836936,0 11.6996061612954,48.6202366428469,0 11.6908789064023,48.6141582797289,0 11.6664454210241,48.6093083553437,0 11.6570963198735,48.6088648068051,0 11.6435259991451,48.599657766678,0 11.6057175405208,48.5906148887331,0 11.5981421324467,48.5833919152211,0 11.5907005487363,48.57958208556709,0 
			</coordinates>
		</LineString>
	</Placemark>
	<Placemark id="Autobahn.57">
		<name>569f056d-A93</name>
		<LineString>
			<coordinates>
				12.0967320662599,47.8099179430881,0 12.0901079994125,47.80026894779161,0 12.0904855304736,47.7885573934035,0 12.0950869988517,47.7752989466722,0 12.0998551468997,47.76800467444779,0 12.1189447636,47.74858927179749,0 12.1398819458748,47.7225006065888,0 12.1592322123652,47.7020947918043,0 12.1661330084595,47.6817737913109,0 12.1816154375406,47.6667986470143,0 12.1844170503369,47.6567211015076,0 12.19989661944,47.6291589802098,0 12.2022189917605,47.6184579474801,0 12.2002680017812,47.6106329451813,0 12.1934139988557,47.6049819505194,0 12.1786871140833,47.5991019267293,0 12.1712903067887,47.59346682046439,0 12.1529782548535,47.58379915563181,0 12.1339372004109,47.5587006568276,0 12.1245620611511,47.5539329924342,0 12.1151499929515,47.5422579813087,0 12.0993618753185,47.5340202585773,0 12.0792596794531,47.529601369912,0 12.0663451291164,47.5180164504191,0 12.0598953963962,47.5059436208541,0 12.0577764778681,47.49978336093499,0 12.058043722523,47.4948153179577,0 12.0542989750638,47.4909590439668,0 12.046033169219,47.4874113330406,0 12.0309273986322,47.4841069893332,0 12.0169244107035,47.483848637407,0 11.9816899987076,47.4783658686429,0 11.9373714805716,47.4609859199691,0 11.9301680664454,47.4596632856457,0 
			</coordinates>
		</LineString>
	</Placemark>
	<Placemark id="Autobahn.58">
		<name>43c1607a-A94</name>
		<LineString>
			<coordinates>
				11.6272640038392,48.1383699453043,0 11.6620719985448,48.13901995315889,0 11.6809449977439,48.1374219478259,0 11.6963319912954,48.14178594722739,0 11.7672007474933,48.1424561384805,0 11.7726588320964,48.1432241588721,0 11.7866264147896,48.14903120964231,0 11.8088997046069,48.1514277634019,0 11.8326111144478,48.1591102178976,0 11.8745211436557,48.16409446108731,0 11.8907090972492,48.1698561860795,0 11.9130576600241,48.1834029190559,0 11.921212755219,48.189967652484,0 11.9301945367942,48.20180642270951,0 11.9495482788224,48.2150294443572,0 11.9620705793016,48.2211932961198,0 11.9718647549433,48.22974685269759,0 11.9775475972777,48.2326960609482,0 12.0013952514306,48.2349631671776,0 12.0163435008703,48.24216477860811,0 12.0277574940223,48.2455621533687,0 12.0522742091197,48.2478383384036,0 12.0943119440265,48.24880481892031,0 12.1244779511422,48.2557128878898,0 12.1459211973805,48.2538016691941,0 12.1704911305154,48.2602474589274,0 12.1807819578901,48.259915017307,0 12.2103813809684,48.25207872914901,0 12.2351901390518,48.2549847486875,0 12.253293927554,48.2509151022886,0 12.2820517028856,48.2495976737124,0 12.3098496335426,48.25306250545081,0 12.3370566681893,48.2480449902044,0 12.3659422192321,48.2476388126446,0 12.3902174684457,48.250584641091,0 12.4123067729009,48.2463773061559,0 12.4202998880755,48.24691153659931,0 12.4428289249186,48.25316509038959,0 12.4467368631121,48.25620405662371,0 12.45339688317,48.2676268918362,0 12.4613700959525,48.2713030887262,0 12.4857467763015,48.27235985379371,0 12.5194577924867,48.2772831854558,0 12.5823917198538,48.2728970912088,0 12.5949832520185,48.2700353698728,0 12.6224340595978,48.2572478486708,0 12.6399448067537,48.2524967376835,0 12.6843655487541,48.25153671224079,0 12.6994461349814,48.2544657726953,0 12.720583637439,48.2544640646888,0 12.7381226321146,48.2478662171718,0 12.7445607271225,48.2472880254485,0 12.7707913109793,48.2508204839026,0 12.7959257257255,48.2512055569788,0 12.8089814336476,48.2479930323573,0 12.8420836249294,48.2441323147774,0 
			</coordinates>
		</LineString>
	</Placemark>
	<Placemark id="Autobahn.59">
		<name>479df541-A94</name>
		<LineString>
			<coordinates>
				13.1715875943157,48.30715571107599,0 13.1841867895858,48.3057611131551,0 13.1933389740668,48.3074129378478,0 13.199791027962,48.3112483799219,0 13.2082561120145,48.32077810448299,0 13.2151574123275,48.32572255453,0 13.2330279577373,48.3342538300038,0 13.2449484690179,48.3487781252205,0 13.2549175278725,48.35422526672609,0 13.2645104603221,48.362208149113,0 13.2714597233689,48.36461682972,0 
			</coordinates>
		</LineString>
	</Placemark>
	<Placemark id="Autobahn.60">
		<name>5261ed22-A3</name>
		<LineString>
			<coordinates>
				13.4257090298791,48.4109308522159,0 13.4201526246618,48.4142830608501,0 13.3922817242995,48.4224756603512,0 13.382618345302,48.42868695934191,0 13.3770567638288,48.43541452027681,0 13.3752110039818,48.4419932195281,0 13.3756790972575,48.4566319306997,0 13.3713355187744,48.4733663384557,0 13.3719500058698,48.4833862537115,0 13.3774248100394,48.4957612101579,0 13.3957845564557,48.51780647698081,0 13.3990896307772,48.5265236415653,0 13.3998885165257,48.53598735596159,0 13.3985608054274,48.5433793818842,0 13.3905764783188,48.5577240176316,0 13.3842219930503,48.5639429520676,0 13.3681679953608,48.5743929457422,0 13.3638310038956,48.5797689519333,0 13.3639060045355,48.5854179464012,0 13.3702040031591,48.5970349468389,0 13.3707540025409,48.6016139465222,0 13.3694569928866,48.6054339454431,0 13.365425002964,48.6095569450064,0 13.3482289984202,48.6212219477745,0 13.3285551364781,48.6267407469895,0 13.3134202099074,48.6339556001325,0 13.2966319951741,48.6371839419456,0 13.2798679962557,48.65381594804159,0 13.2695509916946,48.6599719432134,0 13.257253186012,48.6705387210264,0 13.2501977713843,48.6733663849239,0 13.2263564294435,48.678084176331,0 13.2142513528901,48.68504640071339,0 13.2044460880413,48.6882695131623,0 13.1961295315981,48.6930364190872,0 13.187532544063,48.7020771821901,0 13.169764304387,48.707244369336,0 13.155748652411,48.71894160150089,0 13.1418493311055,48.7235316786413,0 13.1217648238824,48.7373887345508,0 13.0913925252331,48.7496276747234,0 13.0699281139776,48.7557937885265,0 12.9743229940679,48.8070449437035,0 12.9617609991419,48.8125109500746,0 12.9285359913805,48.8223749456181,0 12.9144789918039,48.8289849497305,0 12.8801303996543,48.8512515902729,0 12.8466097766802,48.86499292472681,0 12.83791528273,48.8717404332974,0 12.8219167293239,48.88977289956999,0 12.8137198703759,48.8949987860067,0 12.8023604036061,48.8997467552436,0 12.7777144638145,48.9048114191428,0 12.7663593612921,48.9107281640997,0 12.7512187998231,48.9141292481042,0 12.7398164332761,48.9191265805693,0 12.7175385940946,48.92539885106839,0 12.6995736322356,48.9341598861435,0 12.6787546803848,48.9340253824088,0 12.6541367552177,48.9391195754989,0 12.6304791169079,48.9402653353949,0 12.6021789893235,48.9453226655634,0 12.5822602460188,48.94417745152269,0 12.5710188177861,48.94541547698041,0 12.5635463853278,48.94796297160371,0 12.5424221495102,48.9597020694895,0 12.4802915162626,48.9755481790043,0 12.4453478540823,48.9877750346481,0 12.3809716929875,48.9995956163453,0 12.3629836249062,48.9998636239255,0 12.3028970029404,48.99384494925529,0 12.2402999924023,48.9918549455764,0 12.2267150000351,48.9923609522151,0 12.1734189993805,49.00058295075449,0 12.0865759948185,48.990346950246,0 12.0646179980082,48.9916249439089,0 12.057877999776,48.998987951536,0 12.0508929998908,49.0012689471797,0 12.0265089995091,48.9946729473247,0 12.0082699916344,48.9938069520253,0 12.0048329916424,48.9962669444219,0 12.0029450034015,49.00215894629299,0 11.9985490012127,49.0065659525103,0 11.9823819923633,49.0121379488831,0 11.9604409996321,49.02251195035979,0 11.9475400039598,49.0312159503416,0 11.9372680030838,49.0346679439208,0 11.933133995156,49.0377299437151,0 11.9307129901739,49.0412109452767,0 11.9284469992714,49.0504699459615,0 11.9164829944734,49.06658995070669,0 11.9058749947526,49.0744249514384,0 11.9006609967004,49.083216947513,0 11.8876499991603,49.0901539447146,0 11.8835636909704,49.1009165265829,0 11.873387383391,49.11493696830681,0 11.8692756360435,49.1295550445499,0 11.8587129664641,49.14360826387169,0 11.8448765093424,49.1511346163043,0 11.8373571482883,49.1629544650942,0 11.8329450071239,49.16612066885251,0 11.8277052978135,49.1681784965731,0 11.802806621872,49.1718200873932,0 11.7804580101047,49.1720981340729,0 11.7588486591678,49.1769454468836,0 11.7023134916228,49.1805322758995,0 11.6888929583266,49.18449816762589,0 11.6770858152289,49.1987304739374,0 11.6589329107771,49.2045164573079,0 11.6525745262072,49.2086131181658,0 11.6476840072381,49.2203624324045,0 11.6403605426616,49.228285122663,0 11.6374350006062,49.2359889506528,0 11.6310780028536,49.2427279488306,0 11.6111149986604,49.2545489491109,0 11.6051049953993,49.26220295120281,0 11.5995599975033,49.27375094817009,0 11.5954499957285,49.2780089517412,0 11.5644479944493,49.28613194632949,0 11.5514939976688,49.2989589474091,0 11.5482539916099,49.3075719466759,0 11.5460339942192,49.3097049466781,0 11.5351609970939,49.31239295099441,0 11.522023997896,49.3104449511243,0 11.5070359922137,49.3147849511714,0 11.4867919921437,49.3139949471901,0 11.4673489942872,49.319670946133,0 11.4594199967025,49.3250049448456,0 11.4555470004643,49.3295369439597,0 11.45049399646,49.3401799476068,0 11.4413860009488,49.3468119480624,0 11.4340999944617,49.3566569476273,0 11.4303910022599,49.3592379503265,0 11.3957850037155,49.3691799516549,0 11.3773980001109,49.37633094449959,0 11.3545659910761,49.3777209523011,0 11.3248190040645,49.3849859482241,0 11.315709997023,49.3887559502372,0 11.2860059939807,49.4137269470415,0 11.2773530038228,49.4231539438482,0 11.2716500004568,49.4321279461395,0 11.2671350032065,49.44464794664499,0 11.2587320004949,49.4525889497839,0 11.2260660006078,49.46555494695429,0 11.1990440001634,49.4647349481539,0 11.1916470043133,49.4663229496941,0 11.1673980013832,49.4839179461119,0 11.140100996312,49.49738194423109,0 11.1187419963587,49.5061009503187,0 11.1013662094546,49.51087140979439,0 
			</coordinates>
		</LineString>
	</Placemark>
	<Placemark id="Autobahn.61">
		<name>b51e7cb8-A3</name>
		<LineString>
			<coordinates>
				11.1013662094546,49.51087140979439,0 11.0904589958063,49.5138659458686,0 11.059256002703,49.5297999509749,0 11.0242215636608,49.5403709299927,0 11.0188379044117,49.5432104180617,0 11.0095122794231,49.5525058590482,0 10.9999375983063,49.5579523932829,0 10.9919995108267,49.5597416767217,0 10.9622639990807,49.56078094994681,0 10.9434219912324,49.5664879503421,0 10.9333400044807,49.5741839478999,0 10.9274670041349,49.5831539477531,0 10.9260989952167,49.59097794486169,0 10.9276000010668,49.6067119477285,0 10.9133109923466,49.63890694716,0 10.8943729995515,49.6582659520555,0 10.8687849940534,49.6773969459082,0 10.8621389998648,49.68589494319509,0 10.8510633217985,49.7055467207737,0 10.84457763148,49.7119572544902,0 10.807793774054,49.7351105966475,0 10.7897002241149,49.7380934599404,0 10.7634856550508,49.7367177455726,0 10.7236278295856,49.7311255462904,0 10.6776279368392,49.7307881773752,0 10.6658667849978,49.732922027115,0 10.6491872701385,49.7407955806719,0 10.6327094655969,49.7438687132929,0 10.6052099052032,49.75718799977571,0 10.5970685510358,49.7594480030259,0 10.5681886041174,49.75896179113139,0 10.5487446770407,49.7623399660932,0 10.5203218103325,49.764010677001,0 10.4688217290285,49.7707021528731,0 10.4399674497626,49.78380068299501,0 10.4294374321851,49.78563452405389,0 10.4178763448917,49.7844947286908,0 10.396216000751,49.7768614837862,0 10.3724687092753,49.7737830609579,0 10.346268993958,49.7751189511979,0 10.3174160046783,49.77413995118971,0 10.2823189979565,49.7829529508315,0 10.2456859957444,49.7800229490254,0 10.2224609970831,49.7806489485542,0 10.2092749916153,49.7819459514696,0 10.1855919965287,49.7879449481788,0 10.1756050013848,49.7889449439604,0 10.1513308014173,49.7851581480493,0 10.1150282941848,49.78433234436281,0 10.0801078360851,49.77456390575291,0 10.0691303434657,49.76914206943179,0 10.0469018480053,49.75394575694411,0 10.0300899976845,49.7458960106068,0 10.0133273475758,49.7411726013067,0 9.99007000548119,49.73868794555489,0 9.978407012030249,49.73900124895109,0 9.97091887242598,49.740879107735,0 9.967444918488001,49.7438748827964,0 9.963598352052101,49.7522148557925,0 9.95824808144307,49.7550777956949,0 9.95259822294714,49.7552316958295,0 9.93892203299996,49.7519617182799,0 9.91742580177087,49.7547138716739,0 9.90747476491704,49.75451404209829,0 9.88275812601222,49.7472276060241,0 9.87283146125716,49.7457931646085,0 9.83183868714173,49.7491859391321,0 9.80703200035841,49.7471549475728,0 9.79458199736669,49.7505669453533,0 9.78589100603828,49.7557139470445,0 9.77483299362272,49.7672869501405,0 9.76843899507845,49.7697689444607,0 9.7498080043123,49.7709889462261,0 9.727108000920939,49.7759939476212,0 9.69232200320668,49.7687899460131,0 9.665603997514079,49.7673099490079,0 9.64097200057539,49.7620349444674,0 9.60877299719508,49.7640699506936,0 9.58175855574688,49.77023975441369,0 9.57365446951791,49.7755715509935,0 9.571697375734431,49.7834386586824,0 9.5753545150604,49.7889450915179,0 9.58596632752119,49.79580280757481,0 9.58747774448566,49.7989335881127,0 9.58715940260389,49.8021516142113,0 9.58436529208919,49.8059446594397,0 9.57881657195372,49.8097028542567,0 9.56905630072969,49.81430065626899,0 9.544555362336199,49.82188003159529,0 9.530843682677739,49.8311106323398,0 9.51309608706341,49.838089954901,0 9.506824791395919,49.8428394941261,0 9.49881392404312,49.8525562980486,0 9.487067859136751,49.8578952719579,0 9.47890970630835,49.8636253650425,0 9.454746516520281,49.86871081495419,0 9.43952807212165,49.8781210557899,0 9.423521209859571,49.8829788985505,0 9.41130937281971,49.88994934767959,0 9.39961528746375,49.8927838556973,0 9.391245330895719,49.8987578684593,0 9.373709749891271,49.9059753896226,0 9.35783762724081,49.9186405652639,0 9.352747348798101,49.92992481331279,0 9.345313763486789,49.93850553590061,0 9.31930595923639,49.9596094384608,0 9.30541171797765,49.9634417458313,0 9.294199988893,49.97042120098849,0 9.270327201161299,49.9788882372825,0 9.25598199361807,49.9878849463365,0 9.25195500560878,49.99349394473111,0 9.24716599990335,49.9969349451269,0 9.23690900516014,50.0005229474903,0 9.22502700136288,50.0027439469768,0 9.214223992902079,50.0025179476832,0 9.18265600004692,49.9931549495333,0 9.170658994350889,49.9910589513682,0 9.129466996428309,49.9955709449482,0 9.097511002768091,49.990870943703,0 9.07397135283313,49.9914260759445,0 9.03866699447404,49.9874269459897,0 9.0268527726814,49.9888178062189,0 8.943974003896869,50.0247199472298,0 8.94007899786696,50.0286309457526,0 8.933118673994009,50.0418173836465,0 8.92502455207339,50.0487990542811,0 8.91854030640317,50.0520693016576,0 8.8914461318468,50.05837142419119,0 8.850886951130541,50.061525103203,0 8.827506569379979,50.0670502452147,0 8.817454380215381,50.0678342740371,0 8.773762933335011,50.0672008002882,0 8.74095160968783,50.0641643070741,0 8.716841005437409,50.0642219517511,0 8.69913999700699,50.061299944962,0 8.659375996035569,50.0608199429061,0 8.62535100535313,50.0524519483421,0 8.5751960012021,50.05325894442189,0 8.545873999040831,50.04724194777631,0 8.49230200129788,50.026334950573,0 8.48445499553759,50.0253799479047,0 8.45651300111486,50.03070095176859,0 8.399430004156191,50.04639694488391,0 8.393203997381329,50.0497489483883,0 8.37796999611756,50.0671799473795,0 8.364882995704249,50.07791094746891,0 8.357042998553849,50.0881859499787,0 8.342360007421171,50.11411795136279,0 8.33998600034654,50.1263439458328,0 8.328953007640481,50.1424769440742,0 8.322267966158231,50.1482403125807,0 8.311263884205699,50.15149802708601,0 8.28995947410286,50.1709310740985,0 8.270447998931701,50.1793613066926,0 8.25682233355114,50.1968626761565,0 8.252418749003681,50.205555633149,0 8.25045850575426,50.21317997362009,0 8.25108248169226,50.2223732504581,0 8.249143669901731,50.2307528900948,0 8.24589345118984,50.2367472761874,0 8.24689600781962,50.2562946295364,0 8.25124127360974,50.2647974611074,0 8.24121854962209,50.279114943714,0 8.24016497534595,50.2909962751969,0 8.230198576481699,50.3110058862005,0 8.21683481515667,50.3254392306855,0 8.17929802295472,50.3406675005184,0 8.15647176510409,50.35549628349141,0 8.133543745001541,50.36142121131439,0 8.091256528859359,50.37809168813821,0 8.08488392177197,50.3817674894447,0 8.07576587458408,50.396033591956,0 8.070735657619331,50.39938364831361,0 8.058783521229969,50.4031872331506,0 8.01229448265078,50.4044463004609,0 7.98834705500538,50.4121612442339,0 7.93664425180074,50.4127282196382,0 7.930307836365699,50.4153834396996,0 7.92826913492935,50.418221884818,0 7.926847677384859,50.4262524695754,0 7.91937670846811,50.4331282424146,0 7.914597641508189,50.44321621198151,0 7.89686974989109,50.4528141924621,0 7.87922886217502,50.4548484431543,0 7.86605768062895,50.4545717270511,0 7.85991906261035,50.452795123042,0 7.851190456754489,50.4472377847382,0 7.84229300815743,50.4461879499657,0 7.8074659975739,50.44518895131609,0 7.78399599691686,50.44822994573289,0 7.77957800085792,50.4504709436517,0 7.7746999991941,50.4565079439333,0 7.76542400383865,50.46315594591719,0 7.75741300265926,50.4797979476636,0 7.750455003751489,50.48533694642221,0 7.73581389502236,50.4930706188495,0 7.729247089037071,50.5028920883933,0 7.71378565132635,50.50668804120059,0 7.69897278784504,50.51476713882931,0 7.68880091887092,50.5226677430376,0 7.682535596943221,50.5237358795196,0 7.638084102339951,50.5226688011548,0 7.6164436130379,50.52515221470579,0 7.59690958565613,50.5354021770167,0 7.58336740471804,50.5487950549712,0 7.57062679464376,50.5563532679699,0 7.53234124045907,50.5618230302732,0 7.51167499905888,50.57150094785531,0 7.49456899991602,50.5753569447141,0 7.48486200423504,50.5798979433266,0 7.46648899758773,50.5824149437872,0 7.44393000637525,50.5961239501721,0 7.43388800613191,50.5992009464967,0 7.42308500660601,50.6145479487012,0 7.389487997307969,50.6245519487873,0 7.37760599997996,50.6326749511457,0 7.35300799662092,50.6380109448436,0 7.334264003110419,50.646877949409,0 7.31700300738881,50.6643499444725,0 7.29768600633269,50.67389094337981,0 7.282705002396411,50.6790869445465,0 7.26188868080456,50.6987384166858,0 7.2474524534518,50.708210155373,0 7.24074787904878,50.7176146767919,0 7.23844799599952,50.72821794342551,0 7.23808960709451,50.74215695381021,0 7.22862700174246,50.75981395094439,0 7.23095200651677,50.7665139477301,0 7.24224700077805,50.7794619465668,0 7.240970997679039,50.7842039443475,0 7.20200200146444,50.8283149483244,0 7.202678003348191,50.83821695046669,0 7.20567400726203,50.84288994475269,0 7.213802266976961,50.8499864396124,0 7.21504600135138,50.8544989429109,0 7.21268300904168,50.8586959428026,0 7.19550899943543,50.8715089442093,0 7.19067699549375,50.8789839456203,0 7.16643000142154,50.8946239509813,0 7.11710099945734,50.9080239504117,0 7.106188001099959,50.9145359422018,0 7.088929006481529,50.91883394567691,0 7.074805002868939,50.9193999445575,0 7.06039099675055,50.9238519422703,0 7.03941000480087,50.94536994718191,0 7.02689900328802,50.9759079425508,0 7.01376399600294,50.9868279467427,0 7.01201000127567,50.9919009466596,0 7.01444300229432,51.0080919451174,0 7.00716800212189,51.0419129430429,0 7.003782008191859,51.0463369482302,0 6.99155900600989,51.0559519486107,0 6.98760900648864,51.0662839458911,0 6.98838599838803,51.0900179460445,0 6.98668899798979,51.11377694246259,0 6.975551001053121,51.1273399445534,0 6.96555000654102,51.1537139438635,0 6.9514580003301,51.1726889479357,0 6.93276482969008,51.2057956901115,0 6.91086812609717,51.23344642545149,0 6.9101194059832,51.2394062152888,0 6.91470033710532,51.259457828736,0 6.91370439343339,51.26729818849619,0 6.900966066411969,51.2833888073396,0 6.896237656607829,51.2979415806546,0 6.89899046359465,51.3126716046357,0 6.89634006529944,51.3203770710445,0 6.8657671267198,51.3448267771436,0 6.83808882906212,51.3565150252382,0 6.83053133852926,51.3618611230519,0 6.82300490738574,51.3734801831073,0 6.81693957722451,51.39419003060609,0 6.803659731165689,51.4055512088536,0 6.79707600447838,51.417514942015,0 6.79846700655055,51.423249949487,0 6.80677899673774,51.4302239424313,0 6.80838500412565,51.4346489419178,0 6.80670199909306,51.438646949856,0 6.798882006738269,51.4460079420644,0 6.79869999802458,51.4510589471127,0 6.8006039991592,51.4554899426231,0 6.815132002580989,51.46468294322559,0 6.81639400938466,51.46963294711129,0 6.8130509967017,51.4817019484111,0 6.82277899820262,51.5042989425738,0 6.822053005489771,51.5076889449547,0 6.81419523471053,51.51953348762719,0 6.81568727102029,51.525401990848,0 6.82386980161654,51.5328039431756,0 6.83407700458374,51.5373399438247,0 6.8133979957121,51.5531409416219,0 6.79877799558409,51.5744759470807,0 6.78445500763774,51.58816794749201,0 6.77936900705755,51.60680894153711,0 6.75089800225352,51.6299239443379,0 6.735108996234441,51.6522149422418,0 6.70487400937921,51.6799419500391,0 6.679576004466269,51.68863094864981,0 6.66279400331572,51.6998099459748,0 6.63635600389542,51.70540494493459,0 6.62689500727635,51.70952994259309,0 6.61987700366899,51.71613494526759,0 6.60762699986906,51.74063094928681,0 6.600256003929601,51.7454179471229,0 6.564654510648121,51.754311744904,0 6.53684888173847,51.7709328136647,0 6.50441437112037,51.7828637979079,0 6.499584684955181,51.7868894945131,0 6.491644896259239,51.79765684471069,0 6.485083188544379,51.80221155522491,0 6.42578492208339,51.8207313867662,0 6.38932835839972,51.8254214427411,0 6.340925922352799,51.8426310433656,0 6.30835103945327,51.846048820972,0 6.29467849168135,51.8499662979222,0 6.26900681964048,51.8610975302237,0 6.22583724695482,51.86469757111709,0 6.20851607604513,51.8688871307511,0 6.19297581312329,51.8755278194376,0 6.17971980284192,51.8847783601107,0 6.162955996285301,51.9010899417917,0 
			</coordinates>
		</LineString>
	</Placemark>
	<Placemark id="Autobahn.62">
		<name>55b19487-A448</name>
		<LineString>
			<coordinates>
				7.28828399780609,51.4615109420054,0 7.27304905943238,51.4643113440628,0 7.25202261884643,51.4628198196659,0 7.23650543885477,51.459489821905,0 7.22565775033274,51.4549098407775,0 7.21544058185819,51.45384812263319,0 7.20537212295313,51.4578329704848,0 7.19837028161111,51.4633057727553,0 7.19535813667983,51.46829907295541,0 7.18748328342616,51.4736729788788,0 7.185714891059819,51.4783563089687,0 7.180020600878399,51.4807694090735,0 
			</coordinates>
		</LineString>
	</Placemark>
	<Placemark id="Autobahn.63">
		<name>1d2e2bec-A111</name>
		<LineString>
			<coordinates>
				13.2897249940699,52.5333849429446,0 13.2922480037728,52.53469594811391,0 13.2985559944876,52.5456899432587,0 13.3109189979103,52.56098294459271,0 13.3098271156922,52.5649605203006,0 13.3059390022565,52.5680699400011,0 13.3047059995166,52.573677946885,0 13.2974749988505,52.57795694230209,0 13.2856219999575,52.5950319396156,0 13.279210994659,52.60149194849399,0 13.2503679975595,52.6122069439221,0 13.2476829905309,52.6145289408297,0 13.2512179152742,52.6185145937043,0 13.2484125545022,52.62266060902881,0 13.2413440018078,52.6281419443946,0 13.2403909967082,52.6314359426744,0 13.2437849954696,52.6522679409984,0 13.243169991683,52.65981894263099,0 13.2403039951084,52.6657049479161,0 13.2289607929718,52.6761234447125,0 13.2065589919021,52.689874939261,0 13.1940817119336,52.70404294016,0 13.1883033275528,52.70575420029479,0 
			</coordinates>
		</LineString>
	</Placemark>
	<Placemark id="Autobahn.64">
		<name>cf3487df-A98</name>
		<LineString>
			<coordinates>
				7.58169849378177,47.61887495786731,0 7.60406682137863,47.6264598932095,0 7.646231998027731,47.63166595184151,0 7.65345900480155,47.63134794496871,0 7.663768998763801,47.6338649468711,0 7.66899699896068,47.6333339503969,0 7.67997202294295,47.62657249326131,0 7.681158657695101,47.6173757927941,0 7.683853315689369,47.61343817405979,0 7.702018578231679,47.6065252343281,0 7.708381519956271,47.59886346691539,0 7.71585421215665,47.5946505323757,0 7.7425603847167,47.5881759631478,0 7.75753256663844,47.5863315963282,0 7.78251573131839,47.5879552270734,0 
			</coordinates>
		</LineString>
	</Placemark>
	<Placemark id="Autobahn.65">
		<name>0a06ec30-A98</name>
		<LineString>
			<coordinates>
				8.104067424056121,47.5813979617559,0 8.09299557388138,47.57517483385689,0 8.05545199456663,47.56935030669369,0 8.0350461024649,47.561515585359,0 8.01572662906705,47.5616772987263,0 8.00330721517512,47.5598063605522,0 7.99018341274538,47.5615517493929,0 7.993340789133,47.5588555952733,0 
			</coordinates>
		</LineString>
	</Placemark>
	<Placemark id="Autobahn.66">
		<name>21227d1b-A98</name>
		<LineString>
			<coordinates>
				8.33236357935486,47.6314563329186,0 8.310083169221659,47.6369653560278,0 8.305056489596129,47.6366293424781,0 8.287357135631099,47.63224501173819,0 8.27396229086021,47.62495293384471,0 8.2623415194538,47.6234781931038,0 
			</coordinates>
		</LineString>
	</Placemark>
	<Placemark id="Autobahn.67">
		<name>e860d43a-A98</name>
		<LineString>
			<coordinates>
				8.857284994043431,47.8066589506198,0 8.89693800007657,47.8241199527038,0 8.92666300641681,47.8282389471477,0 8.94706799867423,47.8281579536251,0 8.988875997516111,47.83781895081529,0 9.011981997993789,47.8392669487079,0 9.028582971872471,47.8421313735123,0 
			</coordinates>
		</LineString>
	</Placemark>
	<Placemark id="Autobahn.68">
		<name>39789e0a-A99</name>
		<LineString>
			<coordinates>
				11.4482517217217,48.2043328652188,0 11.400421588974,48.2062236355698,0 11.3882814408684,48.20976245957409,0 
			</coordinates>
		</LineString>
	</Placemark>
	<Placemark id="Autobahn.69">
		<name>1eda4645-A99</name>
		<LineString>
			<coordinates>
				11.4046777355384,48.1265831337857,0 11.3941854290589,48.1461540347793,0 11.395219966073,48.1506866106486,0 11.4079670749587,48.1626544115669,0 11.4326841771484,48.18109923158379,0 11.4373464994492,48.1883586479963,0 11.4371409921192,48.199689845858,0 11.4395570954462,48.2024417461728,0 11.4563011896032,48.2049395880393,0 11.4677734769415,48.209562550143,0 11.4906062894584,48.2094625444984,0 11.5085467302514,48.21785231421,0 11.530262775652,48.2245675620315,0 11.5863739978928,48.22846094841079,0 11.6024079683739,48.228335247078,0 11.6181384756673,48.2252206351575,0 11.629210788068,48.22097228432,0 11.6590815779199,48.20321778242379,0 11.6754330525117,48.1972714016811,0 11.7074859934096,48.189539949147,0 11.7198709952853,48.1842989496273,0 11.7388581481035,48.1689967533464,0 11.7518552454649,48.1541052509376,0 11.757689476293,48.1427237181204,0 11.7586144317952,48.1233642635112,0 11.7561964635219,48.11227544263571,0 11.7449858528841,48.0905020096511,0 11.7359918246559,48.080523019437,0 11.7243032608598,48.0713679946039,0 11.6933622073272,48.05448606306269,0 11.6755639904774,48.03616494570219,0 11.6575189957957,48.02755595111,0 11.6356907867675,48.0272843226056,0 11.6207486002952,48.0296186976159,0 11.602575505795,48.0377877452404,0 11.5987285394642,48.0419585798048,0 11.5949646245955,48.0540829672289,0 11.5979906766021,48.0739429164208,0 11.5952630030699,48.0828059461496,0 11.588344862686,48.094605978165,0 
			</coordinates>
		</LineString>
	</Placemark>
	<Placemark id="Autobahn.70">
		<name>33cec18e-A565</name>
		<LineString>
			<coordinates>
				7.02677954514041,50.5831505336115,0 7.02687317547527,50.5891891697272,0 7.03999600232321,50.6043119459467,0 7.044858003966699,50.6166929501859,0 7.057145002507881,50.62359294626179,0 7.0614939968452,50.6297869497402,0 7.05821599744076,50.63585294327779,0 7.04785600344926,50.6433069476852,0 7.04555400368048,50.6494059456702,0 7.06194199987492,50.6706979432954,0 7.062044006408111,50.6748329477338,0 7.05754000478321,50.6821229471919,0 7.056476999839741,50.68695494228739,0 7.0581770010182,50.69172794980571,0 7.064880005283319,50.6994759453843,0 7.06122599744058,50.7103739452188,0 7.06748000864188,50.71657494998819,0 7.07800100002079,50.7202059466183,0 7.08247700261555,50.7245819501434,0 7.08150200232184,50.72722594869259,0 7.07453200784576,50.7317999489058,0 7.071514997862361,50.7425149469337,0 7.073717004903961,50.7462619512069,0 7.10527099900779,50.75946294273921,0 7.12516400049542,50.7643229499667,0 7.138760133040039,50.7652785907019,0 
			</coordinates>
		</LineString>
	</Placemark>
	<Placemark id="Autobahn.71">
		<name>cd1b68db-A36</name>
		<LineString>
			<coordinates>
				11.6845960006761,51.8046165662849,0 11.6600164064599,51.8108915977042,0 11.6242762069677,51.8066290933071,0 11.6062724599177,51.8072898395031,0 11.5949067280088,51.803633706748,0 11.5832554072033,51.7919394140906,0 11.5401955011361,51.7781861398423,0 11.5223922031968,51.7757181707609,0 11.5123345016767,51.77608726760909,0 11.4697897928179,51.7828976526617,0 11.4580517710997,51.7826630871898,0 11.4333736118291,51.7757976418348,0 11.4077259283807,51.7718278853156,0 11.3589284681464,51.7839333176812,0 11.306987138139,51.8003400703093,0 11.2873545464194,51.8034768921142,0 11.2668747162912,51.80383301624349,0 11.2262467618279,51.80013570263489,0 11.2110305141299,51.8017021602427,0 11.1605912267322,51.81481301337771,0 11.1078561546311,51.8115993516495,0 11.0802886855057,51.8167559918217,0 11.0654757753581,51.81763335556029,0 11.0493216663008,51.8156989390567,0 11.0134902028982,51.8056319720212,0 10.9982270960637,51.80457720268961,0 10.9623548418706,51.80595734552309,0 10.9419777420761,51.811645219124,0 10.933240614069,51.8167103834682,0 10.91435406107,51.83192677849269,0 10.9074782868369,51.8350934154856,0 10.8890501663568,51.8393829791256,0 10.8681383280225,51.8406597232947,0 10.8311488471524,51.8468189931554,0 10.8190039214315,51.8500731135352,0 10.8073560245265,51.8553838475272,0 10.7868934960209,51.86926116836139,0 10.7760237231654,51.871715740437,0 10.7511760534425,51.87351946725549,0 10.7238097687249,51.8825909062895,0 10.7183018316243,51.8849870396735,0 10.7025033845071,51.89673529777161,0 10.6800591872845,51.9048121817024,0 10.6690801124259,51.91203364762541,0 10.6493873707496,51.9285406533093,0 10.637314798432,51.9342345553345,0 10.6273057871873,51.9365180654561,0 10.5964668034331,51.939053748113,0 10.5784115020547,51.9358018550844,0 10.5830954320285,51.9390958607017,0 10.5854550021665,51.9434179423296,0 10.5842288815774,51.9492742165417,0 10.5784440049079,51.9592649433869,0 10.5734170009621,51.9664069445992,0 10.5597829980328,51.97611294649811,0 10.5521999940377,51.9962349493673,0 10.522317032857,52.0257863110053,0 10.5075359951139,52.05103894567749,0 10.4864660031327,52.11833294920261,0 10.4868079952173,52.1264439450995,0 10.4933879974025,52.1431139417328,0 10.4913200035166,52.157894947926,0 10.4928939990696,52.16218194633241,0 10.534126000983,52.20832994255531,0 10.5315389952178,52.2281769496953,0 10.5279900231693,52.23703771510511,0 
			</coordinates>
		</LineString>
	</Placemark>
	<Placemark id="Autobahn.72">
		<name>3f9e4c95-A480</name>
		<LineString>
			<coordinates>
				8.828840539181719,50.6112866143638,0 8.81974058284605,50.6109076310133,0 8.814232003356119,50.6129579507858,0 8.808231003180859,50.6191699459438,0 8.792666005774681,50.6284959449921,0 8.78566899525409,50.6299859487613,0 8.760840996627881,50.6293559447272,0 8.736613000789591,50.6345039438943,0 8.72616200269221,50.6349839423139,0 8.717368998988929,50.6328229427339,0 8.699768003288179,50.6244909447628,0 8.68392600067062,50.6234649500429,0 8.674699998223179,50.6212469466928,0 8.659901999252909,50.60979394336881,0 8.65276900699331,50.60664094311689,0 8.641111888064319,50.6048039479833,0 
			</coordinates>
		</LineString>
	</Placemark>
	<Placemark id="Autobahn.73">
		<name>ad1d5b3a-A9</name>
		<LineString>
			<coordinates>
				12.9171599942054,52.2898189499504,0 12.9152279969418,52.2876419410057,0 12.9071419918848,52.2632549437471,0 12.9073460031926,52.2588979439455,0 12.9165269900248,52.2418449450536,0 12.9171379936646,52.2355299453012,0 12.9137949903922,52.2290509468526,0 12.8832843331704,52.2005981745888,0 12.8732481213783,52.1954194894875,0 12.8541017340533,52.19010273719501,0 12.8325084740229,52.1755393978415,0 12.7934152963535,52.1656126145323,0 12.7870442420378,52.1625935268311,0 12.7418728480565,52.12394189268061,0 12.7149197474521,52.11155944395071,0 12.6835305336722,52.09202208425549,0 12.6653847403496,52.07819902645601,0 12.643551973197,52.0500507040285,0 12.6262041316649,52.0416946446006,0 12.6180698167676,52.034434121867,0 12.6068141917755,52.0309267025146,0 12.5963343204075,52.02322534046611,0 12.5696154157743,52.0115369246366,0 12.5560067190918,52.0003962384748,0 12.5309197433336,51.98492749137141,0 12.4831245923003,51.96990484189449,0 12.464190035703,51.9612622737123,0 12.4566397130817,51.9542804244016,0 12.4399858244312,51.91833767128009,0 12.4132592009237,51.9031735781652,0 12.3898837374629,51.8771517974433,0 12.3841427274013,51.8727803996251,0 12.3328906769056,51.8508183844134,0 12.3283451995484,51.84680366038329,0 12.3190542517173,51.8325604197477,0 12.3011429944261,51.8147955089541,0 12.2848023781337,51.80404637606951,0 12.2667175095605,51.7813659275059,0 12.2385157500244,51.76518785161839,0 12.2211055324628,51.7432485000215,0 12.2178650758721,51.7364601244916,0 12.2006719098034,51.6476589006555,0 12.1829810774467,51.6007896802831,0 12.1835106889742,51.5960801388263,0 12.1908890255329,51.5775073406928,0 12.1870894321829,51.5610993198455,0 12.1964634628675,51.5317211167781,0 12.1972898879338,51.51667654679709,0 12.2029545295902,51.4952908891927,0 12.2135073109355,51.47948552881209,0 12.2166003080731,51.4651424049704,0 12.2145878633849,51.4564431306618,0 12.1805049988609,51.3952449444241,0 12.1892864555466,51.3623364405153,0 12.1862869925751,51.34657494175091,0 12.1735580010755,51.3277749455698,0 12.1499059945817,51.30162594954719,0 12.1112878100315,51.2729264663242,0 12.0752736211511,51.2524386935093,0 12.036412170582,51.2142547325829,0 12.0189739178695,51.1996648171664,0 11.9984804094708,51.17051066078399,0 11.9582200154467,51.123927744123,0 11.9559190784163,51.1166821584046,0 11.954456920405,51.069292664396,0 11.9423350753687,51.0483652252373,0 11.9401321852494,51.0357680172417,0 11.9156995812811,50.99554506526681,0 11.9067066113022,50.9879614835488,0 11.8685721073773,50.9773748729584,0 11.8642545900561,50.9744573683095,0 11.8579754114939,50.9639605659767,0 11.8404109912165,50.9559503034575,0 11.8341496286678,50.9478058659102,0 11.8401267634435,50.9215040991114,0 11.8464949201753,50.8803119371859,0 11.8524501045616,50.8629652585628,0 11.8631568729367,50.8439700294794,0 11.8779507245897,50.8309183321162,0 11.8842993729534,50.8208394436794,0 11.8938024019045,50.81271660547691,0 11.8951340378755,50.8103740505787,0 11.8951168462096,50.78831440702509,0 11.8940474780824,50.7854877091072,0 11.8812064962085,50.7761527334654,0 11.8770457328677,50.7621529666419,0 11.8602650130915,50.7484129408904,0 11.8475250018535,50.7310639454494,0 11.8475270015212,50.7253979494988,0 11.8527659901338,50.714708942746,0 11.8517389933788,50.7092069458877,0 11.8396749970237,50.695043941951,0 11.8135445153158,50.6570468772274,0 11.8014859638236,50.6455265719036,0 11.7930065688643,50.6225650531511,0 11.790648901398,50.60603404399819,0 11.7743123482492,50.57510286895649,0 11.7765334176524,50.5691562497107,0 11.7889350469659,50.5598087264771,0 11.7919852580969,50.5517837937108,0 11.8024329930902,50.5426218971216,0 11.8051528088183,50.53650478560481,0 11.8041174595045,50.5311154790732,0 11.7989733631443,50.5237143342336,0 11.7975537724694,50.5122767774466,0 11.7923585101883,50.50333298146251,0 11.7943316636953,50.4985554170505,0 11.8031494392789,50.4932797927415,0 11.8055579713452,50.4898421770468,0 11.8016398554822,50.4787688993906,0 11.8036356212299,50.4672841109241,0 11.7990635086409,50.4548641475545,0 11.8033149214872,50.4406524031139,0 11.7895657189562,50.4209278485508,0 11.7800098680065,50.4144709192966,0 11.773147680702,50.4050449126431,0 11.7667415178344,50.4034233922558,0 11.7631983819441,50.3994081071852,0 11.7641475443284,50.3948218203406,0 11.7669333056033,50.39213167712669,0 11.7751508572728,50.388987355581,0 11.7915813841744,50.37588569352259,0 11.7907279274788,50.3693200744321,0 11.7831128689094,50.36242235361661,0 11.7810395090463,50.35851965196981,0 11.7818547765839,50.35466087551671,0 11.7874855038476,50.3475137062291,0 11.7869041707164,50.3376900128115,0 11.7913122796765,50.3249516244602,0 11.7984448004578,50.3164037748641,0 11.8112499690997,50.2917281276158,0 11.8122459634798,50.2852832650445,0 11.8096669781444,50.2786368531922,0 11.7920771973379,50.25110299432491,0 11.7806313203825,50.24159751619839,0 11.7776880276161,50.2373758869084,0 11.7773008226052,50.23164955170061,0 11.7823904279402,50.2190671517881,0 11.7746793800758,50.20161098478301,0 11.7461359902281,50.17032494389679,0 11.7455149904434,50.1654749452981,0 11.7493179943466,50.154070947664,0 11.7427479952283,50.1415619457799,0 11.7399519938822,50.1286779495491,0 11.7345039994556,50.1238019478805,0 11.7079189948005,50.1099219472364,0 11.6986139945607,50.0988399497548,0 11.6880170007401,50.091531945201,0 11.6554859964054,50.07747794492539,0 11.6284620031302,50.07129494348249,0 11.6190930006384,50.0636019472975,0 11.6158139956391,50.04608694778319,0 11.6076899919064,50.03442695119269,0 11.6040089931532,50.0194129498285,0 11.6104610022448,50.0057209448667,0 11.6066500033858,49.9988159478783,0 11.6077149965172,49.98676094370771,0 11.6052109917444,49.9666739460232,0 11.6075099982485,49.9499269464656,0 11.602253181742,49.92818617724011,0 11.605205993849,49.9092609453367,0 11.5987357019906,49.8907484310304,0 11.5964231676076,49.8867925826494,0 11.5919370167405,49.8838303919207,0 11.5865312700565,49.8823865483407,0 11.5533429977488,49.8810629473713,0 11.5410386022949,49.87415822020131,0 11.5283346115465,49.8729146308783,0 11.5224551107949,49.8707017014419,0 11.5185261784707,49.8659717122616,0 11.5166884214697,49.8532592860486,0 11.5048061793039,49.84233690916511,0 11.4997848279675,49.8306890405872,0 11.4968801029835,49.8178424380681,0 11.5002429923751,49.8077809486818,0 11.4937092674725,49.8007630732936,0 11.4928159947962,49.7968729430856,0 11.496825990807,49.7922769471288,0 11.5093380002786,49.7875339436723,0 11.5125139908669,49.78326695036301,0 11.5121094662455,49.779683846023,0 11.5075200006757,49.774200943739,0 11.5055730267719,49.7672235492806,0 11.5152489975786,49.7384369473782,0 11.51435599469,49.7341639491067,0 11.5099604803151,49.7287465221243,0 11.5047919983109,49.7262559437569,0 11.4822099949142,49.720579943438,0 11.4675200014875,49.7060899481672,0 11.4648970021845,49.6985249509108,0 11.4686549990395,49.6705179496373,0 11.4674770014911,49.6653899477643,0 11.4529910033077,49.65213795013809,0 11.4363909999948,49.6478789519204,0 11.421285000345,49.6315989442567,0 11.4078169957713,49.6208619502949,0 11.391815736444,49.6154387424338,0 11.3751816682254,49.6119504782053,0 11.3705154553832,49.6093268815103,0 11.3508704300168,49.5892216045678,0 11.3247550257905,49.5588037684566,0 11.3151271952687,49.5277382471949,0 11.3124874943704,49.5239579180603,0 11.2849004457682,49.4993332168831,0 11.2673859957185,49.4803009470923,0 11.2538409909084,49.4692809495822,0 11.2380199985007,49.4515149467604,0 11.1991379962624,49.4155539477123,0 11.1960379966258,49.4109149473205,0 11.1953110033552,49.4060629477253,0 11.201939992832,49.389610945819,0 11.2001949920019,49.37869594374659,0 11.2073119940698,49.3144809490392,0 11.2093470032526,49.27919995068121,0 11.2165199983506,49.24832894919,0 11.2264589983179,49.2176209450765,0 11.2598419974085,49.1769339523725,0 11.2703260042424,49.1333169468763,0 11.2831109935609,49.1052879482691,0 11.2887669931202,49.083714948965,0 11.2910970003494,49.0793969456107,0 11.2975259939503,49.074036952326,0 11.3216660012369,49.0618069510635,0 11.3298259998351,49.05220394996359,0 11.3389499960492,49.0452589498062,0 11.3577449981889,49.038299947425,0 11.3674084133522,49.0245108734439,0 11.3658510008453,49.02030595020741,0 11.3549059948526,49.0120149439164,0 11.3558759945844,49.0049719456702,0 11.3599419908792,49.0013199485213,0 11.3762777584608,48.9962248136028,0 11.3824200769642,48.9921684875459,0 11.4012087350405,48.9742266125632,0 11.4246441040098,48.95886485098639,0 11.4336339560963,48.9494127999229,0 11.4487832444415,48.9409753387403,0 11.4619565974545,48.9306863972939,0 11.467101584002,48.92392706635359,0 11.4700406449375,48.91326150986959,0 11.4699921563641,48.9032148660941,0 11.4666026846362,48.89141289343309,0 11.4659799617597,48.88239015028959,0 11.4680074671936,48.8739638159083,0 11.4649449938622,48.84903195009711,0 11.4728549918847,48.8283199516409,0 11.4671669943039,48.81563095020439,0 11.4655879934444,48.8041699453568,0 11.4598499993899,48.7866269488744,0 11.4607810041459,48.7723269503297,0 11.4571350004814,48.7556649473087,0 11.457712993491,48.7507429452835,0 11.4789420029637,48.72169795060551,0 11.4911499957079,48.69510795038951,0 11.5096270024883,48.6663419494258,0 11.5143469932193,48.6493569521181,0 11.5239149949518,48.6319419528272,0 11.5255720024734,48.6237749476563,0 11.5288219927103,48.6196369499884,0 11.5399809994281,48.6129199524894,0 11.5727899933652,48.58707294707731,0 11.5879979975077,48.5814589441263,0 11.5924460013538,48.5763939494155,0 11.5923609955248,48.5691769511157,0 11.5884020016825,48.5574989521028,0 11.5936579944236,48.546723949033,0 11.5951169907931,48.5358049516671,0 11.5846009925098,48.5238499443285,0 11.5826439993448,48.5173819476139,0 11.5841490005692,48.51106994442339,0 11.5935473200294,48.49963378684661,0 11.5947977862321,48.494894754117,0 11.5851456443502,48.47556908552651,0 11.5908174828286,48.4573198480865,0 11.5892248231048,48.4426289311772,0 11.5899340995658,48.40262829558281,0 11.5972535681833,48.38755093806,0 11.5954910504324,48.3612489619663,0 11.640009119293,48.28269554637429,0 11.6463510022684,48.26417695138241,0 11.6467589953576,48.2569829523925,0 11.6113810428452,48.1872459351586,0 11.5997330037319,48.1825229521572,0 11.5928985174436,48.17552192787391,0 
			</coordinates>
		</LineString>
	</Placemark>
	<Placemark id="Autobahn.74">
		<name>d7afb850-A952</name>
		<LineString>
			<coordinates>
				11.4172919981748,48.0154969482542,0 11.3942190041324,48.0047069500503,0 11.3586019170681,48.0006925654344,0 
			</coordinates>
		</LineString>
	</Placemark>
	<Placemark id="Autobahn.75">
		<name>0b52139e-A980</name>
		<LineString>
			<coordinates>
				10.30132899427,47.6807169505938,0 10.3120169974363,47.6807619491684,0 10.3488859999568,47.6867909508753,0 10.3676309953045,47.6875949491802,0 
			</coordinates>
		</LineString>
	</Placemark>
	<Placemark id="Autobahn.76">
		<name>842b42ae-A48</name>
		<LineString>
			<coordinates>
				7.7638410326459,50.4591903182232,0 7.73577799573775,50.4522789434185,0 7.71712500539651,50.4496449512942,0 7.69791799702599,50.449021947313,0 7.6866059945077,50.4460869476022,0 7.67549800733787,50.4474649505445,0 7.66353800030195,50.443896942446,0 7.65273959049807,50.4434932120657,0 7.6313901306735,50.4300559935095,0 7.61547133685745,50.4229222031634,0 7.61086395158314,50.4185260157746,0 7.60837659822472,50.4102293598831,0 7.605151776939431,50.4076546315809,0 7.59619630376409,50.4082898874164,0 7.585756563638869,50.414113091377,0 7.579611687766549,50.41357747277051,0 7.55988934148249,50.39996204745739,0 7.54454600650468,50.3927969477146,0 7.540981004440019,50.3900369428722,0 7.537446008100509,50.382813949159,0 7.53398199943465,50.3798259492888,0 7.498964004405781,50.36850294788771,0 7.458024006240551,50.3421069460203,0 7.42539700753627,50.34126994929561,0 7.419980999602451,50.3389429507045,0 7.40717400503602,50.3288129490395,0 7.37832000043975,50.3276009429493,0 7.36002300253933,50.3185659507486,0 7.34968500062076,50.3163659494784,0 7.33372399565491,50.3153339473863,0 7.312956001781951,50.31689394445261,0 7.29829499546418,50.3141909425924,0 7.29419099842876,50.3118999505449,0 7.28688300082795,50.30274194627231,0 7.25861499858122,50.29492594907389,0 7.25123300006982,50.2901489483048,0 7.24634299888832,50.2853679495407,0 7.24034600764897,50.2753059477773,0 7.2236530028296,50.2639289498979,0 7.21754099868419,50.2538459454974,0 7.21641300573719,50.2441859488078,0 7.21331500577471,50.2385749442554,0 7.20625600497022,50.2349849441921,0 7.1710059973397,50.2264739468228,0 7.149870006832761,50.2257579442883,0 7.121072001251181,50.2167909443123,0 7.11134499565377,50.2189989426271,0 7.084963000628491,50.23623295112781,0 7.07972499756862,50.2380979438396,0 7.06207200342061,50.23795795100941,0 7.04451400289479,50.2411179465617,0 7.03720600720296,50.24023894579959,0 7.00448800421325,50.22775294631789,0 6.99231200702761,50.2156939501729,0 6.97811200476966,50.211914947428,0 6.96903538281455,50.20511320864739,0 6.95309800152741,50.19890558904649,0 6.91007566374092,50.1889513844294,0 6.9010831396659,50.1842997780528,0 6.89694620932057,50.1796895430808,0 
			</coordinates>
		</LineString>
	</Placemark>
	<Placemark id="Autobahn.77">
		<name>5b8dacf5-A559</name>
		<LineString>
			<coordinates>
				7.0706690040442,50.9051619454194,0 7.04347900424417,50.9086199458212,0 7.030096997132171,50.9137769466642,0 7.025114552358171,50.91945637549291,0 7.02195396741393,50.9207774798875,0 7.01039601426508,50.9248277301505,0 6.99720971899896,50.9251252167155,0 6.98717378731905,50.9291156077264,0 
			</coordinates>
		</LineString>
	</Placemark>
	<Placemark id="Autobahn.78">
		<name>a537e650-A70</name>
		<LineString>
			<coordinates>
				10.0783769974292,50.00144595002491,0 10.0973710004283,49.99957794549759,0 10.1367770012517,50.0027659505258,0 10.1469909928272,50.00508095049419,0 10.1541639930377,50.0090259517754,0 10.1638283236655,50.0188971184147,0 10.1758759999222,50.0226679495447,0 10.1924979927349,50.0209229458629,0 10.2095279926947,50.02302495005381,0 10.2281940009468,50.0227899505233,0 10.2637800017255,50.0297069453619,0 10.2807810158756,50.0306365392769,0 10.2972561344531,50.0294451622785,0 10.3113919885489,50.0263387065612,0 10.3365873339796,50.01729674769091,0 10.3487505692661,50.0109393816588,0 10.3581889122595,50.0084399853657,0 10.4049467112105,50.0029443039532,0 10.4857781323739,50.0060401309801,0 10.5011642615733,50.00491382202079,0 10.5132911634497,50.00082014741339,0 10.5265303068864,49.9909179421483,0 10.5459751739232,49.9818116806218,0 10.5818096661648,49.9745841517074,0 10.6026863376974,49.9742857792722,0 10.6232352654151,49.97798820012379,0 10.6860336936115,49.9770725348476,0 10.742402286626,49.95781083852511,0 10.7567145918227,49.9500056035461,0 10.7635899684387,49.9425324717032,0 10.7794182716904,49.9319198195512,0 10.7883752817503,49.92866563863161,0 10.815534889248,49.92499583091571,0 10.8502813168471,49.9174265831599,0 10.8988369937486,49.92274294767519,0 10.9255799593815,49.9312207432116,0 10.9536874225884,49.9365425250814,0 10.961292474976,49.9408100999116,0 10.9712180016198,49.9496789273234,0 10.9819178552868,49.9553526720436,0 10.9914043796489,49.9647364959833,0 11.0088076394178,49.9691885959116,0 11.0207897340694,49.976895438965,0 11.0364432710082,49.9820088531817,0 11.0617370609747,49.9822335195385,0 11.0769547678192,49.9844448107029,0 11.0911724295665,49.98301689399661,0 11.1009154266908,49.9872582147222,0 11.1116639993075,49.9871093275478,0 11.1283266801233,49.99032444302291,0 11.1572928240456,49.9921029863016,0 11.1868236393028,49.9992625686131,0 11.2076980016801,50.0003899477674,0 11.2359769996213,50.0100009509367,0 11.2597970028359,50.00549694355169,0 11.2769859919104,50.0073159466044,0 11.2911519932502,50.0047889439818,0 11.3196419921258,50.0116969432006,0 11.3389029913847,50.0077409483474,0 11.3626309909574,50.01011095173809,0 11.3813159906995,50.0167469455627,0 11.395906958194,50.01663107674721,0 11.4043343723977,50.0201049332136,0 11.4204697020746,50.0235628854779,0 11.4514150862356,50.0263461454945,0 11.4722997432472,50.0325248253195,0 11.4824748965407,50.0378472810317,0 11.4904242258757,50.03907864804301,0 11.4995523167813,50.0392707661858,0 
			</coordinates>
		</LineString>
	</Placemark>
	<Placemark id="Autobahn.79">
		<name>acbd0f44-A70</name>
		<LineString>
			<coordinates>
				11.4995523167813,50.0392707661858,0 11.5072095594198,50.03943192751189,0 11.5213758522141,50.0352522342276,0 11.532921908342,50.03579818158741,0 11.5619109362218,50.0330239884506,0 11.5758431541527,50.02834340518479,0 11.5893246674201,50.0283952613456,0 11.6012519569193,50.024762230544,0 11.6051575595299,50.0250246377075,0 
			</coordinates>
		</LineString>
	</Placemark>
	<Placemark id="Autobahn.80">
		<name>0b5f3089-A255</name>
		<LineString>
			<coordinates>
				10.0363240049631,53.508601944913,0 10.0227789946291,53.5244849458631,0 10.0232316162656,53.5282238353224,0 
			</coordinates>
		</LineString>
	</Placemark>
	<Placemark id="Autobahn.81">
		<name>e0281d0f-A103</name>
		<LineString>
			<coordinates>
				13.318619996242,52.45416594536089,0 13.3436390033198,52.47157394123279,0 13.3512309965086,52.4741339426562,0 13.3564528138721,52.478437102595,0 
			</coordinates>
		</LineString>
	</Placemark>
	<Placemark id="Autobahn.82">
		<name>206240a1-A6</name>
		<LineString>
			<coordinates>
				12.5217098836839,49.64233261656819,0 12.5114370021751,49.63391414779879,0 12.5058790947157,49.6316689481747,0 12.4988630920751,49.6313778450965,0 12.4805651972268,49.6350840464317,0 12.4671519980152,49.6327152431428,0 12.4566862981637,49.63301205136119,0 12.4244631007428,49.6232061444838,0 12.4072540077105,49.6133780959109,0 12.394281729025,49.6112729614681,0 12.381501707653,49.6124410237733,0 12.3683562741057,49.61864526655649,0 12.3587573499954,49.61864475366719,0 12.3386926461133,49.61380849784731,0 12.3275342419189,49.6077402646952,0 12.3184877992567,49.5966753854677,0 12.2836462075123,49.5874148196845,0 12.2730978494259,49.5766013613042,0 12.2551224155212,49.56670478994391,0 12.2434290413758,49.5652277897274,0 12.2263071004365,49.5691105330826,0 12.2110670320053,49.5652747860684,0 12.2034816394431,49.5608721777807,0 12.196681194625,49.5539038645199,0 12.1906007640897,49.5340025359953,0 12.1854149291839,49.5286896160291,0 12.1639788599912,49.5186205694666,0 12.1610228994278,49.5080724428809,0 12.1507658455238,49.5013108686069,0 12.1468603769746,49.49469276908201,0 12.1405442425634,49.4889240697557,0 12.1351418928788,49.4781233486484,0 12.1346064979224,49.46306561337229,0 12.1273056466196,49.4542349755786,0 12.1149340717962,49.44982793519189,0 12.0386895935508,49.4378043504971,0 12.016552892969,49.4311249376909,0 11.9983405785568,49.42062545990549,0 11.986310872764,49.4055925595353,0 11.9796531238827,49.4008135613869,0 11.9683939928238,49.39794595143361,0 11.93686699447,49.3990009480856,0 11.8952539991118,49.3930609450672,0 11.8798480000366,49.392844950352,0 11.8230569908818,49.4018889518897,0 11.7978700019901,49.3965279459675,0 11.7901929920768,49.3985989470167,0 11.7789682058957,49.4064187919614,0 11.7420822906754,49.41294597652891,0 11.7296956492513,49.4176130165048,0 11.716686964687,49.4191311534686,0 11.7053680503328,49.4227678778428,0 11.6478545124878,49.4291902383946,0 11.6414654654356,49.4282065207184,0 11.6305154877151,49.4217952987996,0 11.58785392452,49.40752538614629,0 11.5794768905371,49.4075491358453,0 11.561325941775,49.41366529952379,0 11.5434220151908,49.40884205163811,0 11.536127022524,49.40884367294419,0 11.4956079331892,49.4182525907913,0 11.470165991503,49.41989694957759,0 11.4237760032436,49.4156539448352,0 11.4034459956455,49.41119094489289,0 11.3983619952792,49.40899394957411,0 11.3912629960794,49.4023069441347,0 11.3835759932023,49.40001595099039,0 11.3763329920245,49.4006709480963,0 11.3588590041168,49.4062229494117,0 11.3324140019289,49.408370952073,0 11.3200710023163,49.40769994553499,0 11.285988992263,49.4016809518908,0 11.2401940003927,49.40221994725061,0 11.1810510015599,49.3920669514279,0 11.1620670013818,49.3902979506235,0 11.1537410013005,49.38787295078919,0 11.1364900006397,49.3776299495082,0 11.1029522211068,49.3514917280313,0 11.0733232131347,49.3404290570498,0 11.0618703211745,49.3340325933893,0 11.044597119007,49.3207862949255,0 11.0210039929212,49.31075594956689,0 10.9903790022949,49.3102789503228,0 10.9499470020715,49.3032899494309,0 10.9476778858857,49.3032181929144,0 
			</coordinates>
		</LineString>
	</Placemark>
	<Placemark id="Autobahn.83">
		<name>b91c03f3-A6</name>
		<LineString>
			<coordinates>
				10.9476778858857,49.3032181929144,0 10.9327760013484,49.30274694894221,0 10.9189699992848,49.3050059447062,0 10.8920510032521,49.3142219512174,0 10.8625149965028,49.31600194657729,0 10.8423950009285,49.31414695075659,0 10.8118330023654,49.3061749449183,0 10.7641740035161,49.3044239512447,0 10.7453559992049,49.297477943918,0 10.7066289919404,49.2710839463035,0 10.6938209917877,49.2654559437456,0 10.6386169965929,49.250568945741,0 10.6165139946059,49.25021095034949,0 10.5892825646816,49.25693612602161,0 10.5554350011243,49.2582389482399,0 10.5232859955733,49.2644569497582,0 10.514513992747,49.263656948094,0 10.483714002455,49.2522869523109,0 10.4697929952794,49.24929294405981,0 10.457357998377,49.2497149518409,0 10.4282079932506,49.2555199484907,0 10.4179560025859,49.2548669509759,0 10.3869349927059,49.2447249477479,0 10.3405719998244,49.2404809505385,0 10.303907992696,49.2299099454938,0 10.2721434358285,49.2249535496428,0 10.2585740049547,49.21842395189629,0 10.2465009961487,49.207194952153,0 10.2338796932517,49.202873988045,0 10.214112753114,49.2055971465812,0 10.1961766686945,49.2049357065703,0 10.1717123987899,49.2109853065345,0 10.1599709978567,49.2105389454827,0 10.1392719931867,49.20473995156449,0 10.1013969953533,49.1873679523579,0 10.0887749927326,49.1845449460562,0 10.0443190055791,49.182867947427,0 10.0228919945719,49.1747999524863,0 10.0114030054263,49.1726949497085,0 9.960909004089951,49.1773049440881,0 9.902129002818519,49.1776359466938,0 9.864785005752839,49.1742969456519,0 9.81276999874661,49.1726349439495,0 9.771602995333049,49.1804869487716,0 9.751319997557699,49.181736951436,0 9.73915615182124,49.1843561450987,0 9.686562048872659,49.2011851782221,0 9.67197999555448,49.2041029486024,0 9.64304700305628,49.2055719519162,0 9.608822996402189,49.2137659483137,0 9.56244700048712,49.2172299509142,0 9.537844994212991,49.21180294780469,0 9.504957999927759,49.21161794488221,0 9.47142554057495,49.2037345728104,0 9.45297308543449,49.1974529337378,0 9.424320161699811,49.193455108517,0 9.418243160532599,49.1895291253425,0 9.412084994249669,49.1797169488437,0 9.396648998381,49.1748199446823,0 9.382063005663889,49.1725149510988,0 9.372719995652,49.164292950762,0 9.36516500062387,49.1611869451189,0 9.34972999988956,49.1598969464199,0 9.329817003667589,49.1624579460633,0 9.315592999537509,49.1570239490351,0 9.305324677905091,49.1565830939976,0 9.289632381283861,49.1583809121921,0 9.255239820007191,49.1688141259818,0 9.229549005250529,49.1804694475172,0 9.21756900309024,49.1837359438952,0 9.175321003529991,49.18923895217339,0 9.125726999432921,49.1865719503304,0 9.09104200344764,49.1994569446275,0 9.07443400262888,49.21049694922601,0 9.066335380237531,49.2136537151161,0 9.058163548746469,49.2149692712284,0 9.03476491185593,49.2134457074878,0 9.02033828362052,49.21432807751189,0 8.977666173614271,49.22139034940499,0 8.95583766593044,49.2229896321637,0 8.94042315996813,49.22663441949601,0 8.93006012509364,49.2258991302146,0 8.91024610002988,49.2280310295952,0 8.89775550143832,49.2366886749173,0 8.88859425565356,49.2409372931687,0 8.86627193888024,49.2455172840022,0 8.83633981138165,49.2560890998866,0 8.810606751406009,49.2602595451569,0 8.75870055878393,49.2755518028019,0 8.740240296315401,49.27519604585839,0 8.718699879124991,49.28068260710259,0 8.668685004936361,49.272051947726,0 8.654010006475509,49.2720569439175,0 8.63689799803335,49.2752669464774,0 8.62038299548129,49.280924945172,0 8.60648300317119,49.2882339461697,0 8.566776995827819,49.32310594453021,0 8.56156100047219,49.32945195041499,0 8.54798899845637,49.35764594939739,0 8.54460400595176,49.3707219486535,0 8.544346004708411,49.39871494442989,0 8.547496994656781,49.4173879475939,0 8.54028699784349,49.4355979456562,0 8.54226699395173,49.4512749499797,0 8.53948500348276,49.461147949949,0 8.539724999737039,49.4660919461423,0 8.54480399949608,49.4809789469178,0 8.559792001787921,49.5008309463883,0 8.560617997877481,49.5046899446509,0 8.55846200585969,49.5543919497147,0 8.542378499981091,49.5559218058291,0 8.43147198097015,49.55256667245529,0 8.40515054604519,49.5456033282249,0 8.399227230769389,49.5460323637723,0 8.381910163803999,49.5532739345304,0 8.370610912748139,49.5553131454493,0 8.329927002030271,49.5530899448894,0 8.274183005929951,49.55437894496361,0 8.23467700290465,49.5487699500141,0 8.15273900693901,49.5543069439663,0 8.148251005332041,49.55218895045879,0 8.142293000359389,49.5454699501911,0 8.11998900471745,49.5408479490917,0 8.106749003900591,49.5333859486833,0 8.09537199992244,49.5322679489609,0 8.08095899835077,49.5271589433718,0 8.054968005191199,49.5258889504022,0 8.02613499706189,49.514671945071,0 7.99597900620164,49.4912529497797,0 7.95596600585821,49.49021695013321,0 7.93700800031846,49.48116394777379,0 7.91844700319967,49.4792969472187,0 7.90717899848945,49.4730099434652,0 7.85606300795169,49.460103945543,0 7.83423400507283,49.453106948615,0 7.82152399778074,49.4526709484532,0 7.80100692169657,49.4608593220636,0 7.78659700170401,49.4618029512157,0 7.765455005678051,49.4569239516829,0 7.742370998094579,49.4553149498703,0 7.725422995548339,49.4496659516291,0 7.65210199852728,49.4410469504811,0 7.63910999581163,49.43677994699609,0 7.61566299727077,49.42560394778669,0 7.60263600761124,49.4217759446429,0 7.59020600383014,49.4204159507871,0 7.56017000224804,49.4216859436238,0 7.54452999474536,49.42049495033439,0 7.46581024676278,49.3988334107205,0 7.40481918687089,49.37548608019771,0 7.35645999515218,49.36914495097881,0 7.30096699684538,49.3421129467195,0 7.276617660353569,49.3283225143115,0 7.24733215476472,49.30419289481069,0 7.240893956460771,49.30106855948631,0 7.18804554609411,49.2871266585132,0 7.16893143931056,49.27342777354319,0 7.146867480730969,49.2724653204354,0 7.130747283961899,49.2661240151452,0 7.1189045682211,49.2663531156237,0 7.10089475059924,49.2584184182012,0 7.093134183342469,49.2535571507776,0 7.08851454263272,49.2438704877685,0 7.08256050384072,49.237874381464,0 7.07998049802049,49.2261152246021,0 7.077581764597509,49.22208738642689,0 7.065698807729981,49.2144914234778,0 7.05561482471186,49.20562224471551,0 7.04654896197351,49.2041853092207,0 7.00933400412657,49.2118299491699,0 6.99159600853411,49.2089479514068,0 6.97888899565991,49.2112229483119,0 6.97146499715295,49.21064894905649,0 6.958079007647791,49.2038389486536,0 6.93736813315482,49.1990342746598,0 6.928865524916909,49.1916000474679,0 6.91988797587599,49.18641655543329,0 6.91580476765529,49.178746998673,0 6.90993846922305,49.17707153014201,0 6.894350748695641,49.1765999206584,0 6.88735339227483,49.17452600308151,0 6.87469379185507,49.1660698958816,0 6.861115007852431,49.163496343904,0 6.84914031027176,49.1548617438813,0 6.84313994732606,49.1541847792827,0 6.81091946702975,49.14039498124259,0 
			</coordinates>
		</LineString>
	</Placemark>
	<Placemark id="Autobahn.84">
		<name>af5b8203-A648</name>
		<LineString>
			<coordinates>
				8.63484316589537,50.1147513081679,0 8.623867997291409,50.1162449436853,0 8.59922699353948,50.1139959511967,0 8.58811900457399,50.1171029459824,0 8.574597707148881,50.12810886521629,0 8.565244218844059,50.1278284142607,0 
			</coordinates>
		</LineString>
	</Placemark>
	<Placemark id="Autobahn.85">
		<name>2460e041-A100</name>
		<LineString>
			<coordinates>
				13.4557958794796,52.4647691430499,0 13.4118904926672,52.4609555470552,0 13.4060610025641,52.4620039444328,0 13.3921179966381,52.4683949397482,0 13.3691579901913,52.4712149428791,0 13.3619274953541,52.4740539644729,0 13.3512309956228,52.4741339336919,0 13.343829989455,52.4785059399571,0 13.3177799914747,52.47829594137841,0 13.3066519920205,52.4829419454803,0 13.2912529927661,52.4935569460694,0 13.2852860034465,52.4947909422008,0 13.280554995251,52.4996499423792,0 13.2800130042041,52.5016049444673,0 13.2855370025025,52.51289094031729,0 13.2810899947967,52.52385794115099,0 13.2823949960385,52.5280889418164,0 13.2863179982872,52.5322179401736,0 13.3295821239998,52.53928153440871,0 
			</coordinates>
		</LineString>
	</Placemark>
	<Placemark id="Autobahn.86">
		<name>24532681-A215</name>
		<LineString>
			<coordinates>
				10.1105450061362,54.31555794761349,0 10.0883656698972,54.3149357349882,0 10.0768559973102,54.3114169421753,0 10.0626765767498,54.3094748200795,0 10.0579919948356,54.3070739466477,0 10.0514820005066,54.29961694822529,0 10.0474550001586,54.2912289462661,0 10.0466629946261,54.2744369400526,0 10.0426510058174,54.26546394091061,0 10.0243740026031,54.24700094524681,0 10.0181419978631,54.2323929406073,0 10.0117919951171,54.2248029450592,0 10.0014429928604,54.21697794702219,0 9.974699995876151,54.20151994633649,0 9.96299726170896,54.1912863876187,0 9.95787620662176,54.1823398750335,0 9.95867287031165,54.1736364638172,0 9.961754780552191,54.16516568269451,0 
			</coordinates>
		</LineString>
	</Placemark>
	<Placemark id="Autobahn.87">
		<name>2a318a47-A2</name>
		<LineString>
			<coordinates>
				6.83407700458374,51.5373399438247,0 6.87909700866822,51.53959495048219,0 6.90149800872898,51.5434599423276,0 6.926056002852259,51.55521994498031,0 6.932175007769099,51.55654294899801,0 6.94042499818358,51.55686394741301,0 6.96499300090895,51.5531169442894,0 7.00873199822862,51.558926942292,0 7.031612998872549,51.55782394380789,0 7.06553200205974,51.561979947197,0 7.09325000600746,51.5697149451509,0 7.117754999640121,51.5704069425565,0 7.141132006008011,51.5747259462956,0 7.16106400896565,51.5762689455105,0 7.189308999321291,51.5836219489081,0 7.21186299609208,51.584861944114,0 7.24201000547034,51.59412194558071,0 7.28677800648492,51.5996959439966,0 7.30441399764716,51.6035609416008,0 7.315369001924279,51.60411294501999,0 7.32643399506027,51.6019309447763,0 7.350223005007111,51.5903489469409,0 7.36746200541329,51.5858719469567,0 7.4016130000473,51.58351894527619,0 7.422648005733881,51.58448794444791,0 7.4688560066521,51.5747869440618,0 7.47727199472526,51.5749729459104,0 7.50037499906831,51.57894294523521,0 7.52762899706376,51.5786359431557,0 7.557426996503981,51.5863959488273,0 7.60517299655541,51.59055695017921,0 7.66203599733295,51.6008839483191,0 7.7108600064694,51.6014129431973,0 7.78649199558634,51.6180739458047,0 7.814856999875119,51.62291294588741,0 7.86136700106819,51.6268619485779,0 7.913973006358211,51.64672194968791,0 7.93249300579485,51.6682369493225,0 7.948249001911261,51.67705794982609,0 7.97486511067025,51.6999369712781,0 7.977787923600431,51.7046668310258,0 7.98064059372703,51.7251874466072,0 8.00663126108641,51.7683788508747,0 8.01570792806517,51.7750096438411,0 8.049406052708029,51.7834476364249,0 8.096805117464889,51.79950383232621,0 8.13325703144857,51.8075498115508,0 8.14531212154899,51.81232907678141,0 8.188930548108569,51.8241421992062,0 8.26597700428707,51.8358839417244,0 8.31432200658401,51.85064494871341,0 8.332649002012721,51.85823194363161,0 8.354707007734371,51.8617769465322,0 8.382113997995029,51.8691509492864,0 8.410901007171431,51.87319894197459,0 8.45842860754043,51.8960905640048,0 8.49862809922813,51.90459704839981,0 8.50746246768184,51.9078301753983,0 8.528298775996969,51.9258287892799,0 8.536260786580421,51.9380269556486,0 8.5427964409278,51.9432342249971,0 8.56417780112244,51.95147765026179,0 8.580179004501289,51.9601869475161,0 8.602627998496409,51.9670849439434,0 8.61290099747357,51.9720889478481,0 8.61567100083475,51.9809359458793,0 8.61497700662032,51.9873299441148,0 8.62117100537017,52.0014309464552,0 8.631579998024719,52.0145749477609,0 8.639225001762281,52.0330029417219,0 8.651240001371569,52.0436969497976,0 8.659118005351489,52.05803894838009,0 8.66207199711307,52.0667349490809,0 8.66820500292561,52.0737539456565,0 8.691328993839679,52.08480694427831,0 8.703866999618629,52.0946039432505,0 8.72315500543397,52.1040269469235,0 8.73459699458412,52.11176794453561,0 8.73737299847653,52.1169479464718,0 8.735912998866,52.1267319483295,0 8.737381883476409,52.1313103596377,0 8.740681003763351,52.1345449443645,0 8.747205005996859,52.1373319434168,0 8.78268500715506,52.1430519435326,0 8.80168016474053,52.14939414728251,0 8.806638084631389,52.15293924580231,0 8.81164520283375,52.1591790927676,0 8.815698254402321,52.1720755739034,0 8.82429975584826,52.1829867700992,0 8.82590737325526,52.1910651229633,0 8.83301692566627,52.20192131555081,0 8.837361591695069,52.20454453608559,0 8.85811168098876,52.210558116984,0 8.89146756429664,52.2113565403591,0 8.905867537331289,52.2096103171463,0 8.92413481878781,52.2098094807079,0 8.96626154732116,52.2170606564242,0 8.99137799617435,52.2169975271176,0 9.020011361055809,52.22218733965009,0 9.05128790515858,52.2181234554369,0 9.06666624718709,52.2214136755008,0 9.08876617252495,52.22009960166491,0 9.10861899850506,52.2215249448061,0 9.117556654286069,52.2199191791193,0 9.148896848152869,52.2193976806917,0 9.16853515441599,52.2159107777507,0 9.183176872321649,52.21554686817679,0 9.207574145216119,52.2216302750837,0 9.22307877999123,52.2227266284569,0 9.237269686285259,52.2305248490949,0 9.26841206689071,52.2354215980465,0 9.278164021259609,52.23853126408961,0 9.29209504616788,52.2493450610893,0 9.308678298518069,52.2577855012044,0 9.3199483843179,52.2679089328249,0 9.342699822268351,52.27883814609591,0 9.360137592934761,52.2905451969827,0 9.388552861842021,52.3218733874341,0 9.41772100894787,52.3407290882431,0 9.434004821373639,52.3599730642464,0 9.44667212939752,52.3696404271171,0 9.466955770556551,52.3815535936198,0 9.48931099978538,52.3975999457172,0 9.52541500608063,52.4172259436034,0 9.53558600109975,52.4200059452766,0 9.593813001875549,52.4234629492739,0 9.630370992998669,52.4209819486479,0 9.6737479970372,52.4286629436576,0 9.698924004549561,52.4304129495468,0 9.724812002344621,52.4275799495288,0 9.765335993358599,52.4269169416082,0 9.796159999109889,52.43083194732881,0 9.80608899367672,52.43069894326871,0 9.82227899343501,52.42638194235129,0 9.84766399833196,52.4123649432946,0 9.874240002169239,52.40070094831701,0 9.88320100266345,52.3987499435225,0 9.952516209350829,52.3909288856434,0 9.993667686385271,52.38832706793579,0 10.0743070045331,52.3672639410692,0 10.1361750040106,52.36262694229781,0 10.1827249976442,52.35723894386119,0 10.22260900455,52.3404489429713,0 10.2379740137496,52.3368355523268,0 10.2431529167583,52.3366710537716,0 
			</coordinates>
		</LineString>
	</Placemark>
	<Placemark id="Autobahn.88">
		<name>44b74662-A2</name>
		<LineString>
			<coordinates>
				10.2431529167583,52.3366710537716,0 10.2946939924921,52.3350339440446,0 10.3462279966085,52.3399969456863,0 10.3818759968387,52.33862694947469,0 10.4144939958239,52.3359549430611,0 10.4539179971694,52.32942894747121,0 10.5174362099162,52.314471910852,0 10.5296881400571,52.3131324957528,0 10.7067493504484,52.30792846971189,0 10.7273052848689,52.3083853878724,0 10.7786596612193,52.313652300751,0 10.8160749677137,52.3110140433598,0 10.8323164868244,52.30879850459069,0 10.8606083139299,52.3000615841195,0 10.8996381346496,52.28455226466361,0 10.9333617981093,52.2790017498172,0 10.9525761947235,52.2709302496194,0 10.9722304912234,52.2673448493808,0 10.9866820930983,52.2619991477236,0 11.0042084992378,52.2462543456095,0 11.0259379969521,52.2322539431282,0 11.0587926983146,52.21886601846539,0 11.0891858676762,52.2153511431049,0 11.1147872942161,52.20850197005039,0 11.1338473113346,52.2071268901337,0 11.1606505564261,52.208197740992,0 11.1904486411083,52.202559160966,0 11.2360448548232,52.20018874294039,0 11.3029739594655,52.191521572147,0 11.3521934723767,52.1871822702037,0 11.4367137468135,52.1880383981469,0 11.4796010068676,52.1764055099002,0 11.5042204340018,52.1666438195532,0 11.5143617359071,52.16478552384061,0 11.5572734717851,52.17026790897331,0 11.6179063658625,52.1862638478887,0 11.6272980761843,52.1895834925133,0 11.6744032748262,52.2162929830908,0 11.6818950312356,52.2186423640722,0 11.733494294041,52.2237455887019,0 11.7658845013892,52.22911214532339,0 11.8334031331306,52.2255989284093,0 11.9075706744997,52.2338451551331,0 11.9788947853194,52.235780071634,0 12.0526280554607,52.2326122290909,0 12.2111473474523,52.2522001980368,0 12.2874123440479,52.2468280214234,0 12.2983219848965,52.247862912001,0 12.3431860830656,52.26512054165759,0 12.4375544288424,52.2784959553825,0 12.4455590291034,52.2817137245007,0 12.4611233228457,52.29179101613669,0 12.4864077730337,52.31386996592631,0 12.5064970150361,52.3361280029227,0 12.5145985118785,52.34116479816419,0 12.536383747677,52.348844320644,0 12.5471694116318,52.35090335540171,0 12.5991603129298,52.3506076322582,0 12.6583723713426,52.3356092787065,0 12.7146160854499,52.3403156365231,0 12.7648623845807,52.3413081795727,0 12.8070651422785,52.3379637572246,0 12.8116113673261,52.3368161359739,0 12.8200282992337,52.33047850491101,0 
			</coordinates>
		</LineString>
	</Placemark>
	<Placemark id="Autobahn.89">
		<name>7e0ac041-A671</name>
		<LineString>
			<coordinates>
				8.25657334944702,50.0523979040672,0 8.25636000304072,50.04226694964889,0 8.26466899584962,50.0353739463304,0 8.29433300403262,50.031070948979,0 8.30734399620389,50.0267699514862,0 8.323861997452029,50.0246449445093,0 8.330213007527529,50.02241094647459,0 8.335951002307519,50.0182059439802,0 8.34114737459846,50.0109729171782,0 8.345068004341529,50.0012369494636,0 8.344972006251281,49.9955399489512,0 8.33806900675112,49.98648394584621,0 8.3387800072994,49.98225794687221,0 
			</coordinates>
		</LineString>
	</Placemark>
	<Placemark id="Autobahn.90">
		<name>0ebff329-A562</name>
		<LineString>
			<coordinates>
				7.16333400292542,50.725024949832,0 7.156769638958729,50.7229038660616,0 7.147081002293379,50.7214869497453,0 7.142858556314901,50.7171601820143,0 7.13960940008229,50.711836527764,0 7.13257930338644,50.70573644869259,0 
			</coordinates>
		</LineString>
	</Placemark>
	<Placemark id="Autobahn.91">
		<name>ab1dbcb5-A524</name>
		<LineString>
			<coordinates>
				6.85302608116476,51.3456101942011,0 6.84221047339535,51.3484536753258,0 6.790624008982839,51.35256294410961,0 6.772874101679751,51.3514081138975,0 6.75822507345329,51.3532934562905,0 6.74060339321474,51.35179606656761,0 
			</coordinates>
		</LineString>
	</Placemark>
	<Placemark id="Autobahn.92">
		<name>233ed0f7-A571</name>
		<LineString>
			<coordinates>
				7.1975031378054,50.54567513025911,0 7.197196008182271,50.5402639454095,0 7.19434298866548,50.5339118880667,0 7.186507608096819,50.5277196216604,0 
			</coordinates>
		</LineString>
	</Placemark>
	<Placemark id="Autobahn.93">
		<name>e2de7549-A43</name>
		<LineString>
			<coordinates>
				7.26401501177045,51.306545990386,0 7.26974500521627,51.3228629423798,0 7.26696899722943,51.3341269429641,0 7.27463500659659,51.3455049455674,0 7.273945003647199,51.35606194622049,0 7.27583800385663,51.3623019449895,0 7.275069007167511,51.367058946054,0 7.263323994762791,51.378742947723,0 7.261094997179181,51.3832789470866,0 7.264439004700691,51.3961869451735,0 7.261136007611679,51.4088819458674,0 7.261958005192229,51.4143849433013,0 7.26690700051365,51.4200649441333,0 7.28851999889924,51.4351669463439,0 7.29278900654536,51.4396539451604,0 7.294145003460261,51.44485394371969,0 7.289115007291739,51.4559529503711,0 7.287232001212419,51.4683159470509,0 7.28005299495325,51.4784569425509,0 7.276665994890489,51.4905979463965,0 7.271066994675211,51.4968219450292,0 7.25934199920707,51.5031549479244,0 7.21606718996473,51.5141663075395,0 7.21265094045745,51.5170473821441,0 7.20810099849687,51.5261239423265,0 7.20578500571674,51.5381629419987,0 7.20006399843434,51.544437944824,0 7.19376599880049,51.5620589444372,0 7.19305400278367,51.5706839438375,0 7.18524300183737,51.5990409434589,0 7.17068999967103,51.614215943959,0 7.167546591604009,51.6202268312711,0 7.16688099513809,51.62996994149649,0 7.17219300352955,51.6444759478236,0 7.17165299909236,51.6485809480581,0 7.15749899742967,51.6646839445637,0 7.157134003685879,51.67812294499641,0 7.147914998127999,51.6955569429616,0 7.14826200019898,51.7053779484535,0 7.15119099969821,51.71495794958591,0 7.14911900712905,51.7282719414494,0 7.149953003234211,51.7343999502875,0 7.15396600488341,51.7407989441229,0 7.171569002223,51.7579949438792,0 7.17566000619563,51.768272950277,0 7.17777799954967,51.7829489418071,0 7.182518575991419,51.79596222968141,0 7.19261142657365,51.8069372149292,0 7.20500890858564,51.81450110215441,0 7.22783347607848,51.8241555010329,0 7.247256859988891,51.8388651083695,0 7.2575999276442,51.8441708214861,0 7.29652475254874,51.85574845587131,0 7.31836800893279,51.8672649434064,0 7.36914800829654,51.8895609499483,0 7.39087300230307,51.903252943613,0 7.40601100652864,51.9066299436648,0 7.476680997095599,51.90021894495819,0 7.49209800725229,51.9011259444356,0 7.53518599742432,51.9123619476224,0 7.56047108486129,51.9153484143475,0 
			</coordinates>
		</LineString>
	</Placemark>
	<Placemark id="Autobahn.94">
		<name>4396b235-A352</name>
		<LineString>
			<coordinates>
				9.65944096637746,52.4261656558258,0 9.666038067554179,52.4280944140947,0 9.674730002194011,52.4387699413803,0 9.68068699878323,52.4422279460718,0 9.695739002572619,52.4454929491848,0 9.709801995053949,52.445166941219,0 9.718632998974361,52.44833694227039,0 9.721846002978509,52.45243094848689,0 9.723109005341,52.4574559410569,0 9.719873992199391,52.4787109461707,0 9.722940992267111,52.4851639421852,0 9.72926700537303,52.4906719435352,0 9.766549002976531,52.5098519424736,0 9.795982744585061,52.5379265943279,0 9.798500159327229,52.5416209569203,0 9.79806576017368,52.5460362743624,0 
			</coordinates>
		</LineString>
	</Placemark>
	<Placemark id="Autobahn.95">
		<name>9a16e4d0-A445</name>
		<LineString>
			<coordinates>
				7.95547900787288,51.4571189417941,0 7.957201005571579,51.46225294544471,0 7.954163003156889,51.4667959500407,0 7.936298003476869,51.4724399456253,0 7.93115000097091,51.4756229488571,0 7.92311000044312,51.4963649504292,0 7.89955300660549,51.51964894691429,0 7.89273700429647,51.5339099475396,0 7.89034299695932,51.556780949835,0 7.88753937545284,51.5649553026026,0 
			</coordinates>
		</LineString>
	</Placemark>
	<Placemark id="Autobahn.96">
		<name>85d33d5d-A573</name>
		<LineString>
			<coordinates>
				7.11647430751797,50.57539423096259,0 7.11917900089188,50.5711389431944,0 7.11949700519764,50.5663609449629,0 7.11651499997,50.5571819466832,0 7.12056600245776,50.551982948229,0 7.12596493449972,50.5500260592448,0 
			</coordinates>
		</LineString>
	</Placemark>
	<Placemark id="Autobahn.97">
		<name>fea25ec9-A27</name>
		<LineString>
			<coordinates>
				8.73316072062223,53.8395969072356,0 8.71637784647938,53.82652194945199,0 8.709990003561501,53.8186189403134,0 8.7070000029266,53.8091599452781,0 8.708596995152369,53.7887379448231,0 8.705570003863761,53.7774479410355,0 8.69637500520313,53.7661709405665,0 8.675131000070261,53.7516769442623,0 8.66440699697903,53.7396099461551,0 8.662025006047029,53.732385939839,0 8.663557995903339,53.7012239443432,0 8.657828004847071,53.677911944803,0 8.65880799534874,53.6637319469064,0 8.66491199726233,53.6337799485859,0 8.664825995410149,53.6215759436042,0 8.662669993464901,53.6149859441109,0 8.653442007893119,53.6025579443326,0 8.628094001991579,53.5863809455006,0 8.62109100741759,53.57825094634671,0 8.619940995358981,53.573572940215,0 8.620551003749849,53.5369199421582,0 8.629075996185311,53.5096289484523,0 8.62873299701511,53.5030439450471,0 8.625589987057539,53.49352206142639,0 8.617500995077,53.47865994165941,0 8.591019005613351,53.4546499485551,0 8.58342000061513,53.44185494376661,0 8.5808570021567,53.4289529454993,0 8.57998699408957,53.4046989410357,0 8.574836998217339,53.38128994079371,0 8.57518300130902,53.375715943485,0 8.58244099886538,53.3624469462665,0 8.6104889938639,53.3382469429794,0 8.616342005625739,53.33148994823711,0 8.62023100014896,53.3213839400763,0 8.61921000400484,53.3028699442129,0 8.621411003320519,53.29602494376731,0 8.631829004775559,53.2821639444803,0 8.635405995258139,53.2744169434532,0 8.636019999439799,53.2473429476576,0 8.63915500609763,53.2355119448181,0 8.64980999834002,53.217935942772,0 8.65918800427716,53.21015694177111,0 8.669685007584061,53.2045649402223,0 8.70031199862083,53.1916739412259,0 8.716174995433409,53.1734059420233,0 8.724237996990651,53.1551439457409,0 8.7439040015706,53.1390079466398,0 8.757417996503611,53.1324019438949,0 8.78979699722335,53.1207849414406,0 8.812022993783049,53.11676894577969,0 8.85064899885964,53.1153229428588,0 8.85855599495639,53.1137569429298,0 8.88037699850806,53.1039929454491,0 8.888822997458391,53.0943359443413,0 8.912613007548149,53.0802219456759,0 8.950974994744501,53.07768194057759,0 8.95969899931087,53.0737049432343,0 8.96429372872292,53.0677210584006,0 8.97229399515513,53.05024494483681,0 8.97790799994042,53.04553594799259,0 8.99512900690619,53.0352309407539,0 9.017171007143361,53.02709994710889,0 9.086921919922149,53.0142570316936,0 9.12221155968934,53.0141490562619,0 9.13835883014243,53.01249115912229,0 9.156581784068401,53.0082705029915,0 9.178118232059409,53.000584606075,0 9.21416240865106,52.9825912819794,0 9.23065947728548,52.9714525650658,0 9.2644600000728,52.9418909462601,0 9.27254000470796,52.9370129413222,0 9.296040993544841,52.929843946287,0 9.323149002564289,52.9278439434567,0 9.33922300565086,52.9245649437099,0 9.3736719966707,52.9119259417583,0 9.41297299577392,52.9009319428776,0 9.44696800037601,52.8886829430736,0 9.515009998408971,52.87131894133861,0 9.593821003236609,52.83609894102721,0 9.629063992296491,52.80839594827869,0 9.6655076635915,52.7893863513687,0 
			</coordinates>
		</LineString>
	</Placemark>
	<Placemark id="Autobahn.98">
		<name>72cd83f2-A555</name>
		<LineString>
			<coordinates>
				7.073717004903961,50.7462619512069,0 7.05275500242303,50.7519359440378,0 7.03104301130275,50.7641598834918,0 6.99972700658265,50.802250946452,0 6.970328996250729,50.8198129451504,0 6.96484099829304,50.82489794482079,0 6.964302008731529,50.8298329502241,0 6.96946419232165,50.8663891931684,0 6.9681217393514,50.8852887541017,0 
			</coordinates>
		</LineString>
	</Placemark>
	<Placemark id="Autobahn.99">
		<name>f62ff89e-A280</name>
		<LineString>
			<coordinates>
				7.28321800121657,53.16278194202209,0 7.27894500405955,53.1633489462621,0 7.252358003066439,53.1789839462439,0 7.24261600597499,53.1816459436434,0 7.2354849985101,53.1818119477511,0 7.21046044547506,53.1770262519672,0 7.20357823013175,53.17679716926069,0 7.19136235651494,53.1792471848518,0 7.150014787626161,53.1645591585332,0 7.13187588637202,53.1543635880594,0 7.10618849247323,53.1451746056991,0 7.09763819232658,53.1450382853753,0 7.071813561394791,53.148512537147,0 7.049071865206481,53.1575526700688,0 7.007722953673181,53.1669060212748,0 6.99729536789829,53.1711227502969,0 6.97637124605881,53.1853242307218,0 6.96327598238855,53.1883633820078,0 6.94620170125637,53.1871918306741,0 6.91673483679397,53.1745087236269,0 6.90122601889942,53.1713503980522,0 6.82415085752521,53.1675828011083,0 6.76938432282788,53.16870254427749,0 6.754474597869069,53.1703045030857,0 6.740442215655359,53.1750582960116,0 6.69058388452355,53.19926096418939,0 6.679438840435529,53.2005501211353,0 6.646466305656989,53.19971487609809,0 6.6373626384201,53.2018560724988,0 6.63078465001845,53.205552654697,0 
			</coordinates>
		</LineString>
	</Placemark>
	<Placemark id="Autobahn.100">
		<name>3c42ac60-A210</name>
		<LineString>
			<coordinates>
				9.7044384022178,54.29054374330871,0 9.77185799267126,54.3091129430394,0 9.80804900522719,54.315414943154,0 9.843718992981,54.3175659406143,0 9.899786005637869,54.31363094751371,0 9.91339499926759,54.31448894398891,0 9.93336899788269,54.3182859407764,0 9.967453991421509,54.31988493989509,0 9.986381993785381,54.3185689402667,0 10.0283059945632,54.306575947966,0 10.0544785195355,54.30732668540949,0 10.0626139824118,54.3094922565128,0 
			</coordinates>
		</LineString>
	</Placemark>
	<Placemark id="Autobahn.101">
		<name>0d166ef5-A67</name>
		<LineString>
			<coordinates>
				8.55846200585969,49.5543919497147,0 8.56087600304299,49.5899299445712,0 8.55203000087368,49.6478269455155,0 8.555527918699971,49.6733353980973,0 8.542920561140271,49.72219552859521,0 8.54394599828044,49.7646519480943,0 8.545643998382101,49.7696199469609,0 8.56310999447329,49.7903309503784,0 8.59282700535169,49.8346889510349,0 8.59797400642616,49.8583119506324,0 8.591754995385211,49.8652979435176,0 8.54475900420881,49.89288694855851,0 8.515762998099831,49.9056829478777,0 8.50517500218603,49.922462948783,0 8.488426004642839,49.9309959476969,0 8.48206700004587,49.9354189469554,0 8.478861006272981,49.9397629487655,0 8.476451001470959,49.9537899471418,0 8.4671300046321,49.9692539467938,0 8.46513400643385,49.982703943698,0 8.46783000177262,49.9899029481976,0 8.4753459957806,49.9987529428999,0 8.492041994692229,50.0099439429542,0 8.495439000888551,50.0142939441287,0 8.49694116945197,50.0192398478145,0 8.492460343061969,50.02644116005141,0 
			</coordinates>
		</LineString>
	</Placemark>
	<Placemark id="Autobahn.102">
		<name>249c123d-A143</name>
		<LineString>
			<coordinates>
				11.8568187134755,51.4039667089911,0 11.8612149074656,51.4132083398766,0 11.8643062128433,51.4266210670642,0 11.8647809486001,51.4392437664046,0 11.8629015044579,51.4516855857441,0 11.8562388530634,51.468244061369,0 11.8445119316853,51.4809300626902,0 
			</coordinates>
		</LineString>
	</Placemark>
	<Placemark id="Autobahn.103">
		<name>45a27029-A57</name>
		<LineString>
			<coordinates>
				6.927830999320579,50.95956094644119,0 6.91212800568561,50.9794159472094,0 6.87682200338279,51.0078579424467,0 6.84873299670299,51.0264189444193,0 6.841819996047569,51.0327849424569,0 6.83722600507458,51.03965594521659,0 6.83271099897757,51.06148694698021,0 6.82906899892582,51.0697999440644,0 6.80439048460609,51.094079864535,0 6.800533076425551,51.1026529529251,0 6.799141237647509,51.11831856088259,0 6.794177826031399,51.12701051503119,0 6.7860066435007,51.1340386023757,0 6.76421352856606,51.14552901506391,0 6.73487684033636,51.1691354699598,0 6.717978603269819,51.1732395448748,0 6.7073357873714,51.1776250849381,0 6.69860220818695,51.1760039277747,0 6.6711370000602,51.1796729499854,0 6.66664999692138,51.1824719455901,0 6.65475100503304,51.1967439423031,0 6.63942900903243,51.223154948757,0 6.637781002850449,51.24567394304609,0 6.64362500516335,51.2583289491089,0 6.64355000229493,51.266902942096,0 6.64259300544875,51.2746889466915,0 6.63553500210805,51.285671943679,0 6.6371959978361,51.3007379441543,0 6.63007500398373,51.32564494558579,0 6.62484999912945,51.3377539421119,0 6.62434400635319,51.3438879419429,0 6.62657700617285,51.35716494796889,0 6.62540800801006,51.3699839435739,0 6.62048900902091,51.377668948322,0 6.60722100154948,51.38780794741759,0 6.60459599709376,51.3922149433105,0 6.60372900440901,51.39706694348979,0 6.60555899677632,51.41803294206619,0 6.60431400404669,51.4360269465346,0 6.60138300047198,51.44238394163271,0 6.593154002388469,51.45192494583791,0 6.58742600229819,51.4720959493285,0 6.57647640123723,51.4888205905268,0 6.57573799847799,51.4969389473476,0 6.58461270304509,51.513106944715,0 6.585053003179839,51.52246294824841,0 6.5788850027373,51.5315249416266,0 6.56329600574509,51.544574949954,0 6.55098500832389,51.5506999457595,0 6.51975999663178,51.5599479479928,0 6.46095099766891,51.56751094481179,0 6.40329600886881,51.58091994307989,0 6.3774410052717,51.5893769460289,0 6.29086199762622,51.6365589427582,0 6.2770060000897,51.64264894824811,0 6.26206500349472,51.64639394882209,0 6.21609800955633,51.65010994565229,0 6.18054893408903,51.65566753965809,0 6.147694996928649,51.6622979437621,0 6.11115600246793,51.6734659498625,0 6.10178800655756,51.6745849493049,0 6.07415300107596,51.67249394377699,0 6.01173127823957,51.67454164560909,0 5.98013409968845,51.6654481090565,0 5.94462781994678,51.66214399648829,0 5.931602182829909,51.6622434649446,0 5.90181561169314,51.66688991181161,0 
			</coordinates>
		</LineString>
	</Placemark>
	<Placemark id="Autobahn.104">
		<name>0cec9d1d-A535</name>
		<LineString>
			<coordinates>
				7.093616494458189,51.241642440797,0 7.080577999709701,51.27282395019309,0 7.07276099946559,51.2835409456223,0 7.0658649990212,51.3002949451012,0 7.06690099717535,51.3052799424394,0 7.0720762038217,51.3128279077234,0 7.06572600027202,51.3318879464905,0 7.057349998613061,51.3404169450484,0 7.040446041892699,51.3524682502754,0 
			</coordinates>
		</LineString>
	</Placemark>
	<Placemark id="Autobahn.105">
		<name>645451d6-A25</name>
		<LineString>
			<coordinates>
				10.3305366626919,53.4568999411259,0 10.3005900056657,53.4580399475643,0 10.2398179957201,53.4757829452237,0 10.2221990061571,53.4770139470006,0 10.1903229970823,53.47266294624811,0 10.1764159996275,53.4736739448766,0 10.1376630014539,53.48359294345691,0 10.1156120000388,53.4866579435862,0 10.1030859922792,53.4919099460144,0 10.081681324087,53.5049040977631,0 10.0809530052538,53.50725194089009,0 
			</coordinates>
		</LineString>
	</Placemark>
	<Placemark id="Autobahn.106">
		<name>365c2c8f-A19</name>
		<LineString>
			<coordinates>
				12.1124111234658,54.1364001391268,0 12.1257059814679,54.13834965391031,0 12.1334140430171,54.1366977216088,0 12.1959920004835,54.10351634067131,0 12.2005079579396,54.0978506605177,0 12.2006501673394,54.0918681708874,0 12.1948096815963,54.0759922393947,0 12.1947185227738,54.0685212770054,0 12.1991763102489,54.0484364556766,0 12.19885396785,54.0391235231636,0 12.2029599785545,54.0109659815558,0 12.2028427661454,54.0038272098729,0 12.1962084675347,53.98289097929211,0 12.1977346691911,53.9717536103709,0 12.197317519687,53.95866341932711,0 12.1992460302605,53.9525825177488,0 12.2063873639919,53.9438720776951,0 12.2305124330784,53.9255458163796,0 12.2391083076742,53.912395696884,0 12.2532988197416,53.8966634800572,0 12.257795232631,53.8886703149345,0 12.2592788852478,53.8679974873849,0 12.2623922808977,53.8589152160113,0 12.2718535256727,53.84993644783321,0 12.2930318919579,53.8376340439046,0 12.2979299175033,53.8323528543315,0 12.3004789772748,53.8232960955953,0 12.2978189907531,53.8074945901699,0 12.2993033932699,53.80021314248889,0 12.3048629186709,53.7913088869777,0 12.3213348072168,53.7730170681063,0 12.3290075725402,53.7522307558059,0 12.3329641747029,53.7457372771878,0 12.3562438674865,53.7241359008574,0 12.3575762601582,53.7087367402136,0 12.3608520636465,53.70135947939799,0 12.3691348423684,53.69127120641839,0 12.369878338486,53.68252234897421,0 12.3645005670175,53.67198044809239,0 12.3632452615784,53.66191692627491,0 12.3752856082858,53.63010376004979,0 12.3756535208664,53.61660126627971,0 12.3722422155946,53.60798042853919,0 12.3647152640379,53.5986218794481,0 12.3516236939193,53.58926321191709,0 12.3220502342614,53.5738515143345,0 12.3171392554485,53.5681009299191,0 12.3160505416,53.5623199538241,0 12.3176831966474,53.5576351345687,0 12.3216581185569,53.55319697838949,0 12.348952968584,53.5345858219351,0 12.3577932065274,53.5169087179522,0 12.3773580883675,53.5036867333537,0 12.3807635476049,53.4998003396438,0 12.3825869485407,53.4951353189551,0 12.3805862598086,53.4693145046876,0 12.3857045944737,53.4568391438894,0 12.3938305468729,53.4489007361542,0 12.4158340759534,53.4342901669182,0 12.4392212027485,53.411744033386,0 12.4446032858668,53.4043033958562,0 12.4527275241975,53.3842082275159,0 12.4678594638801,53.3676007488847,0 12.4723586582757,53.35819688578311,0 12.4738569330821,53.3443092216207,0 12.4778957719739,53.3293488251024,0 12.4779951674198,53.3139045693472,0 12.4719825394051,53.2963684625863,0 12.450143698572,53.262451078402,0 12.4474629951937,53.2500719254604,0 12.4513307177545,53.2291474068134,0 12.450511353827,53.2115862903263,0 12.4573862507462,53.1898225781189,0 12.4559718169955,53.181930175967,0 12.4488828250032,53.165882067029,0 12.4481553425578,53.1572275529148,0 12.4577870028149,53.1349746972438,0 
			</coordinates>
		</LineString>
	</Placemark>
	<Placemark id="Autobahn.107">
		<name>50690cc9-A114</name>
		<LineString>
			<coordinates>
				13.426303997913,52.64340294238011,0 13.4276649962699,52.62811994203469,0 13.4308779932115,52.6234619407031,0 13.4440869917926,52.61496194287441,0 13.4487399963116,52.6100649442531,0 13.4492530008854,52.6069149403281,0 13.4439069922609,52.5949519393649,0 13.4290840000941,52.5802219438299,0 13.4292817723215,52.5745539314075,0 
			</coordinates>
		</LineString>
	</Placemark>
	<Placemark id="Autobahn.108">
		<name>f743561a-A293</name>
		<LineString>
			<coordinates>
				8.194126676059669,53.1531946484187,0 8.19572600649124,53.15641294460531,0 8.20522199754347,53.1620349455831,0 8.21535099475267,53.1639629482449,0 8.221621994485281,53.16828394276071,0 8.226697001860421,53.1803739429317,0 8.22656999967961,53.1847869414419,0 8.220980997710409,53.2001519453169,0 8.221150993998821,53.2053879451749,0 8.22688999396849,53.2141619419184,0 8.23209018018351,53.217984475942,0 
			</coordinates>
		</LineString>
	</Placemark>
	<Placemark id="Autobahn.109">
		<name>bfc74bc1-A5</name>
		<LineString>
			<coordinates>
				9.538326846632961,50.80995216839799,0 9.5323582886562,50.8079988113844,0 9.509659342020351,50.8074935179146,0 9.493507370770169,50.7984779986115,0 9.484084645873249,50.7967967809177,0 9.469158186585521,50.790199704328,0 9.45082976947381,50.7929421418712,0 9.44023696145023,50.7880905615822,0 9.40117520035507,50.7792222784992,0 9.3776105572692,50.7682156768392,0 9.37002971524004,50.7624480052235,0 9.355732977622271,50.75849037378291,0 9.335528506696351,50.7543228629149,0 9.31267509023605,50.75654916551171,0 9.305483358716151,50.7544459888687,0 9.295227006116381,50.7455139430877,0 9.28980200187639,50.74329594864679,0 9.275845002559659,50.7423579505607,0 9.24152999382895,50.735386947804,0 9.2096889968751,50.7228779430064,0 9.193603002959239,50.7136809495144,0 9.18733400225071,50.7117669500814,0 9.154883001362281,50.7116219455314,0 9.13638599577294,50.7151769499562,0 9.10597299584523,50.71452294561531,0 9.08543499319639,50.7172539457294,0 9.075889004336871,50.7159559437235,0 9.04708300226951,50.7011829435374,0 9.040646993949339,50.6932589434682,0 9.03754099873589,50.6855899427316,0 9.03083200150818,50.6799279439672,0 9.01709199570117,50.6588109478516,0 8.997697001785509,50.6460089506818,0 8.968267997362391,50.6403139479075,0 8.94539699304862,50.6386819496918,0 8.867810995041671,50.6129649510812,0 8.82895799488012,50.6113209473969,0 8.82490900222267,50.60940594693351,0 8.81626786382901,50.6002836961494,0 8.800987001457329,50.5729019489482,0 8.78167400299052,50.54478995089801,0 8.746837002468929,50.5101879488173,0 8.717353394109359,50.4583187210238,0 8.695936992001711,50.445984260678,0 8.69445286268822,50.4426984081114,0 8.69509836348019,50.43776225210271,0 8.70572485398602,50.3758189271207,0 8.70457100411776,50.3704959453587,0 8.69442700555715,50.3569499459518,0 8.6928420072219,50.3524589460056,0 8.69593800198909,50.33753294886341,0 8.691964006083181,50.3185099460434,0 8.68870600354329,50.3133749432017,0 8.675411995394199,50.30136094832441,0 8.662585998044079,50.2637699507745,0 8.66267300248678,50.2162369456085,0 8.65741500030035,50.20856295089819,0 8.62258500400001,50.1879529485747,0 8.61808199844516,50.18387794548259,0 8.59071300714942,50.13471594647759,0 8.58990799911801,50.1308849483446,0 8.59061300387982,50.12763094505519,0 8.604545996067159,50.106017945101,0 8.61509599552218,50.0957209428025,0 8.61771299392996,50.0881519471162,0 8.61792999353851,50.0816769499112,0 8.59505399417308,50.03485494656569,0 8.59283500350721,50.0276299481497,0 8.592708001895041,50.01926994979269,0 8.61295899882986,49.9320709460635,0 8.59797400642616,49.8583119506324,0 8.60746099351012,49.85051494496891,0 8.62772199751052,49.8408439468952,0 8.632666996551841,49.8361189514974,0 8.63408999538796,49.8297789493656,0 8.628910004929709,49.81963294531649,0 8.627193006440329,49.80575194446969,0 8.619516006429899,49.7934449456861,0 8.61691600634267,49.7811929438884,0 8.6139640016745,49.7758769446917,0 8.600182003646781,49.76478795183149,0 8.5949119977011,49.75625994865,0 8.591584001945449,49.7404239464741,0 8.591764000897101,49.7322099470579,0 8.60285299460298,49.6954619518106,0 8.59925199487097,49.6798449473023,0 8.6000259989809,49.67260694793129,0 8.608294994196029,49.65769995117121,0 8.609528997742689,49.6390629434741,0 8.61233700732482,49.6306329453276,0 8.624839002186031,49.6161119469083,0 8.62956800128082,49.6073439513321,0 8.634958005315511,49.5823329473415,0 8.63399899826306,49.57032995030301,0 8.628323998846071,49.5574019497498,0 8.62747599497308,49.5489249433715,0 8.63735599678402,49.5205769434723,0 8.639554005505911,49.50890995035161,0 8.638648994622249,49.4866939479511,0 8.646659003874399,49.4553789471007,0 8.64337900487631,49.440906947783,0 8.63537299715156,49.4278859508979,0 8.633478002369939,49.4182039498934,0 8.63879400638794,49.39020794667031,0 8.63296600072526,49.3760029498014,0 8.62916799967112,49.3149719490707,0 8.626563999762251,49.30173695204701,0 8.62038299548129,49.280924945172,0 8.60067299847319,49.25380794696411,0 8.60379999594263,49.2205459495981,0 8.60253499892065,49.2156509456634,0 8.5795010038188,49.1809069490613,0 8.55143840761894,49.1332326707719,0 8.551365344431879,49.11844969993991,0 8.54917353454184,49.11299593111031,0 8.53137958221388,49.09062064209499,0 8.50978765678868,49.0720084394493,0 8.48040604018747,49.02992295842451,0 8.45790799419559,49.0081039468804,0 8.4384720051948,48.99519294435731,0 8.436012004714611,48.990946945304,0 8.436903998270781,48.9747399477453,0 8.435055996186341,48.97190894700691,0 8.412415005643661,48.9622399437042,0 8.3837206313545,48.9569135396065,0 8.377011555481729,48.9534768252244,0 8.363647195315179,48.9407013888678,0 8.34902402414895,48.90891602182311,0 8.34086199034008,48.9026951832718,0 8.284490003567861,48.8874269490678,0 8.26286000606297,48.8791289524392,0 8.256049996482711,48.8745139440007,0 8.22220500668733,48.8344749513594,0 8.21565763872324,48.829082123112,0 8.187963996694201,48.8125029493065,0 8.14894400449645,48.78236694989809,0 8.130817998256941,48.75440694630371,0 8.11126799522299,48.7337669483167,0 8.07911600139867,48.7070859449683,0 8.05928900517401,48.6794759446366,0 8.03805899496645,48.65969195020371,0 8.02360999753768,48.6339419486294,0 8.01604500646561,48.6241259469359,0 7.989636000539231,48.6018999456353,0 7.973402004737431,48.5853949530019,0 7.96084600233337,48.5692759500736,0 7.948461996429801,48.5478269464062,0 7.91561800416753,48.5172779505945,0 7.90930899712577,48.509230946831,0 7.904763998909599,48.5011859509266,0 7.90119100276576,48.4879119463718,0 7.90479600332459,48.4605859471952,0 7.90135286632942,48.44872309164451,0 7.891592006837181,48.43196595194549,0 7.875240999378499,48.41531995197181,0 7.82675399604167,48.3858079448538,0 7.802705003699351,48.3671019529974,0 7.7953030039683,48.3592109443929,0 7.79031599529716,48.34990994867749,0 7.78844100522673,48.3407909443003,0 7.790419995737481,48.31547094904791,0 7.78948000069514,48.30027494817249,0 7.78638399718943,48.28943994482169,0 7.78104110306301,48.2783586150571,0 7.76085675917262,48.2519211453809,0 7.75440256848774,48.2403094442563,0 7.74953384448168,48.2278953535468,0 7.74580874989673,48.20764318532,0 7.74666432234374,48.18925459194681,0 7.75101979316206,48.1724433461438,0 7.75998499791591,48.1542109468572,0 7.78244656909348,48.12594766489849,0 7.79459043164979,48.094471760862,0 7.80867119646944,48.0733554786149,0 7.81251800793224,48.0613809482192,0 7.81126499490418,48.050076950153,0 7.805936002870881,48.0401959532785,0 7.79624800348169,48.0309879452955,0 7.76910500386829,48.0139049452312,0 7.7499520059124,47.9932569474086,0 7.734075000519829,47.98024094803349,0 7.718032999310309,47.9699339450895,0 7.68568800292823,47.9552309509519,0 7.639633563444599,47.9455895002488,0 7.625557165981339,47.9410030970623,0 7.614191948993409,47.9359961240992,0 7.5986142257367,47.9239910954272,0 7.59290034601033,47.9161058219711,0 7.58308655601377,47.892990833458,0 7.56812746025409,47.8707808744967,0 7.566085850918761,47.86121758433649,0 7.5670370365707,47.8470364102532,0 7.56568458780975,47.8375649035105,0 7.561067249736571,47.82609268427309,0 7.54562423127189,47.80372369255059,0 7.536320996234721,47.7840973948223,0 7.53656000643133,47.7712349488618,0 7.53975300488461,47.7633519529098,0 7.55102800061872,47.7453579517122,0 7.55212200382461,47.7362589470676,0 7.549550003425299,47.7281999493225,0 7.54488199748672,47.72096294615841,0 7.53850800572057,47.7152369520193,0 7.5264459987773,47.70809394969681,0 7.522544997870699,47.7035049457003,0 7.520444999460779,47.6925599517623,0 7.52470000482576,47.6664649466233,0 7.53050699969099,47.6579069447988,0 7.54086700522699,47.64986694974161,0 7.56443299890714,47.6373509493217,0 7.58177299654349,47.618837947612,0 7.59641699919327,47.608748947894,0 7.601769004740089,47.6015499508423,0 7.603842000462401,47.5943199523865,0 7.60226199667897,47.5859809466458,0 
			</coordinates>
		</LineString>
	</Placemark>
	<Placemark id="Autobahn.110">
		<name>33ee685a-A661</name>
		<LineString>
			<coordinates>
				8.68841309825563,49.9652794645804,0 8.69657600691756,49.9798389512863,0 8.695628997614509,49.9837709504198,0 8.68860100480862,49.9936189477076,0 8.68856100342782,49.99691994793271,0 8.690477998676039,50.00043894687861,0 8.706906005352369,50.0165589473674,0 8.715031002384739,50.0395099468073,0 8.72251300543267,50.0503789435291,0 8.726788001183181,50.06459694983359,0 8.735571999758889,50.07717294940619,0 8.740603999746011,50.0964569454636,0 8.73832200486877,50.1054799503953,0 8.724875897061841,50.1272607805624,0 8.722957677837689,50.13506343715711,0 8.70665654693248,50.1406375535375,0 8.7036139180315,50.1478149256571,0 8.7060546595232,50.155387824646,0 8.703497193727429,50.1583173602371,0 8.698430000030809,50.16005794916761,0 8.680271998918499,50.1591909475968,0 8.67183799429227,50.1614129510593,0 8.661608007173511,50.1682099475691,0 8.65109500399862,50.17172694305809,0 8.64811599394419,50.1743579473687,0 8.647716565182771,50.17751028126321,0 8.64996100060613,50.18039194471449,0 8.656493998134611,50.1842139433129,0 8.657742001156659,50.18650094414651,0 8.657142995593601,50.1892999429237,0 8.64497699789905,50.2009709475244,0 8.615403995552059,50.2086709454541,0 8.57148448277114,50.2155802088654,0 
			</coordinates>
		</LineString>
	</Placemark>
	<Placemark id="Autobahn.111">
		<name>e17c80b5-A391</name>
		<LineString>
			<coordinates>
				10.5026239704784,52.2273245954753,0 10.5079088709064,52.2345353208306,0 10.5098633686072,52.2432632026552,0 10.5056790045722,52.2477309447094,0 10.4976030042739,52.250860947726,0 10.4857549921721,52.2636789489978,0 10.4863910031518,52.2663419458632,0 10.4926297480103,52.27223221017429,0 10.4911919964192,52.28804394313691,0 10.4933740004363,52.2913919452363,0 10.5059289948808,52.30036394469061,0 10.521364997966,52.3177609421929,0 10.523732702905,52.32122057022531,0 10.525307972282,52.3323271571799,0 
			</coordinates>
		</LineString>
	</Placemark>
	<Placemark id="Autobahn.112">
		<name>cfd176a6-A656</name>
		<LineString>
			<coordinates>
				8.509999684656901,49.47060249158831,0 8.53948500348276,49.461147949949,0 8.59466200256888,49.4403949492993,0 8.633478002369939,49.4182039498934,0 
			</coordinates>
		</LineString>
	</Placemark>
	<Placemark id="Autobahn.113">
		<name>e1fcb644-A369</name>
		<LineString>
			<coordinates>
				10.5540020827425,51.90814029401551,0 10.5545091325363,51.91543482538469,0 10.5581390031439,51.92324894809891,0 10.5648489395091,51.9309540215931,0 10.5784374180403,51.9358171940401,0 
			</coordinates>
		</LineString>
	</Placemark>
	<Placemark id="Autobahn.114">
		<name>fb287988-A643</name>
		<LineString>
			<coordinates>
				8.21262658207077,50.0527686406157,0 8.21179397660763,50.03060535808,0 8.20894600735649,50.020119949586,0 8.20179499638291,50.0119369513288,0 8.193573003215951,50.0063959466173,0 8.17715313387556,49.9997695341723,0 
			</coordinates>
		</LineString>
	</Placemark>
	<Placemark id="Autobahn.115">
		<name>503a2411-A13</name>
		<LineString>
			<coordinates>
				13.7521333451696,51.13590944120941,0 13.7462852441982,51.1461026624716,0 13.7502368545477,51.1548208976166,0 13.7497311189585,51.1684425585866,0 13.7395777335002,51.197220062169,0 13.7339129967481,51.2191819461469,0 13.727773992809,51.2295179460996,0 13.7261535626082,51.249314102715,0 13.7223580997245,51.2597285641651,0 13.7255920591604,51.27484155495,0 13.7344717391602,51.2869417634161,0 13.7282537509953,51.3076521692299,0 13.7193342969609,51.32366772825269,0 13.7164918661035,51.3451724881886,0 13.7174744213581,51.34851621868711,0 13.7427043535557,51.36606652342419,0 13.7452643105773,51.3692067826649,0 13.7487484914842,51.3845769290787,0 13.7519203434149,51.38857165693249,0 13.804494463614,51.4132072923241,0 13.814749458443,51.42462002198361,0 13.8343299281734,51.4408748919648,0 13.8807246343654,51.48475698682439,0 13.8974665878097,51.4948110153405,0 13.9016155255664,51.5004312176487,0 13.9060482801114,51.5151148763243,0 13.9052693119131,51.52726662047161,0 13.9124282020901,51.5524072285142,0 13.9280268035511,51.5662803899435,0 13.9333956867187,51.5812351681162,0 13.9363842972186,51.5849710497159,0 13.9504579215126,51.59533574437409,0 13.9530138873265,51.5994984513347,0 13.9538436523402,51.60389163132601,0 13.9526397043271,51.6088660614184,0 13.9414267492157,51.6305592965402,0 13.9413730468897,51.6477147296,0 13.9380604629163,51.6526056332028,0 13.9326370084335,51.6566571425502,0 13.910229316305,51.664439250021,0 13.9041103929031,51.6690491892939,0 13.9008564314313,51.67439940417971,0 13.9014469312732,51.6958449106929,0 13.894751362571,51.71086383793621,0 13.8658338476407,51.7364309255818,0 13.8615809046814,51.7432177887946,0 13.861332013794,51.7481560152594,0 13.8663332062086,51.76936866951549,0 13.881171997463,51.792340949646,0 13.887046993952,51.8091119503226,0 13.9242289974995,51.84427294642249,0 13.915894221965,51.84742006263491,0 13.9068073613676,51.8542379973847,0 13.8966988504885,51.8703024323598,0 13.8879917666396,51.876712378977,0 13.8784957647547,51.8801662382066,0 13.8326788602761,51.89040244902989,0 13.8207974498257,51.8946586818628,0 13.789121661289,51.914703523732,0 13.7662715958468,51.9313996777959,0 13.7629597786113,51.9400186538082,0 13.766679995679,51.9539879476817,0 13.7665010034635,51.9584989430321,0 13.7628020034936,51.9649219480717,0 13.7455129928833,51.97484094171639,0 13.7287069965911,51.9885339435336,0 13.7190469997154,52.0037289422751,0 13.6867664242489,52.0209424273599,0 13.6573866303688,52.0511343609062,0 13.6546344216361,52.0552160021044,0 13.6494909584906,52.07944311402,0 13.6463202622305,52.1095171399607,0 13.6491393287964,52.1476780736378,0 13.6472288001685,52.1582874039335,0 13.6404167422801,52.16615356681551,0 13.6254224183578,52.1756481698332,0 13.6177934363129,52.1854598995645,0 13.6134740835145,52.20072867614249,0 13.5965543630321,52.22184987809191,0 13.5888509541453,52.2464131586266,0 13.5564026052335,52.2984977521966,0 13.5544779313555,52.31909005191201,0 
			</coordinates>
		</LineString>
	</Placemark>
	<Placemark id="Autobahn.116">
		<name>80b93bde-A96</name>
		<LineString>
			<coordinates>
				11.5201969997964,48.1235649527457,0 11.5026000006852,48.1257349503445,0 11.4900269918824,48.1237659478397,0 11.4547639913169,48.12465595235921,0 11.4429970031806,48.1279209448031,0 11.433224998951,48.12710694779391,0 11.4224419913942,48.13020594509851,0 11.4144017932981,48.1298645717529,0 11.4047068114218,48.12655497105941,0 11.3999309988213,48.12155095285321,0 11.3920759996292,48.11819895221541,0 11.3696649961451,48.1164739475587,0 11.3522079984183,48.11136994502031,0 11.3447389957412,48.1083399478465,0 11.330657994991,48.0986179485972,0 11.3231879996851,48.0967319449102,0 11.3073580000978,48.0960029449256,0 11.2944750034788,48.09331794496529,0 11.2749074476024,48.0940591266406,0 11.264893564012,48.0917361174721,0 11.2438460767769,48.0928954148107,0 11.2261802929445,48.0871173660191,0 11.200311786151,48.0845317592703,0 11.1693106573052,48.0826370035423,0 11.1515646481203,48.084628919625,0 11.1354682100221,48.07908671251339,0 11.0667330490783,48.0708631146402,0 11.0474238759077,48.07409530425159,0 11.0384174476452,48.073619538711,0 11.0202615301726,48.0660551175449,0 10.9972317241865,48.0650131303137,0 10.977002364836,48.0593517762366,0 10.9412327541755,48.0553632026709,0 10.8917879940865,48.05773695114179,0 10.8739118109386,48.06473157921459,0 10.8652821416645,48.06598924500591,0 10.8508402829931,48.0623895097264,0 10.84314469396,48.05227046275481,0 10.8377301957942,48.0481496040213,0 10.82911914412,48.0456703237529,0 10.8126677937267,48.0458850949407,0 10.801248040201,48.0427291042474,0 10.7464218885104,48.0355987365015,0 10.7272102311358,48.0265265433974,0 10.702387263575,48.0234383428416,0 10.6662550034528,48.03026094962081,0 10.6370452581352,48.0395658349907,0 10.6199019915861,48.0410909482241,0 10.5737340007794,48.0424589513119,0 10.5574961825319,48.03949215881509,0 
			</coordinates>
		</LineString>
	</Placemark>
	<Placemark id="Autobahn.117">
		<name>4e4fa82e-A96</name>
		<LineString>
			<coordinates>
				10.5574961825319,48.03949215881509,0 10.5571939991446,48.0394369472471,0 10.5357180008398,48.0323799465738,0 10.4795530012149,48.0249219480198,0 10.4718810002725,48.0260159499152,0 10.457002001937,48.03129895114481,0 10.3780613271576,48.03760697501291,0 10.3047181773311,48.024496519226,0 10.2907170203883,48.0241629908761,0 10.2582912765287,48.0171579621265,0 10.2467026924268,48.009104979598,0 10.2231761778153,47.9992498936512,0 10.2164603151291,47.99807606739981,0 10.1706806971454,47.99904529928369,0 10.1504959992989,47.99587494826289,0 10.1370790007698,47.990167952477,0 10.1253950041056,47.9809619509568,0 10.1082409999224,47.958213950835,0 10.09647599257,47.933944944829,0 10.072201842541,47.9169832536367,0 10.068271538573,47.912465991975,0 10.0633045835082,47.90241052460379,0 10.0471790304754,47.8933345783538,0 10.0308618432503,47.87373476118249,0 10.0112385705198,47.8637386479555,0 10.003770370121,47.85666004725729,0 9.9936687948856,47.850435962923,0 9.990762475653179,47.845199939485,0 9.991267130803889,47.8174414103377,0 9.989816352443491,47.8092109930949,0 9.98636358843348,47.8037900466653,0 9.969438315682231,47.7942856373956,0 9.960347500336139,47.7832585207696,0 9.9533486724828,47.7793618609838,0 9.93178670134056,47.7721291892731,0 9.91329382809765,47.7594351102551,0 9.89156578931701,47.7389969446399,0 9.866760131548229,47.72261353568689,0 9.86058281678549,47.7203477223467,0 9.84466567874559,47.71851549057621,0 9.829394113969499,47.7128406842822,0 9.811818771177579,47.7099059743012,0 9.803412587975879,47.7065136183514,0 9.796104005084461,47.7002329500767,0 9.787094994530451,47.68701594530519,0 9.783424000198959,47.6731459498877,0 9.779259999450639,47.6663559481762,0 9.76975899815543,47.6571839488288,0 9.746982992577779,47.6428219454047,0 9.74189900198701,47.6361169512949,0 9.73227699948875,47.60189695143789,0 9.736472996977341,47.5870959449048,0 9.73511088292655,47.5736266893057,0 9.737734536645689,47.56358974615221,0 9.73387439831693,47.5536455045513,0 9.73600828727988,47.5473003255836,0 
			</coordinates>
		</LineString>
	</Placemark>
	<Placemark id="Autobahn.118">
		<name>e22c44b6-A861</name>
		<LineString>
			<coordinates>
				7.75837720671351,47.5483966464388,0 7.75763252537939,47.5566497883682,0 7.7617293493268,47.5783611777112,0 7.75760626776497,47.5864100117057,0 
			</coordinates>
		</LineString>
	</Placemark>
	<Placemark id="Autobahn.119">
		<name>d910656d-A33</name>
		<LineString>
			<coordinates>
				8.719139004290071,51.5819939461311,0 8.72961200557109,51.5928959480313,0 8.7307419988385,51.5977469438595,0 8.73002400337038,51.6109999500613,0 8.72646699671156,51.6244469446065,0 8.72011299388809,51.63685294429,0 8.716349993407521,51.6491109464354,0 8.70751399471801,51.6612709425919,0 8.70772399912185,51.66465194701521,0 8.712967000829121,51.67464094611989,0 8.71362669669033,51.6824097011735,0 8.70505900686093,51.70482894999959,0 8.70547391177133,51.7331180977761,0 8.702852006584351,51.74061894978351,0 8.694372002891329,51.7551709481,0 8.69327999341251,51.760788944891,0 8.694617006820881,51.7655529422213,0 8.702507001622219,51.77845594329609,0 8.704190005440759,51.7871799452169,0 8.698548004973871,51.806606945693,0 8.701495995461009,51.8192289451064,0 8.70052699418795,51.8244149429619,0 8.696899996441489,51.8291119443734,0 8.676728997095861,51.84503594417249,0 8.650575400260649,51.875618612326,0 8.63709018500035,51.8969198793993,0 8.62147326382048,51.90851603061211,0 8.61699675600709,51.91986819104089,0 8.6133819659051,51.92258468713259,0 8.608261316282221,51.92427112686651,0 8.586334910741529,51.9257098656806,0 8.561976726523261,51.9394055954285,0 8.55260760000159,51.9421096882137,0 8.52619337512121,51.9432213223952,0 8.51213359478891,51.946109933377,0 8.50850960219323,51.9486994983731,0 8.496621608470409,51.96647872918771,0 8.490316115132369,51.9700006610443,0 8.46782661960019,51.9774383216812,0 8.44855314275296,51.9893969873695,0 8.444303242503681,51.9936484924366,0 8.438844676260389,52.0037746943528,0 8.435202891611439,52.0066988036132,0 8.403655746076801,52.014665491079,0 8.361566798527861,52.0290006377503,0 8.34212777866777,52.0389586440154,0 8.33930751578615,52.044108010136,0 8.340698132110081,52.0509775100343,0 8.33985192997957,52.0542778727786,0 8.33651479371937,52.05734493998399,0 8.3174451788827,52.06401868574551,0 8.295890603132969,52.0687727529708,0 8.264296962409089,52.06823461543321,0 8.25641000553029,52.07136066507431,0 8.22801449740944,52.0891187243622,0 8.1961679965809,52.100766943972,0 8.184615996498881,52.1074819410835,0 8.18164099679611,52.1113939453679,0 8.1769069963929,52.125296941806,0 8.17281299669197,52.1305909440479,0 8.157719990907241,52.1431079417763,0 8.15634599695365,52.1494889414553,0 8.15986099470339,52.15706894717001,0 8.1599259949485,52.16259594119731,0 8.151923994705919,52.1762569445521,0 8.145369998990651,52.1944049453135,0 8.14136600046486,52.2001789490291,0 8.131157003155369,52.2083839428072,0 8.098067004464861,52.2242189481894,0 8.088770997928849,52.23440994296109,0 8.08716500623003,52.2400059453499,0 8.087634008345679,52.245885940997,0 8.093210002676861,52.2561589415191,0 8.102622006890041,52.26780794761871,0 8.10954024627716,52.2857062206598,0 8.10709502906295,52.29298333304919,0 8.10974815390059,52.3033225231139,0 
			</coordinates>
		</LineString>
	</Placemark>
	<Placemark id="Autobahn.120">
		<name>d96e0733-A63</name>
		<LineString>
			<coordinates>
				7.8009906207584,49.46086961459431,0 7.82157488323517,49.46274690155769,0 7.823913614192531,49.4643987466414,0 7.8264579361182,49.4731076337394,0 7.83630697088105,49.480463812506,0 7.84087758395738,49.48659933057191,0 7.84619417091963,49.51619838212429,0 7.845459110859179,49.5271738676466,0 7.84704510439021,49.5323670675962,0 7.85425860449388,49.5399746080794,0 7.858197846494229,49.5475431223417,0 7.87239579656487,49.5547000887677,0 7.892640696656719,49.5601329546853,0 7.896936736783,49.56375714447509,0 7.90216676391652,49.5723100223908,0 7.90857819205656,49.5763674048986,0 7.93057460448232,49.5810623251355,0 7.949003158774371,49.5899457160556,0 7.96896161346729,49.5947798363714,0 8.004833811574731,49.60810368969079,0 8.01604691263169,49.6131408748881,0 8.029084954485061,49.6239734644906,0 8.03373911539529,49.6365476079207,0 8.03326475942381,49.6419135562177,0 8.02540697288636,49.6597046167448,0 8.02459318061921,49.6689234473295,0 8.02713476719252,49.676537317229,0 8.03215573546793,49.68291431151281,0 8.07472837959199,49.7171824230944,0 8.08044469509616,49.72713019393769,0 8.08876000752243,49.7578529461996,0 8.093300998886161,49.76426294685611,0 8.099908003607579,49.7697619442604,0 8.12994699466644,49.7850139453946,0 8.139646002836891,49.7932239505428,0 8.14407029601154,49.8040796028825,0 8.14297869289461,49.8299397351518,0 8.144516500943549,49.8411944530974,0 8.14865907118525,49.85198674164609,0 8.155455576657181,49.8623786235413,0 8.18682099392921,49.89533494584709,0 8.190660996152801,49.9035679443083,0 8.19518499418732,49.9206839481984,0 8.20452600190929,49.9406939513801,0 8.209279007377161,49.9445149453644,0 8.22496200757411,49.9517669487224,0 8.23903875462034,49.964400039635,0 
			</coordinates>
		</LineString>
	</Placemark>
	<Placemark id="Autobahn.121">
		<name>f114b433-A28</name>
		<LineString>
			<coordinates>
				7.496994614177651,53.266870671431,0 7.58626681057087,53.2582980440105,0 7.63454700712731,53.2499759431954,0 7.66698013331972,53.2467290797423,0 7.70157829069389,53.2468212582645,0 7.71690583471123,53.2486772299133,0 7.74400242959292,53.2548171373478,0 7.78297641214508,53.2694686634488,0 7.81674440224517,53.27698006753149,0 7.83886894500143,53.2858944772728,0 7.8486137974015,53.2882574639382,0 7.86764759757599,53.2877412255274,0 7.888017064551461,53.2840478221181,0 7.915515967736419,53.2746568099041,0 7.95042999998423,53.2550429453163,0 7.99907000649962,53.2495439479796,0 8.014472005446651,53.24528394495,0 8.02332899960235,53.2402749431998,0 8.03938399439096,53.2249039463305,0 8.053457004166621,53.2150849451558,0 8.08766199555593,53.2017249463254,0 8.09528400792539,53.19671094856299,0 8.122232994437759,53.16717594800441,0 8.127683994671621,53.1631769421971,0 8.136829999966871,53.1605329426537,0 8.169634008205019,53.15747494855619,0 8.194142007671379,53.1531859403924,0 8.19012399968641,53.14049094740681,0 8.192893004969481,53.1331939445069,0 8.197305999153411,53.1293159415117,0 8.211970006084311,53.1274649414083,0 8.2243630030624,53.123197940938,0 8.246046997604081,53.123605941244,0 8.260842001386161,53.11993194908811,0 8.27281900242364,53.11306894644599,0 8.301346004565829,53.0884309446207,0 8.332391994650569,53.0695749472815,0 8.34458000048622,53.0647509433369,0 8.353958998532271,53.0625489459748,0 8.400826001312611,53.05760694127141,0 8.46457599945531,53.0603119442128,0 8.502132005260201,53.0550289407852,0 8.531259007410471,53.0573049410354,0 8.53931000033797,53.0551499413315,0 8.549612001553889,53.0495539474007,0 8.57515599689512,53.0461029492445,0 8.595150006469551,53.03583394110611,0 8.672141146672111,53.0307515640649,0 8.68991501717356,53.02004152146979,0 8.69627379043634,53.01435156799711,0 8.7023736874985,53.0052604616421,0 
			</coordinates>
		</LineString>
	</Placemark>
	<Placemark id="Autobahn.122">
		<name>78654334-A553</name>
		<LineString>
			<coordinates>
				6.920729995844,50.8474249483469,0 6.93377599940633,50.8230369433711,0 6.93141699706268,50.8180069459377,0 6.909497001782221,50.8084909481807,0 6.901311995530319,50.80049494647069,0 6.895870003075149,50.7987139460452,0 6.870017008938561,50.7963609496652,0 6.857696995428279,50.7931359440474,0 6.84718900378489,50.7883699444486,0 6.834526008263011,50.77980094311999,0 6.82223389262329,50.7674840757309,0 
			</coordinates>
		</LineString>
	</Placemark>
	<Placemark id="Autobahn.123">
		<name>3b1397ca-A113</name>
		<LineString>
			<coordinates>
				13.4529875038824,52.4638947428163,0 13.4651149721144,52.449952359905,0 13.5070268422678,52.4295653522988,0 13.5193530175507,52.42708167473101,0 13.5219381052049,52.4239787395562,0 13.5238425815981,52.4127301982265,0 13.5202373592152,52.4008413880762,0 13.5202319238824,52.400836575705,0 13.5190030008871,52.397325567812,0 13.5287796045699,52.3881766210595,0 13.5403936059085,52.3806885773539,0 13.5467578703251,52.3734339483123,0 13.5485205166362,52.3689429171833,0 13.5485949787073,52.3594192041803,0 13.5553184107731,52.3454505932411,0 13.553924114188,52.33241870088369,0 13.5547858136324,52.3189187810641,0 
			</coordinates>
		</LineString>
	</Placemark>
	<Placemark id="Autobahn.124">
		<name>7554d64d-A12</name>
		<LineString>
			<coordinates>
				14.5812194966897,52.3158025551308,0 14.5408436154254,52.31432942535541,0 14.5203420885822,52.3190513765572,0 14.4016912290339,52.3201978691775,0 14.291819528186,52.3242257860197,0 14.2716143615059,52.32808288131401,0 14.2486264765869,52.3353580875474,0 14.2083369975502,52.3375557600789,0 14.1815339978887,52.3439039468148,0 14.1470456260239,52.3364243925507,0 14.0641862455925,52.3342961285222,0 14.0414568857667,52.3297944073153,0 13.9920159582353,52.3157926079884,0 13.9519145060145,52.31152295796831,0 13.9236917055303,52.31293911502391,0 13.9017486753966,52.3163007448572,0 13.8255292063046,52.3102413639404,0 13.7631003204644,52.3229943021151,0 13.7393084891234,52.3240493687878,0 
			</coordinates>
		</LineString>
	</Placemark>
	<Placemark id="Autobahn.125">
		<name>a450aa75-A49</name>
		<LineString>
			<coordinates>
				9.528743442889271,51.27596444637679,0 9.52534499874762,51.2804289503794,0 9.51970699575474,51.2839009433452,0 9.50946399636562,51.28677194363519,0 9.48452899732229,51.2859979421154,0 9.480153995436011,51.2837569433188,0 9.47416281283248,51.2770009113498,0 9.463494213616681,51.2741803530384,0 9.458922930909621,51.2708581390439,0 9.44198630490507,51.2549317031308,0 9.43797999650619,51.24822894560759,0 9.42644332990529,51.2366693734303,0 9.42629297118256,51.23035020814829,0 9.417705178097149,51.22106372063829,0 9.41151099374544,51.2058189428994,0 9.400175000174659,51.1980969423417,0 9.39641800421386,51.1924409477178,0 9.392218998489721,51.18936694371299,0 9.360010004816081,51.1819109442109,0 9.345544002702759,51.17453894198869,0 9.329503992593891,51.170805947703,0 9.30596799300408,51.1612119455285,0 9.298404993824811,51.1548479422403,0 9.296278002951791,51.14774894377859,0 9.30627900609289,51.1294599494453,0 9.30765500101572,51.12069594303351,0 9.30648800507965,51.11584194530911,0 9.30302400373836,51.11012094709,0 9.291828992901671,51.10068394459499,0 9.246417997742549,51.0789149424578,0 9.239888999737261,51.0736069461184,0 9.2368530062632,51.067052950501,0 9.239684003816921,51.05065894311979,0 9.23734199533069,51.039859945443,0 9.23351900401105,51.0312239492436,0 9.222747995753121,51.0177139508013,0 9.206096995366551,51.0077649419889,0 9.20130100165048,51.0025539457984,0 9.20054626280151,50.9928904918432,0 9.19652136042154,50.9816022268087,0 9.189732084844801,50.9743343721565,0 9.18712120245652,50.9676870041595,0 9.186900291194121,50.962165286168,0 9.182690559463939,50.952884814366,0 9.17789637697217,50.94617786060821,0 9.166542648468919,50.93778596218201,0 9.1654099175315,50.9264296131997,0 9.16231821560274,50.9224806238472,0 9.152665860557111,50.9157165032316,0 9.152350239040841,50.9102575478268,0 
			</coordinates>
		</LineString>
	</Placemark>
	<Placemark id="Autobahn.126">
		<name>8fafc9cd-A20</name>
		<LineString>
			<coordinates>
				14.0118865074115,53.24546084761911,0 14.0015462215474,53.256308576085,0 13.9907147256339,53.2761641493923,0 13.9854615911362,53.29492040968589,0 13.9868916420169,53.3007256852153,0 13.9940233704436,53.3125544000713,0 13.993555703338,53.3182739367793,0 13.9759224833839,53.3463738483614,0 13.9742219064121,53.351347219438,0 13.9760562333362,53.3623961785387,0 13.9882490895224,53.3823256909279,0 13.9942190918106,53.3980936041424,0 13.9971375289798,53.4169984269435,0 13.9952821001852,53.4337048442318,0 13.9883259927575,53.4441453407,0 13.972163898295,53.45580914415349,0 13.953910192575,53.47313004506709,0 13.8980818045214,53.503135343213,0 13.8822049921105,53.5084807424085,0 13.8382804018543,53.5185528401107,0 13.8238679278986,53.5197435586185,0 13.7978998979152,53.51716854170301,0 13.7876719048783,53.518029541633,0 13.7799622703589,53.5198567057204,0 13.7600982044527,53.5286910427194,0 13.7307850913772,53.53419764835439,0 13.7055033934859,53.54453424354309,0 13.6580773275961,53.552319755152,0 13.6403415773513,53.5538828548105,0 13.6170241566645,53.5530983720803,0 13.5854152109918,53.5477879205144,0 13.5675955663182,53.5482230838983,0 13.5281896691797,53.5556585087566,0 13.5068871488074,53.56145803571451,0 13.4757814032692,53.5660983500772,0 13.4486007571293,53.57467534054081,0 13.4280034859176,53.5789537512468,0 13.4079375394909,53.5881988720392,0 13.3873055516882,53.5949258153587,0 13.3751327329055,53.603880785998,0 13.3709187093779,53.610938178448,0 13.3666528024529,53.6241969670866,0 13.3698954592232,53.64101862160239,0 13.3688232596133,53.6472730619754,0 13.364308706855,53.6544583150199,0 13.3366627791183,53.67550171778581,0 13.328639691904,53.6849496990767,0 13.3262374709577,53.690797188797,0 13.3266264114978,53.7032072107879,0 13.3336797075669,53.7228214255836,0 13.3340010032887,53.74740725944899,0 13.330719919031,53.7687760539979,0 13.3215739554024,53.8009132496424,0 13.3218791526961,53.8093566442733,0 13.328447204932,53.8397001187606,0 13.3347248191869,53.8546768279813,0 13.3474812171686,53.87481873141571,0 13.3466125979374,53.8801919907547,0 13.3415005625329,53.88898883629101,0 13.3413529612792,53.89464861005939,0 13.3436918966025,53.8991205909553,0 13.3518354804224,53.907257108136,0 13.35315369326,53.9127229479942,0 13.3490394996095,53.9269979475237,0 13.3493862027849,53.9317996448252,0 13.3521961978101,53.9357620477398,0 13.3637698974751,53.9435375467857,0 13.3676849731372,53.9485302044775,0 13.3686942503517,53.9552814120332,0 13.3660532111649,53.96442805870581,0 13.3609027989012,53.9726621119482,0 13.3523660520914,53.980998582589,0 13.3381208828655,53.9897423628005,0 13.3119387926129,53.9998989777385,0 13.2985601232591,54.0070214118478,0 13.2866491062434,54.01649746257,0 13.2724073846875,54.03491448583651,0 13.2605244708288,54.0454558983043,0 13.2209822790479,54.0679760456695,0 13.2002428910649,54.0744730339341,0 13.150114788515,54.0798693605408,0 13.1181093761733,54.088497116356,0 13.1053625444391,54.09039799267219,0 13.0868314707268,54.090980519262,0 13.0657377716083,54.0886846527612,0 13.0390855388645,54.0813656486547,0 13.0264237940358,54.0798285289568,0 13.0108268385358,54.0809463958117,0 12.9807983475318,54.0882607768858,0 12.9690328639665,54.0886472742354,0 12.9483936347321,54.0847133775828,0 12.9299710446828,54.07684507643441,0 12.9105942970466,54.07358071792329,0 12.8818975600503,54.0755162392932,0 12.825086930496,54.0842077584901,0 12.7925903330155,54.0850487947948,0 12.7502476372342,54.0795339393467,0 12.7187693551379,54.0699568011897,0 12.6714598457093,54.059596773905,0 12.62627062848,54.0522167838527,0 12.6144553632888,54.0458844024981,0 12.6043926148461,54.0345646416456,0 12.5966097181199,54.0293034730741,0 12.587189209481,54.0258770129166,0 12.567636338141,54.0220782315509,0 12.5502743776068,54.0130633735673,0 12.5308039917648,54.0081635476599,0 12.4563290022171,54.0113788394154,0 12.4385328000013,54.0165685475283,0 12.4073000438041,54.0315215737848,0 12.3557583050825,54.04018903117309,0 12.3196925399773,54.03896077412229,0 12.2973316119128,54.0296825527493,0 12.2760200978401,54.0256674002094,0 12.2321110730765,54.02591374324119,0 12.200394860458,54.0280778359982,0 12.159277840879,54.019304661479,0 12.1193219821832,54.021464034438,0 12.0729840398782,54.01930098950171,0 12.043166618179,54.0138178598305,0 12.014397549564,54.0037976565477,0 12.0027259670537,54.0012612288931,0 11.9662597829,53.9991983606462,0 11.9496547390226,53.9959895548278,0 11.9317498717231,53.98836254095549,0 11.9050376803308,53.9713496769245,0 11.8567088486119,53.9543750927173,0 11.7896066007131,53.9175965717061,0 11.7750938536771,53.91314656018299,0 11.7169608126911,53.901377656536,0 11.6979612634907,53.8945261064142,0 11.6633710128558,53.8783087522712,0 11.6386767694105,53.8710715118455,0 11.6226173606982,53.87081509215421,0 11.5752777934882,53.8809597439606,0 11.5544716042669,53.88098654319789,0 11.5353785989258,53.8783466018725,0 11.5285790224719,53.8759943397469,0 11.5027599975877,53.8617539464245,0 11.4863959923016,53.8568219448429,0 11.4661790011033,53.8563379459243,0 11.4261259905072,53.8643219438579,0 11.400445996722,53.863131946311,0 11.3905669977628,53.86006494471601,0 11.3772779898025,53.85130394034019,0 11.3690069935923,53.8357979438873,0 11.3632790022775,53.8298849482834,0 11.352611993247,53.8241579484778,0 11.3405257744551,53.82110370754329,0 11.3299650007613,53.820367945951,0 11.282844991793,53.82795094665249,0 11.2474240015897,53.82706294042671,0 11.2218370015015,53.8309219419801,0 11.2095929974541,53.8311499431255,0 11.1516221698662,53.8211659761667,0 11.1092481568375,53.8182311192901,0 11.0947479595606,53.819183383853,0 11.058625788723,53.8282373080629,0 11.024489273472,53.83106249008699,0 10.9837859055291,53.8290750444128,0 10.9739217978224,53.82781930605141,0 10.9481694503016,53.82063525336671,0 10.9189269270348,53.82097334481521,0 10.8947223661012,53.8160442357246,0 10.8340110770047,53.8101065489439,0 10.8204153390529,53.81122526648269,0 10.8013992148957,53.8162746560693,0 10.793341027202,53.8162551967496,0 10.7837316338318,53.8131906076368,0 10.756966687376,53.7927777259603,0 10.7472822940826,53.7908482320508,0 10.7264377316011,53.7917844479293,0 10.7118331551646,53.7857288532345,0 10.7045045117915,53.78431424150011,0 10.69557230565,53.7851229646384,0 10.6882242053622,53.78845860560901,0 10.679355871179,53.79784113795581,0 10.6656275750271,53.8069152114041,0 10.6635112503145,53.8104059294469,0 10.6623836509492,53.8188557788058,0 10.6593856935918,53.82283004717101,0 10.6527579048745,53.827270746969,0 10.6355794764923,53.8321862140691,0 10.6161563950541,53.834146300342,0 10.6116617776826,53.83687118559819,0 10.6037266828205,53.8454405301521,0 10.5867455689069,53.85280059440849,0 10.5629323469078,53.8662639450421,0 10.5596101155644,53.87068710503289,0 10.5588574532941,53.8787256952582,0 10.5684334136486,53.8994571324501,0 10.5669804840891,53.9036791457022,0 10.5569798833678,53.90962795585491,0 10.5293488406068,53.91512672767371,0 10.5072458855969,53.9163448651771,0 10.482341943732,53.92538651274761,0 10.4583679585333,53.9224753379426,0 10.4402329602519,53.92462431965241,0 10.4173373902288,53.9190634125493,0 10.4045770396541,53.9179660613909,0 10.3436707383173,53.92077139415721,0 
			</coordinates>
		</LineString>
	</Placemark>
	<Placemark id="Autobahn.127">
		<name>22194fa0-A95</name>
		<LineString>
			<coordinates>
				11.4986799876374,48.1009854596706,0 11.4882119990582,48.0952409477474,0 11.4869149974985,48.0770929450345,0 11.4743780030971,48.0626379473012,0 11.4325220041856,48.0381669494761,0 11.4193340027591,48.0212109450964,0 11.4172919981748,48.0154969482542,0 11.4187429936769,48.0084769482947,0 11.4268930018492,47.99878395014729,0 11.4291529943016,47.9902599532093,0 11.4273060004157,47.98456795157429,0 11.4161089958776,47.9722869534488,0 11.4118909940504,47.9651469484754,0 11.4113179974978,47.9498869517273,0 11.4029279944381,47.9384239491244,0 11.4023829983126,47.9267609502398,0 11.3945220001675,47.91456495348839,0 11.39965900035,47.8841379494812,0 11.3983440020248,47.876603952415,0 11.3928339996192,47.86788994791809,0 11.3891369938833,47.8576209469008,0 11.3771399911971,47.8469159500576,0 11.3614099966753,47.8225669458831,0 11.3602809961038,47.8156359509402,0 11.3611399947536,47.8032709524415,0 11.3583549952166,47.7921519503118,0 11.3523679942394,47.7825989485191,0 11.3335829973237,47.76669894975971,0 11.3298749931461,47.7601289448368,0 11.3288860041291,47.752959952418,0 11.331460997506,47.7401109479053,0 11.3253879997977,47.72814494871721,0 11.324707993823,47.7229579491562,0 11.3281280015793,47.7123959450145,0 11.3249910004164,47.70399594824781,0 11.302459995993,47.68647095301531,0 11.2819589968488,47.67374395001649,0 11.2631794312888,47.666000990506,0 11.2447833813948,47.66213183932091,0 11.2321292463992,47.6550000931846,0 11.2170572462039,47.64267307940379,0 11.2105710482107,47.63109781989469,0 11.1936779961225,47.62179094668019,0 11.1805426924329,47.6100848351953,0 11.1758829952526,47.6033625004449,0 11.1748389978966,47.598594953367,0 11.1760086438227,47.5899210363279,0 11.1745963660396,47.5870092820332,0 
			</coordinates>
		</LineString>
	</Placemark>
	<Placemark id="Autobahn.128">
		<name>855c18d8-A261</name>
		<LineString>
			<coordinates>
				9.92187654039825,53.4389161852458,0 9.927120860992369,53.4337110989746,0 9.92792500065366,53.42664494120891,0 9.92594899800816,53.41962194273041,0 9.91859300204761,53.4103849455337,0 9.91089099456701,53.4049379426185,0 9.88683000113428,53.3934219403484,0 9.859283252137329,53.3755270985193,0 9.84618060130661,53.37246343877499,0 
			</coordinates>
		</LineString>
	</Placemark>
	<Placemark id="Autobahn.129">
		<name>7d5ef4ac-A24</name>
		<LineString>
			<coordinates>
				10.0711180003491,53.5592779448104,0 10.0772110026585,53.56183994446129,0 10.1335790039411,53.56693994032771,0 10.1611586542374,53.5609472242896,0 10.1728205512013,53.5611650026112,0 10.2006000046007,53.55697094590069,0 10.2192729948512,53.557859948083,0 10.2951690042989,53.5678769466686,0 10.311877996765,53.5678409428565,0 10.3511589961164,53.5603369423032,0 10.3839190042793,53.56248794119541,0 10.422711000719,53.5594429399196,0 10.5094310044179,53.5693009485774,0 10.5240629912998,53.5681919477321,0 10.5489980027766,53.5629489440049,0 10.6246489946599,53.5518609454311,0 10.6652449932903,53.5518209419057,0 10.6869460017653,53.5497649442637,0 10.730533992713,53.5374469425305,0 10.839169159337,53.5129588486216,0 10.8554008408934,53.5116476303647,0 10.9340160535286,53.5122211734327,0 10.9657741366551,53.51076849187389,0 11.065160325169,53.499446392903,0 11.1408029417096,53.49394566473091,0 11.2022861916137,53.4858087101707,0 11.2602829808306,53.4875187341373,0 11.2868199974358,53.4816319407633,0 11.3069730010591,53.4733489402367,0 11.3388339934827,53.4645179486175,0 11.3748369945656,53.4433609408664,0 11.3989939981687,53.4342329462967,0 11.4288319929448,53.429878945943,0 11.4715020048496,53.4317189479974,0 11.4933040024181,53.4303529456062,0 11.50837100173,53.4274829469587,0 11.5503054943007,53.41517034580071,0 11.559141091633,53.41184314557641,0 11.5846115022817,53.3975880473824,0 11.6025779009973,53.3910213475403,0 11.6186336756792,53.381808933793,0 11.6449561191725,53.3717986409329,0 11.6707928440606,53.3686396801279,0 11.7189659219281,53.36812998351269,0 11.7372915223343,53.3660451225778,0 11.778053071851,53.3524488451693,0 11.8194236007792,53.3460811322409,0 11.8689504802225,53.3327498706873,0 11.8841312975551,53.3258998102175,0 11.9089898932456,53.30962391444281,0 11.936524407052,53.3000310279844,0 11.9493701631176,53.29799694329381,0 12.0254212232827,53.2954804085534,0 12.0517037910123,53.2916163514904,0 12.0681396637053,53.2869819597481,0 12.0983416797464,53.2745073668199,0 12.1355768246136,53.2660563568547,0 12.1535653970856,53.2603049221431,0 12.1709553159075,53.2520784746375,0 12.1921975847672,53.23824409096321,0 12.2219691343638,53.2259716968496,0 12.2653097607303,53.2032769405594,0 12.2886392129048,53.186472996284,0 12.3020481973415,53.1795184011547,0 12.3234967652,53.17322273755209,0 12.3584134296449,53.1692774133822,0 12.3742001239084,53.1658755939091,0 12.3911209337995,53.1591586349461,0 12.4178901486217,53.1431276097577,0 12.4435754913239,53.1361697631878,0 12.45777777311,53.1349768492461,0 12.4630741685607,53.1214448192182,0 12.4699085000591,53.1131153278994,0 12.4797273382066,53.1062773338363,0 12.5125533036246,53.0899417307047,0 12.5219511221859,53.08127089369739,0 12.533219376353,53.0597880795144,0 12.539340130979,53.0521667384172,0 12.5652087142102,53.0341127915465,0 12.582606589753,53.0145178261444,0 12.6148455067544,52.98767821342901,0 12.6328201758204,52.9691335084218,0 12.6700683766411,52.9443141945275,0 12.704660345192,52.9299759498998,0 12.7438988584073,52.9011240369658,0 12.7483452573169,52.895974678648,0 12.7664037332119,52.8623540810072,0 12.7877917907818,52.8394386696859,0 12.792605698003,52.8311801757185,0 12.7943109109867,52.80268551183919,0 12.7972361868512,52.7910608509175,0 12.804185606053,52.7800992614076,0 12.8151604606696,52.77010360592,0 12.8291498982414,52.7619846965913,0 12.8488772758834,52.7550382752151,0 12.9003256793053,52.7439140224223,0 12.9500784979757,52.721637428804,0 13.0194196251574,52.7116488713515,0 
			</coordinates>
		</LineString>
	</Placemark>
	<Placemark id="Autobahn.130">
		<name>8f3f5993-A602</name>
		<LineString>
			<coordinates>
				6.75794877410102,49.8099913962673,0 6.75120000721088,49.8126709465686,0 6.71035159475617,49.8034965033766,0 6.70530211778204,49.80051745403151,0 6.7042438360084,49.7977439399051,0 6.70626452464724,49.7871739650165,0 6.705540834214641,49.7839506369378,0 6.69935009057218,49.7790414539577,0 6.66358315877514,49.7726141054509,0 
			</coordinates>
		</LineString>
	</Placemark>
	<Placemark id="Autobahn.131">
		<name>d19f6d18-A650</name>
		<LineString>
			<coordinates>
				8.231958317282089,49.46970290976619,0 8.2458222470378,49.4727680384497,0 8.284663344967051,49.471934391837,0 8.29750300270195,49.4732159483055,0 8.32596099710636,49.4804679472294,0 8.342415002370551,49.4821149514094,0 8.376086006781501,49.4784479468432,0 8.420618293573719,49.47603678664559,0 
			</coordinates>
		</LineString>
	</Placemark>
	<Placemark id="Autobahn.132">
		<name>da249627-A864</name>
		<LineString>
			<coordinates>
				8.527156869426101,47.9918254124609,0 8.55514790416964,47.9964316238771,0 8.57734843646309,47.9939381082162,0 8.606918192331131,47.9945879646155,0 
			</coordinates>
		</LineString>
	</Placemark>
	<Placemark id="Autobahn.133">
		<name>5c0ab52b-A42</name>
		<LineString>
			<coordinates>
				7.36129827994852,51.56062077788761,0 7.34551827931583,51.5625171611542,0 7.262993002757149,51.5570949478164,0 7.24238400031254,51.55902594306021,0 7.20006399843434,51.544437944824,0 7.149871997980489,51.5414489468566,0 7.13963199898123,51.5385519440526,0 7.10409600690021,51.5366049439684,0 7.08346099952325,51.5323499498269,0 7.075652004658479,51.5283079500667,0 7.07189500361182,51.5226069468123,0 7.05735199606414,51.5158809457852,0 7.0295880031542,51.5133869500228,0 7.01369600670047,51.5080159480974,0 7.00333199574369,51.5072459464928,0 6.98987499985171,51.5034659497057,0 6.98394900242317,51.5030969466938,0 6.97023899843433,51.5067849463117,0 6.954136996954721,51.5080359504085,0 6.94403299832537,51.5069589415301,0 6.921303002113519,51.49890494687179,0 6.84817000142262,51.4959339424194,0 6.8344319978549,51.4881689500479,0 6.828081008021,51.4863409446939,0 6.80928600930944,51.4873509422386,0 6.79404300699108,51.48462794858099,0 6.785113009035181,51.486202942636,0 6.776467003694189,51.4833289476815,0 6.770594005986111,51.483260945768,0 6.76122600539604,51.4862989465617,0 6.75024200739424,51.4871959425658,0 6.72559999820503,51.4788324449756,0 6.7106450088803,51.4778989447698,0 6.69548499988933,51.48046694814339,0 6.67105800780182,51.4814479467569,0 6.65101900660035,51.4905939473754,0 6.632543068688029,51.4937221218237,0 6.60483400261089,51.494152941832,0 6.5866609987775,51.49204894525531,0 6.5766919051791,51.48878327989421,0 
			</coordinates>
		</LineString>
	</Placemark>
	<Placemark id="Autobahn.134">
		<name>8c2130ac-A23</name>
		<LineString>
			<coordinates>
				9.04489606567828,54.1975828786226,0 9.046514002779251,54.1895039427738,0 9.05294999278472,54.1812739465275,0 9.06153400510707,54.17558294049361,0 9.074260994994891,54.1712349429119,0 9.104278004326909,54.1670489429935,0 9.133996998076359,54.16740694135541,0 9.15953100249318,54.16420994393251,0 9.199858996620771,54.16356794650491,0 9.22274299629588,54.1585629397555,0 9.235686006282791,54.15265694718979,0 9.246540997166759,54.1432249429663,0 9.25098899408127,54.1369759472824,0 9.265837001713759,54.09993994020749,0 9.26805900096606,54.0845219432863,0 9.276656992904041,54.0773949430255,0 9.33802200590827,54.0654719399432,0 9.38630645332668,54.0524225068206,0 9.443180768650009,54.0299848048767,0 9.46656799354356,54.0165139424173,0 9.476611992781731,54.0079319416597,0 9.485181995491571,53.99739593972551,0 9.4915200022481,53.9822159414775,0 9.491994002991159,53.9648209483762,0 9.4904489970569,53.9569719457689,0 9.4861238147772,53.940761619903,0 9.48024900526134,53.929004082883,0 9.47949739468271,53.9217875535105,0 9.48108968745963,53.91665983585081,0 9.488914983243451,53.90733133999071,0 9.49474356463001,53.9037433011575,0 9.54174453957787,53.8851242344016,0 9.559518881147071,53.8723502120091,0 9.58128168337792,53.85371581411459,0 9.59930986631591,53.8435958477398,0 9.63075927468021,53.829862793921,0 9.676069996418599,53.80689108737341,0 9.69233141835014,53.7964467450802,0 9.70330271739075,53.7842738993519,0 9.706288076158989,53.7766485521426,0 9.70915622831169,53.7547531837217,0 9.71280699818737,53.74400194438029,0 9.718359000885419,53.7361719473813,0 9.72620400269092,53.7297619434026,0 9.75576500076002,53.7169129448904,0 9.76879199609751,53.708216947462,0 9.78106000552517,53.6938989441035,0 9.79748100773725,53.6786135208611,0 9.81843813312177,53.6623744832405,0 9.82396700112897,53.6489939471364,0 9.838687995586881,53.6400569436804,0 9.870641002017299,53.62887194088181,0 9.90214599477274,53.621477948388,0 9.912939995642381,53.6154939479942,0 
			</coordinates>
		</LineString>
	</Placemark>
	<Placemark id="Autobahn.135">
		<name>caf64680-A45</name>
		<LineString>
			<coordinates>
				7.36746200541329,51.5858719469567,0 7.35817199716468,51.56126994980849,0 7.35749400849783,51.55348494600619,0 7.36110400731901,51.54477294964689,0 7.37443700122758,51.53276394255231,0 7.379118997017471,51.52367794407579,0 7.38904699715176,51.5152409428003,0 7.390285996312839,51.5112019484223,0 7.38551600388657,51.49779594795161,0 7.39301099586546,51.4774939466749,0 7.3969650040538,51.473459942774,0 7.420092005755841,51.4589369480603,0 7.426701005922159,51.448753942686,0 7.43443700658655,51.4447409497455,0 7.45474699604272,51.441575946915,0 7.49485999529304,51.44328394790289,0 7.5136010073539,51.4401939470339,0 7.54178000255031,51.4285189455729,0 7.54844199751737,51.4229669434358,0 7.551876003137399,51.4163869425341,0 7.55032699700749,51.4100239440855,0 7.5283800075959,51.394878947392,0 7.52608900315924,51.390287943444,0 7.5240600036574,51.3765309452462,0 7.51665797163388,51.3687365326264,0 7.514513007930161,51.3645899435085,0 7.515040996283891,51.3604629450268,0 7.524110003006,51.3524439469908,0 7.52621100067408,51.348263945505,0 7.524556004618539,51.340332949036,0 7.530603000881659,51.32726594381089,0 7.53528900105027,51.32284994469511,0 7.549803005474461,51.3166309441515,0 7.55464800096059,51.3122939489414,0 7.55544700593008,51.308370948205,0 7.55321199572016,51.29749094595741,0 7.55522400131135,51.2931499421372,0 7.56178699951288,51.2895309482517,0 7.57769100358649,51.2873049462051,0 7.59995199805029,51.2725269418756,0 7.603352000538811,51.2628949479624,0 7.60694499983223,51.25898994507229,0 7.61563999601255,51.2544489481256,0 7.624007995042,51.24734094847831,0 7.63959000699941,51.2436349434156,0 7.64937000731096,51.235683941904,0 7.66371999992999,51.2295919452448,0 7.667923007186291,51.22506894245041,0 7.668953001219281,51.2148109493384,0 7.6759610073604,51.203096948165,0 7.67591599665118,51.20006094320159,0 7.66988300404161,51.1942539462216,0 7.65509799685115,51.1874959499008,0 7.651269996859331,51.1827039437041,0 7.65014900537596,51.1770339421609,0 7.65234500753321,51.171370945631,0 7.659179995630159,51.1640109483029,0 7.66183100520751,51.15667194600831,0 7.67174100020942,51.15075094704971,0 7.675451994998179,51.1453939488837,0 7.67522899470202,51.13860794577519,0 7.66998600653277,51.13061394693419,0 7.665811004457139,51.1173169443735,0 7.66677100198174,51.1137539443048,0 7.67371600061006,51.1074469470058,0 7.6771250008893,51.0985129486251,0 7.68677700242931,51.0904899478654,0 7.690836000419409,51.0834349479222,0 7.69626300040027,51.07847794436291,0 7.698962999986311,51.07081794555499,0 7.70359800598043,51.0669689487607,0 7.71645399642529,51.0628799434491,0 7.72446699917382,51.056418949995,0 7.72954299965135,51.0548749465963,0 7.75905600398362,51.05668594965369,0 7.77475700645546,51.0550139475051,0 7.791968996501971,51.0486729503459,0 7.80384899582958,51.04016294900169,0 7.81837999684819,51.0345729464029,0 7.82397000463351,51.0308409502836,0 7.82860245363149,51.023831746131,0 7.82966691315333,51.0119435344049,0 7.83442241003154,51.0050243041568,0 7.833855019160841,50.9951224929084,0 7.83597465420137,50.9881986795165,0 7.84299355048622,50.9756652839129,0 7.84292899037186,50.9650904858146,0 7.850340699252911,50.9554911395157,0 7.856423263314859,50.9515293873428,0 7.874703556394221,50.9454841228715,0 7.88271144507508,50.9344865104377,0 7.91577000188978,50.90660494858909,0 7.92125599635462,50.89765194750459,0 7.93586400230223,50.88113394405651,0 7.944222002321599,50.87722894882841,0 7.96057800024283,50.873889948514,0 7.968051000551211,50.8685859489997,0 7.97873300505241,50.864517949502,0 7.98394599596503,50.860554945913,0 7.98754899808261,50.8495099476672,0 7.99327899875365,50.8442029460134,0 8.01005800039419,50.83668194290781,0 8.026338998304,50.8332489462558,0 8.043540550154461,50.8322590671156,0 8.05562892129487,50.82724347503709,0 8.068138942571929,50.8258989705099,0 8.078860164832159,50.8199637344874,0 8.09178805743189,50.8172355239249,0 8.09615200726571,50.81436718857761,0 8.098870148778939,50.81005466096611,0 8.099259495565571,50.805411693289,0 8.096827335807481,50.7972646276498,0 8.100846403525971,50.79135873976421,0 8.11295217429222,50.7845817282354,0 8.133172680152221,50.7860075204881,0 8.14386708743889,50.783233103322,0 8.15023822894933,50.7766118033899,0 8.150977482626921,50.7663722134115,0 8.153463908205291,50.7625278577002,0 8.159996859719911,50.7599693544844,0 8.17225767250612,50.7595357822677,0 8.18601693274077,50.75471054711339,0 8.20705133614697,50.7551339795841,0 8.22041317734949,50.7473303255223,0 8.23904491684312,50.7441159812311,0 8.251402446189459,50.7455304436653,0 8.27270211998867,50.73975248471881,0 8.27482356263911,50.73142032413401,0 8.288748795510919,50.716968628093,0 8.28802229568953,50.703978178204,0 8.295634060745099,50.6915588076706,0 8.29383873759404,50.6882192341605,0 8.285857888606021,50.68291242299431,0 8.28325256987484,50.6768804747552,0 8.28491576703632,50.6718442787157,0 8.29085438777255,50.66732913071719,0 8.2987798748792,50.6643391978807,0 8.310408868041719,50.6626452981876,0 8.31857100402223,50.65898695098749,0 8.32454099826187,50.64536394376939,0 8.326395997039549,50.6367239459014,0 8.334997007046161,50.6285489442889,0 8.3431920048015,50.62556194237089,0 8.3783242991249,50.6185219794239,0 8.39997264722205,50.6176649881543,0 8.416012456356899,50.6116068844796,0 8.43367194784488,50.6074596210648,0 8.4699163890631,50.6035823731225,0 8.48163373644678,50.5974785494228,0 8.515980998551971,50.59239195121421,0 8.525779997274521,50.5891869428494,0 8.53974799858381,50.5805439454448,0 8.550353000088741,50.56465594327469,0 8.56097200281534,50.55978094515361,0 8.563954717264959,50.5562387344755,0 8.56645500051315,50.5486739503359,0 8.57882560373919,50.5406919245881,0 8.586613105474459,50.5317726384841,0 8.59130391908278,50.5293790181979,0 8.640739994427751,50.5233709490215,0 8.663982003742881,50.51748495120479,0 8.67492600439342,50.5118039478691,0 8.680755996392479,50.5052619486497,0 8.68574200255946,50.4905239496597,0 8.693179002936111,50.4842589513565,0 8.726755174045771,50.47433791043471,0 8.73734716957407,50.4724685309073,0 8.758874997763639,50.4719309475762,0 8.773859936133629,50.46717218217979,0 8.7901821734797,50.4521697371009,0 8.80328692962417,50.4264137316266,0 8.809408801841609,50.42054385270999,0 8.82171305912172,50.41741890093439,0 8.85903117343007,50.4179380258258,0 8.867946148704339,50.4160441309496,0 8.891731069184379,50.4064121935268,0 8.917959459602381,50.4039003771352,0 8.92520107186972,50.4009129647084,0 8.931599614850549,50.3958273380253,0 8.935532665402549,50.388366104425,0 8.93872459432629,50.36775255698879,0 8.93716789173931,50.36190605009029,0 8.92702420107377,50.34408597233639,0 8.92522499873335,50.33040694742611,0 8.93199100402202,50.3208639467625,0 8.95058100609069,50.3125459436979,0 8.956561996217459,50.3083869438815,0 8.966642004305861,50.2900729513329,0 8.97886200207653,50.2740409473272,0 8.989274002062411,50.2552099498352,0 9.00643623757226,50.2363542891692,0 9.00820299634896,50.23084594760439,0 9.00095254839588,50.2167131833205,0 9.00037903246395,50.2075948554145,0 9.009287005571711,50.1917189462407,0 9.01765600567561,50.1674839462386,0 9.01794699787432,50.1620629444718,0 9.014077997823421,50.15626094420611,0 8.98649300108281,50.1380209515132,0 8.98076099396927,50.12660695089319,0 8.98115800188533,50.12102594763759,0 8.987882006281531,50.11227394490749,0 8.994162003497371,50.1089339500618,0 9.021034891760779,50.1028718575212,0 9.029428812849581,50.09764872516211,0 9.03348066956182,50.0923944579837,0 9.038963019082731,50.0665346588704,0 9.057468193414421,50.0404570484247,0 9.058019969741769,50.0343270058043,0 9.055040381871819,50.02838683721379,0 9.04830949050919,50.0217029548425,0 9.021200004637601,50.0045159479433,0 9.017570000258109,49.9999819431501,0 9.015189815140859,49.99272279729379,0 
			</coordinates>
		</LineString>
	</Placemark>
	<Placemark id="Autobahn.136">
		<name>2b261245-A30</name>
		<LineString>
			<coordinates>
				6.97316650292657,52.3025507266524,0 6.980574983772959,52.3061914544711,0 6.99092551345666,52.3081876588362,0 7.0432420084912,52.3135099414589,0 7.08071341122011,52.3307267515891,0 7.10758201211793,52.3358893430956,0 7.13640994105305,52.33686603532159,0 7.196496996885009,52.343832942718,0 7.24701042366226,52.3421279994503,0 7.30729000391041,52.33654394967949,0 7.31866199590131,52.3374379411209,0 7.35543300781687,52.3449769418819,0 7.366867000925061,52.3454879429724,0 7.38106800416804,52.3446669457607,0 7.40352799632801,52.34027794973499,0 7.43080599918369,52.3222779474188,0 7.47148599901064,52.3113009414044,0 7.51811699437073,52.2941809442069,0 7.52819000344217,52.2919909474327,0 7.58204599714824,52.2874189474425,0 7.61735500183417,52.28655194255861,0 7.62831399812207,52.2839129409992,0 7.65705543859556,52.27074273363969,0 7.71178700300834,52.2572449425473,0 7.75504471537201,52.2594392021871,0 7.76492051429608,52.2587065841586,0 7.78941599943975,52.2525919480535,0 7.80420900177781,52.2519059424765,0 7.835333004070801,52.2595199432372,0 7.86749600212949,52.2617899452083,0 7.909701051838089,52.2679120753305,0 7.98827400750154,52.2687469494191,0 8.004074006871321,52.263434947923,0 8.02307800427007,52.2485219488129,0 8.02910800371586,52.24574694341401,0 8.035592005010921,52.24437094498079,0 8.061441996088121,52.2445139472083,0 8.07931600057257,52.2470879492453,0 8.104635994569771,52.2429129433163,0 8.130335998176809,52.2437529473385,0 8.148859999747179,52.2405619458307,0 8.16249700694962,52.2332509478893,0 8.18468299754036,52.22941594966689,0 8.21255699425453,52.2216049473147,0 8.243807006073689,52.21618494515391,0 8.272538001732361,52.2155799464045,0 8.28266000755595,52.21376394896059,0 8.303198003661199,52.204800945032,0 8.31590199740786,52.1964189498879,0 8.32747900676299,52.1934349429914,0 8.4363206591519,52.19879857689399,0 8.46230903152658,52.1985940392518,0 8.501208718242539,52.1919836873672,0 8.54834011632429,52.1943683210829,0 8.57436100097863,52.1904009448845,0 8.59437399483228,52.1797309411949,0 8.605408142691489,52.1776233226613,0 8.612026707667569,52.1791092430124,0 8.627753378571001,52.1862816782058,0 8.652087728121041,52.187415224874,0 8.672447830924179,52.1910746376175,0 8.707902744980601,52.20782773246249,0 8.72324970973837,52.2075726122434,0 8.738644885303181,52.2027113026948,0 8.74596906548777,52.2031901355755,0 8.755270857983509,52.2078611116467,0 8.75638951384099,52.2107510454896,0 8.75558402927663,52.216876059154,0 8.75960009653754,52.2211318465231,0 8.77595902783259,52.2280107570063,0 8.80791753265243,52.2345210924864,0 8.816487711152501,52.232219527113,0 8.81975376620178,52.2289543397053,0 8.822079208929891,52.2215663162635,0 8.83498499948092,52.2120679469131,0 8.84098460461915,52.2055600378388,0 
			</coordinates>
		</LineString>
	</Placemark>
	<Placemark id="Autobahn.137">
		<name>e91cbd23-A62</name>
		<LineString>
			<coordinates>
				6.98516044506267,49.59777983822811,0 6.99706500628812,49.5964889503196,0 7.00742100004216,49.5902989465239,0 7.01392200771922,49.58885594689421,0 7.02133000812408,49.589815947393,0 7.03537534462557,49.5955535588795,0 7.0461241158634,49.5957495962459,0 7.06173800631743,49.5891899441767,0 7.099600008620659,49.5833159522463,0 7.112294005558289,49.5852249484085,0 7.12001700169644,49.5882999518847,0 7.13203300715058,49.5961299504752,0 7.14399800326809,49.60089995129939,0 7.17661946523418,49.6018754995278,0 7.18412596424082,49.6006069853133,0 7.1997411874639,49.5899363208352,0 7.21809219931547,49.5801029857401,0 7.24559632341507,49.57401755577381,0 7.25554116193748,49.567676673593,0 7.2602738328098,49.5601616729979,0 7.2563776789104,49.5482933131377,0 7.25912075384768,49.54375442889099,0 7.265060590611349,49.5414264144911,0 7.27624303631284,49.5414805088017,0 7.28742865223734,49.5384114444462,0 7.313055339547619,49.5354665289195,0 7.32203791466524,49.5289994137005,0 7.33181611130761,49.52467525812781,0 7.33872483648056,49.5187834849521,0 7.352391558198109,49.5144987167034,0 7.381510829058739,49.5156290999327,0 7.38801877519708,49.5131556683671,0 7.39147064899254,49.5097147790275,0 7.39751934535916,49.4959777008477,0 7.412979488527021,49.48666161335319,0 7.42152986268815,49.4764487704124,0 7.45517452109016,49.4606658699076,0 7.462656721825831,49.4551681165483,0 7.477140794774549,49.4528674191617,0 7.49095103857318,49.4453884446791,0 7.50325501038827,49.441312705502,0 7.51547282507664,49.43233145994981,0 7.53395390608421,49.41093694500639,0 7.54644491243716,49.4066387364259,0 7.55817738613998,49.3948865853832,0 7.56714690672219,49.39241002759529,0 7.59002319421121,49.394843057685,0 7.599032753422179,49.3913420462039,0 7.603989000185249,49.38494095159321,0 7.60813599626317,49.3731339469684,0 7.60392100638622,49.3602999481585,0 7.606574001549651,49.3488489511579,0 7.60010700459322,49.3388609448765,0 7.60050100665258,49.3358019519239,0 7.602916000046541,49.332627949707,0 7.613359227630689,49.3258532160198,0 7.616868480579049,49.3212316088319,0 7.61697335285147,49.31167320794489,0 7.62125672528564,49.300468288575,0 7.62078297715783,49.2968833287644,0 7.61458027983659,49.2874933378444,0 7.61026654270092,49.275095868501,0 7.59701388445194,49.2635703541884,0 7.591720005051849,49.2541569522092,0 7.58606700652288,49.24981695192,0 7.56333500431874,49.2420689517692,0 7.5600650023007,49.23847494797161,0 7.55775579395649,49.2311448853047,0 7.55102361561288,49.2263048406105,0 
			</coordinates>
		</LineString>
	</Placemark>
	<Placemark id="Autobahn.138">
		<name>cfff043c-A21</name>
		<LineString>
			<coordinates>
				10.3357807432072,53.7157463813198,0 10.3301286971811,53.7175448406224,0 10.3266820979444,53.72062864037821,0 10.3240618958333,53.733828341042,0 10.3201413037836,53.7417910483295,0 10.3246767978829,53.7529573437477,0 10.3191704050285,53.7653738468778,0 10.3267496917554,53.7769969406709,0 10.326713394637,53.7806010407601,0 10.3141240038999,53.7963399430525,0 10.3148680056817,53.80015594080271,0 10.3244009998919,53.812914943672,0 10.3252859943533,53.8165399464237,0 10.3180300026056,53.8274459429162,0 10.3097920046606,53.833971940049,0 10.3054089038195,53.85764334018471,0 10.3059381485917,53.86116036993,0 10.3104509959472,53.86771994377279,0 10.310224994866,53.87839094007139,0 10.3086280054453,53.8825799443464,0 10.3028099999296,53.88743894797349,0 10.284427999903,53.8923129474805,0 10.2779930055008,53.8973969415762,0 10.2755690061837,53.9036189437429,0 10.273649221565,53.9204504041081,0 10.2773080033393,53.9340189469019,0 10.2759049964885,53.94793093979419,0 10.2740190047302,53.9514079395423,0 10.2576099973753,53.96357193957909,0 10.245148992428,53.9692569436063,0 10.2393459959098,53.9738799458512,0 10.2380325833503,53.97788183522841,0 10.2394321646919,53.98504929214519,0 10.2529702494545,54.0019707676027,0 10.2505143517734,54.00871754752979,0 10.2441575493071,54.0143041922262,0 10.2426352002029,54.0175161759155,0 10.2454178441074,54.0273212020887,0 10.2383798916132,54.04116187983071,0 10.2162260017171,54.0725819395699,0 10.2139799998693,54.0816119404704,0 10.2127989993061,54.1039279405176,0 10.2183445364668,54.1249108959645,0 10.2036306737454,54.1561070396697,0 10.2057136808298,54.1735104568334,0 
			</coordinates>
		</LineString>
	</Placemark>
	<Placemark id="Autobahn.139">
		<name>057cf3c8-A92</name>
		<LineString>
			<coordinates>
				11.5419155591033,48.22619645162001,0 11.5426468361612,48.2311902561015,0 11.5343457405561,48.2436589520545,0 11.532846196769,48.252358887617,0 11.5340588341722,48.25774965185819,0 11.5370546870079,48.2637305935588,0 11.5473004724366,48.2764250088343,0 11.5602828005424,48.2864131409545,0 11.6457809911546,48.32728694697369,0 11.6617600004077,48.33113594990169,0 11.699801998982,48.3340909502652,0 11.7077169937529,48.3371229480634,0 11.7278569986082,48.3510929491937,0 11.7357399950431,48.362305952654,0 11.744923993241,48.3712719451799,0 11.7593710011885,48.3803589480693,0 11.7695360024562,48.3846189471291,0 11.7949724100853,48.3901863677497,0 11.8365789961656,48.3931989447024,0 11.8572295190208,48.3967580060377,0 11.8959706792472,48.4078994585127,0 11.9230019129508,48.41886766025101,0 11.9455603255583,48.432229208749,0 11.9640205071027,48.4478474206767,0 12.0111059958914,48.502126944321,0 12.0204980007607,48.5058479453318,0 12.0444959978038,48.5102789492773,0 12.0552679947351,48.5142899468776,0 12.0660570000473,48.5219819499959,0 12.0718769979593,48.5332449449949,0 12.0711739933755,48.54537294663429,0 12.0738450013095,48.55328494668321,0 12.08042499817,48.5602149461155,0 12.0877919966837,48.5644269472523,0 12.1016760013591,48.5684639452337,0 12.1235069936834,48.5710739486666,0 12.1602860371826,48.5815505253207,0 12.2001176160252,48.5878029626705,0 12.2107275462861,48.5910113215996,0 12.2473749988494,48.6076009439931,0 12.3456536560716,48.6336935897107,0 12.3738959693283,48.6366026964559,0 12.4363199285316,48.6467559733746,0 12.4710435238194,48.6567439412698,0 12.5234441059741,48.6622541867499,0 12.5485066536432,48.6696060421079,0 12.6088568858976,48.68187236677339,0 12.6404186565457,48.6863497635634,0 12.6642778544358,48.6922901723933,0 12.6748502439064,48.6960255457121,0 12.7189685734229,48.7199691221323,0 12.7280874795603,48.7269262838756,0 12.735216867037,48.74006688011669,0 12.7389030776901,48.7433079337055,0 12.7614571904074,48.7527971392094,0 12.7877108909518,48.7739788776703,0 12.8207426217563,48.7825569704714,0 12.8419449997277,48.79556294825309,0 12.8565820032669,48.8007129472484,0 12.8786519966454,48.8016489476507,0 12.8979549992527,48.79735394985899,0 12.9110199945463,48.7981639510324,0 12.9157749924722,48.8002129518076,0 12.9399769950754,48.8183969509379,0 
			</coordinates>
		</LineString>
	</Placemark>
	<Placemark id="Autobahn.140">
		<name>96b1fbf4-A26</name>
		<LineString>
			<coordinates>
				9.795721400118509,53.4939670743045,0 9.77167257845309,53.48697024480799,0 9.76142709262265,53.485960880545,0 9.73639338423266,53.48739147274231,0 9.71379809528487,53.4865297694406,0 9.62612616470801,53.511049079447,0 9.608412273177651,53.5115950133636,0 9.59446450120336,53.5146202914684,0 9.584385080775711,53.52124711984709,0 9.576357175696129,53.53778450695991,0 9.56154935143625,53.5531175501881,0 9.555940715786781,53.5648462380485,0 9.55176636424153,53.5690588804524,0 9.534337422579039,53.5758618889633,0 9.51865825564246,53.57969695032131,0 9.495658566119049,53.58199004793191,0 
			</coordinates>
		</LineString>
	</Placemark>
	<Placemark id="Autobahn.141">
		<name>84cb7a40-A11</name>
		<LineString>
			<coordinates>
				13.5415907352543,52.61512058270061,0 13.555264738874,52.61672123499249,0 13.5631443616074,52.6211741312314,0 13.5696209913378,52.6656899439734,0 13.5425339932117,52.721039940021,0 13.5406990024902,52.7282129433638,0 13.5412159944296,52.742104947403,0 13.5446360008979,52.7565299426764,0 13.5502229987356,52.7636349438108,0 13.596967995344,52.79428894506441,0 13.644042997236,52.8186549491396,0 13.6596129955512,52.8328199490011,0 13.6680369782361,52.8518679935394,0 13.6768230889963,52.86226862957221,0 13.6986662653161,52.8798417457521,0 13.7770569963796,52.9252779419327,0 13.7853700039793,52.93111294118191,0 13.8064454777502,52.9523115265938,0 13.8121244067957,52.96057429375001,0 13.8185144284123,52.9773734980546,0 13.823296639996,53.0022591131728,0 13.834735081164,53.0453691997488,0 13.8558862802449,53.1051621558592,0 13.8611548488324,53.1119236531198,0 13.895974163288,53.1438110197591,0 13.9028250390778,53.154568073296,0 13.9187374492239,53.16873330419151,0 13.9324207413867,53.1865857860644,0 13.9524485276237,53.2071603869742,0 14.0471853941522,53.2690360095091,0 14.0563713930323,53.2741292291839,0 14.0970185997777,53.289448060198,0 14.1155830586003,53.2936754734951,0 14.1498240552501,53.296255637537,0 14.224437563176,53.3069172109925,0 14.3353551179463,53.3260120719391,0 14.4084200071363,53.3356169402438,0 
			</coordinates>
		</LineString>
	</Placemark>
	<Placemark id="Autobahn.142">
		<name>400ba72c-A40</name>
		<LineString>
			<coordinates>
				5.99919959191494,51.378069431844,0 6.02587111644191,51.3812606055039,0 6.06809689797165,51.3922423692719,0 6.08240076381828,51.3944825683137,0 6.115159065392059,51.3936623246932,0 6.16517593051681,51.39601356536709,0 6.178677239881389,51.3950843614915,0 6.229353133914211,51.3805623524943,0 6.24263900351269,51.3801146929527,0 6.253877973778299,51.3822456426155,0 6.26729200735073,51.3876609504544,0 6.280647631040789,51.3901454553859,0 6.33748700763338,51.3888349446028,0 6.349598003333131,51.3909839464581,0 6.3943789978821,51.4045429424306,0 6.41929700640741,51.40834994293159,0 6.47026874403701,51.4114696257044,0 6.47869270868877,51.41330301912819,0 6.49590753625797,51.4220630325107,0 6.5154409375187,51.4267205467701,0 6.56745397800635,51.4299061158524,0 6.60431400404669,51.4360269465346,0 6.67236400234196,51.43729094342561,0 6.69936200696651,51.4353049463365,0 6.72525499696835,51.4385779476008,0 6.7447930051232,51.4348699457407,0 6.75659200750635,51.4372479451037,0 6.76647099814005,51.44357294286129,0 6.790764005971979,51.4478079440846,0 6.81100199529401,51.4417269442697,0 6.81750799903532,51.4418669449613,0 6.82697300938919,51.4452729453152,0 6.84201700806424,51.4469309450435,0 6.85061000346326,51.4534469450134,0 6.868577000353819,51.4559619449638,0 6.881903999865651,51.460425944775,0 6.88874300494657,51.4593259421435,0 6.91379800783477,51.4490529452739,0 6.921628007974109,51.44450394496721,0 6.925769996592279,51.43782394623031,0 6.93646800652131,51.434844948161,0 6.95444700404438,51.4402979422434,0 7.040757002311131,51.4543319483942,0 7.063902436089511,51.4635005363684,0 7.08833400316237,51.4658689497754,0 7.097920997780331,51.4711869415355,0 7.14412471228606,51.4744876218414,0 7.173890007568691,51.4801699461466,0 7.179343124658949,51.4822938305983,0 7.18431599826334,51.4868549462138,0 7.18533300750267,51.4936769458354,0 7.189472997404371,51.4959539415118,0 7.223640004432441,51.4981499481956,0 7.23651699817081,51.4942369476346,0 7.25660400643897,51.4945439428182,0 7.271016001308339,51.4966679494002,0 7.332393001406861,51.4968309482553,0 7.35384000327504,51.492504943826,0 7.374858000601181,51.4975159433429,0 7.40644864600693,51.49546117095981,0 7.426318162972669,51.4978015323921,0 7.44251066400617,51.49734345415221,0 
			</coordinates>
		</LineString>
	</Placemark>
	<Placemark id="Autobahn.143">
		<name>6c1ec5a1-A226</name>
		<LineString>
			<coordinates>
				10.7864550041117,53.90954494150171,0 10.7657369919938,53.9105019443695,0 10.7353810006823,53.9163459472157,0 10.7202069816121,53.91706609057439,0 
			</coordinates>
		</LineString>
	</Placemark>
	<Placemark id="Autobahn.144">
		<name>eed7a42b-A485</name>
		<LineString>
			<coordinates>
				8.65694762806471,50.48372103478439,0 8.653978004237439,50.49254694601531,0 8.64661206538981,50.50242552856579,0 8.64496685234929,50.51454416838651,0 8.6403628230559,50.5235288936451,0 8.641536180777321,50.5319194339856,0 8.656834693227401,50.5502304945611,0 8.66059593742613,50.5527538735871,0 8.69323330091572,50.56204735827979,0 8.70115922128535,50.5671833231954,0 8.71171399587738,50.581814943186,0 8.709743861058771,50.5879068866266,0 8.710533918021669,50.5931586799547,0 8.71692600557293,50.60443695090191,0 8.71767699404041,50.6117549443303,0 8.714038003963539,50.6233269440979,0 8.714178993422919,50.6275549475309,0 8.717331471926251,50.6328766620887,0 
			</coordinates>
		</LineString>
	</Placemark>
	<Placemark id="Autobahn.145">
		<name>c186e3d0-A542</name>
		<LineString>
			<coordinates>
				6.98668899798979,51.11377694246259,0 6.97725000573667,51.110174950383,0 6.96265099706601,51.0995559478056,0 6.93220036302044,51.0820915593366,0 
			</coordinates>
		</LineString>
	</Placemark>
	<Placemark id="Autobahn.146">
		<name>b6888c29-A560</name>
		<LineString>
			<coordinates>
				7.14870200677676,50.79098694816921,0 7.157189007209089,50.795600949307,0 7.1736480037273,50.79573594771571,0 7.21513799616559,50.7803989451908,0 7.24025300687872,50.7756699471058,0 7.252960002812279,50.7762999425466,0 7.275548997709,50.7836429446384,0 7.28083500491848,50.7838499500136,0 7.30270599896733,50.7746239477099,0 7.311209002764721,50.7675589510534,0 
			</coordinates>
		</LineString>
	</Placemark>
	<Placemark id="Autobahn.147">
		<name>61701071-A29</name>
		<LineString>
			<coordinates>
				8.226957073612651,52.8521781778459,0 8.22107639477208,52.8644940476022,0 8.212879800088171,52.8729093830387,0 8.20110815806998,52.8797285062626,0 8.17736975120307,52.8889214198259,0 8.17128845679558,52.8928749646436,0 8.16471299441683,52.9025099461241,0 8.16475300046581,52.9095759482502,0 8.176338995407219,52.9366199463488,0 8.183044997372701,52.9636409430944,0 8.18780000600468,52.9754609440745,0 8.20996900008681,53.0074559449023,0 8.221580995795771,53.0453219471466,0 8.232265997576439,53.0608079408814,0 8.260677005768891,53.08993494782331,0 8.26868799824244,53.1025039463113,0 8.27281900242364,53.11306894644599,0 8.276138994338909,53.13780994083221,0 8.27468399721157,53.15166794713241,0 8.27115499601465,53.1646259456379,0 8.265687000020909,53.1770209407787,0 8.257468003226361,53.1877709419838,0 8.24943800071906,53.1937109445224,0 8.23394599463683,53.20164094805009,0 8.21112300067057,53.2193779491057,0 8.19008699338573,53.2286899452448,0 8.17839899643746,53.2377079425327,0 8.171915625002111,53.2547575338123,0 8.147789070521849,53.29222813231401,0 8.144162950237931,53.3075513300052,0 8.13680700471753,53.32775994711041,0 8.12468100276714,53.35399694542789,0 8.122421001636139,53.3782849442354,0 8.11326700019803,53.3891009489065,0 8.103744000013441,53.3965379476838,0 8.098116000777299,53.4086379473934,0 8.092595005238779,53.4139379407892,0 8.043849001375939,53.43434194374739,0 8.03265599774195,53.44079594012631,0 8.025722003783869,53.4471049454785,0 8.01945000816006,53.45660494495219,0 8.014737001259279,53.4745529399781,0 7.99705799383193,53.4973089470394,0 7.99563599671055,53.50601894147749,0 7.999230994922589,53.51789194674429,0 8.00586900429844,53.5255919449378,0 8.01916199493923,53.5340019436319,0 8.06832799923885,53.55576594792551,0 8.09324733056603,53.563051935939,0 8.103875204248929,53.5679908875406,0 8.11382252821819,53.5755186616644,0 8.12820636724363,53.5785235240404,0 
			</coordinates>
		</LineString>
	</Placemark>
	<Placemark id="Autobahn.148">
		<name>0da0fbba-A71</name>
		<LineString>
			<coordinates>
				11.3332814946962,51.44089803195279,0 11.3218970289923,51.42489436169329,0 11.3160169891074,51.4128174702999,0 11.3103319281432,51.4064585493937,0 11.2853968992727,51.39160237541041,0 11.2758569663067,51.3816106086457,0 11.2727929186149,51.3739438661165,0 11.2723652986033,51.3621299559812,0 11.2704843014351,51.3557304246835,0 11.2508421527014,51.3296076017806,0 11.2394184481456,51.3190877993354,0 11.2374744355054,51.3145643634595,0 11.2368503197127,51.29749858665811,0 11.2332280587126,51.2905294166351,0 11.2180261231998,51.2774813633164,0 11.2070645084834,51.2615367620859,0 11.190873539094,51.2483273469208,0 11.1848509506096,51.240907159181,0 11.1826837182336,51.2323879188818,0 11.1851249903801,51.2117524863788,0 11.1843270682063,51.20758510608709,0 11.1760752650971,51.1974149164036,0 11.1604159147179,51.1882328267872,0 11.155489118018,51.18007581645241,0 11.1573123393224,51.17158705569611,0 11.173627102054,51.1494470457918,0 11.1747828043737,51.1432428431674,0 11.1734244969649,51.1373931501626,0 11.1648256011599,51.1278229484647,0 11.1580412909413,51.1242718467297,0 11.138785898957,51.1192746434615,0 11.1326072919349,51.11638634659679,0 11.127639798358,51.1118832475338,0 11.1257511938559,51.1077357491542,0 11.1249109029475,51.0797162447182,0 11.1194900018443,51.0692266443907,0 11.0917495974665,51.0495278429977,0 11.0707337922087,51.04360054379401,0 11.0631713970496,51.0380312489435,0 11.0576752360534,51.0366694513286,0 11.0402250986746,51.037113418265,0 11.0238960492477,51.03986131287871,0 11.0092441036229,51.03433023521559,0 10.9859002204615,51.0297961144107,0 10.9757883316048,51.02437905223751,0 10.9610324796876,51.01312901013679,0 10.9210176170799,50.9992717989773,0 10.9121077829267,50.9905317808352,0 10.9109278420685,50.9835787775478,0 10.9139739787584,50.97663176247549,0 10.9505950999251,50.9467216446703,0 10.9550740956403,50.9377240475399,0 10.9541536935679,50.9297078458524,0 10.9451808969958,50.918764448027,0 10.9431879977825,50.9116336481619,0 10.9465191968636,50.89991704714491,0 10.9556326012879,50.8943339469812,0 10.9699035979387,50.8923134444534,0 10.9783593005446,50.8883478494241,0 11.0034881915127,50.8606186500093,0 11.0089971970167,50.8519507461584,0 11.0106313908234,50.8384314463058,0 10.9997003027274,50.8126445459277,0 10.9986620009481,50.806528643443,0 11.0045604007319,50.7822768449976,0 11.0033492021276,50.7662486467231,0 11.0045583917347,50.755936850676,0 11.0009467102791,50.74986541972599,0 10.9910095920836,50.7431189429977,0 10.9779302949863,50.7244439466939,0 10.9712755013426,50.71901624871881,0 10.9568942910112,50.7119663489474,0 10.9409474937574,50.711027245985,0 10.9218846983319,50.7147795496173,0 10.8956641929487,50.7112030467475,0 10.888400902232,50.7115264498981,0 10.8811918965481,50.7133290456329,0 10.8549463044174,50.725154949688,0 10.8455862976432,50.7258690501663,0 10.8216784044046,50.7185875478466,0 10.7881650930697,50.7151599473451,0 10.7764033967291,50.7124641461247,0 10.734641698374,50.69515655008,0 10.714339794693,50.683150148477,0 10.6936926988006,50.6750488495895,0 10.6897280925447,50.67115424571,0 10.6888286562875,50.6655665890718,0 10.6910886135406,50.6459861406863,0 10.6892989241387,50.64205353163799,0 10.6746230841176,50.634547869024,0 10.6604884205381,50.62236257326091,0 10.6547103868796,50.61247739325219,0 10.6511299840419,50.6101956534149,0 10.6389057502358,50.60908944975811,0 10.6237888119807,50.6128316930179,0 10.6088522761052,50.6136405531946,0 10.595205336475,50.6166790935838,0 10.5721884917856,50.6158043118945,0 10.5600470321454,50.6111317959534,0 10.545049302958,50.6081110401648,0 10.5301944906164,50.5989449284214,0 10.5073291876221,50.598126065328,0 10.4983453768494,50.59605776908819,0 10.4921909545125,50.5920480564734,0 10.4817827071774,50.5773978961897,0 10.4793953213765,50.5661924854866,0 10.4738531626157,50.5574005376794,0 10.4791629005603,50.54555493931879,0 10.4754958582773,50.5375911753846,0 10.4763951520874,50.5284320512012,0 10.4715996795443,50.5235241884357,0 10.4605057215976,50.5202724209971,0 10.4548983413144,50.5169472713704,0 10.4466165723753,50.50864339430561,0 10.4423184532154,50.5003404565037,0 10.4416802908053,50.4888025499588,0 10.4512469511461,50.47546808161659,0 10.4537117229293,50.46740375385101,0 10.4521870649224,50.4589673313424,0 10.4468541773755,50.4505575927563,0 10.437360406498,50.43949513965931,0 10.4256978596179,50.4327676043079,0 10.4104815413737,50.4291835917569,0 10.3735780743018,50.42746803323161,0 10.3559136219075,50.42409337310779,0 10.3428843955027,50.4193063944936,0 10.3323538557593,50.4127275717144,0 10.3181860303503,50.397865659147,0 10.3132615390773,50.3882421203112,0 10.3127128951377,50.37890941277971,0 10.3173791721229,50.3607710314167,0 10.3152299383409,50.3486934113313,0 10.3092788006162,50.3416033403159,0 10.2921097910175,50.3304763424893,0 10.2892870619617,50.32558808044551,0 10.2872621453131,50.3159525942026,0 10.2774621144886,50.3004065233047,0 10.2635337037217,50.2892101800104,0 10.2563470792737,50.2777013808928,0 10.2479910413211,50.272781578236,0 10.228504331679,50.2676577418398,0 10.2191447949665,50.2612114577525,0 10.2160568683663,50.2565596271191,0 10.2148632198002,50.2514453736658,0 10.2199852527315,50.2334951915819,0 10.2184826792353,50.22148206029421,0 10.2199229833831,50.2091239490822,0 10.217116228341,50.2009349136518,0 10.2114174821195,50.1945447982173,0 10.1974212259539,50.18460601637981,0 10.1912331043414,50.17494851822359,0 10.182133657735,50.1661164226399,0 10.1748361837054,50.15584400666931,0 10.1602303444279,50.1473179228985,0 10.1552859858636,50.1433301369895,0 10.15101773413,50.1370821337769,0 10.14980809602,50.13021997524461,0 10.1519684804559,50.12319613640469,0 10.160095067873,50.11350313885251,0 10.1627126210859,50.1076579812928,0 10.16248658871,50.1003039010326,0 10.1468710445461,50.0744889487479,0 10.1468058181449,50.0684557055275,0 10.1508167262871,50.0564857335651,0 10.1498448044304,50.0531828617122,0 10.1383901353538,50.04268575988749,0 10.1371147749217,50.03539210275409,0 10.1423997611202,50.029276499502,0 10.1638250724137,50.0188989049223,0 
			</coordinates>
		</LineString>
	</Placemark>
	<Placemark id="Autobahn.149">
		<name>dca8d73e-A64</name>
		<LineString>
			<coordinates>
				6.70530211778204,49.80051745403151,0 6.69365116287728,49.8021688825248,0 6.68585171614634,49.80501988951,0 6.65696099937171,49.7994576883986,0 6.64368699973932,49.7871449458719,0 6.63495100164007,49.7814349499719,0 6.60177800748778,49.7722979477175,0 6.58266200262649,49.7634579439653,0 6.55955599911607,49.746480944116,0 6.547734007326439,49.74052994765919,0 6.531232007074419,49.73604994396791,0 6.501861996089599,49.73310195187171,0 
			</coordinates>
		</LineString>
	</Placemark>
	<Placemark id="Autobahn.150">
		<name>8509381d-A72</name>
		<LineString>
			<coordinates>
				12.3926041428781,51.24826089586501,0 12.3935892709766,51.2436680566047,0 12.3888056426571,51.2356656232845,0 12.388434610873,51.21705423184401,0 12.3932671316309,51.21218154319839,0 12.407670666903,51.20674772316071,0 12.4290583770558,51.2020751169545,0 12.4421343281914,51.1954732712326,0 12.4568517195499,51.1850687659172,0 12.4798333053463,51.1800059340122,0 12.4861809810636,51.1766214318422,0 12.500897766309,51.1604969479929,0 12.5025808122611,51.1498359080456,0 12.5058263278961,51.1424532722834,0 12.5178175489438,51.1282114900298,0 12.5203106748291,51.105031985182,0 12.5384403737183,51.0834898131659,0 12.5427153425667,51.080453849247,0 12.5531340237256,51.0775106967431,0 12.5867084530622,51.07744347277521,0 12.601776997621,51.0745198721675,0 12.6142514359983,51.0680953379288,0 12.6265605547061,51.0538394179934,0 12.6310335467852,51.0510072614505,0 12.6364692073282,51.04895979012809,0 12.6693660327843,51.0449429872471,0 12.676035836192,51.0428098822542,0 12.6828183360671,51.03832020224381,0 12.6869174140022,51.02998845929321,0 12.6832304864995,51.0171383570331,0 12.6832110224517,51.011970296958,0 12.6915156877845,50.9960704421457,0 12.6969892981219,50.9789493495016,0 12.6901708640156,50.9648255889368,0 12.6910242937267,50.9524138455764,0 12.6872642913787,50.9385562882288,0 12.6877127248357,50.9333167108387,0 12.6920944242205,50.92390345152509,0 12.7034001363177,50.91241782439379,0 12.709189305479,50.9099314225174,0 12.7280602613286,50.9068728819515,0 12.736732856519,50.9035016665857,0 12.7504996104799,50.8883441764438,0 12.7582579426412,50.88606809310399,0 12.7736647156573,50.8855362643785,0 12.7786070321365,50.8839594589717,0 12.7922712874319,50.8703002817256,0 12.8102585200129,50.8665262214327,0 12.8229987542305,50.8569914714173,0 12.836624790853,50.8539540151156,0 12.8416658001566,50.851196444875,0 12.8449342196392,50.8471395691817,0 12.8463897137481,50.8332216250512,0 12.8583393576545,50.8149360384026,0 12.8591510035882,50.8080369492655,0 12.8577069824304,50.8029271002149,0 12.8476575329923,50.7940781107597,0 12.8292571918513,50.7851783074186,0 12.8147395971662,50.7700700647653,0 12.8046753878932,50.7563031363359,0 12.7959617262756,50.7482484454372,0 12.7843578583556,50.74052617286301,0 12.7808381683692,50.7353032943317,0 12.7787817753412,50.7277529273706,0 12.775915966384,50.7246029906401,0 12.7603576244151,50.71445179504741,0 12.7563765393986,50.7074527454827,0 12.7463022038505,50.70007122727031,0 12.7115075394212,50.6912572233551,0 12.6936763330183,50.6914094316436,0 12.6831158465104,50.6893728676426,0 12.671276196314,50.6908971601198,0 12.6597446879333,50.68985245791491,0 12.6482960281892,50.6832694123231,0 12.6423036727118,50.6819598475088,0 12.6328573635794,50.6824287479533,0 12.6044814529376,50.6884963882768,0 12.5691404316461,50.6763505448625,0 12.5614186023801,50.6750758804522,0 12.5453587547888,50.676499380394,0 12.5358787633537,50.6746755358839,0 12.5142293520795,50.6635282500759,0 12.4952418086902,50.6512234974729,0 12.4821271750568,50.6483606309323,0 12.468153019034,50.6490865960578,0 12.4519629864419,50.6451892097286,0 12.4214689930696,50.6280179453548,0 12.4007070001671,50.60797894686121,0 12.3921019933069,50.6063909449288,0 12.3760590016744,50.6073169429953,0 12.3611759989222,50.5991879451404,0 12.3449299896849,50.5973899433186,0 12.3358689941078,50.5945009433118,0 12.3220852086922,50.5861027904326,0 12.3084188178987,50.5831233125024,0 12.2880840092684,50.5739235247179,0 12.2851425922993,50.56981933462931,0 12.2833681425947,50.55992710936639,0 12.2773509823004,50.5535771304465,0 12.2548128336016,50.5379792553367,0 12.2174044228717,50.5084383724466,0 12.2032391987422,50.5015476397044,0 12.1910929995158,50.4921089483987,0 12.1881279951681,50.4884139469635,0 12.1838229982455,50.47505994689709,0 12.1863729937976,50.46733094861761,0 12.1849579931753,50.4633649492897,0 12.1595978111409,50.443076572188,0 12.1483609928485,50.4368869484683,0 12.1383889969456,50.4345299490872,0 12.106692997574,50.43284394653871,0 12.0950330013653,50.4351859462693,0 12.0821989999699,50.4341739449341,0 12.0659399940437,50.4258679488776,0 12.0573189967675,50.4164779465045,0 12.0514589930849,50.4128919478809,0 12.0294590003152,50.40778594541879,0 12.0106349900125,50.3982629445192,0 11.9942479931893,50.395627950453,0 11.9459379271583,50.3771796779923,0 11.9312405474727,50.37530058576941,0 11.9156995746157,50.3765906310929,0 11.8924922345608,50.36941180109449,0 11.862588743859,50.3521936425036,0 11.8515424777579,50.34891593767199,0 11.8434687543197,50.3436066058171,0 11.8214465468522,50.3411869383489,0 11.812928411417,50.3333617957561,0 11.8027024825763,50.3300028691821,0 11.7950739581374,50.32496057523041,0 11.7934981684139,50.3219160315403,0 
			</coordinates>
		</LineString>
	</Placemark>
	<Placemark id="Autobahn.151">
		<name>9060671d-A620</name>
		<LineString>
			<coordinates>
				7.02754200795686,49.2074489436704,0 7.02213124348371,49.2110557639305,0 7.02060100529514,49.21618094789999,0 7.01699599568781,49.21976794794811,0 6.99390800053936,49.2302589458543,0 6.98992500567263,49.23625394415661,0 6.95275300035114,49.2334449515864,0 6.93764800608913,49.2388919518643,0 6.930082998014759,49.2394069506901,0 6.87967850627079,49.2511226190787,0 6.86709716229931,49.2486972189902,0 6.85672963920287,49.241480164095,0 6.84044738686894,49.2418500774286,0 6.83614970432208,49.2437158557102,0 6.83407504240691,49.24673925843649,0 6.832899006759849,49.2563149454651,0 6.828312005428609,49.26362394379181,0 6.796421003283919,49.2717749467119,0 6.78349500053956,49.2710929465317,0 6.77894500038981,49.2726839496358,0 6.75925999563228,49.28844894783429,0 6.751324535476949,49.2983028604343,0 6.74518504028908,49.3026452762618,0 6.73409461697421,49.3071739118112,0 6.73054719101388,49.3110354202065,0 6.729954742555151,49.31517983374469,0 6.73333800608737,49.3226819473245,0 6.73277899911823,49.3258909465704,0 6.72630048813871,49.3332047041818,0 
			</coordinates>
		</LineString>
	</Placemark>
	<Placemark id="Autobahn.152">
		<name>51742701-A17</name>
		<LineString>
			<coordinates>
				13.9953069589405,50.7510733445465,0 13.9773766384923,50.7556099357566,0 13.9677677756366,50.7658175008066,0 13.9633013194402,50.7685201353947,0 13.9432457198136,50.77552833665739,0 13.933583356106,50.7778224169738,0 13.9091937522643,50.7794819504227,0 13.8983881908974,50.7830221507992,0 13.8853709146018,50.79452544582949,0 13.8813420263636,50.80160955533989,0 13.8814951146232,50.8088985908887,0 13.8875759948921,50.8218675874493,0 13.8875284208943,50.8265297504457,0 13.8827310858993,50.8378209421736,0 13.880238023278,50.8494619696484,0 13.8723113160245,50.8629843196487,0 13.8711567364281,50.8714620463153,0 13.8758452930148,50.8829306058203,0 13.8917131438606,50.8983764946418,0 13.8937046506149,50.9067103266505,0 13.8893850554221,50.9292829961781,0 13.885766648495,50.9348999408437,0 13.8756544864075,50.9427468639167,0 13.8677284958724,50.95650972644539,0 13.85041108104,50.9655047957601,0 13.8414835796861,50.9682831161448,0 13.8255918332023,50.9701344044515,0 13.7972362198389,50.9782235290289,0 13.7379005746245,51.00588878957061,0 13.7250928260089,51.00916392263469,0 13.7158894102249,51.0133566774788,0 13.6942821565618,51.0172268869987,0 13.6842034095479,51.0257564157156,0 13.6730579633151,51.0290468631786,0 13.662265352794,51.0354582488964,0 13.6374415422701,51.0348609825327,0 13.6126139489815,51.0380088964531,0 13.6082308563757,51.0414213926904,0 13.6075064551151,51.0473168852221,0 13.6043653172872,51.05213160102,0 13.6058167281026,51.0630650329706,0 
			</coordinates>
		</LineString>
	</Placemark>
	<Placemark id="Autobahn.153">
		<name>7eba75a6-A623</name>
		<LineString>
			<coordinates>
				6.994023927856671,49.25997580316629,0 6.994134004294699,49.2655669496237,0 7.00204899884817,49.27197294407659,0 7.0064079995129,49.2796749484537,0 7.01442600295957,49.2831559465225,0 7.03571199665846,49.2983909453397,0 7.043622999825979,49.3018069451919,0 7.05901500186735,49.3051919482617,0 7.065159996291719,49.3118479491295,0 7.076003005450489,49.3169589517222,0 7.07961975418186,49.3207288084154,0 
			</coordinates>
		</LineString>
	</Placemark>
	<Placemark id="Autobahn.154">
		<name>18180f7a-A10</name>
		<LineString>
			<coordinates>
				12.8201022298905,52.3304447253097,0 12.8160159036169,52.3395916015535,0 12.8149957062274,52.358637212643,0 12.8171802392296,52.3790767050309,0 12.8222664663839,52.3859675241826,0 12.8349890775194,52.3937007654745,0 12.8662299996092,52.4009529452892,0 12.8781629912559,52.40625094660511,0 12.8933999931384,52.4089139424665,0 12.9273239965391,52.4225739470407,0 12.9296679903049,52.4259859488092,0 12.9305569945369,52.4396319482947,0 12.9407149966191,52.464300942771,0 12.9611700208435,52.480068422165,0 12.9638811689061,52.4849410821922,0 12.9599935506737,52.51069553452641,0 12.9666749413935,52.5279639614479,0 12.9634963974193,52.54600442418219,0 12.9651057247638,52.5557639138451,0 12.9725753775022,52.5734022350656,0 12.9730517081769,52.58299225311711,0 12.9700116087814,52.59464859078,0 12.9698965969467,52.6013183001857,0 12.9723687312513,52.610102217075,0 13.0031789890078,52.6568069395309,0 13.0118792146256,52.70697421247419,0 13.0194216971586,52.71164853112909,0 13.0638493520548,52.70477159548441,0 13.1186840020509,52.7072349404824,0 13.1884153072092,52.7056610442842,0 13.2364090588671,52.69939204510001,0 13.2843429919897,52.69921894271479,0 13.344796000177,52.6831619415286,0 13.3747429940108,52.68098694833219,0 13.3888319938124,52.6784079474777,0 13.4002939982398,52.6726919453081,0 13.4169859960538,52.6515039410121,0 13.426303997913,52.64340294238011,0 13.4438779932069,52.6345599413759,0 13.4774599878411,52.62771693377161,0 13.505088590653,52.61967921650029,0 13.5215716545621,52.61655162407241,0 13.5585715269037,52.6139356428064,0 13.5864428517948,52.6098519488677,0 13.6003293386614,52.6045467265454,0 13.6383230016225,52.5789099423952,0 13.6527729977327,52.56469494636669,0 13.6978449917653,52.5389659455758,0 13.749982368328,52.4982254485219,0 13.7528670821489,52.49446111065139,0 13.7552816559236,52.4803106872989,0 13.7586676751476,52.47711761597359,0 13.7905862317962,52.4634845126401,0 13.7954766129318,52.4598145039383,0 13.798298202088,52.4556895870214,0 13.8012091767312,52.4456247868995,0 13.8009609161168,52.4425572471562,0 13.7860012186648,52.4236852751167,0 13.7850241387059,52.4185442711784,0 13.7862942543337,52.3887114794479,0 13.7631545641659,52.3665646923671,0 13.7504210879099,52.3292418643107,0 13.7483577651829,52.3267600314155,0 13.7394250648391,52.3240298787746,0 13.7126097634126,52.32446477151309,0 13.6496639653956,52.31109931589409,0 13.6282116739549,52.3102527941495,0 13.608092279496,52.3115407066462,0 13.5844091726832,52.3196906308453,0 13.5074993320865,52.3192426319359,0 13.4412138805363,52.3063243921256,0 13.3523595260031,52.3079280224053,0 13.3275399946055,52.30571321072101,0 13.2809228231343,52.3087964342082,0 13.2495318162892,52.30060072643029,0 13.1975660636381,52.3020537759218,0 13.1816041189026,52.2990848484085,0 13.1012877216102,52.3030869490553,0 13.0824459577282,52.3002088603342,0 13.0479418076054,52.3012765308742,0 13.034446568518,52.2983740088725,0 13.010023668237,52.30383433493949,0 12.978502915,52.3038025621265,0 12.9171599942054,52.2898189499504,0 12.8568194442478,52.3196201562916,0 12.8200656323462,52.3304476137193,0 
			</coordinates>
		</LineString>
	</Placemark>
	<Placemark id="Autobahn.155">
		<name>af9c5f85-A516</name>
		<LineString>
			<coordinates>
				6.86444453599147,51.49923096702339,0 6.858703256297581,51.5050493539714,0 6.85651989150928,51.50975941465641,0 6.8587499972776,51.51925294370181,0 6.85632999773972,51.5223169464013,0 6.8483860074374,51.5264249505827,0 6.83407700458374,51.5373399438247,0 
			</coordinates>
		</LineString>
	</Placemark>
	<Placemark id="Autobahn.156">
		<name>a7762686-A831</name>
		<LineString>
			<coordinates>
				9.067870995115889,48.7262149458224,0 9.07569600644409,48.7289009500898,0 9.086543003357679,48.730101950357,0 9.09376915322466,48.735613620194,0 
			</coordinates>
		</LineString>
	</Placemark>
	<Placemark id="Autobahn.157">
		<name>95b50119-A544</name>
		<LineString>
			<coordinates>
				6.108949031438321,50.78039265458089,0 6.11869299644961,50.781280946687,0 6.14225500088441,50.7968559436934,0 6.164376103783519,50.8047745892683,0 
			</coordinates>
		</LineString>
	</Placemark>
	<Placemark id="Autobahn.158">
		<name>87969338-A392</name>
		<LineString>
			<coordinates>
				10.4777336438868,52.3003961597018,0 10.4816760016242,52.2895659424149,0 10.4852194690519,52.28564173508359,0 10.5022509945475,52.2816929428154,0 10.5153170018677,52.2815949486301,0 
			</coordinates>
		</LineString>
	</Placemark>
	<Placemark id="Autobahn.159">
		<name>cf3a0214-A659</name>
		<LineString>
			<coordinates>
				8.548047924036039,49.519239710774,0 8.57212400109273,49.5265379509385,0 8.595679002931631,49.5382589489995,0 8.61306172034039,49.5428236976212,0 8.619364908303449,49.5469774320928,0 8.62760021380566,49.54897698225649,0 
			</coordinates>
		</LineString>
	</Placemark>
	<Placemark id="Autobahn.160">
		<name>2e7aa889-A672</name>
		<LineString>
			<coordinates>
				8.61806124760127,49.8680546680648,0 8.612091708855329,49.86667760989891,0 8.600719001847031,49.8704489487188,0 8.58989985231519,49.8711689899233,0 8.584258292007011,49.8698855024921,0 
			</coordinates>
		</LineString>
	</Placemark>
	<Placemark id="Autobahn.161">
		<name>c9798ad8-A117</name>
		<LineString>
			<coordinates>
				13.5485572994587,52.3594563524157,0 13.5495052813234,52.36318695733989,0 13.5612359946969,52.3754289402383,0 13.5642479931304,52.38814894053629,0 13.5645849990462,52.39334494604849,0 13.5531579937901,52.4034239451592,0 
			</coordinates>
		</LineString>
	</Placemark>
	<Placemark id="Autobahn.162">
		<name>4135ab4d-A281</name>
		<LineString>
			<coordinates>
				8.689675369653299,53.09688204444261,0 8.69099617021849,53.09379183235,0 8.694419568471631,53.0914743767185,0 8.73447643485305,53.0787376510233,0 8.74836944730502,53.0753771478163,0 8.760243244976859,53.0753382862436,0 8.772371776289329,53.07035432127229,0 8.78921034657683,53.0575101713232,0 8.79967799512637,53.0549599404329,0 
			</coordinates>
		</LineString>
	</Placemark>
	<Placemark id="Autobahn.163">
		<name>ecd39223-A15</name>
		<LineString>
			<coordinates>
				14.7527658679892,51.6667598375314,0 14.7363546419682,51.6663678894082,0 14.7239280073839,51.6678855077794,0 14.7047395772069,51.6726377988116,0 14.6564183373213,51.69936394801899,0 14.636518052729,51.7059835267146,0 14.6045309117983,51.7127563083459,0 14.546212478515,51.70863715153409,0 14.4777024194322,51.713502889151,0 14.4178293784105,51.70633441266819,0 14.4073557285227,51.7080034488096,0 14.3842974345498,51.7161727534419,0 14.340925636879,51.71695707461581,0 14.3223954474342,51.7189213549101,0 14.3007712195615,51.7241595497916,0 14.2902481428823,51.7248387045159,0 14.266025338136,51.72250457367279,0 14.1836606081106,51.7297290005149,0 14.1202014951412,51.757305386387,0 14.1030230824469,51.7676679466913,0 14.0724797895511,51.7794026596225,0 14.0557731567118,51.7931976822582,0 14.0065014467127,51.8242007106459,0 13.9567129252768,51.8390448709472,0 13.9363560322872,51.8402511082065,0 13.9242289974995,51.84427294642249,0 
			</coordinates>
		</LineString>
	</Placemark>
	<Placemark id="Autobahn.164">
		<name>bd7c2ae0-A65</name>
		<LineString>
			<coordinates>
				8.281604000015109,49.0392979511626,0 8.259213995610081,49.04135994427019,0 8.23904600589514,49.0497729452264,0 8.229625005595119,49.0560919440758,0 8.20761267508856,49.0664969811159,0 8.204926381761849,49.0693197771612,0 8.20474268260306,49.0724518324287,0 8.21271771963395,49.0814708713682,0 8.213716006746489,49.0865649512586,0 8.211920003430659,49.09002694688999,0 8.207956938891231,49.0931212025989,0 8.182223815137229,49.1044208472067,0 8.17840100413207,49.1090603485212,0 8.16551199529774,49.1397389452264,0 8.155791151474819,49.15076005152419,0 8.15520400621739,49.1614699518995,0 8.150971006725349,49.1746359444037,0 8.147774007165809,49.20699894396169,0 8.14160278270958,49.21727424996359,0 8.14854027962274,49.2292131888143,0 8.14915000261489,49.2472099518472,0 8.152674994719799,49.27006094670601,0 8.152090003414569,49.2975869506602,0 8.155463998947161,49.3066699506149,0 8.17814900040405,49.32644994843669,0 8.1883379945464,49.3390549463131,0 8.198563002937041,49.3641389496467,0 8.202477000788781,49.3689739488631,0 8.2155866268048,49.37635310203161,0 8.24999900407858,49.3822759505852,0 8.261456999511889,49.3867659452883,0 8.27198099678451,49.3942689476088,0 8.283368996989831,49.4108349460805,0 8.29777273775707,49.4269309081976,0 8.306883004530141,49.4343439437164,0 8.32389429481384,49.4428220245961,0 8.360768007531821,49.45590794984939,0 8.362432999226851,49.45841594743191,0 
			</coordinates>
		</LineString>
	</Placemark>
	<Placemark id="Autobahn.165">
		<name>4b852e51-A270</name>
		<LineString>
			<coordinates>
				8.71098867991657,53.1794381203033,0 8.70162800647026,53.17451094548629,0 8.697468996982529,53.1738939459768,0 8.668595001748541,53.1718199434497,0 8.656315998783899,53.17257694807319,0 8.63666800587781,53.1754659467805,0 8.62210800485173,53.1804789453776,0 8.598743995770921,53.1810449425445,0 8.588140993540501,53.1828199436755,0 8.56631386922178,53.1919044081529,0 
			</coordinates>
		</LineString>
	</Placemark>
	<Placemark id="Autobahn.166">
		<name>2e9b5f8e-A38</name>
		<LineString>
			<coordinates>
				9.86445044638824,51.4530518033286,0 9.871188999517029,51.4488099477541,0 9.8753799951978,51.44265995002581,0 9.88985684508267,51.42812479590199,0 9.902165492349599,51.41924058158029,0 9.90911753435963,51.40855008977469,0 9.92337861035365,51.4010749531965,0 9.95396069696273,51.3963663885037,0 9.977728800992139,51.39850801429829,0 10.0013830069367,51.4050071857065,0 10.0365309495466,51.39776910801731,0 10.0525133170532,51.3928645891472,0 10.0771354310683,51.3972571999108,0 10.1105071166795,51.3912150304946,0 10.1193711337036,51.39258941888819,0 10.150043816689,51.4061080056178,0 10.169370602288,51.40958281026019,0 10.1799456581674,51.40896002117699,0 10.2007151843208,51.4044338231638,0 10.2541968045049,51.39940390538259,0 10.2812020883511,51.392806977414,0 10.291615409078,51.393458854342,0 10.3169430566907,51.3997560109829,0 10.3691635662014,51.396667561768,0 10.4067964147331,51.403100857516,0 10.4470086276563,51.4036594881869,0 10.4589734076025,51.4067692385133,0 10.469508692888,51.41179855990689,0 10.4800622351226,51.4195250677008,0 10.4882593566511,51.4223307188179,0 10.509648931345,51.4215086488535,0 10.52808935876,51.423099493872,0 10.5586916250612,51.4178249879079,0 10.5785120461216,51.4191383366195,0 10.5850346437776,51.4212309903182,0 10.5951363368288,51.4294112189145,0 10.6041402188449,51.4339802253353,0 10.634000861381,51.4347593270536,0 10.6539258376644,51.44261935455691,0 10.6702914764214,51.4439812508279,0 10.6775888789135,51.446277115333,0 10.6841702406033,51.4520398253109,0 10.6888062446616,51.4694332087152,0 10.6934649462855,51.4771236566872,0 10.6981036067905,51.4812103554523,0 10.7109077409841,51.4874754211158,0 10.7335045982451,51.4902322994169,0 10.7558568158683,51.4847584513218,0 10.7985206974065,51.4622567461838,0 10.8116145910685,51.4586555674707,0 10.8257256684368,51.4590038199267,0 10.8357882313382,51.4620973224742,0 10.859190834285,51.474221895134,0 10.8680755811953,51.47607800945699,0 10.8759379100299,51.4762016641371,0 10.903684281511,51.47023180274981,0 10.9326899645483,51.4697266864889,0 10.955019677578,51.4674840519401,0 10.9932899041079,51.4713718121804,0 11.0247291691559,51.4640927926672,0 11.0386565796729,51.4652976703209,0 11.0551304122467,51.4725505020043,0 11.0657327553041,51.4747824709623,0 11.0764048538959,51.4743830324946,0 11.0960198483959,51.4699780857718,0 11.1202810614459,51.4677345392556,0 11.1425064519492,51.462091058372,0 11.1789960988557,51.4624340560512,0 11.2067373002696,51.4529203479891,0 11.2739217921209,51.44791464846501,0 11.2944064928012,51.45150134799291,0 11.3040346913998,51.45163904257339,0 11.3142536369304,51.44948844701939,0 11.3332814946962,51.44089803195279,0 11.3793797464131,51.4305202375363,0 11.39245938478,51.429136570165,0 11.4047367079336,51.43017513144281,0 11.4800995655256,51.4439341387149,0 11.4908373928536,51.4438275747153,0 11.509626815214,51.4407653393847,0 11.5895924300648,51.4468952798825,0 11.5976394497417,51.4456186773982,0 11.6111114646276,51.44012770256,0 11.6319768949875,51.42324467559461,0 11.6397520164503,51.42032328354689,0 11.6631818806462,51.41664655314739,0 11.6753356086722,51.4123705574107,0 
			</coordinates>
		</LineString>
	</Placemark>
	<Placemark id="Autobahn.167">
		<name>dda6d3bb-A38</name>
		<LineString>
			<coordinates>
				11.6753356086722,51.4123705574107,0 11.6933951634645,51.40601673913091,0 11.7151267177613,51.4012908013595,0 11.7407440590049,51.3993655822773,0 11.8212074407631,51.404937112601,0 11.8752077155596,51.40292817482041,0 11.8929671199145,51.3987171941611,0 11.9015757896523,51.3940157105738,0 11.910583978202,51.3836318249395,0 11.9123357773624,51.3703666602956,0 11.9186384979809,51.35140414881699,0 11.9305237006577,51.3354213489024,0 11.9390087993785,51.32693505048779,0 11.9468435987351,51.3140313479534,0 11.950326996219,51.31021604342121,0 11.9677468881452,51.3002365665364,0 11.9731814508141,51.2949004835459,0 11.9753025002012,51.28881832538431,0 11.974441968441,51.27407756904491,0 11.978852307625,51.2661507793109,0 11.9892902517237,51.2595866941017,0 12.0144969820461,51.2522713866661,0 12.026479363396,51.2429956211241,0 12.0333303214925,51.2396192887811,0 12.0431932390773,51.2375057509708,0 12.1086928179182,51.2345038092438,0 12.1598447840563,51.2405047959277,0 12.1848454881971,51.235663929155,0 12.2004230311123,51.2357623725031,0 12.2084795906354,51.2381178455703,0 12.25247830359,51.2600580474109,0 12.2691637708933,51.26305982726721,0 12.2864242151984,51.2607574493805,0 12.3060087119175,51.252014330511,0 12.3187128651321,51.2484152683015,0 12.33285849627,51.24677958316239,0 12.4193007446261,51.2481962621333,0 12.4287353069003,51.2513747007692,0 12.4373141133657,51.2581894303385,0 12.4445195547602,51.2615724783987,0 12.454232895532,51.2630628473362,0 12.4746845946008,51.2629062816529,0 12.482221666788,51.2656938303095,0 12.4871055344426,51.2694997420115,0 12.4974728287602,51.2829783081012,0 12.5282616923222,51.2921208174702,0 12.5475535546788,51.304398884932,0 12.5541241716471,51.310792293528,0 
			</coordinates>
		</LineString>
	</Placemark>
	<Placemark id="Autobahn.168">
		<name>7d10668e-A31</name>
		<LineString>
			<coordinates>
				6.926056002852259,51.55521994498031,0 6.93011300412491,51.5678839448257,0 6.938818995497989,51.5855659433168,0 6.94108000517494,51.5954829481575,0 6.9405890021413,51.6077639490618,0 6.93379300029296,51.6292099478052,0 6.932796998661779,51.64422294592129,0 6.92972600524114,51.6537509445305,0 6.91865800234369,51.6708109479288,0 6.91819100310272,51.6775539429803,0 6.9239920061979,51.69273994566691,0 6.92773199828415,51.7091539446363,0 6.93182799983615,51.7160129475638,0 6.958167009228009,51.7396319427713,0 6.96316199955473,51.7475079493555,0 6.96569700019891,51.7555289428255,0 6.96575400108345,51.77218294764201,0 6.97096000124709,51.7898499479978,0 7.002409998571241,51.83315894535941,0 7.005752995602331,51.8437769417484,0 7.00720104977073,51.8640847941592,0 7.00998687086534,51.8732513818815,0 7.02246895671158,51.8945766148536,0 7.030856060364169,51.9181988862282,0 7.043166697922,51.9375378135073,0 7.0502753060612,51.9804759431692,0 7.05032871487037,51.99986838728991,0 7.060906708467761,52.02664993443291,0 7.062435996423919,52.0508549472052,0 7.06660724422161,52.0620735495912,0 7.079101443361351,52.080371563586,0 7.08376025497926,52.0901473432864,0 7.090441649743341,52.1461087422827,0 7.09276089953222,52.1548118452911,0 7.09960784170749,52.1679359363536,0 7.13256300465483,52.2175939482543,0 7.1655781948629,52.2492939440206,0 7.18503166593682,52.2728756459834,0 7.19440849856196,52.2787452353108,0 7.22968781683214,52.2888958729586,0 7.24369031635652,52.2961030453243,0 7.254896313438539,52.3079482218269,0 7.25766450226449,52.315120367478,0 7.25914183563874,52.3482099155048,0 7.2580192686713,52.3565801616076,0 7.25496406577887,52.3650577215354,0 7.2470760892836,52.3787814164394,0 7.24538599304117,52.3865817661499,0 7.24736392283461,52.3954369245051,0 7.25948841364553,52.41849973677861,0 7.260303198156229,52.4265733031508,0 7.258616571704091,52.434957641262,0 7.25312565894441,52.4452057270213,0 7.245311093514559,52.45456896837489,0 7.222548519912121,52.4707731125575,0 7.21176668373066,52.4814119858882,0 7.20534302621062,52.4914788751979,0 7.201171451494369,52.5020304193294,0 7.199082796707901,52.5240678399338,0 7.19471339456016,52.5438233470393,0 7.181084408394561,52.5746966418293,0 7.17970669897146,52.5880221434022,0 7.185583655586021,52.6087444891611,0 7.187658891577791,52.6255803025473,0 7.19217876929989,52.6381794944586,0 7.19239167278828,52.6485731686832,0 7.190064111131451,52.653669316927,0 7.169318999638421,52.67791694717379,0 7.16527699727406,52.68924194417641,0 7.166184068418279,52.71308351455151,0 
			</coordinates>
		</LineString>
	</Placemark>
	<Placemark id="Autobahn.169">
		<name>e7f8928d-A31</name>
		<LineString>
			<coordinates>
				7.166184068418279,52.71308351455151,0 7.166191998403779,52.713291947273,0 7.16229900929024,52.74486894195001,0 7.16465100636317,52.7776259407798,0 7.169683003335171,52.7898289409052,0 7.17867600861116,52.80213394395119,0 7.2008590041421,52.8222999413257,0 7.20978199758878,52.8341449421038,0 7.2200340056049,52.8637519432398,0 7.22804300751314,52.8766729406959,0 7.2454069996799,52.89754494793261,0 7.251078001832161,52.90911594493981,0 7.253478998490119,52.91804794846459,0 7.25419900656598,52.9290969433544,0 7.25070300410764,52.97356694398001,0 7.250393004751099,53.0097949440097,0 7.241092006716421,53.0430029463004,0 7.238695003382841,53.0655039467736,0 7.240504389598219,53.0854536166659,0 7.244851800859701,53.0980591349118,0 7.26573723286991,53.125310151789,0 7.273636003630299,53.1380359417752,0 7.28321800121657,53.16278194202209,0 7.29791499693021,53.1854219490325,0 7.30562435990108,53.2021868293671,0 7.3098384339641,53.2063935384505,0 7.325757003611069,53.2126079428126,0 7.390781004235741,53.22651294231899,0 7.40888781974001,53.23592320075599,0 7.43069731820426,53.25112781964621,0 7.446816107765359,53.2597672636248,0 7.45975498691897,53.2638566424422,0 7.47794866331373,53.2667790230777,0 7.497132004217659,53.2668559429273,0 7.49698300418711,53.2728779440363,0 7.49073500870943,53.2853169473558,0 7.48604900728319,53.2910269468189,0 7.44549000740983,53.32591394113819,0 7.42862900529096,53.33767494864841,0 7.415030999968289,53.35054594489999,0 7.394916997764859,53.3603339480315,0 7.36537500182053,53.3662079411942,0 7.31611700317681,53.3707279431877,0 7.29447699787135,53.36613094403761,0 7.27065499717437,53.3645779458027,0 7.24825500778252,53.3656939460525,0 7.242910003441541,53.3678519458489,0 7.24094194902776,53.37481053135981,0 7.236852122684039,53.3806298371589,0 7.22866097048772,53.3857691889489,0 7.22030264677355,53.3877520417017,0 7.20768356733296,53.3881196355703,0 7.18815549013337,53.38685528802729,0 7.18069911328903,53.384913900332,0 7.174914932419361,53.3810302163795,0 7.17145447306616,53.37624769903099,0 7.17045121103747,53.3708023435836,0 7.17212281414673,53.3646864030971,0 
			</coordinates>
		</LineString>
	</Placemark>
	<Placemark id="Autobahn.170">
		<name>f25f60f6-A115</name>
		<LineString>
			<coordinates>
				13.0825144621088,52.3001849517518,0 13.0946624399355,52.31648845682329,0 13.1060773058156,52.3273520939659,0 13.1377516491863,52.3389867107456,0 13.1408518437085,52.343555604515,0 13.1411058410979,52.36155335543649,0 13.1487774300408,52.36775893751349,0 13.1502260122796,52.3800462531185,0 13.1559321843269,52.3886203019698,0 13.1786636541404,52.3955719349126,0 13.1966222765877,52.4106445255691,0 13.1972544298024,52.4155234464869,0 13.1953519963779,52.4232869433893,0 13.1913089921397,52.4269889400737,0 13.1927649911867,52.4337609449223,0 13.2765639960951,52.501679944818,0 13.2799432553933,52.5013738454234,0 
			</coordinates>
		</LineString>
	</Placemark>
</Document>
</kml>
