<?xml version="1.0" encoding="UTF-8"?>
<kml xmlns="http://www.opengis.net/kml/2.2" xmlns:gx="http://www.google.com/kml/ext/2.2" xmlns:kml="http://www.opengis.net/kml/2.2" xmlns:atom="http://www.w3.org/2005/Atom">
<Document id="root_doc">
	<name>Border</name>
	<open>1</open>
	<atom:link rel="app" href="https://www.google.com/earth/about/versions/#earth-pro" title="Google Earth Pro 7.3.6.10201"></atom:link>
	<Style id="style0">
		<LineStyle>
			<color>ff0000ff</color>
		</LineStyle>
		<PolyStyle>
			<fill>0</fill>
		</PolyStyle>
	</Style>
	<Style id="style14">
		<LineStyle>
			<color>ff0000ff</color>
		</LineStyle>
		<PolyStyle>
			<fill>0</fill>
		</PolyStyle>
	</Style>
	<StyleMap id="stylemap_id1">
		<Pair>
			<key>normal</key>
			<styleUrl>#style0</styleUrl>
		</Pair>
		<Pair>
			<key>highlight</key>
			<styleUrl>#style14</styleUrl>
		</Pair>
	</StyleMap>
	<Placemark id="edxx_border.2">
		<name>Border_1</name>
		<styleUrl>#stylemap_id1</styleUrl>
		<LineString>
			<coordinates>
				13.0616134,48.2679937,0 13.0239765,48.25856220000001,0 13.01622,48.2552537,0 12.9990984,48.2375768,0 12.9666233,48.2146695,0 12.9561334,48.209281,0 12.9457528,48.2067401,0 12.9170166,48.2064432,0 12.8694309,48.20099789999999,0 12.8650109,48.1975787,0 12.8605175,48.1850908,0 12.8523479,48.1775714,0 12.847214,48.1669188,0 12.8360466,48.1653333,0 12.8345785,48.1581508,0 12.8275304,48.1529122,0 12.8117505,48.151553,0 12.7994023,48.1467763,0 12.7976342,48.1445284,0 12.797286,48.1383463,0 12.7863447,48.12333569999999,0 12.7821685,48.12312969999999,0 12.7748077,48.1272339,0 12.7684184,48.1287312,0 12.7589665,48.12698819999999,0 12.7586685,48.1186952,0 12.7508552,48.1122392,0 12.7492832,48.1092317,0 12.7529806,48.0868349,0 12.7566473,48.0789713,0 12.7615162,48.0730846,0 12.7704846,48.0659435,0 12.8386803,48.02513590000001,0 12.8537929,48.0124907,0 12.857299,48.0076006,0 12.8685486,47.9710105,0 12.8729861,47.9646461,0 12.8838918,47.95947679999999,0 12.9100728,47.9573634,0 12.9180874,47.954609,0 12.9206776,47.9513751,0 12.919334,47.9422635,0 12.92261,47.9393554,0 12.9316865,47.9397931,0 12.9343812,47.94092940000001,0 12.9357733,47.94393710000001,0 12.9383268,47.9431355,0 12.9407328,47.932194,0 12.945895,47.9227613,0 12.964173,47.90370029999999,0 12.9815668,47.87680550000001,0 13.0013973,47.8543925,0 13.0033609,47.8500223,0 13.0041455,47.8454516,0 13.0027151,47.84176550000001,0 12.9842464,47.8277876,0 12.9766626,47.815368,0 12.9641876,47.7999998,0 12.947001,47.7863663,0 12.9395904,47.7850099,0 12.938412,47.7833238,0 12.9395022,47.7782142,0 12.9296018,47.7729835,0 12.9277236,47.7698848,0 12.934804,47.7722781,0 12.9347799,47.77019060000001,0 12.9422359,47.77098039999999,0 12.9448157,47.76440879999999,0 12.9407334,47.7598537,0 12.935126,47.7579298,0 12.9379404,47.7578786,0 12.9352022,47.74732150000001,0 12.9328541,47.7473309,0 12.9309793,47.7448529,0 12.9212988,47.7441669,0 12.9182359,47.7425822,0 12.9123306,47.7370002,0 12.9107219,47.7316093,0 12.9045536,47.72744740000001,0 12.9052586,47.72343490000001,0 12.9112154,47.7201566,0 12.9129101,47.71735429999999,0 12.9229881,47.71385680000001,0 12.924907,47.7102937,0 12.9331693,47.7095538,0 12.9390701,47.7117408,0 12.9464527,47.7121627,0 12.9555434,47.7077985,0 12.9627018,47.7094851,0 12.9738047,47.70715260000001,0 12.9914808,47.70864599999999,0 12.9949796,47.7130617,0 13.00193,47.7132685,0 13.0045312,47.7151269,0 13.0059574,47.716935,0 13.0047574,47.71805259999999,0 13.0086562,47.7223761,0 13.0183382,47.7228752,0 13.0287562,47.71585049999999,0 13.0334804,47.7164978,0 13.0460629,47.7126266,0 13.0494983,47.71053160000001,0 13.0480389,47.7091283,0 13.0557029,47.7037597,0 13.0608569,47.6971475,0 13.0691981,47.69192759999999,0 13.0742347,47.69186599999999,0 13.0807484,47.68703380000001,0 13.0768889,47.6728312,0 13.0780811,47.6668746,0 13.0800589,47.6624823,0 13.0844464,47.6604735,0 13.0894697,47.6542733,0 13.0884972,47.649121,0 13.0970234,47.6407055,0 13.0989358,47.6351717,0 13.0958947,47.6279971,0 13.0805985,47.6189573,0 13.0777986,47.61475290000001,0 13.0716597,47.6105671,0 13.0695006,47.6048336,0 13.062619,47.6014623,0 13.0641746,47.5962222,0 13.0680879,47.5922121,0 13.0712065,47.5914622,0 13.0720923,47.5884387,0 13.0706416,47.586978,0 13.0436523,47.58336359999999,0 13.045112,47.579164,0 13.0415725,47.57648590000001,0 13.0426632,47.573717,0 13.0507192,47.563552,0 13.0574986,47.56214789999999,0 13.0551844,47.55958189999999,0 13.0557034,47.5573407,0 13.0447227,47.5502968,0 13.0435275,47.5460715,0 13.0371853,47.5428454,0 13.0381285,47.5411259,0 13.0316986,47.5355227,0 13.0309363,47.5325623,0 13.0373905,47.5276105,0 13.0462606,47.52387459999999,0 13.0472929,47.521496,0 13.0432772,47.5199306,0 13.0437905,47.51608370000001,0 13.0466997,47.5147714,0 13.0460884,47.5037365,0 13.0482783,47.4981464,0 13.04597,47.4946602,0 13.0476465,47.4921627,0 13.0419279,47.48874959999999,0 13.0362461,47.4891262,0 13.0325856,47.4868949,0 13.0268945,47.4866965,0 13.0264864,47.48344879999999,0 13.0219457,47.4775869,0 13.0197185,47.47744830000001,0 13.0148358,47.47067449999999,0 13.0036669,47.4633962,0 13.0010473,47.4640123,0 12.9973817,47.469575,0 12.9934,47.4717096,0 12.9948207,47.4786039,0 12.9894318,47.4775801,0 12.9855798,47.4814763,0 12.9778859,47.4829529,0 12.9780077,47.4846889,0 12.9751237,47.485023,0 12.9734779,47.4832616,0 12.9743665,47.4807436,0 12.9726131,47.478474,0 12.9726828,47.474304,0 12.9681513,47.47445100000001,0 12.9527055,47.47917859999999,0 12.9087264,47.4969431,0 12.8844722,47.5127584,0 12.8852644,47.51849630000001,0 12.8828416,47.5206153,0 12.8671669,47.52399199999999,0 12.8632606,47.528057,0 12.8572638,47.5269386,0 12.8517108,47.5307857,0 12.8493195,47.5361438,0 12.8503058,47.5404923,0 12.8476923,47.54597849999999,0 12.84264,47.5468447,0 12.8354153,47.54488850000001,0 12.8177288,47.544902,0 12.807262,47.5483949,0 12.7943155,47.55700410000001,0 12.7923685,47.5651064,0 12.7842817,47.5688641,0 12.7800626,47.5745156,0 12.7791497,47.57914160000001,0 12.7874362,47.5886054,0 12.7953337,47.5931666,0 12.7913246,47.59776959999999,0 12.7928837,47.6005732,0 12.7965358,47.6017911,0 12.7993926,47.6052105,0 12.8027981,47.6054066,0 12.8031721,47.60730800000001,0 12.8073584,47.6102534,0 12.8132705,47.6119811,0 12.822879,47.6096079,0 12.8244836,47.6121071,0 12.8109653,47.6212758,0 12.7993228,47.6260341,0 12.7998175,47.6272543,0 12.7897064,47.6332181,0 12.7809381,47.6326508,0 12.7718709,47.6389519,0 12.7660174,47.64392899999999,0 12.7647706,47.6471505,0 12.7585755,47.6515501,0 12.7606524,47.6549518,0 12.7676427,47.655435,0 12.7784548,47.66091699999999,0 12.7780271,47.6628599,0 12.7840532,47.67153620000001,0 12.7811652,47.6738182,0 12.7720703,47.66563489999999,0 12.7633051,47.6670423,0 12.7572069,47.6630364,0 12.7547091,47.6681178,0 12.7460726,47.6749897,0 12.7392212,47.6761766,0 12.7321173,47.6796706,0 12.715232,47.6762902,0 12.7051123,47.6811271,0 12.7007336,47.6796779,0 12.6958024,47.6822111,0 12.6892173,47.6812058,0 12.6782362,47.6824604,0 12.6661134,47.68103680000001,0 12.6572696,47.6760744,0 12.654889,47.6720806,0 12.648313,47.6701181,0 12.6466315,47.67320420000001,0 12.6436039,47.6734492,0 12.6387706,47.6710362,0 12.6300882,47.6762168,0 12.6168761,47.6724445,0 12.6073437,47.6737269,0 12.6036654,47.6724517,0 12.6020776,47.6686704,0 12.5969025,47.6661084,0 12.5828802,47.64732459999999,0 12.5780103,47.6342199,0 12.5750269,47.63231519999999,0 12.536374,47.6364725,0 12.5122716,47.625307,0 12.4991695,47.6251006,0 12.4906589,47.6350586,0 12.4913477,47.6369024,0 12.465113,47.649733,0 12.4538456,47.66335489999999,0 12.4527426,47.6678963,0 12.4452732,47.6708709,0 12.4445839,47.6738872,0 12.440743,47.6739052,0 12.4389352,47.67619530000001,0 12.4407966,47.6771199,0 12.4395381,47.6797459,0 12.4429966,47.6918376,0 12.4400708,47.69523049999999,0 12.4326253,47.694443,0 12.4291199,47.69638329999999,0 12.4013715,47.6922737,0 12.3807278,47.6864457,0 12.3636175,47.6838421,0 12.3570348,47.6904277,0 12.3524707,47.6907037,0 12.3514538,47.6920989,0 12.3447236,47.6922822,0 12.3397571,47.6903488,0 12.3361021,47.69181369999999,0 12.3350634,47.6926978,0 12.3380351,47.697055,0 12.2847204,47.6901459,0 12.2775137,47.6878885,0 12.2632436,47.6783215,0 12.2552499,47.6794511,0 12.2529718,47.68384120000001,0 12.2458853,47.6877517,0 12.2412609,47.6943766,0 12.2469234,47.7109573,0 12.2507067,47.7126943,0 12.2649807,47.7325165,0 12.2631886,47.7369079,0 12.2570286,47.7430345,0 12.2497055,47.7415525,0 12.2267425,47.7181373,0 12.2119569,47.7111967,0 12.2059577,47.71051790000001,0 12.2036359,47.7074327,0 12.1964516,47.7084799,0 12.1864446,47.7036584,0 12.1835036,47.7004961,0 12.1624246,47.701167,0 12.1683802,47.680558,0 12.1822372,47.668039,0 12.1849988,47.65968850000001,0 12.1990868,47.64085060000001,0 12.2037036,47.6229714,0 12.2082498,47.6134704,0 12.2073109,47.6097073,0 12.2039614,47.6067646,0 12.1858448,47.6047352,0 12.1781491,47.6008901,0 12.1814362,47.6103544,0 12.1790043,47.6143898,0 12.1635669,47.6134367,0 12.1398022,47.60533530000001,0 12.1290224,47.6056493,0 12.1152172,47.6114504,0 12.0823518,47.6097453,0 12.0781745,47.6135126,0 12.0708373,47.6146621,0 12.0642122,47.6186831,0 12.060719,47.6188294,0 12.0512284,47.6148816,0 12.0373288,47.61762259999999,0 12.0314393,47.6147822,0 12.0285913,47.6112599,0 12.0219093,47.611083,0 12.0196276,47.61195709999999,0 12.0161746,47.6184489,0 12.0122729,47.62183580000001,0 12.0127625,47.6232007,0 12.0085326,47.6251781,0 11.9994677,47.6215034,0 11.9809046,47.6188651,0 11.976229,47.61297759999999,0 11.9744184,47.6153987,0 11.9681661,47.61723919999999,0 11.9333303,47.6127291,0 11.9136975,47.613838,0 11.9022567,47.6082267,0 11.895155,47.6090464,0 11.8635552,47.60086439999999,0 11.8549553,47.60235789999999,0 11.8473688,47.5823238,0 11.8440415,47.5812118,0 11.8294452,47.58212369999999,0 11.8274462,47.5855079,0 11.8170056,47.5843955,0 11.789562,47.587692,0 11.7810482,47.5911967,0 11.7453084,47.5877161,0 11.7001715,47.5889654,0 11.6812597,47.5838292,0 11.6728491,47.5854649,0 11.6603082,47.5838042,0 11.6492739,47.5903476,0 11.6433452,47.58930180000001,0 11.6413142,47.59338770000001,0 11.6361799,47.5945549,0 11.6329856,47.59259100000001,0 11.631042,47.58663210000001,0 11.6310492,47.584636,0 11.6344492,47.5819857,0 11.6334888,47.5805894,0 11.6304361,47.5803079,0 11.6239283,47.5840008,0 11.6195346,47.5843831,0 11.6130527,47.5798373,0 11.6057627,47.5810794,0 11.5999481,47.5665075,0 11.5903523,47.5597916,0 11.5868807,47.55471960000001,0 11.589651,47.5517968,0 11.5857454,47.5454823,0 11.5886561,47.5313233,0 11.5881089,47.52545069999999,0 11.5773109,47.5202222,0 11.5724166,47.51450640000001,0 11.5529003,47.5122577,0 11.5517996,47.5133805,0 11.5337173,47.5088714,0 11.5186116,47.5110024,0 11.5125354,47.5063605,0 11.5056645,47.5047271,0 11.4990692,47.5073404,0 11.4894772,47.5070775,0 11.487603,47.5090036,0 11.4559183,47.5089679,0 11.4493318,47.5072432,0 11.4479037,47.5103965,0 11.4431591,47.5142248,0 11.44209,47.517917,0 11.4331652,47.51388589999999,0 11.4218866,47.5063237,0 11.4205505,47.5034947,0 11.4166252,47.5022682,0 11.4085734,47.4936208,0 11.4075816,47.4905883,0 11.3993058,47.4867674,0 11.395078,47.48224189999999,0 11.3908127,47.4821578,0 11.3850446,47.4760011,0 11.3838429,47.4723745,0 11.3899958,47.4669484,0 11.4094382,47.4667359,0 11.4083332,47.4643377,0 11.4105953,47.4626627,0 11.4121722,47.4555558,0 11.4211938,47.4445915,0 11.4154242,47.4470178,0 11.4074327,47.445851,0 11.4023542,47.4480784,0 11.3887599,47.4465161,0 11.3850316,47.44861280000001,0 11.3769449,47.44917339999999,0 11.3711221,47.4454217,0 11.3645376,47.44481879999999,0 11.3574294,47.4487571,0 11.350073,47.44751289999999,0 11.3386129,47.4499229,0 11.3312651,47.4446175,0 11.3301707,47.44199569999999,0 11.3312896,47.439033,0 11.3296715,47.4380969,0 11.3212636,47.43772489999999,0 11.3177038,47.4324673,0 11.3142425,47.4308998,0 11.2996213,47.43076569999999,0 11.2977216,47.4285043,0 11.2910304,47.4270797,0 11.2902425,47.42212179999999,0 11.2932679,47.4191276,0 11.290057,47.4072642,0 11.2811384,47.4006155,0 11.2698847,47.3975653,0 11.2628683,47.3993551,0 11.2369269,47.39810109999999,0 11.2249594,47.39525239999999,0 11.2223096,47.397349,0 11.2240265,47.4015382,0 11.2307144,47.4056486,0 11.2323549,47.4107696,0 11.2397332,47.4156755,0 11.2403488,47.41955049999999,0 11.2534161,47.42823769999999,0 11.2489708,47.4325754,0 11.2213137,47.4305061,0 11.2069902,47.43393960000001,0 11.198392,47.4276344,0 11.1800302,47.4263842,0 11.169186,47.4224755,0 11.1559917,47.42115509999999,0 11.1410105,47.4141137,0 11.1280711,47.4121964,0 11.1225528,47.40635409999999,0 11.1219758,47.4033133,0 11.1238288,47.3996333,0 11.114824,47.3954556,0 11.1045186,47.3956542,0 11.1002707,47.3942824,0 11.0942053,47.3959282,0 11.0615533,47.3965466,0 11.0583769,47.3953588,0 11.0534001,47.3961121,0 11.0486024,47.3939066,0 11.0382091,47.3965894,0 11.028455,47.39336899999999,0 11.0231808,47.3970782,0 11.0049719,47.3941292,0 10.9795552,47.3969636,0 10.9718964,47.3995575,0 10.9704256,47.4002012,0 10.9696958,47.40396969999999,0 10.9711117,47.4084619,0 10.968792,47.41186660000001,0 10.9716929,47.4172673,0 10.9804486,47.4183487,0 10.9846583,47.4210258,0 10.9836122,47.4300177,0 10.9581723,47.4515472,0 10.9295387,47.4702317,0 10.9288081,47.47317799999999,0 10.9384622,47.4799665,0 10.9371742,47.4811371,0 10.9343493,47.4827218,0 10.9253533,47.4825353,0 10.9099244,47.4855481,0 10.8814595,47.47917799999999,0 10.8744802,47.4803881,0 10.8700396,47.48325499999999,0 10.8695266,47.48800049999999,0 10.8717779,47.49311969999999,0 10.8700552,47.49828560000001,0 10.8719887,47.5003627,0 10.8908218,47.5075829,0 10.918007,47.51363120000001,0 10.9185975,47.5173359,0 10.9158416,47.5193689,0 10.9055145,47.5174765,0 10.9009027,47.52105619999999,0 10.8926869,47.530491,0 10.890311,47.5373142,0 10.8669186,47.5357475,0 10.862118,47.5339992,0 10.853562,47.5346673,0 10.8484803,47.53022649999999,0 10.8399842,47.5277489,0 10.8385263,47.52544720000001,0 10.8316544,47.5283659,0 10.8130268,47.5263646,0 10.8110676,47.52432169999999,0 10.8126224,47.5200321,0 10.7954152,47.521195,0 10.777508,47.5139211,0 10.7764126,47.5156782,0 10.7726423,47.5156537,0 10.7637598,47.5195919,0 10.7621865,47.5227115,0 10.7646093,47.52489720000001,0 10.763958,47.5282841,0 10.7585038,47.5344939,0 10.7537761,47.5350169,0 10.7510481,47.537277,0 10.7377913,47.53877170000001,0 10.7183807,47.538138,0 10.7089737,47.5437178,0 10.6945958,47.54478090000001,0 10.6902266,47.55536459999999,0 10.6924026,47.5560098,0 10.6910027,47.5587703,0 10.6780074,47.5562275,0 10.6765632,47.559003,0 10.6347529,47.559044,0 10.6260938,47.56101210000001,0 10.6260881,47.5629565,0 10.6190545,47.5668703,0 10.608131,47.5658021,0 10.5979477,47.5697413,0 10.5959083,47.56491070000001,0 10.5898528,47.55982479999999,0 10.5803298,47.5556614,0 10.5793036,47.5532447,0 10.582347,47.550178,0 10.5817954,47.5479661,0 10.5733588,47.5340164,0 10.5711058,47.5334723,0 10.5639853,47.5341059,0 10.5628016,47.5363176,0 10.558885,47.5373323,0 10.5245223,47.535167,0 10.4889121,47.540403,0 10.4723343,47.5511101,0 10.4604899,47.5526228,0 10.4544399,47.5557964,0 10.4387193,47.5235235,0 10.4421462,47.51878880000001,0 10.4405295,47.51347580000001,0 10.4313005,47.5037634,0 10.4374078,47.4911497,0 10.4402109,47.4894064,0 10.4402772,47.4865325,0 10.4425962,47.4846349,0 10.4514759,47.4857708,0 10.4575352,47.4825757,0 10.4637456,47.4827517,0 10.463669,47.4803814,0 10.4679703,47.4771102,0 10.4666347,47.4735368,0 10.4700062,47.4687901,0 10.4654744,47.463922,0 10.4682525,47.4587845,0 10.465885,47.45295669999999,0 10.4703203,47.44844479999999,0 10.4702657,47.4447527,0 10.4731483,47.443083,0 10.4720201,47.4407601,0 10.4759458,47.4322233,0 10.459196,47.4281326,0 10.4561053,47.42350090000001,0 10.4561912,47.41920269999999,0 10.4465115,47.4147127,0 10.4374211,47.412688,0 10.4355955,47.40972360000001,0 10.4375066,47.40684160000001,0 10.4313376,47.402776,0 10.4343274,47.39998610000001,0 10.4305062,47.3965226,0 10.4292146,47.3912178,0 10.4367645,47.38036339999999,0 10.4308972,47.38394490000001,0 10.4197079,47.38464050000001,0 10.4166492,47.3800577,0 10.4134065,47.3785872,0 10.4004991,47.3775839,0 10.39473,47.3756053,0 10.3887561,47.36962799999999,0 10.3892207,47.367242,0 10.385676,47.361788,0 10.3872515,47.35978630000001,0 10.3864718,47.356586,0 10.3802579,47.3525995,0 10.3775106,47.3525125,0 10.3709132,47.34532909999999,0 10.3569007,47.3370375,0 10.356681,47.33340500000001,0 10.3458103,47.3219703,0 10.3453823,47.3198737,0 10.3487496,47.3173721,0 10.3462858,47.3151124,0 10.3406749,47.3142467,0 10.339365,47.3105352,0 10.3303332,47.3048155,0 10.3244171,47.3038596,0 10.3237706,47.3056266,0 10.3165844,47.306745,0 10.3014491,47.2986903,0 10.2956547,47.29990389999999,0 10.2923263,47.2944743,0 10.2849195,47.2911969,0 10.2816336,47.2877139,0 10.2658093,47.28810849999999,0 10.2661376,47.2851867,0 10.2614906,47.2842535,0 10.2595321,47.2814206,0 10.248534,47.2791036,0 10.2455919,47.2803756,0 10.2454149,47.27901369999999,0 10.2422914,47.2781436,0 10.2382432,47.2719253,0 10.2323482,47.2705791,0 10.222434,47.2758352,0 10.2076222,47.2753027,0 10.2012302,47.2768989,0 10.1950152,47.2731244,0 10.1740416,47.2702482,0 10.1725126,47.27412309999999,0 10.1751976,47.275766,0 10.172077,47.2790762,0 10.1759291,47.2820496,0 10.1748634,47.2892287,0 10.1771548,47.2904633,0 10.1796106,47.2960256,0 10.1848003,47.2939253,0 10.1896365,47.2939449,0 10.1991314,47.2975423,0 10.2107426,47.3062943,0 10.2117154,47.3107073,0 10.2159718,47.311064,0 10.2111311,47.31898380000001,0 10.1995092,47.3264601,0 10.2074173,47.33231610000001,0 10.2075853,47.33496240000001,0 10.2042369,47.33675310000001,0 10.2171047,47.3498849,0 10.2169885,47.35435519999999,0 10.2246177,47.3588232,0 10.2252752,47.3615744,0 10.2289789,47.36339830000001,0 10.2306984,47.3680874,0 10.2371623,47.3735651,0 10.2316784,47.3789694,0 10.2361856,47.3819213,0 10.227051,47.388895,0 10.2185199,47.382446,0 10.2125912,47.3803897,0 10.208345,47.38294479999999,0 10.1998763,47.3833352,0 10.1950843,47.3893456,0 10.1872167,47.3899869,0 10.181849,47.39242580000001,0 10.1827194,47.3880674,0 10.1813043,47.38725159999999,0 10.1765361,47.38526529999999,0 10.1693975,47.3858299,0 10.1695804,47.3712997,0 10.1658749,47.3688749,0 10.1416871,47.36718,0 10.1193354,47.375613,0 10.099812,47.3547862,0 10.0828437,47.3938062,0 10.0862396,47.3995221,0 10.0816502,47.4014019,0 10.0797526,47.4042951,0 10.0729817,47.40609989999999,0 10.0691405,47.41017599999999,0 10.0720966,47.411249,0 10.07418,47.41472259999999,0 10.0854595,47.4145086,0 10.0937374,47.4168811,0 10.0956756,47.41788410000001,0 10.0958577,47.4221837,0 10.1055856,47.42871670000001,0 10.0938486,47.4404644,0 10.0930824,47.4475295,0 10.0949969,47.4498377,0 10.091638,47.45892760000001,0 10.0885672,47.4602924,0 10.0805676,47.4553604,0 10.0699906,47.4559503,0 10.0682773,47.4612097,0 10.064681,47.4636357,0 10.0534684,47.4668571,0 10.0516746,47.4709949,0 10.0545474,47.47419409999999,0 10.0541256,47.4758854,0 10.0452827,47.48485970000001,0 10.0471605,47.4862565,0 10.0447745,47.4876222,0 10.0374328,47.4891775,0 10.023014,47.4841071,0 10.0163421,47.4848333,0 10.0102023,47.48180139999999,0 10.0007641,47.4821056,0 9.995062000000001,47.486256,0 9.987358499999999,47.4984652,0 9.9956949,47.50277869999999,0 9.9895824,47.5057422,0 9.984568899999999,47.5109708,0 9.9812178,47.51046420000001,0 9.978112400000001,47.513516,0 9.9716781,47.5155027,0 9.971002800000001,47.5175228,0 9.965261999999999,47.5208928,0 9.965023800000001,47.5230008,0 9.967714600000001,47.5245966,0 9.9683952,47.5280172,0 9.967237900000001,47.5303459,0 9.9652665,47.5301229,0 9.9648355,47.538031,0 9.9670419,47.5385201,0 9.9671261,47.5413182,0 9.9707908,47.543496,0 9.9707109,47.54571430000001,0 9.968048700000001,47.5463551,0 9.963179500000001,47.54229,0 9.958852500000001,47.5431711,0 9.9605406,47.54146850000001,0 9.959480599999999,47.5381843,0 9.963699699999999,47.5347198,0 9.9410791,47.5382227,0 9.9335226,47.53264990000001,0 9.921894699999999,47.5296364,0 9.913579,47.532546,0 9.9066603,47.5421716,0 9.899351299999999,47.54475000000001,0 9.8891039,47.5439867,0 9.8812471,47.54814259999999,0 9.875148599999999,47.543427,0 9.8777778,47.5417796,0 9.8780368,47.53875690000001,0 9.8739022,47.533643,0 9.8757039,47.53187580000001,0 9.8745052,47.5285372,0 9.8685394,47.5320157,0 9.858388400000001,47.53387670000001,0 9.853543800000001,47.5399356,0 9.850230099999999,47.5416393,0 9.840589599999999,47.541952,0 9.829945499999999,47.5443349,0 9.8281952,47.5466211,0 9.815787200000001,47.54766609999999,0 9.8150703,47.54964139999999,0 9.817100699999999,47.5533268,0 9.825619100000001,47.5592156,0 9.825850000000001,47.5625881,0 9.8207568,47.57085630000001,0 9.8258078,47.5737916,0 9.827281899999999,47.579972,0 9.824567699999999,47.5809429,0 9.8238141,47.5871045,0 9.8177293,47.58888259999999,0 9.81414,47.5880685,0 9.809125,47.59236510000001,0 9.7999863,47.59610139999999,0 9.795750699999999,47.593661,0 9.7915147,47.59351670000001,0 9.7769663,47.5954393,0 9.7693306,47.5873852,0 9.765602100000001,47.58909940000001,0 9.765919500000001,47.5853502,0 9.763245,47.5863882,0 9.760679700000001,47.58350840000001,0 9.761968899999999,47.5809636,0 9.7563266,47.5796315,0 9.756439500000001,47.57276710000001,0 9.748064899999999,47.5705239,0 9.7520662,47.56746679999999,0 9.7473607,47.5642901,0 9.7469193,47.5605774,0 9.7434285,47.55880719999999,0 9.7470841,47.555687,0 9.7416897,47.55488010000001,0 9.740629200000001,47.55178530000001,0 9.735171100000001,47.54661410000001,0 9.736843800000001,47.5358733,0 9.7347836,47.5339558,0 9.725635,47.5328212,0 9.5146841,47.53692479999999,0 9.4529335,47.5901961,0 9.445129400000001,47.59482970000001,0 9.2677011,47.6562374,0 9.255816899999999,47.65912280000001,0 9.202500799999999,47.65546549999999,0 9.187082699999999,47.65748,0 9.1759711,47.65398419999999,0 9.175492200000001,47.6557733,0 9.1703454,47.6550028,0 9.1578392,47.6657631,0 9.151443,47.6673908,0 9.138067599999999,47.6644837,0 9.1166599,47.6691969,0 9.1004308,47.67741790000001,0 9.0635578,47.68029630000001,0 9.0237184,47.6865403,0 9.010899,47.6841508,0 8.984669,47.6754176,0 8.965670899999999,47.6655222,0 8.947978000000001,47.66051839999999,0 8.940898000000001,47.655933,0 8.9288939,47.65514330000001,0 8.8964794,47.6479721,0 8.883554999999999,47.6538453,0 8.8753957,47.654733,0 8.876154100000001,47.66044980000001,0 8.873426,47.67021869999999,0 8.8678732,47.675897,0 8.8605587,47.6803123,0 8.8505313,47.68117699999999,0 8.8510749,47.6855954,0 8.856340100000001,47.6891008,0 8.8577084,47.69265650000001,0 8.850803300000001,47.6946685,0 8.851527900000001,47.69763619999999,0 8.854815,47.6970505,0 8.858066000000001,47.69875070000001,0 8.860163699999999,47.6981709,0 8.860613000000001,47.69627040000001,0 8.8632138,47.698437,0 8.866291800000001,47.69638859999999,0 8.8632639,47.6924128,0 8.866706600000001,47.6939611,0 8.8733863,47.6939721,0 8.8761329,47.6968564,0 8.869680799999999,47.7018713,0 8.8727368,47.7040978,0 8.8665872,47.70548099999999,0 8.8483278,47.7033771,0 8.845749700000001,47.71116450000001,0 8.843165300000001,47.71216319999999,0 8.8335759,47.7145665,0 8.8300722,47.7118797,0 8.825513900000001,47.7110107,0 8.819036199999999,47.71278450000001,0 8.8262375,47.7178733,0 8.8185167,47.7176522,0 8.8126914,47.7237743,0 8.8047966,47.7245307,0 8.812162600000001,47.7304315,0 8.8085301,47.7312185,0 8.8066762,47.7382929,0 8.7964646,47.7345564,0 8.799182399999999,47.7271267,0 8.7918,47.7288066,0 8.7865918,47.7263443,0 8.7848232,47.7273563,0 8.780711699999999,47.72160170000001,0 8.7762975,47.72273239999999,0 8.777334,47.7208658,0 8.774775099999999,47.7190864,0 8.7697526,47.71846279999999,0 8.770282,47.715037,0 8.7728381,47.7132349,0 8.769376299999999,47.7068542,0 8.793973299999999,47.7042622,0 8.7975844,47.70285270000001,0 8.7975844,47.69721559999999,0 8.8063188,47.69651939999999,0 8.810095,47.6933617,0 8.806143799999999,47.6916015,0 8.8000898,47.6918582,0 8.797071900000001,47.6884427,0 8.793514,47.6801129,0 8.7960128,47.6753913,0 8.784495700000001,47.6768033,0 8.757512699999999,47.68953410000001,0 8.7280231,47.69276439999999,0 8.726485500000001,47.6966228,0 8.7277053,47.7004471,0 8.7321998,47.7117666,0 8.7362915,47.7163367,0 8.732985299999999,47.71851550000001,0 8.724672200000001,47.7201602,0 8.724810700000001,47.721292,0 8.717926200000001,47.7216265,0 8.7111438,47.7301477,0 8.7145891,47.7385941,0 8.720230600000001,47.7410015,0 8.7236221,47.7456501,0 8.739536899999999,47.7465181,0 8.741437899999999,47.74818330000001,0 8.7411365,47.7519845,0 8.728945299999999,47.7579693,0 8.7308089,47.7596079,0 8.7273265,47.7622678,0 8.714088500000001,47.7654151,0 8.7014517,47.76087609999999,0 8.6951315,47.7557092,0 8.6887089,47.7583588,0 8.688422900000001,47.7619429,0 8.6835854,47.7705981,0 8.688626899999999,47.7735207,0 8.683211999999999,47.77730139999999,0 8.682368500000001,47.7836984,0 8.6800496,47.7852616,0 8.681032500000001,47.7866027,0 8.6762183,47.7857739,0 8.667560399999999,47.7877033,0 8.6622989,47.7917689,0 8.657392700000001,47.7917502,0 8.6602975,47.7963318,0 8.6568478,47.8004536,0 8.6495903,47.79847110000001,0 8.6457491,47.79071070000001,0 8.645443999999999,47.78722969999999,0 8.6498028,47.7832998,0 8.6480975,47.7740697,0 8.6529527,47.7734033,0 8.645332399999999,47.7685351,0 8.6475527,47.7669694,0 8.6444581,47.7643135,0 8.6405523,47.7643501,0 8.631652799999999,47.7581961,0 8.627686799999999,47.7594006,0 8.6250219,47.7638988,0 8.6194299,47.7676677,0 8.6233547,47.77728570000001,0 8.618771199999999,47.7781538,0 8.615080799999999,47.7839766,0 8.615752000000001,47.7871521,0 8.6204906,47.7889567,0 8.6221373,47.79486639999999,0 8.6178968,47.7960474,0 8.618588600000001,47.79832990000001,0 8.611409800000001,47.80191009999999,0 8.600846300000001,47.8030243,0 8.5928509,47.79871659999999,0 8.587732900000001,47.8026637,0 8.5753085,47.7995919,0 8.575919600000001,47.8017289,0 8.5732012,47.8060202,0 8.570338700000001,47.80625260000001,0 8.568028099999999,47.8084597,0 8.563053,47.8037933,0 8.5619748,47.7926065,0 8.5749449,47.7896371,0 8.5744472,47.7868989,0 8.577318,47.7816742,0 8.5628738,47.7779015,0 8.5631264,47.7806094,0 8.5529028,47.7846422,0 8.5324472,47.7780396,0 8.526453699999999,47.77802199999999,0 8.5201803,47.7705317,0 8.510298300000001,47.77620839999999,0 8.5086587,47.7742445,0 8.5022927,47.7736502,0 8.496465799999999,47.7709097,0 8.4890042,47.7732198,0 8.484933699999999,47.7713961,0 8.4724679,47.7634491,0 8.4659022,47.75313569999999,0 8.4571209,47.7499511,0 8.4558325,47.74280929999999,0 8.450760300000001,47.7401734,0 8.449889799999999,47.7375203,0 8.4526146,47.7308575,0 8.4571091,47.7301754,0 8.454592,47.72712569999999,0 8.454926,47.7224615,0 8.4453242,47.7230801,0 8.440171400000001,47.7197582,0 8.441649699999999,47.7179077,0 8.436455499999999,47.71820750000001,0 8.426073499999999,47.7113055,0 8.4201329,47.7095217,0 8.4171148,47.7101911,0 8.404648,47.6980305,0 8.406397,47.6955782,0 8.411965199999999,47.69441870000001,0 8.420772899999999,47.683882,0 8.416184599999999,47.67979690000001,0 8.4094598,47.6790297,0 8.406337799999999,47.67624129999999,0 8.406203700000001,47.6730221,0 8.4121963,47.66634160000001,0 8.423629,47.66687269999999,0 8.432051899999999,47.66209400000001,0 8.436601,47.6573931,0 8.4451024,47.65387399999999,0 8.4536496,47.6547817,0 8.4572716,47.6527471,0 8.4659551,47.6572599,0 8.4671234,47.65604230000001,0 8.463709700000001,47.6484746,0 8.4670988,47.64155239999999,0 8.472163,47.6385933,0 8.4780582,47.6397799,0 8.471041,47.6423636,0 8.4777044,47.6446454,0 8.473072800000001,47.6482903,0 8.476422700000001,47.6501087,0 8.4803684,47.64924319999999,0 8.482780200000001,47.6440909,0 8.487403499999999,47.64507609999999,0 8.4895687,47.6425321,0 8.492383999999999,47.642091,0 8.4943633,47.64207380000001,0 8.493329599999999,47.64696030000001,0 8.513638800000001,47.6475047,0 8.5229005,47.644895,0 8.531771900000001,47.6457529,0 8.534659899999999,47.6496405,0 8.5290426,47.6551029,0 8.5299745,47.6569727,0 8.5268985,47.6604871,0 8.533419,47.663129,0 8.5344069,47.6593565,0 8.541566899999999,47.6568807,0 8.5388482,47.6627441,0 8.5399321,47.6650858,0 8.5597083,47.67023630000001,0 8.5636636,47.6699981,0 8.5647646,47.6652499,0 8.570878799999999,47.6647469,0 8.577714,47.6614639,0 8.5883144,47.66653180000001,0 8.5931687,47.6668028,0 8.598027,47.6727081,0 8.6067058,47.6721052,0 8.606105700000001,47.6688603,0 8.6088041,47.663418,0 8.6128324,47.6608032,0 8.6145368,47.6615582,0 8.619336199999999,47.65942089999999,0 8.6287457,47.6523146,0 8.628632,47.64898489999999,0 8.624865700000001,47.6426019,0 8.618940200000001,47.6385047,0 8.6076464,47.6370006,0 8.6034095,47.6386973,0 8.6038041,47.64113090000001,0 8.610696900000001,47.64186029999999,0 8.613988300000001,47.6444199,0 8.612374300000001,47.6498873,0 8.6075629,47.65244469999999,0 8.6040054,47.6509184,0 8.6014067,47.64570430000001,0 8.595690899999999,47.64303749999999,0 8.598101399999999,47.6268997,0 8.604760799999999,47.617009,0 8.604937899999999,47.6134367,0 8.595746,47.6055872,0 8.592548000000001,47.6061284,0 8.590048299999999,47.6012511,0 8.5877312,47.6017238,0 8.584258500000001,47.5997973,0 8.582577000000001,47.5961383,0 8.576875299999999,47.5968239,0 8.5748687,47.5955084,0 8.5711364,47.5982008,0 8.5666425,47.5971467,0 8.562207600000001,47.6002879,0 8.5616395,47.6013055,0 8.566400399999999,47.6060928,0 8.566377599999999,47.6098595,0 8.574524500000001,47.6119662,0 8.571230999999999,47.61248450000001,0 8.569322,47.6172013,0 8.5629176,47.6167017,0 8.5578837,47.6244557,0 8.5443192,47.6251534,0 8.5429244,47.6270485,0 8.538679500000001,47.62630209999999,0 8.5389336,47.6309744,0 8.525619499999999,47.6317096,0 8.5207561,47.6343164,0 8.515646800000001,47.6337913,0 8.515890000000001,47.6285146,0 8.5127709,47.6256023,0 8.5151608,47.6233945,0 8.507414000000001,47.6238529,0 8.508284700000001,47.61754870000001,0 8.4933297,47.6144368,0 8.483292499999999,47.61369260000001,0 8.479192400000001,47.6152288,0 8.4781134,47.6109952,0 8.475273,47.6079364,0 8.4703026,47.60855440000001,0 8.471375800000001,47.6065929,0 8.468131700000001,47.6053943,0 8.4685311,47.6038606,0 8.456675000000001,47.6023273,0 8.457024000000001,47.5973809,0 8.461220600000001,47.5926672,0 8.460523200000001,47.588379,0 8.4648199,47.5880087,0 8.4668689,47.5842478,0 8.4810248,47.5852051,0 8.488692,47.5878298,0 8.4947497,47.5810327,0 8.485277999999999,47.5771512,0 8.476721599999999,47.57783870000001,0 8.464184400000001,47.57219239999999,0 8.4561683,47.57243600000001,0 8.4383336,47.56725700000001,0 8.430303800000001,47.5666572,0 8.3966426,47.5771754,0 8.3889309,47.5727146,0 8.3827827,47.56565860000001,0 8.358241700000001,47.570005,0 8.3293885,47.5710167,0 8.322229399999999,47.5739075,0 8.3125123,47.5823097,0 8.297587800000001,47.5892604,0 8.295281900000001,47.5936902,0 8.297843500000001,47.60438309999999,0 8.291911900000001,47.609158,0 8.279140200000001,47.611712,0 8.2653993,47.60933350000001,0 8.2632786,47.6099099,0 8.2604817,47.6146916,0 8.256912399999999,47.6153157,0 8.2453919,47.612627,0 8.237921500000001,47.6126419,0 8.2298337,47.6058415,0 8.226832999999999,47.6050352,0 8.2240327,47.6067986,0 8.21991,47.6173908,0 8.2132229,47.620306,0 8.2063097,47.6211118,0 8.1971933,47.6185749,0 8.1927612,47.6152626,0 8.1852812,47.6054788,0 8.174920500000001,47.6017799,0 8.1643899,47.59398040000001,0 8.149500400000001,47.5959154,0 8.138295400000001,47.5902033,0 8.1381189,47.5856227,0 8.1362892,47.5838529,0 8.110141199999999,47.5827505,0 8.103068800000001,47.57624570000001,0 8.1015441,47.5666058,0 8.0993054,47.5626312,0 8.090249699999999,47.55782870000001,0 8.081278899999999,47.55804570000001,0 8.0672028,47.5645009,0 8.0597028,47.56367699999999,0 8.047695300000001,47.5559171,0 8.040779499999999,47.5536671,0 8.0207163,47.5504054,0 8.000378,47.5564287,0 7.9781131,47.5551548,0 7.9602825,47.558058,0 7.9533263,47.5554955,0 7.9491613,47.5459669,0 7.9442648,47.543787,0 7.932525399999999,47.54694560000001,0 7.919549199999999,47.54705260000001,0 7.9115463,47.5509851,0 7.9072239,47.560453,0 7.9113233,47.56625940000001,0 7.910645299999999,47.5710659,0 7.903966200000001,47.5798819,0 7.8919978,47.587423,0 7.884617899999999,47.5888958,0 7.8683931,47.5886708,0 7.860414199999999,47.5874419,0 7.8505046,47.5829944,0 7.8410609,47.5820935,0 7.8364185,47.5835623,0 7.833601800000001,47.5866332,0 7.822544399999999,47.5879878,0 7.818781899999999,47.5868849,0 7.815540800000001,47.5826211,0 7.8100862,47.568308,0 7.8004996,47.5630586,0 7.7956852,47.55738220000001,0 7.782902,47.5531446,0 7.758975299999999,47.5485741,0 7.7506395,47.5442756,0 7.7187484,47.5417615,0 7.6973359,47.5329077,0 7.6826824,47.5326294,0 7.667971,47.5357644,0 7.6613088,47.5448323,0 7.6489955,47.5482959,0 7.6399737,47.5581648,0 7.633955799999999,47.5612235,0 7.6361189,47.5639171,0 7.6482757,47.559931,0 7.6642272,47.5653987,0 7.6706995,47.5658147,0 7.672359900000001,47.5654399,0 7.672448600000001,47.5637255,0 7.677315799999999,47.563745,0 7.675144399999999,47.5654226,0 7.679101400000001,47.5695,0 7.6834998,47.571254,0 7.683420299999999,47.5684215,0 7.6859194,47.5656103,0 7.6896532,47.571398,0 7.6836701,47.5739056,0 7.6838528,47.5766573,0 7.6818996,47.5774562,0 7.6808517,47.582684,0 7.672069,47.58523910000001,0 7.6717499,47.5872763,0 7.6836452,47.59602169999999,0 7.6901533,47.5975697,0 7.6937903,47.6007716,0 7.6830086,47.5984931,0 7.675171299999999,47.59198189999999,0 7.6673301,47.5919456,0 7.6456696,47.5969552,0 7.641783499999999,47.5941917,0 7.64324,47.5913407,0 7.639630200000001,47.5903641,0 7.6280205,47.581365,0 7.6191343,47.5768697,0 7.604881999999999,47.57787369999999,0 7.604815899999999,47.5849295,0 7.5890388,47.58989690000001,0 7.5927841,47.5968834,0 7.592113299999999,47.60331649999999,0 7.587979700000001,47.60787389999999,0 7.573858600000001,47.6168365,0 7.5669366,47.6320801,0 7.5604257,47.63746800000001,0 7.5363968,47.650233,0 7.5217995,47.6632658,0 7.51895,47.67076660000001,0 7.5193371,47.683753,0 7.5117461,47.69777510000001,0 7.515563700000001,47.7037535,0 7.5400639,47.7182098,0 7.5461388,47.72586030000001,0 7.5484116,47.7319414,0 7.5482058,47.7399139,0 7.531498000000001,47.769789,0 7.5298172,47.78091969999999,0 7.531366899999999,47.7866841,0 7.5433792,47.8076608,0 7.549579799999999,47.82265650000001,0 7.5627185,47.8420014,0 7.5629283,47.8526398,0 7.555559300000001,47.868006,0 7.556578400000001,47.87803640000001,0 7.5622544,47.8847735,0 7.5755385,47.8911941,0 7.581180899999999,47.8970273,0 7.5830795,47.9034927,0 7.5805908,47.92236669999999,0 7.5832304,47.93119340000001,0 7.5886895,47.9377613,0 7.6110479,47.95568620000001,0 7.6199311,47.9672273,0 7.621896900000001,47.9724992,0 7.6184552,47.9859685,0 7.6100998,47.9988929,0 7.5714025,48.0305769,0 7.568900899999999,48.03457039999999,0 7.573934100000001,48.0545182,0 7.5692677,48.0811902,0 7.571009399999999,48.0872325,0 7.5792882,48.10146899999999,0 7.5795185,48.1070216,0 7.576915100000001,48.11802010000001,0 7.578076799999999,48.121948,0 7.5822879,48.1260523,0 7.5923532,48.1301464,0 7.5979275,48.1344875,0 7.600513900000001,48.1403226,0 7.5989169,48.15156859999999,0 7.600363999999999,48.1572207,0 7.628903,48.183017,0 7.6434242,48.20644890000001,0 7.6610695,48.2165983,0 7.666537400000001,48.2215601,0 7.688179500000001,48.2772718,0 7.6895404,48.2938416,0 7.693542100000001,48.3016364,0 7.7062196,48.31027270000001,0 7.7332321,48.3175798,0 7.7392667,48.3210495,0 7.7442686,48.3267489,0 7.7454441,48.3343612,0 7.731638300000001,48.3778046,0 7.7310704,48.3860177,0 7.7325994,48.3956771,0 7.7371202,48.4066661,0 7.7631799,48.45117979999999,0 7.7667169,48.4641731,0 7.7679863,48.4892414,0 7.7737246,48.493473,0 7.7947043,48.5016191,0 7.8047299,48.5125879,0 7.806755,48.52174279999999,0 7.8035192,48.5387674,0 7.8058618,48.5547975,0 7.804537100000001,48.5654681,0 7.8003913,48.57848070000001,0 7.800773000000001,48.5852299,0 7.8044453,48.5921658,0 7.830022600000001,48.61940199999999,0 7.8393911,48.64097139999999,0 7.8466531,48.6464733,0 7.862623100000001,48.6510018,0 7.8903447,48.6628567,0 7.963228,48.72148559999999,0 7.967472100000001,48.728063,0 7.9670506,48.7460943,0 7.9688153,48.7536568,0 7.9723745,48.7581731,0 7.983077700000001,48.76118099999999,0 8.0004604,48.7588471,0 8.012666100000001,48.7603131,0 8.0225159,48.7678732,0 8.026259700000001,48.7833573,0 8.030399600000001,48.7872538,0 8.0414735,48.7906854,0 8.058442100000001,48.78895969999999,0 8.0667971,48.79018469999999,0 8.0767243,48.7948665,0 8.0889997,48.8035621,0 8.103855100000001,48.819183,0 8.1091028,48.8385917,0 8.117668399999999,48.8580972,0 8.1261436024111,48.87305327544941,0 8.1359016,48.8873114,0 8.1437638,48.89989259999999,0 8.1851646,48.9410209,0 8.1915654,48.9529103,0 8.1953666,48.95687,0 8.203057633610189,48.9597235107525,0 8.232849099999999,48.9660845,0 8.226754100000001,48.9738688,0 8.222878700000001,48.9758829,0 8.214542,48.9748639,0 8.207923600000001,48.9700939,0 8.203791300000001,48.9696293,0 8.199409299999999,48.9668924,0 8.195328399999999,48.96905850000001,0 8.197458900000001,48.9725863,0 8.1959345,48.9732922,0 8.196347100000001,48.9763782,0 8.193885099999999,48.9772258,0 8.187674400000001,48.97633869999999,0 8.184792,48.978428,0 8.180430400000001,48.9775111,0 8.1718505,48.9791185,0 8.170549400000001,48.9790744,0 8.169938500000001,48.9762196,0 8.1608152,48.9787034,0 8.1592319,48.977505,0 8.148517099999999,48.977247,0 8.1368499,48.9793196,0 8.131273699999999,48.98315699999999,0 8.128285200000001,48.9823561,0 8.1235762,48.9865757,0 8.119694000000001,48.9847303,0 8.119060299999999,48.98625989999999,0 8.1149313,48.9870504,0 8.1146466,48.9859197,0 8.111879699999999,48.9873747,0 8.1081307,48.9862091,0 8.106550199999999,48.989163,0 8.0880057,48.9897003,0 8.0859731,48.99316439999999,0 8.078738899999999,48.9939981,0 8.0720489,48.9967746,0 8.0705659,48.99581130000001,0 8.068431500000001,48.99939870000001,0 8.064675100000001,49.000044,0 8.0637864,49.0056083,0 8.058256800000001,49.0069686,0 8.049552200000001,49.014457,0 8.044890000000001,49.0139666,0 8.0311781,49.01892349999999,0 8.022766300000001,49.0181918,0 8.018253700000001,49.0216283,0 8.016543499999999,49.0201953,0 8.0125951,49.0213155,0 8.0133381,49.02359090000001,0 8.0108389,49.0255524,0 8.0080805,49.0246155,0 8.000360499999999,49.0283161,0 7.989224999999999,49.0286352,0 7.981384300000001,49.0258035,0 7.9780609,49.027416,0 7.9750359,49.02656440000001,0 7.9750921,49.0297946,0 7.9728186,49.0308425,0 7.973800100000001,49.031602,0 7.972014400000001,49.03617549999999,0 7.966924599999999,49.03624829999999,0 7.9667248,49.0417599,0 7.9569524,49.04312350000001,0 7.957566300000001,49.0448675,0 7.9457153,49.04970609999999,0 7.9452909,49.05559749999999,0 7.940686700000001,49.05427300000001,0 7.9399258,49.0564086,0 7.9339765,49.0579226,0 7.9312262,49.0576832,0 7.9310563,49.0541743,0 7.9234264,49.0443102,0 7.9169464,49.0408813,0 7.913096,49.0401093,0 7.9139131,49.0415826,0 7.910678200000001,49.04364850000001,0 7.910718700000001,49.0451085,0 7.9021874,49.0447831,0 7.889360999999999,49.0492369,0 7.8808867,49.0458959,0 7.8799153,49.0433982,0 7.874372999999999,49.04033,0 7.8673397,49.032962,0 7.854364099999999,49.03552059999999,0 7.8518172,49.03764170000001,0 7.8512505,49.0423514,0 7.8495749,49.0441079,0 7.8446992,49.0428181,0 7.8415295,49.0458057,0 7.8306255,49.0471364,0 7.826020200000001,49.05225130000001,0 7.8132165,49.0565543,0 7.8109465,49.06088909999999,0 7.794434399999999,49.06575119999999,0 7.7920629,49.061057,0 7.7882662,49.0580477,0 7.780482000000001,49.0584003,0 7.77637,49.05648369999999,0 7.770174600000001,49.0502276,0 7.769397,49.0476104,0 7.7572879,49.045315,0 7.7509298,49.04805390000001,0 7.747326100000001,49.0463655,0 7.7408308,49.0473132,0 7.7370209,49.0443924,0 7.7323575,49.04400629999999,0 7.731863099999999,49.05561840000001,0 7.7271509,49.05494119999999,0 7.721631799999999,49.0510577,0 7.7180744,49.0539762,0 7.708070900000001,49.05245670000001,0 7.7055657,49.0561993,0 7.7006411,49.0570305,0 7.6982536,49.0559288,0 7.6959533,49.05778479999999,0 7.6927506,49.0543394,0 7.697631700000001,49.0518183,0 7.697649200000001,49.0497532,0 7.680938399999999,49.0490427,0 7.6748259,49.0449367,0 7.6315603,49.0549149,0 7.632886,49.06289089999999,0 7.6308257,49.0656772,0 7.6308395,49.07258530000001,0 7.6295217,49.07356919999999,0 7.619685099999999,49.07432009999999,0 7.600482800000001,49.0833,0 7.5697638,49.079711,0 7.563269100000001,49.0802793,0 7.535762,49.0936215,0 7.5379638,49.0963186,0 7.528757000000001,49.0970515,0 7.529511899999999,49.1020546,0 7.5284194,49.1037252,0 7.525339400000001,49.1038386,0 7.521855799999999,49.10800809999999,0 7.5202351,49.1143674,0 7.5155227,49.1211773,0 7.5056088,49.1226153,0 7.498002100000001,49.1345011,0 7.4894474,49.13649989999999,0 7.4899193,49.1422912,0 7.4954785,49.14147830000001,0 7.4975152,49.1460868,0 7.50598,49.1509733,0 7.5063809,49.15480689999999,0 7.495980399999999,49.1551468,0 7.492696800000001,49.1634969,0 7.4939756,49.1694062,0 7.4717048,49.16841030000001,0 7.4672134,49.1674414,0 7.4650177,49.1647637,0 7.459828500000001,49.1628259,0 7.457625799999999,49.1631229,0 7.454871700000001,49.16655179999999,0 7.4473366,49.1688479,0 7.439197,49.16436670000001,0 7.4333795,49.1652785,0 7.433150299999999,49.1683151,0 7.4405691,49.1704895,0 7.441874,49.17231219999999,0 7.439406699999999,49.1759908,0 7.4362301,49.1769331,0 7.435559,49.18014190000001,0 7.4434296,49.1821277,0 7.445790400000001,49.1842666,0 7.365324899999999,49.1720407,0 7.364680099999999,49.16686929999999,0 7.3689618,49.1616885,0 7.362540700000001,49.15643750000001,0 7.361436,49.1529407,0 7.362681299999999,49.1432614,0 7.345461300000001,49.1432664,0 7.3414905,49.1452644,0 7.3300216,49.1449957,0 7.325787,49.1433235,0 7.3136591,49.1371876,0 7.3110312,49.1303499,0 7.3056726,49.1269494,0 7.304451500000001,49.1233724,0 7.2986609,49.11726929999999,0 7.293555600000001,49.1149892,0 7.2826221,49.1169391,0 7.2840862,49.1235741,0 7.2817804,49.1245431,0 7.2804428,49.1227496,0 7.2720388,49.1243027,0 7.2658046,49.1227567,0 7.2492211,49.1272385,0 7.2449651,49.1300153,0 7.227022700000001,49.1258228,0 7.205504699999999,49.123553,0 7.200547500000001,49.1161908,0 7.198321699999999,49.11520790000001,0 7.1966464,49.1217049,0 7.1908523,49.1258149,0 7.1919298,49.1263467,0 7.1903694,49.1280595,0 7.1876184,49.1278462,0 7.1861574,49.1311852,0 7.1843721,49.1314604,0 7.1839494,49.13000150000001,0 7.1777673,49.1301074,0 7.178366499999999,49.1285046,0 7.176787,49.1281101,0 7.1747497,49.1291839,0 7.168142599999999,49.1272924,0 7.1651578,49.1286277,0 7.1594015,49.12041439999999,0 7.1574506,49.12082680000001,0 7.1507382,49.1250759,0 7.1355358,49.1285771,0 7.1314486,49.1317856,0 7.1316432,49.1341277,0 7.126155400000001,49.1419566,0 7.1038097,49.13849159999999,0 7.1026954,49.1415042,0 7.103708200000001,49.1456819,0 7.113255200000001,49.151938,0 7.1076193,49.15243330000001,0 7.106481,49.1551154,0 7.102006100000001,49.1557639,0 7.0906867,49.1518774,0 7.083992300000001,49.15342260000001,0 7.0803587,49.1489623,0 7.0842769,49.1441185,0 7.081869899999999,49.1416799,0 7.0899559,49.132941,0 7.0895426,49.1303434,0 7.0721241,49.1243568,0 7.068689299999999,49.1204724,0 7.0684941,49.11646830000001,0 7.0666026,49.11428149999999,0 7.0573806,49.1119687,0 7.0520348,49.1129465,0 7.0475024,49.11568260000001,0 7.0443027,49.1201972,0 7.0468186,49.1369703,0 7.0416814,49.1465717,0 7.0322326,49.15670500000001,0 7.0332945,49.16367110000001,0 7.027756,49.1702834,0 7.0284802,49.1754985,0 7.0333301,49.1808873,0 7.0333544,49.1877135,0 7.035031399999999,49.1914361,0 7.0280487,49.191226,0 7.023393999999999,49.18921940000001,0 7.0215876,49.19321249999999,0 7.0109133,49.1879496,0 7.0089405,49.1940109,0 6.9990204,49.1944502,0 6.9926104,49.20080219999999,0 6.9753345,49.2093795,0 6.9716106,49.2091862,0 6.9595947,49.2031179,0 6.9399307,49.2167256,0 6.9382298,49.2224477,0 6.9187594,49.222736,0 6.918852900000001,49.2199564,0 6.911407699999999,49.21500050000001,0 6.9004368,49.21359649999999,0 6.8926111,49.20882719999999,0 6.8726189,49.2149455,0 6.8706292,49.21858099999999,0 6.8594026,49.2227527,0 6.8379876,49.21345109999999,0 6.8362284,49.2112717,0 6.8424518,49.20856740000001,0 6.8521257,49.2002128,0 6.850117500000001,49.1932369,0 6.8586019,49.1866176,0 6.859046900000001,49.18365,0 6.8618825,49.1818272,0 6.861943499999999,49.1789235,0 6.8594468,49.1775156,0 6.8591839,49.17461299999999,0 6.844514,49.17303809999999,0 6.844350000000001,49.16393920000001,0 6.8473818,49.15717110000001,0 6.8341753,49.1512816,0 6.8169937,49.1576328,0 6.809598900000001,49.157993,0 6.802681500000001,49.1620437,0 6.793855,49.1632441,0 6.7900889,49.16608419999999,0 6.782584200000001,49.16820429999999,0 6.761532,49.1647252,0 6.7506838,49.16667159999999,0 6.738556799999999,49.16367219999999,0 6.726813699999999,49.1725421,0 6.7204236,49.1752618,0 6.7112891,49.1883652,0 6.7315126,49.2059608,0 6.723177800000001,49.21901139999999,0 6.719595,49.2213317,0 6.706702,49.2167426,0 6.6957716,49.2152308,0 6.688603,49.2225205,0 6.690687,49.23125779999999,0 6.6887075,49.2382944,0 6.6847803,49.241631,0 6.6907284,49.2476621,0 6.6900659,49.2496544,0 6.688086300000001,49.2492555,0 6.6838867,49.253413,0 6.6777036,49.25525180000001,0 6.6755889,49.25752159999999,0 6.664398499999999,49.2545239,0 6.661582900000001,49.2580485,0 6.6605051,49.2612791,0 6.667782,49.2707551,0 6.665961300000001,49.2768704,0 6.670321699999999,49.28026499999999,0 6.6621219,49.2818758,0 6.660088699999999,49.28360510000001,0 6.653269100000001,49.2812149,0 6.6503165,49.2885701,0 6.644111399999999,49.2898359,0 6.6387971,49.2956153,0 6.6319589,49.295741,0 6.6322311,49.2976411,0 6.630569299999999,49.2971301,0 6.6273518,49.29931190000001,0 6.6246991,49.30279050000001,0 6.6153787,49.3016258,0 6.605003,49.31210320000001,0 6.5890954,49.3221256,0 6.5956746,49.3300417,0 6.5893003,49.3347755,0 6.591339,49.3359047,0 6.587843100000001,49.33477599999999,0 6.585929100000001,49.3370458,0 6.582251,49.33454510000001,0 6.5784729,49.3348622,0 6.576876900000001,49.33672670000001,0 6.5783047,49.33834349999999,0 6.5759737,49.3415694,0 6.570712199999999,49.3435325,0 6.565773200000001,49.3478313,0 6.5635818,49.3559035,0 6.574052999999999,49.35875209999999,0 6.5817189,49.35633660000001,0 6.5851925,49.3532074,0 6.5849431,49.3512723,0 6.5883339,49.3496021,0 6.5900963,49.3548396,0 6.5925416,49.3554612,0 6.5917883,49.35808480000001,0 6.5964897,49.3593676,0 6.6022999,49.3671105,0 6.5997691,49.3666406,0 6.598266,49.3699723,0 6.5945745,49.3715309,0 6.5832277,49.36851550000001,0 6.5847439,49.3717221,0 6.5842536,49.3765416,0 6.5876393,49.38298799999999,0 6.5867,49.3851819,0 6.5800023,49.38546629999999,0 6.5768227,49.38970499999999,0 6.563463499999999,49.38819459999999,0 6.5600885,49.39254089999999,0 6.552245700000001,49.3941811,0 6.551004400000001,49.3969117,0 6.5521492,49.3998996,0 6.5479178,49.3998722,0 6.5443865,49.4019419,0 6.540734200000001,49.4011016,0 6.537283699999999,49.4085701,0 6.5386948,49.4123938,0 6.5487499,49.41790350000001,0 6.552401,49.4169033,0 6.5573319,49.41939359999999,0 6.5524579,49.4213558,0 6.5519795,49.4247734,0 6.5401295,49.4333847,0 6.537830599999999,49.4327757,0 6.5343536,49.4356175,0 6.5249516,49.4354989,0 6.4997339,49.4502049,0 6.485666,49.45191959999999,0 6.464533,49.466449,0 6.455921,49.46289,0 6.443351,49.468213,0 6.440569,49.46675159999999,0 6.435714299999999,49.4691774,0 6.4334924,49.4717251,0 6.4347272,49.47256099999999,0 6.4280271,49.47694750000001,0 6.4258669,49.47544420000001,0 6.4203648,49.47638409999999,0 6.408716000000001,49.4677269,0 6.3941807,49.4641762,0 6.3798532,49.4663043,0 6.3797586,49.46468769999999,0 6.3750635,49.4643505,0 6.374293,49.4662717,0 6.371460599999999,49.466764,0 6.3715879,49.4686287,0 6.3666821,49.46959879999999,0 6.3687077,49.4886379,0 6.366556200000001,49.494669,0 6.3673115,49.5038776,0 6.3558331,49.5307369,0 6.360509900000001,49.5368023,0 6.3778782,49.5494099,0 6.3817616,49.55654719999999,0 6.380117399999999,49.5587254,0 6.358366,49.569788,0 6.3569508,49.5732746,0 6.3610249,49.5766773,0 6.3683796,49.57923319999999,0 6.3775959,49.5767994,0 6.3812847,49.5772877,0 6.3818302,49.5808163,0 6.3741665,49.5875225,0 6.3752804,49.5925541,0 6.384340300000001,49.5997295,0 6.3985577,49.60233119999999,0 6.409132,49.6127605,0 6.418371199999999,49.61742210000001,0 6.421132999999999,49.62084010000001,0 6.427053500000001,49.6349201,0 6.4398708,49.65614129999999,0 6.4369259,49.6598034,0 6.4260006,49.66073039999999,0 6.425268200000001,49.6638851,0 6.4274845,49.6671123,0 6.4463482,49.678175,0 6.457952500000001,49.6908588,0 6.4796848,49.6972523,0 6.4981174,49.71157649999999,0 6.5062656,49.7135029,0 6.506094,49.71631429999999,0 6.495454799999999,49.7232761,0 6.4954777,49.7260838,0 6.5028057,49.72691540000001,0 6.510953899999999,49.7212696,0 6.517149,49.7234707,0 6.505701099999999,49.7292042,0 6.5015812,49.7329845,0 6.5023518,49.7457867,0 6.5002422,49.7486553,0 6.500322299999999,49.7523823,0 6.503858600000001,49.75527,0 6.514513,49.7586956,0 6.5181522,49.7621059,0 6.5174427,49.76853369999999,0 6.509572999999999,49.77379800000001,0 6.510576200000001,49.77700610000001,0 6.516900999999999,49.7825794,0 6.507139200000001,49.7871113,0 6.5056095,49.7896366,0 6.507369799999999,49.7919464,0 6.5207043,49.7967663,0 6.530897099999999,49.8060093,0 6.5272274,49.8108234,0 6.5208721,49.8131008,0 6.5190907,49.8119526,0 6.516366999999999,49.8048458,0 6.510663999999999,49.80148119999999,0 6.505415000000001,49.8091373,0 6.4957066,49.8122349,0 6.488504399999999,49.8116665,0 6.484510399999999,49.8134518,0 6.4801655,49.8186131,0 6.4709873,49.8223248,0 6.463983500000001,49.81931879999999,0 6.4543324,49.8113575,0 6.4434032,49.8114071,0 6.4413548,49.814188,0 6.4296436,49.810545,0 6.4265728,49.8122349,0 6.425195699999999,49.8159237,0 6.408834500000001,49.81775470000001,0 6.397493399999999,49.822073,0 6.3639431,49.8507175,0 6.3499699,49.8503971,0 6.341077799999999,49.8484936,0 6.337415699999999,49.8395329,0 6.330843,49.8363018,0 6.327165600000001,49.8359394,0 6.3214245,49.8384533,0 6.3195133,49.8429699,0 6.322549799999999,49.8515148,0 6.313875200000001,49.86028859999999,0 6.314287199999999,49.8653164,0 6.311735199999999,49.8691311,0 6.3076038,49.8695965,0 6.3003216,49.8663425,0 6.296281800000001,49.8664455,0 6.292181,49.8701839,0 6.2912769,49.8746128,0 6.2865505,49.875021,0 6.2825375,49.8786144,0 6.275796899999999,49.876688,0 6.2619267,49.88084980000001,0 6.246622099999999,49.8952503,0 6.2401257,49.8961849,0 6.2335262,49.90012170000001,0 6.2321148,49.90639310000001,0 6.2268963,49.910799,0 6.2338429,49.91264919999999,0 6.231573100000001,49.9184933,0 6.229097399999999,49.9210224,0 6.2178936,49.923521,0 6.218557399999999,49.92525289999999,0 6.2261868,49.929314,0 6.2240276,49.93207,0 6.225225399999999,49.93336,0 6.223524,49.93400199999999,0 6.227331000000001,49.936623,0 6.220003000000001,49.943333,0 6.216543,49.944508,0 6.223913,49.950085,0 6.2117387,49.9502286,0 6.208494,49.95461,0 6.205431,49.95518499999999,0 6.2007847,49.95292999999999,0 6.197660400000001,49.94816779999999,0 6.1977863,49.9507809,0 6.192960700000001,49.95580100000001,0 6.1941128,49.9593945,0 6.1921253,49.9641819,0 6.1928387,49.96697810000001,0 6.1904278,49.9688587,0 6.184370000000001,49.9676533,0 6.181089400000001,49.9642506,0 6.183626199999999,49.96122930000001,0 6.1832447,49.9584599,0 6.1888027,49.9565563,0 6.1814976,49.95244790000001,0 6.1776142,49.9534893,0 6.1757183,49.9615612,0 6.1702213,49.9627514,0 6.164838799999999,49.970274,0 6.1649189,49.9741917,0 6.1689472,49.98375510000001,0 6.1725559,49.9845142,0 6.157053,49.9871197,0 6.153242100000001,49.9897213,0 6.150774000000001,49.9941235,0 6.141958200000001,49.9948063,0 6.1377659,49.9983616,0 6.1398029,50.0002193,0 6.145067200000001,49.9982395,0 6.1496677,50.0088367,0 6.1477947,50.01034740000001,0 6.138528799999999,50.01096919999999,0 6.129545199999999,50.0185757,0 6.1321812,50.0192318,0 6.137224200000001,50.0157566,0 6.1459446,50.02254680000001,0 6.1298199,50.029768,0 6.129613899999999,50.03177830000001,0 6.134428,50.0398541,0 6.125188799999999,50.05078319999999,0 6.121404600000001,50.0527058,0 6.1208744,50.054224,0 6.1239414,50.0598087,0 6.1206341,50.0600758,0 6.1204968,50.0569935,0 6.1177616,50.05633350000001,0 6.1122494,50.0596981,0 6.1135998,50.0655727,0 6.120260199999999,50.0648174,0 6.1211872,50.069006,0 6.129137,50.07337,0 6.124929399999999,50.0769863,0 6.1207638,50.07243920000001,0 6.115774200000001,50.0746479,0 6.121873899999999,50.0814075,0 6.1220493,50.0834637,0 6.1195126,50.0858898,0 6.1199932,50.0920124,0 6.1226063,50.0937519,0 6.1303997,50.0924091,0 6.13307,50.0936375,0 6.1286182,50.0951481,0 6.1254406,50.0995617,0 6.1268101,50.1021786,0 6.1355648,50.1034832,0 6.1310291,50.1064739,0 6.130655300000001,50.10833169999999,0 6.1348972,50.1131954,0 6.1298809,50.11409570000001,0 6.1279545,50.1159573,0 6.1291904,50.1213207,0 6.136514699999999,50.12420079999999,0 6.138494099999999,50.1345439,0 6.1471798,50.135674,0 6.1545017,50.14163930000001,0 6.152392000000001,50.1472777,0 6.1531599,50.1501164,0 6.1484666,50.1517832,0 6.1406967,50.1480066,0 6.1405477,50.1495055,0 6.132017,50.153507,0 6.1326169,50.1555058,0 6.1428394,50.1558338,0 6.1476607,50.16054519999999,0 6.1405867,50.16634359999999,0 6.1396769,50.16908229999999,0 6.1477667,50.17046309999999,0 6.1443772,50.1730768,0 6.1469988,50.1777493,0 6.152416999999999,50.1763075,0 6.1558755,50.171879,0 6.159985900000001,50.171757,0 6.1617887,50.17746730000001,0 6.1676558,50.1797071,0 6.177163400000001,50.1788712,0 6.1782453,50.180443,0 6.180517899999999,50.17814619999999,0 6.1842014,50.1783102,0 6.1923212,50.18203379999999,0 6.186066099999999,50.18401360000001,0 6.1903245,50.1872442,0 6.183945499999999,50.1926806,0 6.186516100000001,50.1952973,0 6.1852673,50.2027095,0 6.1888515,50.2053321,0 6.1829304,50.2078339,0 6.1778068,50.21663529999999,0 6.1665043,50.2197571,0 6.167812600000001,50.2242847,0 6.1770758,50.2266857,0 6.1774912,50.2287351,0 6.1736166,50.2318447,0 6.1755961,50.23528319999999,0 6.1839815,50.2374366,0 6.1916649,50.2365462,0 6.197104000000001,50.2378559,0 6.2005561,50.2399422,0 6.2046087,50.24789380000001,0 6.2068742,50.2493575,0 6.2052591,50.2511014,0 6.208916799999999,50.2536442,0 6.2118157,50.2529777,0 6.2158052,50.25695320000001,0 6.2188954,50.25633250000001,0 6.2172974,50.2548183,0 6.218535999999999,50.2544913,0 6.2235947,50.2587582,0 6.230834400000001,50.25968559999999,0 6.2360889,50.2624928,0 6.2456532,50.2619554,0 6.2590417,50.267791,0 6.2616918,50.2650239,0 6.266750400000001,50.26489249999999,0 6.2722557,50.2676933,0 6.2785147,50.2664522,0 6.2846951,50.2735807,0 6.289182799999999,50.2749714,0 6.292200100000001,50.2787517,0 6.284985399999999,50.2845581,0 6.285637299999999,50.2878054,0 6.2880654,50.2888868,0 6.2859747,50.28986769999999,0 6.2883703,50.2905696,0 6.2858467,50.2941662,0 6.2917508,50.295628,0 6.2926237,50.29679490000001,0 6.2911389,50.2977178,0 6.2956023,50.29977760000001,0 6.294476400000001,50.3012124,0 6.298350900000001,50.30233729999999,0 6.297321,50.3027002,0 6.2984818,50.30431409999999,0 6.295758199999999,50.30518,0 6.297096000000001,50.3072697,0 6.2956133,50.3076707,0 6.2961153,50.30896419999999,0 6.3006745,50.3103724,0 6.3070668,50.3096392,0 6.3094917,50.311674,0 6.306911800000001,50.31379330000001,0 6.3079105,50.3159638,0 6.3057909,50.3177096,0 6.3064697,50.3201903,0 6.3169152,50.3214681,0 6.3176531,50.31916040000001,0 6.3275566,50.3245128,0 6.3306972,50.322838,0 6.3330558,50.3235779,0 6.3330688,50.3195114,0 6.335796400000001,50.3181305,0 6.3346306,50.31648969999999,0 6.342899399999999,50.31831350000001,0 6.341804499999999,50.31788250000001,0 6.343793200000001,50.31729859999999,0 6.3405527,50.3155668,0 6.3483136,50.3149219,0 6.351156200000001,50.3107263,0 6.363375399999999,50.305187,0 6.3578912,50.31108129999999,0 6.359552999999999,50.3108333,0 6.3587381,50.313351,0 6.3613577,50.313572,0 6.3615107,50.31488389999999,0 6.3702114,50.3124501,0 6.3752857,50.313824,0 6.3759646,50.3176156,0 6.3813798,50.3192444,0 6.3821397,50.3220371,0 6.390159500000001,50.3210642,0 6.4055299,50.3233337,0 6.4080855,50.33557590000001,0 6.4005135,50.3381588,0 6.399459700000001,50.344949,0 6.3872677,50.351972,0 6.3847015,50.35173329999999,0 6.3849461,50.3532593,0 6.383079899999999,50.3542873,0 6.3794628,50.3537031,0 6.3734034,50.3581516,0 6.3680859,50.3580891,0 6.367031299999999,50.35876810000001,0 6.3697683,50.3610559,0 6.3608754,50.3712804,0 6.3533941,50.3735945,0 6.342940200000001,50.38024889999999,0 6.3468535,50.3851533,0 6.3569628,50.3907407,0 6.3579887,50.3957244,0 6.365297700000001,50.4009631,0 6.369943300000001,50.4088714,0 6.3666992,50.4193265,0 6.375959499999999,50.43148409999999,0 6.3774056,50.4413533,0 6.3751227,50.4503606,0 6.3718215,50.4555061,0 6.362826499999999,50.4538503,0 6.3571113,50.456505,0 6.3500443,50.4568519,0 6.3404258,50.46240230000001,0 6.3437323,50.4687306,0 6.341334600000001,50.47190820000001,0 6.3378531,50.4726182,0 6.3374532,50.4746439,0 6.3413516,50.4783025,0 6.3418296,50.4837569,0 6.3503613,50.4885444,0 6.334584599999999,50.4892233,0 6.332355200000001,50.4923088,0 6.322690399999999,50.49389680000001,0 6.3089999,50.5014641,0 6.2973808,50.4974642,0 6.2852155,50.4988369,0 6.2817281,50.50319749999999,0 6.2748497,50.5024203,0 6.269663800000001,50.5045446,0 6.2615536,50.49873939999999,0 6.2551251,50.4991444,0 6.2539185,50.5025778,0 6.251703899999999,50.5035305,0 6.241528,50.4989144,0 6.2302936,50.4975561,0 6.226617600000001,50.4943501,0 6.2201236,50.4987018,0 6.2226564,50.5011177,0 6.2198027,50.5053491,0 6.216668400000001,50.5069941,0 6.2128527,50.5131176,0 6.210145,50.5130906,0 6.2091254,50.5146573,0 6.2125185,50.5155626,0 6.208092299999999,50.5174682,0 6.206498,50.5203694,0 6.2073103,50.52308420000001,0 6.2031081,50.5264383,0 6.199295,50.52746549999999,0 6.1975123,50.529576,0 6.198317500000001,50.5394725,0 6.2015461,50.5435869,0 6.2054686,50.5450275,0 6.207698100000001,50.5467091,0 6.210328099999999,50.5539306,0 6.2161903,50.55639380000001,0 6.220996599999999,50.5546511,0 6.224806300000001,50.5549469,0 6.226845299999999,50.5566654,0 6.2275589,50.5616887,0 6.234107299999999,50.5639907,0 6.2360126,50.5661576,0 6.2363582,50.57242080000001,0 6.2385251,50.57520929999999,0 6.2394655,50.5776257,0 6.2399626,50.5855095,0 6.249604,50.59824880000001,0 6.247952,50.6039165,0 6.259630399999999,50.60970660000001,0 6.2687333,50.61869959999999,0 6.269458,50.62518300000001,0 6.2735233,50.6284549,0 6.274108600000001,50.6298731,0 6.2663779,50.64207590000001,0 6.2615787,50.6433376,0 6.245679300000001,50.64077090000001,0 6.2372658,50.645013,0 6.2342551,50.6484809,0 6.2303759,50.6492891,0 6.2276602,50.6486322,0 6.2261716,50.6475353,0 6.2253616,50.6430917,0 6.2216024,50.6407241,0 6.2036021,50.6395321,0 6.2015004,50.6398159,0 6.1991323,50.6406954,0 6.1974885,50.64093079999999,0 6.1867612,50.6406063,0 6.183682,50.6469087,0 6.1865325,50.6512815,0 6.1962331,50.6576258,0 6.1965774,50.6591283,0 6.1947508,50.6630436,0 6.192422,50.6642682,0 6.188019799999999,50.66467240000001,0 6.1658332,50.6621373,0 6.161520900000001,50.66970450000001,0 6.162936800000001,50.67118479999999,0 6.1580103,50.6725642,0 6.1567644,50.6747928,0 6.148859100000001,50.6777376,0 6.1441107,50.68158,0 6.1422204,50.686927,0 6.1436538,50.6887667,0 6.139186799999999,50.6922344,0 6.1394393,50.6935595,0 6.133388600000001,50.6962447,0 6.133058,50.6989525,0 6.1234403,50.70696920000001,0 6.1248705,50.71094409999999,0 6.1218356,50.71433210000001,0 6.1214139,50.7175308,0 6.1146963,50.72227560000001,0 6.100001899999999,50.7233624,0 6.094847799999999,50.7202597,0 6.0916518,50.7228708,0 6.088116299999999,50.72142829999999,0 6.073313499999999,50.7209388,0 6.0498234,50.7259975,0 6.044464499999999,50.728433,0 6.041402599999999,50.7185338,0 6.0394373,50.7183827,0 6.036748,50.7200031,0 6.0377759,50.72479749999999,0 6.0333137,50.7262308,0 6.0343766,50.72945240000001,0 6.0331508,50.7309562,0 6.03492,50.73189350000001,0 6.034188800000001,50.7334541,0 6.039672500000001,50.7374691,0 6.0404419,50.7455029,0 6.0298206,50.7497946,0 6.027546999999999,50.7480118,0 6.0291,50.750128,0 6.0213575,50.7534582,0 6.0183603,50.7633556,0 6.0276426,50.7741532,0 6.0065787,50.7818916,0 5.995852300000001,50.7874232,0 5.995904,50.7900507,0 5.9882695,50.7940498,0 5.9799533,50.79515870000001,0 5.974862400000001,50.79803669999999,0 5.9778977,50.8050611,0 5.9848905,50.8104262,0 6.0036287,50.80146239999999,0 6.0099947,50.8039885,0 6.016500500000001,50.8097803,0 6.025029,50.814132,0 6.022082699999999,50.8168137,0 6.026354899999999,50.8200326,0 6.0227445,50.8266058,0 6.0252699,50.82781989999999,0 6.0187687,50.8296952,0 6.016315699999999,50.8338837,0 6.0184502,50.83732910000001,0 6.015942500000001,50.8387962,0 6.018945599999999,50.84625559999999,0 6.0278392,50.8476302,0 6.034281499999999,50.8505751,0 6.0421021,50.851217,0 6.0554369,50.8572449,0 6.0571486,50.8555116,0 6.056698799999999,50.85105279999999,0 6.0741709,50.8465379,0 6.0772985,50.86075579999999,0 6.081040500000001,50.862564,0 6.081026999999999,50.8645444,0 6.083396500000001,50.8648373,0 6.0865413,50.8693308,0 6.086140800000001,50.87147610000001,0 6.0881023,50.8724269,0 6.0850737,50.8763684,0 6.0866811,50.8794504,0 6.082537099999999,50.8825069,0 6.0796369,50.88223039999999,0 6.0782219,50.8851559,0 6.0793364,50.8867351,0 6.076448999999999,50.88881580000001,0 6.0751817,50.8929527,0 6.081264600000001,50.9090664,0 6.0921467,50.9175119,0 6.0939888,50.9209457,0 6.089435999999999,50.9185252,0 6.0774648,50.9225785,0 6.0717751,50.9231333,0 6.0681843,50.92065299999999,0 6.054022900000001,50.9222473,0 6.0561605,50.9271525,0 6.0508709,50.92990540000001,0 6.0455822,50.9280801,0 6.0397927,50.93085240000001,0 6.0182017,50.93470140000001,0 6.0150734,50.9478831,0 6.016852900000001,50.9526426,0 6.0051985,50.9567766,0 6.0152071,50.96236439999999,0 6.0268024,50.98130940000001,0 6.0265118,50.983272,0 5.9842222,50.9821146,0 5.9813572,50.9832173,0 5.9675758,50.97939590000001,0 5.9573923,50.9850053,0 5.9551851,50.988417,0 5.933886399999999,50.9853532,0 5.918554099999999,50.9777466,0 5.9056009,50.9747203,0 5.897085599999999,50.97486500000001,0 5.89261,50.9803128,0 5.9037255,50.9871977,0 5.905517500000001,51.002172,0 5.895476699999999,51.0045305,0 5.895739600000001,51.01101910000001,0 5.8842617,51.0133816,0 5.8789136,51.017837,0 5.8745945,51.0292224,0 5.876916599999999,51.0316609,0 5.8780282,51.0375835,0 5.8670874,51.04667560000001,0 5.866737,51.0515704,0 5.8920004,51.0531278,0 5.9132078,51.066883,0 5.9187317,51.0639528,0 5.9263166,51.0482309,0 5.9346073,51.0412295,0 5.9381295,51.0351172,0 5.9498013,51.03696719999999,0 5.9577783,51.0347261,0 5.9594674,51.03823859999999,0 5.9578301,51.0409811,0 5.9669003,51.0441371,0 5.9691978,51.04677220000001,0 5.968228099999999,51.0510708,0 5.970311400000001,51.0541855,0 5.9681135,51.05556219999999,0 5.9707798,51.0580175,0 5.9699784,51.0607039,0 5.981729699999999,51.0694779,0 5.9795811,51.0713436,0 5.980294,51.0723171,0 5.988451799999999,51.0746139,0 5.997793499999999,51.0842457,0 6.0095237,51.09084420000001,0 6.014085900000001,51.0914591,0 6.0175749,51.0945726,0 6.020675600000001,51.0928383,0 6.0366919,51.0965942,0 6.056832,51.1095496,0 6.0552379,51.1107423,0 6.0602933,51.11592639999999,0 6.0758834,51.1191919,0 6.0756982,51.1209411,0 6.080551,51.1221417,0 6.0809012,51.1259794,0 6.083501199999999,51.12389220000001,0 6.0869921,51.12459489999999,0 6.084424100000001,51.1260187,0 6.0887723,51.1278975,0 6.0871032,51.1293025,0 6.0891904,51.13016439999999,0 6.091995999999999,51.13504759999999,0 6.116388199999999,51.1391547,0 6.1213017,51.1409273,0 6.121279299999999,51.1426803,0 6.1258299,51.1451168,0 6.134589700000001,51.14509899999999,0 6.1476861,51.14860760000001,0 6.1633395,51.1486975,0 6.1628485,51.15267120000001,0 6.1754219,51.15846400000001,0 6.138801700000001,51.1733392,0 6.1807243,51.1863585,0 6.165170399999999,51.1944141,0 6.122405900000001,51.1813028,0 6.111263600000001,51.17384789999999,0 6.1000891,51.169887,0 6.082190199999999,51.1716335,0 6.0731453,51.18279440000001,0 6.0679863,51.22054780000001,0 6.073258,51.2224341,0 6.0860218,51.2226673,0 6.0726534,51.2425555,0 6.085617199999999,51.24762609999999,0 6.1244995,51.2747284,0 6.1290121,51.28570049999999,0 6.1451421,51.2981162,0 6.1538213,51.3074476,0 6.1542371,51.3111156,0 6.1594204,51.315642,0 6.1595899,51.3196913,0 6.169378500000001,51.3293737,0 6.1685573,51.33298870000001,0 6.1942347,51.33487840000001,0 6.1898779,51.3394613,0 6.226386700000001,51.36033599999999,0 6.2147426,51.3875157,0 6.2163675,51.3888325,0 6.214424799999999,51.38963429999999,0 6.226668100000001,51.400268,0 6.2113626,51.40092559999999,0 6.205256999999999,51.39952009999999,0 6.2147615,51.4338807,0 6.2139367,51.4462637,0 6.2205935,51.4466463,0 6.2200061,51.45534949999999,0 6.2236759,51.4687148,0 6.2235568,51.4749649,0 6.2190321,51.4849833,0 6.212763700000001,51.4913082,0 6.2141949,51.5029126,0 6.2120237,51.5133909,0 6.199928999999999,51.5273814,0 6.176902,51.5385557,0 6.1570325,51.56657549999999,0 6.1469858,51.5705907,0 6.13056,51.58108759999999,0 6.121485500000001,51.5927445,0 6.0914239,51.6058486,0 6.0943554,51.6151958,0 6.0939341,51.622154,0 6.0972292,51.62088349999999,0 6.100012199999999,51.6240785,0 6.1080405,51.6419323,0 6.1116826,51.64473,0 6.1094122,51.64686650000001,0 6.1172476,51.6507311,0 6.1157711,51.6532274,0 6.1180876,51.65597290000001,0 6.102838,51.6605047,0 6.0996545,51.6581159,0 6.0878884,51.65984980000001,0 6.0853449,51.6629141,0 6.0795451,51.6615933,0 6.0796627,51.6634619,0 6.0757244,51.66482570000001,0 6.0723843,51.6638392,0 6.0323495,51.6740557,0 6.0346725,51.6751459,0 6.0298231,51.67809940000001,0 6.0303643,51.682947,0 6.032234399999999,51.6847963,0 6.028247800000001,51.6896244,0 6.0317407,51.6921681,0 6.0311117,51.6964282,0 6.0277656,51.7005492,0 6.0260539,51.7086881,0 6.03152,51.7129896,0 6.0420092,51.7133446,0 6.0449392,51.7169134,0 6.0378809,51.7199298,0 6.0383865,51.7181138,0 6.0354244,51.71777430000001,0 6.0350348,51.7212268,0 6.0330004,51.7214161,0 6.029522199999999,51.7254848,0 6.0035757,51.7337939,0 5.994196800000001,51.7383094,0 5.973362,51.7393056,0 5.9551552,51.7381176,0 5.9523714,51.7422808,0 5.953319799999999,51.7479327,0 5.9519882,51.7489494,0 5.974095,51.7592562,0 5.9792097,51.7600527,0 5.9905046,51.7662793,0 5.992067,51.7702459,0 5.982359800000001,51.77369700000001,0 5.9845441,51.7777936,0 5.9834319,51.778725,0 5.9902267,51.7834013,0 5.9878878,51.78288869999999,0 5.9846787,51.7850571,0 5.981765599999999,51.7841367,0 5.979538799999999,51.7859771,0 5.9745484,51.785062,0 5.9739778,51.7884702,0 5.975070399999999,51.78878820000001,0 5.972632499999999,51.7895653,0 5.9767821,51.7942762,0 5.974391900000001,51.7956231,0 5.979065300000001,51.7976507,0 5.9565373,51.81004399999999,0 5.947977900000001,51.8113714,0 5.949421900000001,51.8124431,0 5.9459267,51.8151111,0 5.948061199999999,51.816438,0 5.9528469,51.8147896,0 5.9581508,51.81693129999999,0 5.945479,51.8242662,0 5.9629783,51.83691400000001,0 5.971099,51.8333473,0 5.9867375,51.83066989999999,0 5.9944263,51.8309151,0 6.0101423,51.8351271,0 6.0158291,51.8380273,0 6.0176106,51.8414632,0 6.0291532,51.8451232,0 6.0326823,51.84235149999999,0 6.0356706,51.84263809999999,0 6.041683600000001,51.8470119,0 6.055304699999999,51.8523541,0 6.051423699999999,51.8566612,0 6.0595962,51.85762759999999,0 6.0634856,51.8654512,0 6.0895559,51.852597,0 6.1010977,51.8490107,0 6.135771199999999,51.8471694,0 6.1665599,51.8407216,0 6.1656398,51.8502092,0 6.1635974,51.8536799,0 6.1644397,51.85909279999999,0 6.1670004,51.8616216,0 6.1498768,51.8665012,0 6.1445392,51.8697445,0 6.1436101,51.87625120000001,0 6.1371272,51.8858027,0 6.1182243,51.8920126,0 6.103448,51.8924742,0 6.110176100000001,51.8949429,0 6.1092228,51.8958851,0 6.1118551,51.8988367,0 6.1148213,51.89772050000001,0 6.117889500000001,51.9016591,0 6.1256727,51.8982013,0 6.156225399999999,51.9052449,0 6.165633,51.8985965,0 6.1697693,51.9012871,0 6.1825582,51.8939068,0 6.191085099999999,51.8916571,0 6.189516299999999,51.8889418,0 6.1914276,51.8873509,0 6.182010199999999,51.8857776,0 6.1835495,51.8825312,0 6.196038300000001,51.87469999999999,0 6.2101772,51.8690213,0 6.215057,51.8676262,0 6.2337372,51.8702005,0 6.2618415,51.8681381,0 6.2698275,51.87409389999999,0 6.2797304,51.8741147,0 6.2990063,51.86782620000001,0 6.2982225,51.8659433,0 6.300504199999999,51.8645095,0 6.3062031,51.8490782,0 6.3204269,51.85168139999999,0 6.3472071,51.8506811,0 6.360004499999999,51.8460294,0 6.3640421,51.8385491,0 6.362948500000001,51.835433,0 6.3679596,51.8333997,0 6.382224299999999,51.8347818,0 6.3894302,51.83332539999999,0 6.401818399999999,51.82726269999999,0 6.407205599999999,51.8280195,0 6.4029546,51.83656259999999,0 6.4081413,51.8358937,0 6.4023775,51.844541,0 6.4089533,51.8533462,0 6.387984,51.8619104,0 6.386854600000001,51.8644512,0 6.3910477,51.8723759,0 6.3905662,51.8739681,0 6.393083599999999,51.87383330000001,0 6.396746,51.8703339,0 6.402475,51.86913740000001,0 6.4066225,51.8706912,0 6.409266200000001,51.8694324,0 6.412253400000001,51.8710964,0 6.4183347,51.8673111,0 6.4273607,51.86586179999999,0 6.429436199999999,51.8607145,0 6.432357299999999,51.8594006,0 6.443674100000001,51.8626671,0 6.4466727,51.8650056,0 6.4511726,51.8652378,0 6.4619001,51.85637530000001,0 6.4725078,51.853823,0 6.4771997,51.8567068,0 6.4826773,51.85693109999999,0 6.500291,51.86227240000001,0 6.5022079,51.8647052,0 6.5011502,51.8681143,0 6.503154900000001,51.8676165,0 6.5154893,51.8734931,0 6.524572600000001,51.8736922,0 6.539898699999999,51.88091620000001,0 6.5441507,51.8846098,0 6.549586300000001,51.88314949999999,0 6.5483631,51.8853467,0 6.5524256,51.88619139999999,0 6.5527173,51.8840513,0 6.555329,51.8834377,0 6.555863,51.8818047,0 6.5606111,51.8822192,0 6.5609982,51.8841238,0 6.569517500000001,51.8883051,0 6.58578,51.894082,0 6.62531,51.9019419,0 6.6341738,51.9010054,0 6.6377171,51.9044547,0 6.683994,51.9175765,0 6.684248699999999,51.91609699999999,0 6.6896352,51.9149561,0 6.6953455,51.9158682,0 6.6976673,51.9098701,0 6.703327200000001,51.90970560000001,0 6.7032211,51.9063955,0 6.7219696,51.8960633,0 6.7324979,51.8987227,0 6.7371325,51.90468120000001,0 6.7512644,51.9072399,0 6.754399099999999,51.9100666,0 6.7546253,51.91309140000001,0 6.770035799999999,51.9161989,0 6.788944800000001,51.9296566,0 6.7859773,51.9311893,0 6.7939908,51.9352935,0 6.7972709,51.9425525,0 6.7962443,51.9439755,0 6.7988729,51.95874400000001,0 6.812461099999999,51.9618333,0 6.8138374,51.96363310000001,0 6.828529,51.96410539999999,0 6.832754300000001,51.9729381,0 6.829599499999999,51.97943000000001,0 6.830351799999999,51.9861923,0 6.8266075,51.9935274,0 6.8077988,51.9949674,0 6.8114106,51.9980965,0 6.7721496,52.0178943,0 6.7663072,52.0187822,0 6.7640884,52.0223109,0 6.752977300000001,52.02840559999999,0 6.714134300000001,52.0400647,0 6.687853,52.0398562,0 6.6881994,52.05234959999999,0 6.6867425,52.0525401,0 6.686806799999999,52.05551880000001,0 6.689570599999999,52.05645299999999,0 6.6958738,52.064265,0 6.6968677,52.0673437,0 6.6946628,52.0698004,0 6.7354707,52.074634,0 6.747612199999999,52.0819249,0 6.751087,52.0854768,0 6.7502649,52.0875076,0 6.745496199999999,52.09006740000001,0 6.7445015,52.0930904,0 6.750284299999999,52.0957782,0 6.755265,52.0952414,0 6.7576267,52.0992886,0 6.7605724,52.1187799,0 6.8227104,52.11840429999999,0 6.855474,52.1204621,0 6.867088400000001,52.1280713,0 6.8734586,52.1302837,0 6.8819604,52.1559765,0 6.8804583,52.1560095,0 6.9057201,52.1699152,0 6.9058392,52.17379350000001,0 6.9080609,52.1759595,0 6.951245400000001,52.1810579,0 6.9620213,52.1908905,0 6.9623917,52.1942986,0 6.9740849,52.2054028,0 6.9795223,52.2142157,0 6.9812806,52.2211816,0 6.985352899999999,52.2234779,0 6.9853145,52.2253467,0 7.0034762,52.2285897,0 7.0191712,52.2250519,0 7.026397900000001,52.2257145,0 7.0390943,52.2275742,0 7.0612836,52.23471110000001,0 7.0657916,52.24123329999999,0 7.0423948,52.256144,0 7.0320628,52.2716641,0 7.0285843,52.27362710000001,0 7.0275199,52.27798620000001,0 7.0295476,52.2815261,0 7.0262393,52.2873244,0 7.0264536,52.2919678,0 7.0338369,52.3025045,0 7.039493000000001,52.3076268,0 7.041313,52.3111429,0 7.038683400000001,52.3123801,0 7.047420800000001,52.3152064,0 7.0457868,52.31644339999999,0 7.0481101,52.3199487,0 7.0471798,52.3237444,0 7.055492800000001,52.3321687,0 7.056230800000001,52.3379539,0 7.072255499999999,52.3518792,0 7.072153499999999,52.3736113,0 7.0640214,52.3903283,0 7.0585177,52.3961914,0 7.0587282,52.3994102,0 7.0553196,52.4010336,0 7.051655800000001,52.3999248,0 7.036074,52.4026626,0 7.0219897,52.4229842,0 7.0107824,52.4291366,0 7.0051201,52.44523600000001,0 6.9945739,52.462127,0 6.9939071,52.4654854,0 6.9876232,52.46976680000001,0 6.9775338,52.4656808,0 6.961785400000001,52.4436244,0 6.9473004,52.4366214,0 6.941657600000001,52.43542570000001,0 6.861816100000001,52.451358,0 6.8525417,52.4499138,0 6.854297700000001,52.4597063,0 6.774586700000001,52.45960070000001,0 6.752734499999999,52.4641108,0 6.723771499999999,52.4770175,0 6.6975241,52.4863233,0 6.705332500000001,52.5210076,0 6.6808799,52.55331739999999,0 6.7162642,52.5485248,0 6.7162358,52.55032730000001,0 6.720959499999999,52.5529472,0 6.7259734,52.5632551,0 6.7401032,52.5620535,0 6.752272399999999,52.5590389,0 6.766692000000001,52.5616369,0 6.7666599,52.56353270000001,0 6.7187716,52.58863600000001,0 6.7272888,52.6149279,0 6.7248793,52.6186263,0 6.718657,52.6219465,0 6.714207599999999,52.62680760000001,0 6.710033200000001,52.6274933,0 6.726398199999999,52.6332204,0 6.7418351,52.6453009,0 6.7525983,52.6481108,0 6.7536579,52.6477809,0 6.7519085,52.647044,0 6.7534516,52.6458063,0 6.758848400000001,52.6488255,0 6.767879299999999,52.6468511,0 6.777431,52.6516608,0 6.789763299999999,52.6527968,0 6.7942114,52.6506628,0 6.8032106,52.6518702,0 6.807916,52.6491228,0 6.818503,52.647694,0 6.8376624,52.6519527,0 6.851164799999999,52.6486051,0 6.8645966,52.6498169,0 6.8730779,52.6532678,0 6.8799503,52.6505483,0 6.897179700000001,52.6513713,0 6.9029381,52.64859380000001,0 6.9137313,52.64677510000001,0 6.9157364,52.64175159999999,0 6.9193204,52.6398371,0 6.928522000000001,52.6401849,0 6.9388543,52.63787169999999,0 6.9535582,52.6389904,0 6.959232899999999,52.6417307,0 6.9683192,52.6418304,0 6.9759848,52.6462547,0 6.9924591,52.6413324,0 7.0018774,52.6419189,0 7.006597599999999,52.63852190000001,0 7.0126572,52.6367436,0 7.0354671,52.6348545,0 7.039570499999999,52.6327059,0 7.0419223,52.6328078,0 7.0557287,52.64341979999999,0 7.0547553,52.6444227,0 7.064941000000001,52.7300787,0 7.0715512,52.81042120000001,0 7.0927397,52.8381961,0 7.087258000000001,52.8498872,0 7.1043855,52.8639433,0 7.181515599999999,52.9415843,0 7.209562400000001,53.0005067,0 7.2174454,53.0070372,0 7.2129682,53.0108775,0 7.1992194,53.08138619999999,0 7.2027936,53.1134106,0 7.1828988,53.1217649,0 7.1858729,53.1242258,0 7.180936599999999,53.1278335,0 7.1789023,53.1382857,0 7.1831688,53.1401893,0 7.1896013,53.1479616,0 7.189323500000001,53.1573229,0 7.1911794,53.1595718,0 7.1909005,53.1618398,0 7.2036549,53.1765642,0 7.2274985,53.1802785,0 7.2080428,53.1884765,0 7.2176228,53.1978173,0 7.2170254,53.2147666,0 7.210441400000001,53.2285364,0 7.21197,53.2289437,0 7.211693099999999,53.2316006,0 7.1917111,53.31505479999999,0 7.0972859,53.30958050000001,0 7.0724713,53.3065356,0 7.052266599999999,53.3067476,0 7.0171069,53.3126276,0 7.0102502,53.3159634,0 6.9803466,53.3214259,0 6.9604366,53.32731459999999,0 6.9492802,53.3327454,0 6.9268194,53.3388596,0 6.9064061,53.35031119999999,0 6.9024611,53.3536003,0 6.898203099999999,53.36164759999999,0 6.8906764,53.3913671,0 6.8844896,53.4085019,0 6.8855055,53.41522440000001,0 6.8828583,53.4189358,0 6.8935236,53.4363315,0 6.8897831,53.4421612,0 6.8824856,53.4472666,0 6.8594385,53.45582109999999,0 6.834624200000001,53.46267810000001,0 6.8025384,53.46645370000001,0 6.7288975,53.4858458,0 6.7147166,53.490369,0 6.7089693,53.49390420000001,0 6.6988384,53.4936724,0 6.697864299999999,53.4957586,0 6.7000074,53.49859800000001,0 6.697081599999999,53.4997654,0 6.6871623,53.496085,0 6.6836555,53.4966645,0 6.6849218,53.4992141,0 6.6836555,53.502285,0 6.6878275,53.5038792,0 6.672991100000001,53.5132148,0 6.6567681,53.5278286,0 6.6459402,53.5269901,0 6.6358093,53.5302327,0 6.6286008,53.5305801,0 6.6263562,53.5322269,0 6.6264165,53.53759359999999,0 6.6189949,53.5405598,0 6.6146378,53.5443884,0 6.616859599999999,53.548854,0 6.6140355,53.5536829,0 6.590400899999999,53.5607105,0 6.5697909,53.5698806,0 6.551329299999999,53.5825533,0 6.4126111,53.6042778,0 6.345913800000001,53.7245358,0 6.3641397,53.740638,0 6.3956951,53.7614995,0 6.4193616,53.7738609,0 6.4582503,53.7898057,0 6.5005556,53.8023615,0 6.5302499,53.808695,0 6.5920274,53.816334,0 6.638416,53.8373622,0 6.6663881,53.8477236,0 6.6959713,53.856446,0 6.726859999999999,53.8633906,0 6.8004152,53.8742519,0 6.896831299999999,53.8780854,0 6.960164299999999,53.88478,0 7.0379417,53.9049748,0 7.0798026,53.9141695,0 7.1123858,53.9193918,0 7.2031909,53.9263086,0 7.2614128,53.9264198,0 7.289884899999999,53.92997539999999,0 7.3387458,53.9429479,0 7.3803567,53.95111480000001,0 7.4547174,53.9590872,0 7.532966999999999,53.9603928,0 7.5869668,53.97247639999999,0 7.6187166,53.9776709,0 7.697827299999999,53.9840877,0 7.7280494,53.9941435,0 7.675855199999999,54.01481059999999,0 7.6414665,54.03383880000001,0 7.621133299999999,54.04803350000001,0 7.5651891,54.0964234,0 7.5507169,54.1132848,0 7.5342448,54.1399242,0 7.5243003,54.1676193,0 7.5214392,54.186453,0 7.522855899999999,54.2147591,0 7.5276059,54.233454,0 7.535355799999999,54.2517877,0 7.5460224,54.2696214,0 7.5673279,54.2950386,0 7.584883400000001,54.3109,0 7.6158276,54.33270600000001,0 7.639272000000001,54.3457063,0 7.6781607,54.3626233,0 7.7062161,54.37204019999999,0 7.7356604,54.3798459,0 7.7819102,54.3884294,0 7.8459377,54.39373509999999,0 7.952076099999999,54.391374,0 7.998714700000001,54.38681840000001,0 8.0289924,54.38170719999999,0 8.072575499999999,54.3710403,0 8.1000476,54.3619845,0 8.125936400000001,54.35151210000001,0 8.1614085,54.3333173,0 8.092272700000001,54.4255679,0 7.9645759,54.6015728,0 7.9541593,54.6223232,0 7.9478815,54.6412958,0 7.932492699999999,54.7349366,0 7.931270499999999,54.7628539,0 7.9362149,54.7966046,0 7.9372426,54.8414388,0 7.942437099999999,54.89318990000001,0 7.9497981,54.9300796,0 7.9599092,54.9581079,0 7.9847979,55.00441440000001,0 8.0071034,55.03797070000001,0 8.0264922,55.06266560000001,0 8.041686500000001,55.0864161,0 8.044381,55.099161,0 8.290037,55.064762,0 8.290037,55.07473300000001,0 8.305592000000001,55.08279,0 8.31865,55.08501,0 8.329204000000001,55.08362300000001,0 8.335314,55.07778999999999,0 8.340622,55.068958,0 8.346845,55.06529,0 8.365233999999999,55.063456,0 8.386343999999999,55.06476299999999,0 8.388323,55.068415,0 8.395479,55.06927700000001,0 8.472381,55.054718,0 8.477876999999999,55.04663000000001,0 8.472163999999999,55.025338,0 8.501564999999999,55.000013,0 8.519182000000001,54.992637,0 8.557248,54.992817,0 8.555431,54.92083900000001,0 8.6600324,54.9086696,0 8.6685208,54.9113124,0 8.681044399999999,54.91040650000001,0 8.7279111,54.8927495,0 8.7382378,54.8932154,0 8.7499061,54.895581,0 8.7504952,54.8971767,0 8.759563200000001,54.8945071,0 8.7769914,54.8926454,0 8.776438499999999,54.8954871,0 8.7988558,54.9025063,0 8.7987608,54.9046581,0 8.8110008,54.905909,0 8.811636699999999,54.9046431,0 8.8185316,54.9039712,0 8.823993700000001,54.9068169,0 8.836628599999999,54.9055891,0 8.848788900000001,54.8973579,0 8.8598336,54.8967604,0 8.865601,54.89985479999999,0 8.872305900000001,54.89925290000001,0 8.8772891,54.9021056,0 8.887036500000001,54.9025866,0 8.8918397,54.9049474,0 8.9105446,54.90385360000001,0 8.913268,54.90317519999999,0 8.9130593,54.9020367,0 8.9234165,54.9034207,0 8.948075299999999,54.9025382,0 8.977484799999999,54.8958066,0 8.984250899999999,54.8921457,0 9.0145097,54.886525,0 9.0296927,54.8803951,0 9.029214,54.87823479999999,0 9.047807600000001,54.8720217,0 9.0574949,54.8729509,0 9.063454800000001,54.8711691,0 9.0760849,54.8718596,0 9.090714500000001,54.8702074,0 9.1106164,54.874031,0 9.1230402,54.8726395,0 9.142993300000001,54.8730246,0 9.185764000000001,54.8632877,0 9.187939,54.8610439,0 9.194622799999999,54.8592277,0 9.205189000000001,54.8590032,0 9.2403397,54.8499489,0 9.244899,54.8437853,0 9.2354047,54.8353856,0 9.235845100000001,54.83110599999999,0 9.2500812,54.8096381,0 9.273311,54.81177080000001,0 9.284238999999999,54.8096573,0 9.286403999999999,54.8042941,0 9.2949392,54.8016748,0 9.2955591,54.80315909999999,0 9.2920661,54.8061619,0 9.293452500000001,54.80893129999999,0 9.3294648,54.805612,0 9.343714,54.8002468,0 9.3454301,54.8021437,0 9.342052900000001,54.8036262,0 9.3432271,54.8071315,0 9.346495300000001,54.8066827,0 9.356567800000001,54.8153479,0 9.363439,54.8153049,0 9.3627775,54.8165541,0 9.3657536,54.81838610000001,0 9.3738654,54.82112600000001,0 9.3727342,54.82186229999999,0 9.3762185,54.8291949,0 9.374219800000001,54.831275,0 9.3747521,54.8333208,0 9.3788839,54.8330791,0 9.382834900000001,54.8391876,0 9.3906975,54.8383585,0 9.4026672,54.84045830000001,0 9.403649400000001,54.83884969999999,0 9.407455000000001,54.8423987,0 9.4111899,54.8421599,0 9.4180817,54.8380435,0 9.4184549,54.8364745,0 9.4161853,54.8346657,0 9.4179925,54.83217890000001,0 9.428693000000001,54.827129,0 9.4351372,54.8270495,0 9.449379800000001,54.8326867,0 9.4601121,54.8333102,0 9.4629539,54.8316638,0 9.497759200000001,54.841226,0 9.5841064,54.88610940000001,0 9.592715099999999,54.8868518,0 9.6280128,54.879789,0 9.6046324,54.8545174,0 9.739948200000001,54.82331060000001,0 9.894306800000001,54.8417955,0 10.0515511,54.76608350000001,0 10.0868332,54.7639579,0 10.1693786,54.7381849,0 10.2188229,54.6962397,0 10.2582672,54.6576278,0 10.3088226,54.6126269,0 10.3388225,54.59318209999999,0 10.5054886,54.5476257,0 10.592155,54.52068070000001,0 10.651667,54.510167,0 10.7546545,54.5142918,0 10.8199321,54.5473481,0 10.9796538,54.5559594,0 11.0007648,54.56957080000001,0 11.14132,54.5770711,0 11.3110417,54.5295702,0 11.321875,54.5129032,0 11.3496527,54.5051253,0 11.4024304,54.4740136,0 11.4749302,54.4398462,0 11.5382634,54.4076234,0 11.5885411,54.3737338,0 11.6443743,54.3307609,0 11.9515957,54.3337332,0 12.1524286,54.3854011,0 12.1652063,54.3854011,0 12.2585394,54.4512358,0 12.3002059,54.5117927,0 12.2921504,54.5181817,0 12.3221503,54.5779051,0 12.748816,54.74402,0 12.9715747,54.78577720000001,0 13.0004251,54.7976159,0 13.0317355,54.81438339999999,0 13.060395,54.8266161,0 13.1109774,54.8449131,0 13.1566308,54.8580205,0 13.2022673,54.8667833,0 13.2655983,54.872529,0 13.3249042,54.8808993,0 13.427221,54.8849662,0 13.4873115,54.882103,0 13.5456122,54.8732719,0 13.6003401,54.8587433,0 13.649826,54.8389616,0 13.853571,54.74132879999999,0 13.8896028,54.7253263,0 13.9085794,54.7195069,0 13.9529301,54.6907612,0 13.9697296,54.6771981,0 13.9975635,54.6489624,0 14.022697,54.6076687,0 14.0782917,54.4411306,0 14.0696389,54.2776417,0 14.1680194,54.23879999999999,0 14.2422083,53.9877278,0 14.2260972,53.9277306,0 14.2076583,53.91586940000001,0 14.1911069,53.9157656,0 14.1853296,53.9140916,0 14.185329,53.9119628,0 14.2057721,53.9105519,0 14.2039194,53.90662209999999,0 14.2122597,53.900289,0 14.2154008,53.8808073,0 14.2123444,53.86744719999999,0 14.2835972,53.77229719999999,0 14.2669556,53.7534889,0 14.2735389,53.74435,0 14.2715361,53.7406611,0 14.2729972,53.7378361,0 14.2683389,53.7084417,0 14.271926,53.7058471,0 14.2677342,53.7046247,0 14.2668113,53.6987001,0 14.2719658,53.69360300000001,0 14.2721165,53.6894996,0 14.2750888,53.6889458,0 14.27486,53.6873106,0 14.2836998,53.6825852,0 14.281164,53.6729554,0 14.2706609,53.6666774,0 14.272218,53.66340900000001,0 14.279081,53.6630851,0 14.2847917,53.65869170000001,0 14.2838985,53.63444570000001,0 14.3111123,53.6184586,0 14.3169455,53.61806350000001,0 14.3118808,53.5797268,0 14.3138581,53.5650795,0 14.3026103,53.55340480000001,0 14.3072504,53.5514015,0 14.3057479,53.543567,0 14.3158585,53.5369428,0 14.3193659,53.52982970000001,0 14.3157825,53.5251476,0 14.3269366,53.503824,0 14.3506549,53.4960036,0 14.3541997,53.4886251,0 14.3535223,53.4822756,0 14.3569602,53.47004929999999,0 14.3563259,53.4620394,0 14.3580532,53.4573277,0 14.3712744,53.4564396,0 14.3718858,53.4478199,0 14.3686646,53.43260359999999,0 14.3697624,53.4239789,0 14.3730061,53.4182353,0 14.3733277,53.4089502,0 14.3892793,53.3878255,0 14.3948439,53.3757201,0 14.3953797,53.3692443,0 14.3931309,53.3585639,0 14.3902904,53.3537477,0 14.4055017,53.3470804,0 14.4083265,53.3357274,0 14.415448,53.324368,0 14.4068032,53.3087149,0 14.4149147,53.3019391,0 14.421204,53.2761361,0 14.445247,53.2744351,0 14.4443111,53.27242809999999,0 14.4505651,53.262252,0 14.4495951,53.2594551,0 14.4427961,53.2558061,0 14.4352119,53.2487131,0 14.433742,53.2421201,0 14.430807,53.2391331,0 14.4212069,53.234281,0 14.408503,53.2232011,0 14.4058561,53.2107291,0 14.3993229,53.2068031,0 14.385792,53.20499709999999,0 14.3772679,53.201752,0 14.374582,53.1878171,0 14.369755,53.181809,0 14.3662579,53.17198810000001,0 14.371109,53.15729110000001,0 14.3872751,53.142392,0 14.3831009,53.1365571,0 14.3837849,53.1343371,0 14.3816579,53.1313749,0 14.379026,53.1129011,0 14.3701679,53.10459900000001,0 14.371225,53.0945611,0 14.366719,53.080612,0 14.358655,53.07199300000001,0 14.355741,53.063456,0 14.352414,53.0588761,0 14.348751,53.056827,0 14.3485689,53.054717,0 14.3379831,53.046577,0 14.3233839,53.0416441,0 14.312334,53.03551910000001,0 14.306848,53.02974500000001,0 14.2916152,53.02000809999999,0 14.2685539,53.0099551,0 14.25896,53.002981,0 14.2506909,53.000669,0 14.2355989,52.9931921,0 14.2282121,52.992347,0 14.218356,52.9887271,0 14.2068529,52.9875431,0 14.1895101,52.97974910000001,0 14.17278,52.975581,0 14.168736,52.9736381,0 14.1662878,52.96856,0 14.1622201,52.9652701,0 14.149455,52.9636531,0 14.1436579,52.9613691,0 14.143127,52.9577631,0 14.1388419,52.951776,0 14.144131,52.9449001,0 14.142192,52.9387511,0 14.1426471,52.9332471,0 14.145388,52.9286791,0 14.1466781,52.92076209999999,0 14.1501989,52.9162781,0 14.1523209,52.900646,0 14.1615938,52.88809710000001,0 14.1582269,52.8813061,0 14.1577089,52.874757,0 14.1489298,52.8664121,0 14.1298459,52.8527291,0 14.1229908,52.84402799999999,0 14.12293,52.837661,0 14.1247567,52.833469,0 14.1300839,52.828318,0 14.1432639,52.8238511,0 14.2063968,52.819349,0 14.2174898,52.8168681,0 14.2265369,52.810289,0 14.2300768,52.80502309999999,0 14.2409019,52.800142,0 14.2536818,52.789097,0 14.2788068,52.77445910000001,0 14.304994,52.7655141,0 14.3216859,52.7626351,0 14.338897,52.7547071,0 14.351042,52.7515101,0 14.3608769,52.740618,0 14.3734938,52.7366601,0 14.3837231,52.7256161,0 14.4048909,52.711389,0 14.4134938,52.70083400000001,0 14.4239928,52.6961761,0 14.4289948,52.690647,0 14.4291049,52.6864131,0 14.4326819,52.681683,0 14.4355549,52.680036,0 14.4500608,52.678422,0 14.4577508,52.673931,0 14.461031,52.664974,0 14.4651029,52.66132200000001,0 14.5096759,52.6416061,0 14.5274948,52.6371629,0 14.5549899,52.626193,0 14.5673192,52.6236888,0 14.5816497,52.6156018,0 14.5962113,52.6106429,0 14.609414,52.5980025,0 14.6114712,52.5895401,0 14.6142877,52.5862639,0 14.6390136,52.57331740000001,0 14.6395116,52.5691859,0 14.637479,52.5665272,0 14.6186521,52.55718099999999,0 14.6153787,52.5540644,0 14.6136653,52.5447224,0 14.6063256,52.5374131,0 14.6038381,52.53103080000001,0 14.6104905,52.5188353,0 14.6122974,52.5107862,0 14.6170548,52.5073686,0 14.6250306,52.5055979,0 14.6323097,52.5012805,0 14.6353494,52.49597410000001,0 14.6339257,52.4914836,0 14.6242424,52.4822945,0 14.6128203,52.476832,0 14.6087608,52.4638329,0 14.5999918,52.4590708,0 14.5939838,52.4525545,0 14.5856222,52.4485459,0 14.5788254,52.4415686,0 14.5594594,52.4390887,0 14.5481154,52.4323373,0 14.5439612,52.425505,0 14.5465301,52.41269149999999,0 14.5355281,52.4007287,0 14.5343762,52.3949997,0 14.5514734,52.37566699999999,0 14.5529658,52.370923,0 14.5525283,52.3519878,0 14.5626074,52.33939099999999,0 14.5614399,52.3278059,0 14.5749323,52.3226189,0 14.5777433,52.3194529,0 14.5780759,52.3128892,0 14.5848295,52.3063473,0 14.583445,52.3016589,0 14.5744976,52.2952201,0 14.5752882,52.2890477,0 14.5864567,52.2843088,0 14.5892982,52.28161249999999,0 14.5919141,52.2753664,0 14.5986799,52.2723256,0 14.6195197,52.2707468,0 14.6407805,52.2638597,0 14.6627631,52.2618114,0 14.6742794,52.258518,0 14.689475,52.2567582,0 14.6988057,52.2523481,0 14.7051845,52.2429511,0 14.7155504,52.2361278,0 14.7160287,52.2327561,0 14.7128671,52.22817820000001,0 14.7125452,52.2222375,0 14.708392,52.2116715,0 14.6995983,52.2037482,0 14.6882788,52.197932,0 14.6858141,52.19390600000001,0 14.6879381,52.1892951,0 14.7028631,52.17849939999999,0 14.7054009,52.173197,0 14.7055672,52.1689142,0 14.701957,52.16309129999999,0 14.680016,52.1433834,0 14.6794487,52.1402495,0 14.6841094,52.1256432,0 14.6818121,52.1156403,0 14.6874394,52.1076412,0 14.7002558,52.0981084,0 14.7208928,52.09462500000001,0 14.741175,52.0851873,0 14.7458624,52.0814918,0 14.7518448,52.0717939,0 14.7578,52.0680297,0 14.759094,52.065383,0 14.756702,52.060161,0 14.745449,52.054332,0 14.7468258,52.0502066,0 14.7458683,52.0465394,0 14.7498591,52.0430343,0 14.7475285,52.03664189999999,0 14.7484224,52.031928,0 14.7402172,52.0287557,0 14.7415102,52.02355959999999,0 14.7265843,52.0137258,0 14.7252151,52.0082063,0 14.7140288,52.00368279999999,0 14.7189052,51.9997147,0 14.7216594,51.99447450000001,0 14.7175619,51.98878869999999,0 14.7162525,51.9825599,0 14.7114664,51.97961899999999,0 14.7070754,51.97961209999999,0 14.7048546,51.976008,0 14.7069034,51.97356729999999,0 14.7072324,51.9657165,0 14.7134859,51.9575091,0 14.7189602,51.9552818,0 14.7212866,51.95131510000001,0 14.7189944,51.94564030000001,0 14.7193663,51.9419306,0 14.712555,51.9367892,0 14.7066454,51.9354945,0 14.7033945,51.930887,0 14.7055167,51.9236617,0 14.702198,51.9210024,0 14.6987665,51.9132741,0 14.691023,51.90777299999999,0 14.6941836,51.90189519999999,0 14.6808864,51.8952364,0 14.6746104,51.8944701,0 14.6734816,51.89318840000001,0 14.6749038,51.88977489999999,0 14.6628032,51.8902347,0 14.6619453,51.8870717,0 14.6548339,51.8837971,0 14.6521474,51.8737906,0 14.6464132,51.87197859999999,0 14.6438847,51.8671973,0 14.6349672,51.86553840000001,0 14.6243792,51.858191,0 14.6111046,51.8571313,0 14.6071538,51.8520417,0 14.6108111,51.8492805,0 14.6124817,51.84550099999999,0 14.6093662,51.844971,0 14.6083503,51.8474815,0 14.6049865,51.8480951,0 14.6032256,51.84703519999999,0 14.6059347,51.8426418,0 14.6044673,51.83986609999999,0 14.6016453,51.839629,0 14.5962723,51.8422094,0 14.5904025,51.8384573,0 14.5919377,51.8355418,0 14.591125,51.8330865,0 14.5931794,51.83005910000001,0 14.5898156,51.8271012,0 14.5903897,51.8204437,0 14.5969142,51.81752699999999,0 14.600752,51.8126702,0 14.601181,51.80860849999999,0 14.6071862,51.80379260000001,0 14.6133945,51.804016,0 14.6163583,51.8018986,0 14.6238697,51.80042809999999,0 14.6321324,51.8015729,0 14.636309,51.79746830000001,0 14.6454747,51.7955276,0 14.6490911,51.787129,0 14.6538602,51.78369,0 14.652675,51.77965499999999,0 14.654995,51.774813,0 14.654711,51.767595,0 14.651302,51.764811,0 14.6505671,51.7616711,0 14.6640897,51.75713350000001,0 14.6573496,51.7533273,0 14.6600674,51.74843609999999,0 14.6563332,51.7407592,0 14.6615127,51.7372525,0 14.6681692,51.725857,0 14.6772034,51.72310359999999,0 14.6798022,51.7179243,0 14.691552,51.7080099,0 14.701237,51.7048481,0 14.7283506,51.6887282,0 14.7362521,51.6885742,0 14.7394708,51.6837844,0 14.7368391,51.68075,0 14.7372536,51.6790093,0 14.7471736,51.6759453,0 14.7493235,51.6705024,0 14.7528679,51.6680941,0 14.7531691,51.664311,0 14.7577473,51.66134590000001,0 14.7548951,51.6555155,0 14.750993,51.6526116,0 14.7559339,51.6455378,0 14.7540289,51.64131980000001,0 14.7561419,51.6325628,0 14.7533399,51.62787280000001,0 14.7632929,51.61924980000001,0 14.7658029,51.61144780000001,0 14.7651199,51.6074698,0 14.7608302,51.6024167,0 14.7533912,51.599357,0 14.7521819,51.59572080000001,0 14.741962,51.5929382,0 14.7393749,51.5896568,0 14.7307217,51.5845027,0 14.7270442,51.5750092,0 14.7113339,51.5627425,0 14.7164714,51.55515440000001,0 14.7239916,51.5536794,0 14.7293572,51.54994809999999,0 14.7311906,51.5442625,0 14.7262944,51.5390704,0 14.729175,51.5357083,0 14.7289809,51.5315432,0 14.7338756,51.52902989999999,0 14.7356207,51.5259448,0 14.7429201,51.5252811,0 14.7513739,51.5218238,0 14.760826,51.52329979999999,0 14.7652599,51.51892930000001,0 14.783682,51.51846580000001,0 14.7880838,51.51706119999999,0 14.796295,51.5178016,0 14.7990815,51.5152416,0 14.8051904,51.514457,0 14.8117167,51.5061133,0 14.8188424,51.5077386,0 14.8321801,51.50388770000001,0 14.8349156,51.4994568,0 14.8382015,51.4988353,0 14.840117,51.4957898,0 14.8446163,51.4947117,0 14.8521184,51.4893899,0 14.8640783,51.49067910000001,0 14.8717211,51.48467440000001,0 14.8874452,51.4879554,0 14.8915673,51.4843595,0 14.8983313,51.4819755,0 14.9072225,51.4840123,0 14.921934,51.48244,0 14.925145,51.479903,0 14.926417,51.473307,0 14.948817,51.47148000000001,0 14.956428,51.463427,0 14.955925,51.458427,0 14.9642089,51.4513326,0 14.96664,51.446194,0 14.974049,51.442118,0 14.973596,51.43655600000001,0 14.970615,51.432367,0 14.963733,51.434261,0 14.958703,51.431343,0 14.961271,51.428376,0 14.96618,51.42676800000001,0 14.964113,51.423281,0 14.967154,51.416987,0 14.964792,51.412395,0 14.95866,51.409909,0 14.963177,51.40774,0 14.9677818,51.4028741,0 14.969201,51.39825500000001,0 14.9632052,51.3978606,0 14.9582568,51.3956483,0 14.9624927,51.3947566,0 14.9657714,51.3915241,0 14.9646655,51.3865421,0 14.9690199,51.3822076,0 14.9689283,51.379279,0 14.9744111,51.37842479999999,0 14.9837553,51.3736579,0 14.9773762,51.3692453,0 14.977333,51.36568,0 14.9651366,51.36118660000001,0 14.9668287,51.3593344,0 14.9728706,51.3597661,0 14.9762374,51.35711940000001,0 14.9757828,51.35417470000001,0 14.977573,51.3530526,0 14.9769173,51.3511577,0 14.9786059,51.3481339,0 14.9769486,51.34644320000001,0 14.9776938,51.3416074,0 14.9807475,51.3398458,0 14.9814985,51.3346659,0 14.9855489,51.3325994,0 14.9860776,51.32938110000001,0 14.9932663,51.3287112,0 14.9923463,51.3238366,0 14.9933865,51.3228166,0 15.0092822,51.3166828,0 15.0092073,51.3140588,0 15.0067729,51.3113821,0 15.0127531,51.3085202,0 15.014004,51.3050174,0 15.0123255,51.3009795,0 15.021759,51.30061069999999,0 15.0291063,51.2968212,0 15.0295589,51.2946584,0 15.033354,51.2940893,0 15.0319764,51.2877417,0 15.0324881,51.2848527,0 15.0353583,51.2829229,0 15.0342609,51.27766819999999,0 15.0417476,51.2742522,0 15.0418921,51.2726244,0 15.0367523,51.2704562,0 15.0382268,51.26696170000001,0 15.0360338,51.26466109999999,0 15.0360736,51.2617285,0 15.0377966,51.258029,0 15.0319867,51.2573835,0 15.0301498,51.2546294,0 15.0249167,51.2538536,0 15.023307,51.25010709999999,0 15.0266693,51.2491091,0 15.0294584,51.2513897,0 15.0314666,51.24818770000001,0 15.0378516,51.2439906,0 15.0334844,51.2409737,0 15.0286177,51.2417897,0 15.0267984,51.2395232,0 15.0289269,51.2372384,0 15.0234665,51.23510450000001,0 15.0266604,51.23403759999999,0 15.0259368,51.2320146,0 15.0160637,51.22725470000001,0 15.0182234,51.22097680000001,0 15.0160486,51.21720450000001,0 15.0172132,51.2153648,0 15.0098306,51.21356829999999,0 15.0100778,51.21129809999999,0 15.0131839,51.2105588,0 15.0129126,51.2081708,0 15.0076068,51.2045076,0 15.0087427,51.2013843,0 15.0077219,51.199545,0 15.0141311,51.1982678,0 15.0142159,51.19566769999999,0 15.0047396,51.1908795,0 15.0087717,51.182327,0 15.0015472,51.1723884,0 15.005045,51.16771600000001,0 14.9931187,51.1624351,0 14.9942762,51.15735069999999,0 15.0009478,51.14994740000001,0 14.9963706,51.1440071,0 14.9905269,51.1427892,0 14.9953646,51.1368715,0 14.9967617,51.131557,0 14.9947397,51.1238732,0 14.9977581,51.1227643,0 14.9890059,51.11656849999999,0 14.9828678,51.1178868,0 14.980878,51.1161089,0 14.9826221,51.1133707,0 14.9799312,51.11056560000001,0 14.9811985,51.1091137,0 14.9780519,51.1081074,0 14.9839711,51.10210779999999,0 14.9827701,51.09932539999999,0 14.9838142,51.0972756,0 14.980242,51.0957549,0 14.9827489,51.0949087,0 14.9818491,51.0932256,0 14.9839338,51.0908892,0 14.9797186,51.0897671,0 14.9800799,51.08726659999999,0 14.9762769,51.0868574,0 14.9775892,51.0854993,0 14.9760431,51.0841306,0 14.9778068,51.0835242,0 14.97686,51.08160170000001,0 14.9786025,51.0804906,0 14.9793151,51.07703780000001,0 14.9676286,51.0711115,0 14.9680541,51.0695342,0 14.9713935,51.0693643,0 14.9698868,51.06739340000001,0 14.9712392,51.0657104,0 14.9678983,51.0640199,0 14.9630414,51.0580137,0 14.964656,51.050123,0 14.9613765,51.04996630000001,0 14.9578524,51.0467741,0 14.953678,51.0467078,0 14.9519226,51.042443,0 14.9485055,51.0426242,0 14.9498255,51.0410211,0 14.948112,51.0393085,0 14.9517261,51.03751630000001,0 14.9465191,51.0314971,0 14.9491664,51.0309819,0 14.9476558,51.0282764,0 14.9453536,51.0263896,0 14.9405392,51.0263667,0 14.9423996,51.0237139,0 14.9392437,51.0235913,0 14.9399492,51.0206619,0 14.9374776,51.0222169,0 14.9350882,51.0201284,0 14.935832,51.01810080000001,0 14.9393078,51.0170239,0 14.9379879,51.0114645,0 14.9343032,51.0077048,0 14.9348913,51.00615609999999,0 14.9283934,50.9974523,0 14.9203673,50.9978525,0 14.9171851,50.99519329999999,0 14.9174844,50.98998139999999,0 14.9202927,50.98793240000001,0 14.9183,50.9825625,0 14.9194302,50.97534679999999,0 14.90308,50.9717195,0 14.9040335,50.9674903,0 14.8995936,50.9633069,0 14.9038711,50.9612175,0 14.8976165,50.9593921,0 14.8929635,50.9495841,0 14.8953935,50.9472658,0 14.8965556,50.94064569999999,0 14.8907688,50.9352117,0 14.8768544,50.93235119999999,0 14.868089,50.91790149999999,0 14.8516363,50.9105706,0 14.8434091,50.900653,0 14.820426,50.88625179999999,0 14.8173748,50.879585,0 14.8193015,50.8742069,0 14.8246809,50.86989759999999,0 14.8249866,50.8675618,0 14.821481,50.8632643,0 14.8213627,50.85945529999999,0 14.8106013,50.8512536,0 14.8059968,50.840442,0 14.802583,50.8365226,0 14.8027511,50.8326059,0 14.8007482,50.8289603,0 14.8016347,50.8252334,0 14.7996709,50.8226107,0 14.7946348,50.8202802,0 14.7928957,50.8199595,0 14.7924561,50.8235359,0 14.7905105,50.8240311,0 14.7792339,50.8200157,0 14.7664699,50.8192375,0 14.7644324,50.8220422,0 14.7619358,50.8220519,0 14.7590105,50.8246194,0 14.7497828,50.8242974,0 14.7474813,50.8288196,0 14.7447106,50.8294825,0 14.738939,50.8289265,0 14.73424,50.82537429999999,0 14.7223443,50.8220621,0 14.7167091,50.82354350000001,0 14.7161029,50.8254167,0 14.7169617,50.82986510000001,0 14.7200721,50.8322805,0 14.7086033,50.8407793,0 14.6899559,50.838002,0 14.6650113,50.8491866,0 14.6602598,50.8501592,0 14.6477945,50.8487401,0 14.6331387,50.8550372,0 14.6189169,50.8577586,0 14.6200862,50.8602033,0 14.6189793,50.8645527,0 14.6240797,50.8683131,0 14.6292869,50.8801554,0 14.6326755,50.8833037,0 14.6366749,50.8978405,0 14.6471759,50.9040016,0 14.6528348,50.9054216,0 14.6516167,50.91216429999999,0 14.6522824,50.92591430000001,0 14.6502028,50.93152239999999,0 14.6394834,50.93024269999999,0 14.6281712,50.9254909,0 14.617086,50.9255741,0 14.6122523,50.9223241,0 14.601554,50.9208053,0 14.5933866,50.9163463,0 14.5889374,50.91694050000001,0 14.581938,50.9135479,0 14.5778842,50.9159356,0 14.5643597,50.9185741,0 14.5607296,50.9253868,0 14.5720025,50.9375186,0 14.5817637,50.942397,0 14.5853328,50.9516697,0 14.596159,50.9627273,0 14.5921741,50.9667413,0 14.5968406,50.96911879999999,0 14.5971261,50.9742537,0 14.6006502,50.9794138,0 14.5984159,50.9807295,0 14.5990743,50.9871753,0 14.5932456,50.987759,0 14.5815001,50.9935648,0 14.5787422,51.00036160000001,0 14.5683375,51.0045579,0 14.5645523,51.01016739999999,0 14.5609527,51.0069488,0 14.5347548,51.0037431,0 14.5325972,51.0057604,0 14.5351098,51.00747059999999,0 14.5346895,51.0087469,0 14.5397898,51.01041589999999,0 14.5321868,51.0165812,0 14.4985984,51.0220904,0 14.5017306,51.03236649999999,0 14.5084006,51.0433104,0 14.4998277,51.0465847,0 14.4907657,51.0435553,0 14.4943227,51.0357683,0 14.4927168,51.02341259999999,0 14.4744124,51.0255396,0 14.4753778,51.02953240000001,0 14.4704296,51.0309374,0 14.4656856,51.0353481,0 14.4538296,51.03594429999999,0 14.4351608,51.02702399999999,0 14.4315829,51.0246757,0 14.4320214,51.0234059,0 14.4198359,51.0190579,0 14.4085683,51.0187843,0 14.4052021,51.02094079999999,0 14.3903975,51.0239057,0 14.3847745,51.0269897,0 14.3832149,51.0283853,0 14.382682,51.038537,0 14.3740335,51.0386261,0 14.3619725,51.0453312,0 14.3468322,51.0414552,0 14.345133,51.0390266,0 14.3369332,51.0389936,0 14.3269514,51.0470155,0 14.3266687,51.049344,0 14.3170225,51.0553384,0 14.3020938,51.0550957,0 14.2922035,51.04654649999999,0 14.2920734,51.0437323,0 14.2890342,51.03948679999999,0 14.2738538,51.03979919999999,0 14.2735521,51.0378241,0 14.279789,51.03639680000001,0 14.2852924,51.0322202,0 14.2863747,51.0274901,0 14.2776674,51.01892900000001,0 14.2819564,51.0155938,0 14.2801337,51.0140951,0 14.2653487,51.0081568,0 14.2605376,51.0088269,0 14.2622871,51.0039245,0 14.2687248,51.0000461,0 14.2585823,50.9920627,0 14.2586779,50.9875401,0 14.2775472,50.9821099,0 14.2820363,50.97800819999999,0 14.2856953,50.9769207,0 14.2986812,50.9790657,0 14.3123268,50.9848351,0 14.3234748,50.98538599999999,0 14.329512,50.9823488,0 14.3260192,50.97907359999999,0 14.3289717,50.9747323,0 14.3281813,50.97309750000001,0 14.3154863,50.97314679999999,0 14.3025712,50.9652588,0 14.3063646,50.9629185,0 14.3169955,50.9606199,0 14.3175849,50.9582037,0 14.3105519,50.9549438,0 14.3162413,50.9519169,0 14.3265053,50.9495187,0 14.3458617,50.948515,0 14.3487268,50.9452012,0 14.3572866,50.9442363,0 14.3611097,50.9427075,0 14.3607152,50.9413983,0 14.36934,50.942275,0 14.3694197,50.93936430000001,0 14.3737754,50.9380998,0 14.3873138,50.94187760000001,0 14.3969686,50.9363404,0 14.4007346,50.9332763,0 14.3992738,50.93007750000001,0 14.4021733,50.92383910000001,0 14.3913908,50.9206014,0 14.3946378,50.9190913,0 14.3941701,50.9180759,0 14.3886556,50.91889380000001,0 14.3897513,50.9165572,0 14.3856774,50.9165862,0 14.3868267,50.9140605,0 14.3858215,50.91269530000001,0 14.3886918,50.9084812,0 14.3874282,50.90309689999999,0 14.3858084,50.9024349,0 14.3881391,50.8992738,0 14.3751521,50.89799259999999,0 14.3738452,50.8962145,0 14.3627495,50.8973967,0 14.3585709,50.89955019999999,0 14.3543845,50.89821730000001,0 14.3520298,50.90048490000001,0 14.3490916,50.900757,0 14.3484709,50.8978413,0 14.3504563,50.8953286,0 14.3491475,50.8927005,0 14.3193994,50.8888732,0 14.3047515,50.88392749999999,0 14.2902971,50.8856954,0 14.2830582,50.89221849999999,0 14.2674344,50.8953136,0 14.2515787,50.8878146,0 14.2441687,50.8863974,0 14.2333657,50.8875989,0 14.2365193,50.8822868,0 14.2359069,50.8760525,0 14.2324087,50.8692387,0 14.2234995,50.8590862,0 14.2170638,50.8602492,0 14.200735,50.8512174,0 14.1955982,50.8518191,0 14.1910283,50.8496264,0 14.1615432,50.8476262,0 14.1538504,50.84298750000001,0 14.1442295,50.84057369999999,0 14.1328942,50.833986,0 14.1165783,50.83230379999999,0 14.1108406,50.8293947,0 14.1071492,50.8302529,0 14.0988938,50.8262841,0 14.0895233,50.8260796,0 14.0789632,50.8188608,0 14.0784585,50.8124786,0 14.0629979,50.80987890000001,0 14.0580918,50.8119153,0 14.0478585,50.81005179999999,0 14.0405044,50.8107524,0 14.0350531,50.8051686,0 14.0299257,50.8042559,0 14.0229946,50.8091202,0 14.0174294,50.8109145,0 14.0122482,50.81172959999999,0 14.0035392,50.8102427,0 14.0030864,50.8145298,0 13.9907383,50.8200053,0 13.9859406,50.8162927,0 13.9543631,50.8075683,0 13.9561367,50.80057359999999,0 13.9485014,50.7969604,0 13.9450469,50.79248919999999,0 13.9389859,50.78992830000001,0 13.9289508,50.7885064,0 13.9182512,50.7891381,0 13.9039061,50.79424160000001,0 13.9007789,50.7933791,0 13.8976724,50.79205230000001,0 13.8964042,50.7884535,0 13.9003501,50.7847875,0 13.8947824,50.7802272,0 13.8924883,50.7740929,0 13.8873407,50.7700734,0 13.88988,50.7625246,0 13.9027727,50.7529977,0 13.900726,50.75185210000001,0 13.8987966,50.7451347,0 13.8965556,50.74313070000001,0 13.8802973,50.7377054,0 13.8682153,50.7426789,0 13.8619932,50.742797,0 13.8617004,50.7356049,0 13.8582088,50.7288868,0 13.8549409,50.7269531,0 13.843386,50.7251521,0 13.8352026,50.7269736,0 13.8265677,50.7241754,0 13.8197453,50.7274635,0 13.8156322,50.7276838,0 13.8073777,50.7333379,0 13.8006366,50.7329714,0 13.7969331,50.73438959999999,0 13.7907698,50.73258970000001,0 13.7899954,50.735131,0 13.7848052,50.7336066,0 13.7771552,50.73633640000001,0 13.7688349,50.73290780000001,0 13.7673032,50.73441279999999,0 13.7607701,50.73422110000001,0 13.7583077,50.73582509999999,0 13.7508731,50.7295965,0 13.7405625,50.7272743,0 13.7281324,50.7336588,0 13.7136617,50.7249915,0 13.7082792,50.7253933,0 13.7113644,50.72343269999999,0 13.7123083,50.7195305,0 13.7067115,50.7166867,0 13.6880545,50.719478,0 13.6813563,50.72502050000001,0 13.6646726,50.7320842,0 13.6421181,50.7294196,0 13.6359751,50.7248244,0 13.6249425,50.7230157,0 13.6269521,50.7159128,0 13.6111374,50.713642,0 13.6027355,50.7101533,0 13.5881917,50.7131128,0 13.5792383,50.71236499999999,0 13.5737316,50.7137292,0 13.568767,50.712361,0 13.5580171,50.7148521,0 13.5519187,50.713741,0 13.5447887,50.71117370000001,0 13.5383709,50.70576880000001,0 13.5252438,50.70438650000001,0 13.5271388,50.69909819999999,0 13.5337809,50.6959798,0 13.5398991,50.6906896,0 13.5443743,50.6775482,0 13.5386307,50.6730652,0 13.5405659,50.6703386,0 13.5402273,50.66806660000001,0 13.5303605,50.6680903,0 13.5177313,50.6591316,0 13.512788,50.6537673,0 13.5130656,50.6516856,0 13.5173273,50.6483689,0 13.5259435,50.6494028,0 13.523049,50.64249240000001,0 13.5242765,50.6389844,0 13.4976194,50.6319714,0 13.4939776,50.6244627,0 13.482369,50.61932419999999,0 13.4772943,50.61527550000001,0 13.4775427,50.6123697,0 13.4664075,50.6059177,0 13.4648592,50.60177849999999,0 13.4509017,50.6059097,0 13.4412706,50.6111951,0 13.428988,50.6107296,0 13.4249605,50.61287870000001,0 13.4271196,50.61542819999999,0 13.4255619,50.61648079999999,0 13.4185914,50.6153773,0 13.4149663,50.6165285,0 13.412112,50.6186016,0 13.4135345,50.6218714,0 13.4070107,50.6283013,0 13.4054486,50.6346003,0 13.4023155,50.6350488,0 13.3947996,50.641679,0 13.3923829,50.64167580000001,0 13.391817,50.64662490000001,0 13.3858196,50.6467723,0 13.382813,50.6448462,0 13.3756972,50.650345,0 13.371052,50.6508138,0 13.3744886,50.6411713,0 13.3735042,50.6375442,0 13.3755261,50.63659369999999,0 13.3741661,50.6326535,0 13.3777906,50.62851379999999,0 13.3772971,50.6272527,0 13.3699926,50.6247997,0 13.3687669,50.6204662,0 13.3653492,50.6179786,0 13.3602182,50.61939699999999,0 13.358761,50.6161989,0 13.3538006,50.6156846,0 13.3516974,50.6138806,0 13.3376149,50.6126791,0 13.3387002,50.6108916,0 13.335688,50.6100758,0 13.3346931,50.6066844,0 13.3247908,50.60844519999999,0 13.3258671,50.60462919999999,0 13.3192833,50.6018833,0 13.3228999,50.597389,0 13.3211971,50.5895499,0 13.3244279,50.5875731,0 13.3250939,50.5828397,0 13.3231536,50.5810891,0 13.30032,50.5788414,0 13.2910947,50.5749287,0 13.2903705,50.5774777,0 13.2857199,50.5812823,0 13.2837495,50.5852589,0 13.284023,50.5886368,0 13.2787109,50.5929668,0 13.2602074,50.5921943,0 13.2559272,50.5953857,0 13.2483534,50.5920732,0 13.2475089,50.5870073,0 13.2395308,50.5846349,0 13.2374402,50.58002679999999,0 13.23309,50.5791699,0 13.2359552,50.5702193,0 13.2259834,50.5662836,0 13.2230313,50.56343480000001,0 13.2241996,50.5613332,0 13.2232334,50.5584506,0 13.228627,50.55519760000001,0 13.2294298,50.55013689999999,0 13.2217419,50.5460156,0 13.2220869,50.5419493,0 13.2195253,50.5405266,0 13.2152711,50.5340309,0 13.2097137,50.5303831,0 13.2075588,50.52163120000001,0 13.1951666,50.5161174,0 13.1945097,50.5142595,0 13.1965233,50.510732,0 13.195423,50.5087567,0 13.1973203,50.5058879,0 13.1952919,50.5032407,0 13.1778969,50.5028877,0 13.171084,50.5059302,0 13.1533367,50.5084967,0 13.1425313,50.5056001,0 13.1366229,50.5064061,0 13.1386885,50.51135510000001,0 13.1344357,50.5142968,0 13.1325677,50.5186213,0 13.1199389,50.5140098,0 13.1152809,50.5098216,0 13.1034457,50.5035797,0 13.0852972,50.50022129999999,0 13.0561258,50.501236,0 13.0506141,50.507404,0 13.0425073,50.5115656,0 13.0392346,50.50961389999999,0 13.0316484,50.50974360000001,0 13.0307376,50.5080937,0 13.0323272,50.5006008,0 13.0226229,50.4870527,0 13.0237642,50.48484349999999,0 13.0225641,50.4843915,0 13.0231011,50.4816977,0 13.0210404,50.47885279999999,0 13.0209088,50.4727912,0 13.0184407,50.4669695,0 13.0199866,50.4589532,0 13.0239676,50.4538846,0 13.0198694,50.4465569,0 13.0085337,50.4392991,0 12.9954693,50.4335749,0 12.9852194,50.42035839999999,0 12.9637186,50.4145616,0 12.9475249,50.4135036,0 12.9422545,50.4117126,0 12.9409876,50.40716969999999,0 12.9439317,50.4059653,0 12.9476137,50.4071442,0 12.9480934,50.4042513,0 12.9373831,50.4062686,0 12.9361321,50.4070449,0 12.9361822,50.4118183,0 12.9249691,50.41619470000001,0 12.9122373,50.4238432,0 12.9029314,50.4227194,0 12.8946328,50.4297419,0 12.8491033,50.4475144,0 12.837612,50.4540769,0 12.8190353,50.4602924,0 12.8187678,50.4534215,0 12.8167652,50.4496136,0 12.8066533,50.443336,0 12.808107,50.4390267,0 12.8111453,50.4364772,0 12.8104985,50.4308984,0 12.7948562,50.44943109999999,0 12.7344729,50.4323396,0 12.7297422,50.4216544,0 12.7206619,50.4175582,0 12.707865,50.4083744,0 12.7068628,50.4041652,0 12.7090536,50.4020523,0 12.707118,50.39712039999999,0 12.69582,50.40142839999999,0 12.6933114,50.4051436,0 12.6818767,50.40959479999999,0 12.6732731,50.4168043,0 12.6624886,50.4123016,0 12.6469247,50.4105123,0 12.6274116,50.4162135,0 12.6172624,50.4157326,0 12.6085732,50.4110552,0 12.6072516,50.4083302,0 12.5999485,50.40577890000001,0 12.5911613,50.4076173,0 12.5801458,50.4071491,0 12.5749673,50.4033654,0 12.5582291,50.3993495,0 12.5504482,50.39916890000001,0 12.5460009,50.4008893,0 12.5420662,50.3984529,0 12.5339463,50.399793,0 12.5291976,50.3970142,0 12.5120317,50.39725949999999,0 12.5094836,50.3914847,0 12.5030774,50.3870221,0 12.4959555,50.3789861,0 12.4901848,50.375762,0 12.4863837,50.3707874,0 12.488283,50.3673574,0 12.487541,50.3622446,0 12.4926305,50.3562202,0 12.4895477,50.34979659999999,0 12.4839553,50.34700930000001,0 12.4805169,50.34718219999999,0 12.4685524,50.3546075,0 12.460267,50.3516394,0 12.4585107,50.3484797,0 12.4496633,50.34636840000001,0 12.4423676,50.3419993,0 12.4349567,50.3325997,0 12.4368077,50.3312008,0 12.4371884,50.3277707,0 12.4309643,50.3227205,0 12.4253454,50.32451229999999,0 12.421234,50.3226801,0 12.4166681,50.32449570000001,0 12.4046666,50.3240476,0 12.3983816,50.3214287,0 12.4007355,50.3187136,0 12.3983284,50.307964,0 12.403042,50.3007616,0 12.4007718,50.2989849,0 12.3996277,50.2936644,0 12.3941494,50.289586,0 12.3819648,50.288935,0 12.3706754,50.2851075,0 12.3690145,50.2813937,0 12.3650254,50.2804174,0 12.359647,50.2735255,0 12.36139,50.2696562,0 12.3565335,50.2644481,0 12.3525857,50.2626572,0 12.3503184,50.2534234,0 12.3592287,50.24213,0 12.3567443,50.2427681,0 12.3512656,50.2392927,0 12.3547135,50.23733969999999,0 12.3500718,50.23773389999999,0 12.3492977,50.2362579,0 12.3421333,50.2406026,0 12.3312942,50.24245029999999,0 12.3326418,50.2387334,0 12.328154,50.2346664,0 12.3342227,50.2340326,0 12.3320278,50.23325049999999,0 12.3291857,50.22528209999999,0 12.3350152,50.2213577,0 12.3346954,50.2172912,0 12.3267288,50.2185218,0 12.3273093,50.2102402,0 12.3233665,50.2071173,0 12.3263948,50.2021359,0 12.3334509,50.1994375,0 12.3328762,50.1976736,0 12.3383141,50.1922887,0 12.3362025,50.1885835,0 12.3293266,50.18598409999999,0 12.3277776,50.1825733,0 12.3234758,50.1819975,0 12.3275021,50.1798064,0 12.3277467,50.17583770000001,0 12.3374751,50.1734427,0 12.3353562,50.1719707,0 12.3195435,50.1717252,0 12.3034528,50.1754274,0 12.2952481,50.17464480000001,0 12.2893624,50.17689349999999,0 12.2912386,50.1773697,0 12.2918537,50.1784428,0 12.2905098,50.1788456,0 12.292195,50.18034589999999,0 12.2901367,50.1852004,0 12.2860873,50.1856591,0 12.2843179,50.1874462,0 12.2847512,50.1898982,0 12.282157,50.1886443,0 12.2774918,50.1916635,0 12.2772448,50.1950892,0 12.2746533,50.1965503,0 12.2777097,50.1994769,0 12.2879666,50.2031233,0 12.2881521,50.2047879,0 12.2855572,50.2059524,0 12.2891102,50.2088816,0 12.2889945,50.2105171,0 12.2824715,50.20803189999999,0 12.282525,50.2131153,0 12.2939054,50.221037,0 12.2852855,50.2231622,0 12.278293,50.2227972,0 12.2803758,50.223056,0 12.2793374,50.2242566,0 12.2868501,50.22531299999999,0 12.2749676,50.2332404,0 12.2671209,50.2318338,0 12.2631,50.23397169999999,0 12.2660136,50.2344077,0 12.2549545,50.2367792,0 12.2518286,50.24169080000001,0 12.2394764,50.2461567,0 12.2416448,50.25084240000001,0 12.2458814,50.250998,0 12.2499794,50.2545181,0 12.2469172,50.2572473,0 12.25509,50.2528931,0 12.254952,50.2511386,0 12.2594208,50.2522236,0 12.2659403,50.2501808,0 12.2645572,50.2527456,0 12.2661602,50.25888209999999,0 12.2614168,50.2613362,0 12.2538433,50.2709779,0 12.2505038,50.2692717,0 12.2499909,50.2708299,0 12.2477615,50.270222,0 12.2468616,50.26817370000001,0 12.2348692,50.2693919,0 12.2303286,50.27126429999999,0 12.2131638,50.27012260000001,0 12.2013248,50.272839,0 12.2001768,50.27423,0 12.2018073,50.2760261,0 12.2021397,50.2880681,0 12.2005065,50.29060610000001,0 12.1950841,50.2933347,0 12.1987052,50.3026616,0 12.1980317,50.3050136,0 12.1996417,50.3063607,0 12.200948,50.30895000000001,0 12.1995029,50.3067144,0 12.1868386,50.3116758,0 12.1827655,50.3175356,0 12.1850782,50.3191284,0 12.1846057,50.322223,0 12.1466093,50.3219392,0 12.1304269,50.31904919999999,0 12.1249434,50.3152298,0 12.1137852,50.3164941,0 12.1155107,50.3204577,0 12.1099161,50.3204138,0 12.1065306,50.3224735,0 12.1008052,50.3180315,0 12.1048882,50.3145669,0 12.1149837,50.3130828,0 12.1260326,50.3072409,0 12.1191973,50.29877290000001,0 12.1220182,50.2960348,0 12.1228228,50.2909698,0 12.1359182,50.28382309999999,0 12.1356014,50.2810318,0 12.140062,50.2778367,0 12.1382889,50.2750245,0 12.1267636,50.2696673,0 12.120477,50.2685485,0 12.1199786,50.2669218,0 12.1123103,50.2676857,0 12.1059534,50.2636994,0 12.0976142,50.26230870000001,0 12.1017201,50.2589761,0 12.1025023,50.25578969999999,0 12.0905752,50.2524063,0 12.0924309,50.24961,0 12.0975903,50.2463897,0 12.1066047,50.2465949,0 12.1089021,50.2380099,0 12.1271931,50.2323632,0 12.1412537,50.23047199999999,0 12.1420002,50.2337089,0 12.1510777,50.2357163,0 12.1518096,50.2343097,0 12.1453831,50.23039409999999,0 12.1574894,50.2271835,0 12.1586735,50.2257308,0 12.1572588,50.2232412,0 12.1620233,50.2234556,0 12.1603221,50.2197846,0 12.1629624,50.219947,0 12.1639691,50.21795839999999,0 12.1578646,50.21453160000001,0 12.1596936,50.21123159999999,0 12.1648579,50.2134943,0 12.1664141,50.2120221,0 12.1753839,50.2128424,0 12.1782905,50.2048157,0 12.1840585,50.2051379,0 12.1861686,50.20308070000001,0 12.1816481,50.2005695,0 12.1827034,50.1991694,0 12.1901449,50.2007633,0 12.1916059,50.1986648,0 12.1970844,50.19906579999999,0 12.1975629,50.19793739999999,0 12.191296,50.19770669999999,0 12.1888555,50.195541,0 12.201186,50.18864260000001,0 12.2038996,50.180728,0 12.2082792,50.1743613,0 12.207298,50.1694792,0 12.2159721,50.168205,0 12.2113948,50.1589132,0 12.2000527,50.1515006,0 12.2034802,50.1505513,0 12.2013124,50.1482616,0 12.2036211,50.1456937,0 12.200358,50.1457808,0 12.1985261,50.14373320000001,0 12.1951627,50.1431687,0 12.1945975,50.1376697,0 12.197405,50.1355704,0 12.1960766,50.1327165,0 12.1973579,50.1262086,0 12.1963441,50.1228948,0 12.1995686,50.1173036,0 12.2025883,50.11535820000001,0 12.1995953,50.11175770000001,0 12.200805,50.1086984,0 12.2063314,50.1069293,0 12.2104738,50.1016832,0 12.2212816,50.1039152,0 12.228669,50.10238770000001,0 12.2273643,50.09708919999999,0 12.2302729,50.0963935,0 12.2314182,50.0943345,0 12.2466523,50.09753239999999,0 12.2478979,50.0955921,0 12.2443663,50.0947235,0 12.246079,50.0924026,0 12.2483785,50.0927599,0 12.2485824,50.0907787,0 12.2524014,50.0915827,0 12.2529726,50.0874006,0 12.2654591,50.0790146,0 12.2754136,50.0764756,0 12.2608492,50.0643828,0 12.259721,50.0610617,0 12.2616272,50.0581226,0 12.2713114,50.06135569999999,0 12.2781381,50.0576942,0 12.2792573,50.0551734,0 12.2990208,50.05861290000001,0 12.3111674,50.0554397,0 12.3143627,50.0524739,0 12.317282,50.05337239999999,0 12.3191878,50.0487077,0 12.3157195,50.046032,0 12.3244582,50.038776,0 12.3255278,50.03702860000001,0 12.3245244,50.0338165,0 12.325875,50.032833,0 12.3288489,50.0321901,0 12.3334555,50.03480150000001,0 12.3356771,50.0385212,0 12.3396569,50.0393299,0 12.3473595,50.0366811,0 12.3496744,50.033254,0 12.349038,50.0320782,0 12.3550047,50.0287994,0 12.3573795,50.02557229999999,0 12.3656998,50.0227654,0 12.3674948,50.0174266,0 12.3786579,50.0190999,0 12.3777788,50.01648530000001,0 12.3797039,50.0138877,0 12.3865987,50.0124765,0 12.4004331,50.0150246,0 12.4027845,50.0131258,0 12.3973954,50.0088523,0 12.4022924,50.007731,0 12.402137,50.0049915,0 12.4145487,50.00459409999999,0 12.4243416,50.00030459999999,0 12.43165,50.0025102,0 12.4319855,50.0001933,0 12.4352727,49.99842199999999,0 12.4353017,49.9935033,0 12.4256832,49.9909898,0 12.431362,49.9885726,0 12.4314804,49.984392,0 12.4407226,49.986418,0 12.4535913,49.9916654,0 12.4538294,49.993486,0 12.4607382,49.9948743,0 12.470046,49.9909145,0 12.4684821,49.989418,0 12.4754405,49.9838164,0 12.476611,49.9807438,0 12.4899593,49.9816025,0 12.499559,49.972049,0 12.4938281,49.9697368,0 12.4939395,49.9664379,0 12.4908391,49.9621601,0 12.4905599,49.9585951,0 12.4815762,49.9582958,0 12.4782912,49.9567732,0 12.4699909,49.9483243,0 12.4700933,49.94578609999999,0 12.4749313,49.9385224,0 12.4783364,49.9355371,0 12.4943178,49.93679149999999,0 12.492994,49.93316549999999,0 12.4982941,49.9324894,0 12.5037765,49.92963110000001,0 12.5385524,49.9248417,0 12.5476758,49.920496,0 12.5512078,49.9093075,0 12.5500296,49.90153790000001,0 12.5398771,49.89123439999999,0 12.5354639,49.89080869999999,0 12.5216079,49.88169249999999,0 12.5187307,49.8771534,0 12.5185746,49.8690712,0 12.5120788,49.85940309999999,0 12.5076961,49.8576069,0 12.4978642,49.8569369,0 12.4974364,49.8515364,0 12.4991091,49.84732819999999,0 12.4979799,49.83752750000001,0 12.4832378,49.8419355,0 12.4730575,49.833671,0 12.476295,49.8248681,0 12.4733648,49.8151001,0 12.4672611,49.8130636,0 12.4640074,49.81005140000001,0 12.4705024,49.8023274,0 12.470553,49.799524,0 12.4654285,49.7951167,0 12.4697721,49.7923643,0 12.4741858,49.7919982,0 12.4748904,49.7901836,0 12.4726514,49.78611,0 12.4693287,49.78714780000001,0 12.404762,49.7627848,0 12.4016157,49.7593799,0 12.4005551,49.75380489999999,0 12.4057085,49.7481977,0 12.4042992,49.7456765,0 12.4058002,49.7403034,0 12.4125485,49.7358897,0 12.413208,49.7322109,0 12.4256975,49.7305677,0 12.4293773,49.7201491,0 12.4329305,49.71796090000001,0 12.4351843,49.7124214,0 12.442452,49.7038203,0 12.4529796,49.7010916,0 12.4573293,49.702026,0 12.4840483,49.6939921,0 12.4851282,49.6878749,0 12.4913817,49.6860167,0 12.50525,49.68518039999999,0 12.5146798,49.6878461,0 12.5219866,49.68644380000001,0 12.5225789,49.6768458,0 12.5296833,49.668285,0 12.5299742,49.6660856,0 12.5224981,49.6606819,0 12.5231329,49.6558335,0 12.5261643,49.654324,0 12.5243905,49.65160480000001,0 12.520824,49.6504836,0 12.5214115,49.6491787,0 12.5172471,49.6454049,0 12.5182848,49.64309650000001,0 12.5250874,49.64209770000001,0 12.5285671,49.63996250000001,0 12.5281373,49.63774069999999,0 12.5225966,49.6338009,0 12.5231612,49.628502,0 12.5342851,49.6260846,0 12.5326454,49.6239092,0 12.526913,49.622257,0 12.5281036,49.6181021,0 12.536054,49.6179071,0 12.5457846,49.6212609,0 12.5607429,49.6196089,0 12.5569444,49.6142768,0 12.5622778,49.6090162,0 12.5640801,49.5967633,0 12.5766795,49.5863445,0 12.5742329,49.581131,0 12.5738156,49.57495980000001,0 12.570786,49.5693823,0 12.5742174,49.564407,0 12.5743484,49.5591361,0 12.5803901,49.5556727,0 12.5835755,49.5495335,0 12.5878663,49.5457784,0 12.5949156,49.5417242,0 12.5885412,49.5384773,0 12.6021366,49.53242869999999,0 12.6120431,49.5305318,0 12.6145287,49.5284303,0 12.6189685,49.5293115,0 12.6207697,49.5265853,0 12.6285944,49.52700549999999,0 12.6306019,49.53106639999999,0 12.6361086,49.5319828,0 12.6441959,49.5229662,0 12.6421384,49.517868,0 12.643879,49.5104219,0 12.6394303,49.5006872,0 12.6438608,49.4943969,0 12.6442139,49.48491920000001,0 12.6384982,49.4831262,0 12.6336481,49.476153,0 12.6370957,49.4759673,0 12.641701,49.4699003,0 12.6485477,49.4682869,0 12.6529982,49.4602673,0 12.6579767,49.4503382,0 12.6555014,49.4486574,0 12.6582357,49.44035790000001,0 12.6555517,49.43479940000001,0 12.679371,49.4260962,0 12.7087041,49.42475960000001,0 12.71364,49.4197817,0 12.7148136,49.4141321,0 12.7330411,49.4098751,0 12.7576677,49.39480219999999,0 12.7611019,49.38253139999999,0 12.7580737,49.3752403,0 12.7684277,49.3653739,0 12.7771346,49.36396669999999,0 12.7812915,49.3604081,0 12.7823622,49.3592151,0 12.7786373,49.3552444,0 12.7787034,49.3481587,0 12.7857821,49.3454643,0 12.8030881,49.3416273,0 12.8372378,49.3407307,0 12.8428904,49.3423442,0 12.8434895,49.34508959999999,0 12.847668,49.3444213,0 12.8533895,49.3381205,0 12.8593513,49.33881860000001,0 12.876913,49.3324778,0 12.8868463,49.3323503,0 12.888865,49.33342469999999,0 12.8852874,49.3403761,0 12.8809904,49.3435092,0 12.8800206,49.35039640000001,0 12.9013903,49.3496311,0 12.9193216,49.34344599999999,0 12.929175,49.3448143,0 12.9390192,49.342253,0 12.9452855,49.343796,0 12.9500328,49.3429108,0 12.958436,49.3367437,0 12.9639972,49.3371172,0 12.9726288,49.3338639,0 12.9787459,49.328509,0 12.9886247,49.3237958,0 12.9906873,49.31944699999999,0 13.0041833,49.3120691,0 13.0055017,49.3073274,0 13.0073997,49.3059228,0 13.029112,49.3043286,0 13.0304165,49.2875882,0 13.0255364,49.27876319999999,0 13.0339821,49.2639295,0 13.0430969,49.2649807,0 13.0553195,49.2639251,0 13.0582803,49.2602251,0 13.0567154,49.2566544,0 13.0604046,49.2502062,0 13.0676071,49.2497849,0 13.0682171,49.2474638,0 13.0727672,49.2463593,0 13.0808139,49.2474086,0 13.0883797,49.2375978,0 13.0886359,49.23144480000001,0 13.0862112,49.2291202,0 13.0932357,49.2252981,0 13.1141769,49.21825699999999,0 13.114379,49.2135352,0 13.1098872,49.203129,0 13.1171971,49.1991797,0 13.1293492,49.1968887,0 13.1372983,49.1907514,0 13.1417927,49.189679,0 13.1486246,49.1820189,0 13.16175,49.1747884,0 13.1708972,49.1736229,0 13.1741706,49.1703559,0 13.1767018,49.16190469999999,0 13.1702942,49.1440046,0 13.1827758,49.1344848,0 13.2055314,49.1221797,0 13.2360593,49.113716,0 13.2764028,49.12047900000001,0 13.2891825,49.1186351,0 13.3127143,49.1044931,0 13.3166585,49.1042144,0 13.3242789,49.1003341,0 13.3277115,49.09608779999999,0 13.3360661,49.09380329999999,0 13.3393037,49.09018900000001,0 13.3441834,49.0888912,0 13.3465667,49.085376,0 13.3464135,49.0820559,0 13.3545218,49.0786651,0 13.3637957,49.06906360000001,0 13.3704919,49.0674569,0 13.3762171,49.05826170000001,0 13.3835839,49.0573552,0 13.3863429,49.0528175,0 13.3921754,49.0543425,0 13.3973711,49.0506602,0 13.3969576,49.04421450000001,0 13.3916731,49.04214700000001,0 13.3996606,49.0370674,0 13.4018686,49.0289617,0 13.4058295,49.0238456,0 13.405091,49.0219504,0 13.40181,49.0209656,0 13.4002868,49.0156721,0 13.4029796,49.0106362,0 13.4083936,49.0075558,0 13.4094134,49.0032197,0 13.402268,48.9944394,0 13.4027237,48.9872228,0 13.4243876,48.9774074,0 13.4261845,48.9724917,0 13.4335353,48.9716831,0 13.4429838,48.96583129999999,0 13.4592572,48.9626698,0 13.469134,48.95443100000001,0 13.4834691,48.95135519999999,0 13.4844515,48.9481834,0 13.4957716,48.9414885,0 13.5082742,48.94213729999999,0 13.5082903,48.9510577,0 13.5058541,48.95991200000001,0 13.5076232,48.965582,0 13.5070632,48.9691174,0 13.515889,48.9687419,0 13.5292744,48.9740487,0 13.5370023,48.97339909999999,0 13.5433645,48.9680235,0 13.548057,48.9668779,0 13.5571332,48.9670676,0 13.5632367,48.97049689999999,0 13.5727229,48.9660187,0 13.5759666,48.9701617,0 13.5800783,48.9707391,0 13.5839023,48.9692081,0 13.5930013,48.96088580000001,0 13.5892378,48.95629630000001,0 13.5903409,48.9529709,0 13.5978157,48.946012,0 13.610246,48.9386224,0 13.6077533,48.9415243,0 13.6079203,48.9435066,0 13.6139368,48.9443308,0 13.621575,48.9489853,0 13.6286031,48.94924279999999,0 13.6311215,48.9469971,0 13.6238369,48.9422169,0 13.6224887,48.9388049,0 13.6380199,48.9256898,0 13.6380191,48.919226,0 13.6453477,48.9112301,0 13.655475,48.8935723,0 13.6612403,48.89441429999999,0 13.6696391,48.8905132,0 13.6680062,48.8878697,0 13.6694095,48.8837235,0 13.6714332,48.88014149999999,0 13.6759377,48.8787337,0 13.684207,48.8799544,0 13.68926,48.8782287,0 13.702225,48.8817142,0 13.7172056,48.8781687,0 13.7251025,48.8813153,0 13.7305519,48.88711470000001,0 13.7379281,48.88601539999999,0 13.7372828,48.87933420000001,0 13.7436274,48.875859,0 13.7471346,48.8692854,0 13.7505974,48.8668223,0 13.7494355,48.85964839999999,0 13.7548714,48.8549997,0 13.7627833,48.83941489999999,0 13.765635,48.83759570000001,0 13.7644187,48.8344761,0 13.7698601,48.8307783,0 13.773863,48.830396,0 13.7784688,48.8322784,0 13.7929373,48.83011319999999,0 13.7881724,48.8248444,0 13.7945629,48.8216506,0 13.798329,48.8172816,0 13.7955779,48.8148472,0 13.8152291,48.7970883,0 13.8082213,48.7834235,0 13.8033882,48.78082239999999,0 13.8084966,48.7785297,0 13.8131743,48.7739974,0 13.8313902,48.7707909,0 13.8395522,48.7716181,0 13.8395551,48.7663655,0 13.8361394,48.7627366,0 13.822873,48.7566289,0 13.8209882,48.7543909,0 13.8214724,48.7447572,0 13.8205369,48.7393067,0 13.8178336,48.735821,0 13.8190824,48.73182679999999,0 13.8104096,48.7289447,0 13.8084366,48.72458580000001,0 13.8020659,48.7201598,0 13.8018848,48.7172971,0 13.7948921,48.71508200000001,0 13.8031943,48.70805609999999,0 13.8114278,48.7086832,0 13.8129045,48.7050942,0 13.8111609,48.7045094,0 13.8112017,48.70257340000001,0 13.8140883,48.7009059,0 13.8168181,48.7015499,0 13.8204523,48.6990729,0 13.8254303,48.7006383,0 13.8374328,48.7005483,0 13.8335366,48.69186450000001,0 13.8171013,48.6948416,0 13.8135045,48.6918408,0 13.8144208,48.685605,0 13.8131442,48.6835507,0 13.8166739,48.68132439999999,0 13.8197758,48.6704343,0 13.8175299,48.66649269999999,0 13.8177154,48.6594109,0 13.8140866,48.6496654,0 13.8188419,48.6447522,0 13.8239547,48.64213669999999,0 13.8216487,48.6387133,0 13.8265029,48.6348478,0 13.8254331,48.63070280000001,0 13.8271868,48.6280383,0 13.8234501,48.6254187,0 13.8257977,48.6185765,0 13.8229804,48.6174851,0 13.822617,48.6142412,0 13.8195821,48.61330450000001,0 13.8160116,48.6145665,0 13.8141006,48.61220969999999,0 13.8148986,48.6096371,0 13.8103713,48.6086029,0 13.8113806,48.60789189999999,0 13.810137,48.605907,0 13.8073849,48.60497549999999,0 13.8092849,48.60164109999999,0 13.8086822,48.5999486,0 13.8012792,48.5973942,0 13.801528,48.5925935,0 13.8070603,48.5900554,0 13.8051325,48.58890029999999,0 13.8072938,48.5844378,0 13.8048316,48.5815795,0 13.805901,48.5797636,0 13.800936,48.5735982,0 13.7903694,48.5718639,0 13.7885368,48.56852270000001,0 13.7812209,48.5654152,0 13.7814151,48.5633745,0 13.7733544,48.55790410000001,0 13.7720089,48.55602390000001,0 13.7732116,48.5550586,0 13.7701003,48.553588,0 13.7681289,48.5536372,0 13.7664106,48.55821649999999,0 13.7602764,48.5654557,0 13.7540706,48.5635695,0 13.7504982,48.55766859999999,0 13.7480696,48.5567412,0 13.7493157,48.5540124,0 13.7476219,48.5541933,0 13.746664,48.55240909999999,0 13.7515589,48.5527468,0 13.7548701,48.5511614,0 13.7436701,48.5440488,0 13.7450316,48.5404443,0 13.7483574,48.5396038,0 13.7489133,48.5380086,0 13.7477845,48.5293896,0 13.7333223,48.52530380000001,0 13.7335032,48.5221206,0 13.7307633,48.5211031,0 13.7307506,48.5177757,0 13.7322421,48.5165938,0 13.7305822,48.51480650000001,0 13.7270907,48.5130191,0 13.7068162,48.51727229999999,0 13.6981515,48.5230854,0 13.6859309,48.5284109,0 13.6641008,48.53416899999999,0 13.6606944,48.536876,0 13.653746,48.548885,0 13.6421186,48.55232180000001,0 13.6246433,48.5544573,0 13.5997712,48.56938830000001,0 13.589713,48.56853370000001,0 13.5815411,48.5596761,0 13.5709044,48.5609764,0 13.5435033,48.5747864,0 13.5276986,48.58715149999999,0 13.5172549,48.590585,0 13.5089626,48.5905995,0 13.505171,48.5878242,0 13.5016506,48.5808953,0 13.5069693,48.5777326,0 13.5040344,48.5725145,0 13.4959229,48.5694053,0 13.4918882,48.569699,0 13.4934015,48.5669859,0 13.4887984,48.5627978,0 13.4862401,48.5630397,0 13.4848832,48.561535,0 13.4789327,48.5646679,0 13.4744974,48.5623713,0 13.476411,48.5589474,0 13.4753731,48.5560605,0 13.4635543,48.5539753,0 13.4561753,48.557986,0 13.4557083,48.5606815,0 13.4499793,48.56394679999999,0 13.4373851,48.5567595,0 13.4369277,48.5535872,0 13.439227,48.5476233,0 13.450146,48.537649,0 13.449995,48.5335548,0 13.4449962,48.5290696,0 13.4464251,48.52358000000001,0 13.4573753,48.51357440000001,0 13.4581087,48.5112687,0 13.4480038,48.4964703,0 13.4465914,48.4909889,0 13.4273207,48.45774,0 13.4279064,48.45185260000001,0 13.4379007,48.440529,0 13.4398483,48.4325297,0 13.4219562,48.4047174,0 13.4179701,48.3849422,0 13.4136786,48.3772285,0 13.4096637,48.3733529,0 13.3676606,48.35318010000001,0 13.3495391,48.3376002,0 13.3253037,48.3209808,0 13.2600371,48.2945574,0 13.2499746,48.2929019,0 13.1808424,48.2949917,0 13.1689837,48.29239819999999,0 13.128223,48.2784592,0 13.0805772,48.2771446,0 13.0616134,48.2679937,0 
			</coordinates>
		</LineString>
	</Placemark>
</Document>
</kml>
