<?xml version="1.0" encoding="UTF-8"?>
<kml xmlns="http://www.opengis.net/kml/2.2" xmlns:gx="http://www.google.com/kml/ext/2.2" xmlns:kml="http://www.opengis.net/kml/2.2" xmlns:atom="http://www.w3.org/2005/Atom">
<Document id="Lakes">
	<name>Lakes</name>
	<atom:link rel="app" href="https://www.google.com/earth/about/versions/#earth-pro" title="Google Earth Pro 7.3.6.10201"></atom:link>
	<Placemark id="Lakes.1">
		<name>Saale_1</name>
		<Polygon>
			<outerBoundaryIs>
				<LinearRing>
					<coordinates>
						11.4770279797445,50.6042809777507,0 11.4712338888889,50.6049088888889,0 11.4624380555556,50.6108738888889,0 11.4545269444444,50.61350305555549,0 11.435321056325,50.61470266830131,0 11.4378919444444,50.6157180555555,0 11.4540780555556,50.61588,0 11.4624930555556,50.6131138888889,0 11.4709169444444,50.6089769444444,0 11.4735930555556,50.6059211111111,0 11.4770279797445,50.6042809777507,0 
					</coordinates>
				</LinearRing>
			</outerBoundaryIs>
		</Polygon>
	</Placemark>
	<Placemark id="Lakes.2">
		<name>Saale_2</name>
		<Polygon>
			<outerBoundaryIs>
				<LinearRing>
					<coordinates>
						11.4906038888889,50.614285,0 11.49442,50.6122369444444,0 11.4920880555556,50.60733999999999,0 11.492475,50.6033180555556,0 11.4904938888889,50.5993361111111,0 11.4925888888889,50.5971469444444,0 11.4942369444444,50.597425,0 11.49436,50.60026,0 11.5084138888889,50.6005680555556,0 11.5109419444444,50.59778611111111,0 11.5184261111111,50.5937338888889,0 11.51445,50.5987538888889,0 11.5098369444444,50.602355,0 11.5128669444444,50.6104988888889,0 11.5177238888889,50.61366388888891,0 11.5170688888889,50.61508,0 11.5228619444444,50.61788194444441,0 11.5261630555556,50.61766,0 11.5325361111111,50.61968611111109,0 11.5346269444444,50.6179530555555,0 11.5282538888889,50.6159269444444,0 11.5262719444444,50.6117169444444,0 11.5277238888889,50.60893194444441,0 11.5342038888889,50.6050611111111,0 11.5397261111111,50.6050261111111,0 11.5496788888889,50.6078811111111,0 11.553,50.6040930555556,0 11.5554961111111,50.6064761111111,0 11.5598730555556,50.6083061111111,0 11.5624430555556,50.60817999999999,0 11.5649738888889,50.60461999999999,0 11.567405,50.605995,0 11.5687069444444,50.60394,0 11.5809361111111,50.5966938888889,0 11.5843069444444,50.5965169444444,0 11.5880288888889,50.59798611111109,0 11.5865780555556,50.6012288888889,0 11.5873469444444,50.6012830555556,0 11.5939261111111,50.59702,0 11.5963367656225,50.5968698071613,0 11.600575,50.5985555555556,0 11.602595,50.6030619444444,0 11.6046380555556,50.60377305555549,0 11.6161880555556,50.6030580555556,0 11.62978,50.611305,0 11.6313619444444,50.6104838888889,0 11.6275861111111,50.6043080555556,0 11.6323438888889,50.5980061111111,0 11.6326187364321,50.590952476261,0 11.6375008442934,50.5902621057715,0 11.6494938888889,50.59487305555561,0 11.6504688888889,50.5962319444444,0 11.6500561111111,50.5980730555556,0 11.6440188888889,50.6015861111111,0 11.6455010335514,50.6103824838968,0 11.6471032501026,50.6121862142076,0 11.6430841191567,50.6110712829024,0 11.6417111111111,50.59994,0 11.6478480555556,50.5964169444444,0 11.6346711111111,50.5930680555556,0 11.6348511111111,50.59869500000001,0 11.6303838888889,50.60390111111109,0 11.6347311111111,50.6109461111111,0 11.6337911111111,50.6129561111111,0 11.6299838888889,50.6139111111111,0 11.615025,50.606485,0 11.6115830555556,50.6065261111111,0 11.611215,50.6084911111111,0 11.60913,50.6097219444444,0 11.6077819444444,50.6063369444444,0 11.5996211111111,50.6053861111111,0 11.5975561111111,50.6000130555556,0 11.5941369444444,50.5986861111111,0 11.5891530555556,50.6025588888889,0 11.5899338888889,50.6042980555556,0 11.5826780555556,50.60666305555559,0 11.5802419444444,50.60611,0 11.5786738888889,50.60427805555549,0 11.5766261111111,50.6042269444444,0 11.565225,50.6112030555555,0 11.5526819444444,50.6095330555556,0 11.55809,50.61713194444449,0 11.5551488888889,50.61712611111111,0 11.5523780555556,50.6123661111111,0 11.5508,50.612455,0 11.5497119444444,50.6145555555555,0 11.5467761111111,50.6135438888889,0 11.5452061111111,50.6121688888889,0 11.5452169444444,50.6103861111111,0 11.5419980555556,50.60887111111111,0 11.536405,50.6086769444444,0 11.53316,50.6113669444445,0 11.5422269444444,50.6186088888889,0 11.5400461111111,50.62345,0 11.5363861111111,50.623625,0 11.52672,50.6203588888889,0 11.5196069444444,50.62203388888889,0 11.5188369444444,50.61901499999999,0 11.5132911111111,50.62238611111109,0 11.5090611111111,50.62182694444441,0 11.50742,50.6205888888889,0 11.5080761111111,50.6190361111111,0 11.5119011111111,50.6154788888889,0 11.50361,50.6110261111111,0 11.5045088888889,50.6053130555556,0 11.5028611111111,50.6052180555556,0 11.5000388888889,50.6087311111111,0 11.50202,50.6127588888889,0 11.49942,50.61531305555549,0 11.5009811111111,50.61787611111111,0 11.4996888888889,50.617965,0 11.4918161111111,50.615385,0 11.4906038888889,50.614285,0 
					</coordinates>
				</LinearRing>
			</outerBoundaryIs>
		</Polygon>
	</Placemark>
	<Placemark id="Lakes.3">
		<name>Saale_3</name>
		<Polygon>
			<outerBoundaryIs>
				<LinearRing>
					<coordinates>
						11.7178216845109,50.5513607445109,0 11.7202111111111,50.5535619444444,0 11.7215730555556,50.55324194444439,0 11.7211838888889,50.5504211111111,0 11.7347111756232,50.5397042711955,0 11.7294888888889,50.53859611111109,0 11.7261319444444,50.5370769444444,0 11.7198388888889,50.52707,0 11.7196655431839,50.5262859798251,0 11.7157721638258,50.5262336563968,0 11.7110619444444,50.5240161111111,0 11.7079080555556,50.5259780555555,0 11.7094219444444,50.5300811111111,0 11.705145,50.5260130555555,0 11.7018380555556,50.5271961111111,0 11.6968269444444,50.5252480555556,0 11.6868911111111,50.5242588888889,0 11.6819611111111,50.5248688888889,0 11.68564,50.5230730555556,0 11.6843430555556,50.5194361111111,0 11.688285,50.52211111111109,0 11.6966869444444,50.5224069444444,0 11.6934361111111,50.51576500000001,0 11.6981230555556,50.5192619444444,0 11.6993069444444,50.52238499999999,0 11.70162,50.523795,0 11.7076388888889,50.5228861111111,0 11.706,50.52076305555559,0 11.7061880555556,50.5173938888889,0 11.710545,50.51500305555551,0 11.7141638888889,50.5145280555556,0 11.7094180555556,50.5091880555556,0 11.7133111111111,50.5018561111111,0 11.7309611111111,50.495945,0 11.7317211111111,50.4945261111111,0 11.7228788888889,50.4899269444444,0 11.7123238888889,50.48752388888891,0 11.7093088888889,50.4858069444444,0 11.7099288888889,50.482035,0 11.7126230555556,50.4778080555556,0 11.717515,50.4775911111111,0 11.71922,50.4761738888889,0 11.7167967327467,50.4744820357332,0 11.7109364972352,50.4749014605967,0 11.7037438888889,50.4789588888889,0 11.7043469444444,50.48082194444439,0 11.7013380555556,50.48274,0 11.7017030555556,50.4800430555556,0 11.6954888888889,50.4765638888889,0 11.6970661111111,50.4753311111111,0 11.6965711111111,50.47332,0 11.7004630555556,50.4695330555556,0 11.6998530555556,50.4678519444444,0 11.6826330555556,50.46846388888891,0 11.6798061111111,50.4670661111111,0 11.6787469444444,50.4649730555556,0 11.6806530555556,50.4632038888889,0 11.6883819444444,50.4610161111111,0 11.6915330555556,50.4589611111111,0 11.6978338888889,50.459005,0 11.6994369444444,50.458105,0 11.6888511111111,50.4537969444444,0 11.6879788888889,50.45164388888891,0 11.6909338888889,50.44935499999999,0 11.6819419444444,50.4447188888889,0 11.6856719444444,50.4450119444444,0 11.6924219444444,50.44799111111111,0 11.6958888888889,50.4470530555555,0 11.7027687704797,50.4474069206623,0 11.7023482341566,50.44681412965651,0 11.6972888888889,50.44561805555549,0 11.6938211111111,50.4439,0 11.6823100982566,50.4349112716145,0 11.6767111111111,50.4298711111111,0 11.66975,50.43218,0 11.6769319444444,50.4287930555556,0 11.6789338888889,50.42678000000001,0 11.6812719444444,50.4260369444444,0 11.685335,50.4269569444444,0 11.6816938888889,50.4227219444444,0 11.6820088888889,50.4214288888889,0 11.6903438888889,50.4186088888889,0 11.6892611111111,50.4132638888889,0 11.691025,50.4125461111111,0 11.6919261111111,50.41912694444439,0 11.6906361111111,50.42054194444439,0 11.6856388888889,50.42094388888889,0 11.6847219444444,50.4229819444444,0 11.6877661111111,50.4265480555555,0 11.6878330555556,50.4282388888889,0 11.6843719444444,50.4290369444444,0 11.6806280555556,50.4279580555556,0 11.6798538888889,50.4290330555555,0 11.6857980555556,50.43210111111109,0 11.6947930555556,50.4419380555555,0 11.7051888888889,50.4455469444445,0 11.7061728926159,50.4477511670025,0 11.7038969444444,50.4493080555555,0 11.6961130555556,50.4491938888889,0 11.6934169444444,50.45033,0 11.69234,50.45229500000001,0 11.6938361111111,50.4540788888889,0 11.7030619444444,50.45773194444439,0 11.7033,50.4589361111111,0 11.7010038888889,50.4603430555556,0 11.6966688888889,50.4605111111111,0 11.68331,50.46429888888889,0 11.6827930555556,50.4655411111111,0 11.6846030555556,50.46614194444441,0 11.6865969444444,50.46526194444439,0 11.6920269444444,50.4669119444445,0 11.6940211111111,50.46578111111111,0 11.7030188888889,50.46576388888891,0 11.7059580555556,50.4679388888889,0 11.7052669444444,50.46951194444449,0 11.700145,50.47312,0 11.7019588888889,50.4765380555556,0 11.7037480555556,50.4762088888889,0 11.7046119444444,50.4733333333333,0 11.7104380555556,50.4717688888889,0 11.7205019444444,50.4724569444444,0 11.7257069444444,50.477405,0 11.725845,50.4800161111111,0 11.72285,50.48143888888891,0 11.7186788888889,50.480495,0 11.7152669444444,50.4815880555555,0 11.7135688888889,50.48401805555561,0 11.7145461111111,50.48585194444441,0 11.72229,50.48704,0 11.7263719444444,50.4845738888889,0 11.7275930555556,50.48224305555561,0 11.7341780555556,50.4803261111111,0 11.7333880555556,50.48183388888889,0 11.7300238888889,50.4828380555555,0 11.7295911111111,50.48471194444441,0 11.7255788888889,50.48777305555551,0 11.735765,50.49274,0 11.741185,50.4911138888889,0 11.7491980555556,50.4905438888889,0 11.7638569444444,50.4941888888889,0 11.74331,50.49323499999999,0 11.7382161111111,50.494645,0 11.737005,50.4984469444444,0 11.7353869444444,50.4995038888889,0 11.727215,50.500115,0 11.717225,50.50637,0 11.7170580555556,50.5073780555555,0 11.7198119444444,50.5096338888889,0 11.7264630555556,50.51119694444439,0 11.7272569444444,50.5132930555556,0 11.732865,50.5172561111111,0 11.7321330555556,50.5192611111111,0 11.7332530555556,50.5204980555556,0 11.7375119444444,50.5218588888889,0 11.7442038888889,50.5206911111111,0 11.7490369444444,50.52255694444441,0 11.7487869444444,50.5197861111111,0 11.7521038888889,50.51809805555549,0 11.75039,50.52026,0 11.7522161111111,50.5227830555556,0 11.7517619444444,50.5252369444444,0 11.7446288888889,50.52310500000001,0 11.7327369444444,50.52362,0 11.7260611111111,50.51975,0 11.7234530555556,50.5194469444445,0 11.7171219444444,50.5204261111111,0 11.714215,50.52203194444441,0 11.7144780555556,50.5236161111111,0 11.72147,50.52397805555561,0 11.7228630555556,50.52532388888891,0 11.7231373375311,50.5269069664782,0 11.7275555555556,50.5355088888889,0 11.7357688888889,50.53686,0 11.7387788888889,50.538815,0 11.738105,50.54031111111111,0 11.7231038888889,50.5507930555556,0 11.7242919444444,50.5547519444444,0 11.7217111111111,50.5558938888889,0 11.7179619444444,50.55542611111111,0 11.7160626109826,50.5525701140861,0 11.7178216845109,50.5513607445109,0 
					</coordinates>
				</LinearRing>
			</outerBoundaryIs>
		</Polygon>
	</Placemark>
	<Placemark id="Lakes.4">
		<name>Wittensee</name>
		<Polygon>
			<outerBoundaryIs>
				<LinearRing>
					<coordinates>
						9.796901399999999,54.390746,0 9.7960642,54.3869613,0 9.791563200000001,54.38486090000001,0 9.7797149,54.38320779999999,0 9.7455883,54.3707278,0 9.7398875,54.3752226,0 9.732946500000001,54.3722363,0 9.7287614,54.37445809999999,0 9.7224985,54.3847121,0 9.7443425,54.3938926,0 9.766021800000001,54.3997041,0 9.7770691,54.40572170000001,0 9.7813292,54.4045131,0 9.796901399999999,54.390746,0 
					</coordinates>
				</LinearRing>
			</outerBoundaryIs>
		</Polygon>
	</Placemark>
	<Placemark id="Lakes.5">
		<name>Carwitzer_See</name>
		<Polygon>
			<outerBoundaryIs>
				<LinearRing>
					<coordinates>
						13.4512404,53.3026998,0 13.4445093,53.3037191,0 13.447103,53.3053256,0 13.4450485,53.30704870000001,0 13.4453094,53.3126879,0 13.4475387,53.3138779,0 13.4531158,53.3133885,0 13.4527062,53.3094285,0 13.4607488,53.30944280000001,0 13.4647504,53.31374599999999,0 13.4783264,53.3093692,0 13.4822035,53.3109679,0 13.483495,53.3104162,0 13.4829026,53.30665780000001,0 13.4800411,53.3015932,0 13.4758428,53.3005381,0 13.4762407,53.2993738,0 13.4714917,53.2969801,0 13.4656125,53.29821190000001,0 13.4647891,53.29517920000001,0 13.4667146,53.2926251,0 13.472767,53.2921787,0 13.4781414,53.2937697,0 13.4781961,53.2960315,0 13.4884082,53.29528289999999,0 13.4835895,53.29122830000001,0 13.4604718,53.2888422,0 13.4566209,53.2929595,0 13.456659,53.2977339,0 13.4413366,53.29836169999999,0 13.443014,53.3025503,0 13.445371,53.3008755,0 13.4517412,53.30079660000001,0 13.4512404,53.3026998,0 
					</coordinates>
				</LinearRing>
			</outerBoundaryIs>
		</Polygon>
	</Placemark>
	<Placemark id="Lakes.6">
		<name>Useriner_See</name>
		<Polygon>
			<outerBoundaryIs>
				<LinearRing>
					<coordinates>
						12.972672,53.3314865,0 12.9740353,53.32784729999999,0 12.9693971,53.32576759999999,0 12.9688134,53.32334820000001,0 12.9649271,53.3206462,0 12.9602186,53.3229479,0 12.9608259,53.32464959999999,0 12.9588067,53.3261175,0 12.9568864,53.3315085,0 12.9605417,53.3337906,0 12.9622444,53.3374945,0 12.9609397,53.339422,0 12.963771,53.339831,0 12.9613782,53.3430755,0 12.96343,53.3449176,0 12.9610645,53.34718219999999,0 12.9644734,53.3520755,0 12.9610587002488,53.3555808825394,0 12.9610252,53.35707370000001,0 12.9681837,53.3546277,0 12.9769989,53.3590824,0 12.9770355,53.35697019999999,0 12.9810847,53.3569041,0 12.9830786,53.3544562,0 12.9764581,53.3498776,0 12.9740347,53.3435616,0 12.9772092,53.3385407,0 12.9755577,53.3322262,0 12.972672,53.3314865,0 
					</coordinates>
				</LinearRing>
			</outerBoundaryIs>
		</Polygon>
	</Placemark>
	<Placemark id="Lakes.7">
		<name>Stolpsee</name>
		<Polygon>
			<outerBoundaryIs>
				<LinearRing>
					<coordinates>
						13.2229146,53.1605286,0 13.2238104,53.163034,0 13.2198057,53.16360700000001,0 13.2173355,53.1672664,0 13.2152442,53.1675296,0 13.2162167,53.16910489999999,0 13.2092143,53.16761240000001,0 13.204097,53.1691488,0 13.2045796095761,53.1712464460382,0 13.198293,53.1708669,0 13.1890499,53.17293370000001,0 13.1877773,53.17488970000001,0 13.1895017,53.1759459,0 13.1849232,53.1798198,0 13.1854895,53.1816205,0 13.1885152,53.1832964,0 13.2038386,53.18242169999999,0 13.2182901,53.1771154,0 13.2280221,53.1757121,0 13.2362531,53.1713821,0 13.2341763,53.1677803,0 13.221316,53.16660159999999,0 13.2252522,53.1652046,0 13.2248977,53.1609166,0 13.2229146,53.1605286,0 
					</coordinates>
				</LinearRing>
			</outerBoundaryIs>
		</Polygon>
	</Placemark>
	<Placemark id="Lakes.8">
		<name>Oberuckersee</name>
		<Polygon>
			<outerBoundaryIs>
				<LinearRing>
					<coordinates>
						13.8732104,53.2098084,0 13.8706559,53.2021417,0 13.8739394,53.2000562,0 13.8782849,53.2035216,0 13.8781829,53.2021891,0 13.8815752,53.20335330000001,0 13.8823235,53.2044783,0 13.8784826,53.2055803,0 13.8812424,53.21016439999999,0 13.8790844,53.2120184,0 13.8815254,53.2141235,0 13.8818417,53.21694180000001,0 13.8864764,53.2168536,0 13.8867326,53.2153162,0 13.8843487,53.2153134,0 13.8858989,53.2135109,0 13.8817495,53.21212959999999,0 13.8854639,53.2124675,0 13.8857251,53.21052420000001,0 13.8834099,53.20778820000001,0 13.8850675,53.2072058,0 13.8832811,53.2056809,0 13.8865819,53.2042104,0 13.8856067,53.2019788,0 13.8748879,53.1948635,0 13.869226,53.1749338,0 13.8590114,53.1644571,0 13.8618942,53.1589566,0 13.8590176,53.15237249999999,0 13.8593518,53.14878280000001,0 13.8563052,53.1482954,0 13.8544606,53.1494628,0 13.8548797,53.15250979999999,0 13.8589749,53.1569366,0 13.8569519,53.1608024,0 13.8571111,53.16530920000001,0 13.8585068,53.1662876,0 13.8536749,53.1723223,0 13.8514647,53.17121610000001,0 13.8507802,53.16800109999999,0 13.8487494,53.16755260000001,0 13.8503355,53.17169789999999,0 13.8476453,53.176245,0 13.8488254,53.1788299,0 13.8459586,53.1780422,0 13.8481083,53.18198889999999,0 13.8515076,53.1830606,0 13.8542968,53.1966432,0 13.8592505,53.1976003,0 13.8646801,53.2032003,0 13.8676241,53.20338660000001,0 13.87136,53.2092226,0 13.8732104,53.2098084,0 
					</coordinates>
				</LinearRing>
			</outerBoundaryIs>
		</Polygon>
	</Placemark>
	<Placemark id="Lakes.9">
		<name>Ellbogensee</name>
		<Polygon>
			<outerBoundaryIs>
				<LinearRing>
					<coordinates>
						13.0075805,53.2066931,0 13.0207138,53.2158079,0 13.0322109,53.2159987,0 13.0331524,53.2142303,0 13.0355783,53.2160204,0 13.0382642,53.2091539,0 13.0415034,53.2080545,0 13.0403632,53.2050899,0 13.0431012,53.2009497,0 13.0432646469521,53.19911713552461,0 13.0529929,53.2018722,0 13.0585729,53.2000311,0 13.0434534,53.1968641,0 13.0375409,53.193319,0 13.0324078,53.1949547,0 13.0388107,53.19894,0 13.0305303,53.2128561,0 13.0226564,53.21368080000001,0 13.0179809,53.20857920000001,0 13.0075805,53.2066931,0 
					</coordinates>
				</LinearRing>
			</outerBoundaryIs>
		</Polygon>
	</Placemark>
	<Placemark id="Lakes.10">
		<name>Schwarzer_See</name>
		<Polygon>
			<outerBoundaryIs>
				<LinearRing>
					<coordinates>
						12.7923758,53.2248278,0 12.787479,53.2312171,0 12.7930412,53.2302234,0 12.7944965,53.2340841,0 12.7892142,53.2342757,0 12.7900086,53.23611079999999,0 12.8008491,53.23500860000001,0 12.8044087,53.22186919999999,0 12.8000728,53.2110655,0 12.7954222,53.2125123,0 12.7979834,53.2162773,0 12.7891293,53.2208899,0 12.7923758,53.2248278,0 
					</coordinates>
				</LinearRing>
			</outerBoundaryIs>
		</Polygon>
	</Placemark>
	<Placemark id="Lakes.11">
		<name>Rätzsee</name>
		<Polygon>
			<outerBoundaryIs>
				<LinearRing>
					<coordinates>
						12.8666328,53.2241945,0 12.8716547,53.2291079,0 12.8712073,53.2317721,0 12.878843,53.23657659999999,0 12.8749646,53.2410687,0 12.8937969,53.2458416,0 12.8935716,53.25140090000001,0 12.9018864,53.2590839,0 12.9086027,53.2606563,0 12.9125403,53.2591576,0 12.9071686,53.24911279999999,0 12.9019637,53.2509708,0 12.8995819,53.2436138,0 12.8867287,53.2398321,0 12.8865978,53.2332374,0 12.8785834,53.2306814,0 12.880814,53.2284289,0 12.8859922,53.2289363,0 12.8851623,53.2271495,0 12.8780706,53.2265902,0 12.8780258,53.2240349,0 12.8693566,53.2218438,0 12.8666328,53.2241945,0 
					</coordinates>
				</LinearRing>
			</outerBoundaryIs>
		</Polygon>
	</Placemark>
	<Placemark id="Lakes.12">
		<name>Mirower_See</name>
		<Polygon>
			<outerBoundaryIs>
				<LinearRing>
					<coordinates>
						12.8044701,53.2734169,0 12.8026923,53.2779378,0 12.806544,53.2912244,0 12.8013382,53.2900432,0 12.8004108,53.2879477,0 12.7960787,53.2898601,0 12.8055413,53.29445840000001,0 12.8081024,53.2940741,0 12.8114124,53.2882465,0 12.8098981,53.2820797,0 12.813977,53.27715249999999,0 12.8076326,53.2770379,0 12.8092679,53.275073,0 12.8080761,53.27213860000001,0 12.8044701,53.2734169,0 
					</coordinates>
				</LinearRing>
			</outerBoundaryIs>
			<innerBoundaryIs>
				<LinearRing>
					<coordinates>
						12.8102672,53.2781194,0 12.8112873,53.2778792,0 12.8109774,53.2782916,0 12.8102672,53.2781194,0 
					</coordinates>
				</LinearRing>
			</innerBoundaryIs>
		</Polygon>
	</Placemark>
	<Placemark id="Lakes.13">
		<name>Kleiner_Pälitzsee</name>
		<Polygon>
			<outerBoundaryIs>
				<LinearRing>
					<coordinates>
						12.94341,53.18616550000001,0 12.919394,53.18708340000001,0 12.9307579,53.1929794,0 12.9224876,53.196903,0 12.931838,53.1960057,0 12.9383429,53.2008067,0 12.9398175,53.1983766,0 12.9489803,53.2000118,0 12.9495152,53.1992083,0 12.9365193,53.1942324,0 12.9438976,53.1904852,0 12.94341,53.18616550000001,0 
					</coordinates>
				</LinearRing>
			</outerBoundaryIs>
		</Polygon>
	</Placemark>
	<Placemark id="Lakes.14">
		<name>Käbelicksee</name>
		<Polygon>
			<outerBoundaryIs>
				<LinearRing>
					<coordinates>
						12.9458642,53.4136767,0 12.9460645,53.4109864,0 12.9484313,53.40913309999999,0 12.9469441,53.4068455,0 12.9366262,53.4035573,0 12.9300429,53.40654880000001,0 12.939263,53.407955,0 12.9389871,53.41107,0 12.9325629,53.4115564,0 12.9314379,53.4164936,0 12.9334256,53.41813699999999,0 12.9323486,53.4195844,0 12.9338901,53.4227589,0 12.9331027,53.426579,0 12.9388651,53.42741610000001,0 12.9424483,53.4251453,0 12.9490775,53.4251138,0 12.9537583,53.4160949,0 12.9458642,53.4136767,0 
					</coordinates>
				</LinearRing>
			</outerBoundaryIs>
		</Polygon>
	</Placemark>
	<Placemark id="Lakes.15">
		<name>Wangnitzsee</name>
		<Polygon>
			<outerBoundaryIs>
				<LinearRing>
					<coordinates>
						13.0809778504301,53.24395640579391,0 13.0843096,53.2426158,0 13.0848835,53.2385081,0 13.0737709,53.2394994,0 13.0701761125442,53.24304916750239,0 13.0663203922493,53.2414909044064,0 13.0578333622292,53.2383122139698,0 13.0504448,53.2375394,0 13.0489551,53.23877640000001,0 13.0498438,53.24135869999999,0 13.047248,53.2413687,0 13.0576111,53.2468491,0 13.0650129,53.2455436,0 13.0844745,53.24913960000001,0 13.0862598,53.2471929,0 13.0809778504301,53.24395640579391,0 
					</coordinates>
				</LinearRing>
			</outerBoundaryIs>
		</Polygon>
	</Placemark>
	<Placemark id="Lakes.16">
		<name>Gobenowsee</name>
		<Polygon>
			<outerBoundaryIs>
				<LinearRing>
					<coordinates>
						12.9185135,53.2234458,0 12.9163248,53.2192403,0 12.9046728,53.2234137,0 12.9025995,53.2262588,0 12.9122023,53.231391,0 12.9156999,53.2273718,0 12.9276218,53.2272728,0 12.9293242,53.22437370000001,0 12.9363858,53.2265965,0 12.9462181,53.2266896,0 12.9396253,53.22600619999999,0 12.9384704,53.22379160000001,0 12.9185135,53.2234458,0 
					</coordinates>
				</LinearRing>
			</outerBoundaryIs>
		</Polygon>
	</Placemark>
	<Placemark id="Lakes.17">
		<name>Zotzensee</name>
		<Polygon>
			<outerBoundaryIs>
				<LinearRing>
					<coordinates>
						12.8242154,53.23787810000001,0 12.8216582,53.2352707,0 12.8112785,53.2346806,0 12.8141428,53.2379261,0 12.8067198,53.2403071,0 12.8078516,53.2435782,0 12.8037792,53.2469367,0 12.8029049,53.2510729,0 12.810971,53.25186910000001,0 12.815899,53.2467485,0 12.8160965,53.2426267,0 12.8209533,53.2421319,0 12.8242154,53.23787810000001,0 
					</coordinates>
				</LinearRing>
			</outerBoundaryIs>
		</Polygon>
	</Placemark>
	<Placemark id="Lakes.18">
		<name>Großer_Fürstenseer_See</name>
		<Polygon>
			<outerBoundaryIs>
				<LinearRing>
					<coordinates>
						13.1687998,53.3051216,0 13.1748135,53.312318,0 13.1712484,53.31788130000001,0 13.1751662,53.3212955,0 13.1832691,53.3209538,0 13.1816899,53.32402720000001,0 13.1866863,53.32592820000001,0 13.191707,53.3325488,0 13.1907362,53.32763450000001,0 13.1934578,53.3245745,0 13.1877224,53.3211441,0 13.1784122,53.3196213,0 13.1762404,53.31709579999999,0 13.1780259,53.31251769999999,0 13.1757587,53.3065629,0 13.1686238,53.2982713,0 13.1655948,53.2984958,0 13.1635041,53.3022927,0 13.1523616,53.2984599,0 13.1498548,53.3026269,0 13.1609296,53.3091392,0 13.1687998,53.3051216,0 
					</coordinates>
				</LinearRing>
			</outerBoundaryIs>
		</Polygon>
	</Placemark>
	<Placemark id="Lakes.19">
		<name>Zootzensee</name>
		<Polygon>
			<outerBoundaryIs>
				<LinearRing>
					<coordinates>
						12.8547129,53.1650077,0 12.8579432,53.1694513,0 12.8636619,53.16852399999999,0 12.860833,53.1647493,0 12.8597693,53.1645186,0 12.8633592,53.15853870000001,0 12.8591397,53.1612008,0 12.8499616,53.15513350000001,0 12.8438869,53.15418189999999,0 12.8403606,53.15619439999999,0 12.8356118,53.15344769999999,0 12.8326284,53.1542422,0 12.838177,53.15799079999999,0 12.8468955,53.1591817,0 12.8388209,53.1603728,0 12.8424322,53.1627494,0 12.8399222,53.16609389999999,0 12.8432069,53.168664,0 12.8479795,53.1668138,0 12.8437998,53.1623361,0 12.8547129,53.1650077,0 
					</coordinates>
				</LinearRing>
			</outerBoundaryIs>
		</Polygon>
	</Placemark>
	<Placemark id="Lakes.20">
		<name>Großer_Labussee</name>
		<Polygon>
			<outerBoundaryIs>
				<LinearRing>
					<coordinates>
						12.956219,53.3034579,0 12.9469805,53.2969912,0 12.9375573,53.29624,0 12.9355764,53.2975227,0 12.9353554,53.3014513,0 12.9384381,53.30536050000001,0 12.9417291,53.3054278,0 12.9439368,53.3034931,0 12.9445482,53.3044365,0 12.9450929,53.3112111,0 12.9416183,53.314693,0 12.9448395,53.31831879999999,0 12.9488323,53.3195753,0 12.9665015,53.3111537,0 12.9671613,53.3101079,0 12.9655889,53.30988010000001,0 12.9669378,53.30918919999999,0 12.9703356,53.3085932,0 12.9680489,53.3069624,0 12.9700003,53.3059203,0 12.9694184,53.303917,0 12.9670178,53.3022081,0 12.9627536,53.30133,0 12.956219,53.3034579,0 
					</coordinates>
				</LinearRing>
			</outerBoundaryIs>
		</Polygon>
	</Placemark>
	<Placemark id="Lakes.21">
		<name>Grienericksee</name>
		<Polygon>
			<outerBoundaryIs>
				<LinearRing>
					<coordinates>
						12.8904998,53.0989473,0 12.8902488,53.0975478,0 12.8878145463273,53.0971730771916,0 12.8847387,53.098254,0 12.8829376,53.0969956,0 12.8818604,53.10067070000001,0 12.8855033,53.1023325,0 12.8807027,53.1062358,0 12.880907,53.11166219999999,0 12.8872132754028,53.1106235432429,0 12.8905045,53.1106856,0 12.8932016881002,53.108729272161,0 12.8922107321752,53.1051913134105,0 12.8890452,53.10228979999999,0 12.888937,53.0991551,0 12.8904998,53.0989473,0 
					</coordinates>
				</LinearRing>
			</outerBoundaryIs>
		</Polygon>
	</Placemark>
	<Placemark id="Lakes.22">
		<name>Drewensee</name>
		<Polygon>
			<outerBoundaryIs>
				<LinearRing>
					<coordinates>
						13.0996916,53.2647799,0 13.099141,53.260643,0 13.0851832,53.2602595,0 13.0711698528196,53.2548514524368,0 13.0751137,53.25394659999999,0 13.0717025,53.2519854,0 13.0653717,53.2533683,0 13.0594651,53.2570528,0 13.0503741,53.2563918,0 13.0480991,53.25853200000001,0 13.0377152,53.2558267,0 13.0372946,53.2533554,0 13.0289506,53.2481998,0 13.0239766,53.2498921,0 13.028099,53.2541313,0 13.0322925065442,53.25244164200789,0 13.0360007,53.2550799,0 13.0341304,53.25686340000001,0 13.0445081,53.26283479999999,0 13.0504227,53.26102419999999,0 13.0716011,53.2636581,0 13.0727871,53.2621793,0 13.0698226,53.2608252,0 13.0931868,53.2610702,0 13.0949037,53.2639943,0 13.0996916,53.2647799,0 
					</coordinates>
				</LinearRing>
			</outerBoundaryIs>
		</Polygon>
	</Placemark>
	<Placemark id="Lakes.23">
		<name>Leppinsee</name>
		<Polygon>
			<outerBoundaryIs>
				<LinearRing>
					<coordinates>
						12.8102089,53.3340804,0 12.8115834,53.3395848,0 12.8171202,53.3439879,0 12.8182864,53.35427260000001,0 12.8307061,53.3552079,0 12.8324585,53.3537408,0 12.8246445,53.3511279,0 12.8212369,53.3418821,0 12.8156218,53.33645989999999,0 12.8102089,53.3340804,0 
					</coordinates>
				</LinearRing>
			</outerBoundaryIs>
		</Polygon>
	</Placemark>
	<Placemark id="Lakes.24">
		<name>Schweingartensee</name>
		<Polygon>
			<outerBoundaryIs>
				<LinearRing>
					<coordinates>
						13.2182928,53.32964809999999,0 13.2202661,53.33255679999999,0 13.2163938,53.3317785,0 13.2151224,53.3346776,0 13.216571049172,53.3384034170144,0 13.2193434825702,53.340804751707,0 13.2157876,53.34103570000001,0 13.2168429064997,53.3426816755459,0 13.2150859,53.3435062,0 13.2163678,53.34901479999999,0 13.2208301,53.3495352,0 13.2229866,53.34807489999999,0 13.2182552,53.3458845,0 13.2205405,53.3414713,0 13.2276280564883,53.3415546501477,0 13.2289626,53.34029579999999,0 13.2274372205615,53.3389194636859,0 13.2271919,53.33754,0 13.2231344,53.3318438,0 13.2182928,53.32964809999999,0 
					</coordinates>
				</LinearRing>
			</outerBoundaryIs>
		</Polygon>
	</Placemark>
	<Placemark id="Lakes.25">
		<name>Woterfitzsee</name>
		<Polygon>
			<outerBoundaryIs>
				<LinearRing>
					<coordinates>
						12.8291557,53.3609865,0 12.8212745,53.3577877,0 12.8160195,53.3595639,0 12.8060342,53.3650291,0 12.805664,53.3675181,0 12.8096563,53.3687303,0 12.811449,53.3725835,0 12.8139045,53.3739845,0 12.8279114,53.3784006,0 12.8273213,53.3756741,0 12.8336344,53.3752574,0 12.8350687,53.3665297,0 12.83127,53.3651527,0 12.8332123,53.3643869,0 12.8291557,53.3609865,0 
					</coordinates>
				</LinearRing>
			</outerBoundaryIs>
		</Polygon>
	</Placemark>
	<Placemark id="Lakes.26">
		<name>Großer_Wummsee</name>
		<Polygon>
			<outerBoundaryIs>
				<LinearRing>
					<coordinates>
						12.8096227,53.1852453,0 12.8037384,53.1850059,0 12.793244,53.1796787,0 12.7920032,53.1818276,0 12.7970157,53.18419200000001,0 12.7905854,53.1869749,0 12.7884139,53.1854179,0 12.7847125,53.1884627,0 12.7898562,53.19101920000001,0 12.7961901,53.18992,0 12.8054836,53.1939527,0 12.8064499,53.1966838,0 12.8127011,53.1972411,0 12.8101557,53.1952431,0 12.8130564,53.1915634,0 12.8072447,53.1886826,0 12.8096227,53.1852453,0 
					</coordinates>
				</LinearRing>
			</outerBoundaryIs>
		</Polygon>
	</Placemark>
	<Placemark id="Lakes.27">
		<name>Nehmitzsee</name>
		<Polygon>
			<outerBoundaryIs>
				<LinearRing>
					<coordinates>
						12.9964902,53.1254617,0 12.9936948794227,53.1258524578745,0 12.9913695603436,53.126926050056,0 12.9878643413901,53.1267955362924,0 12.9839731702922,53.1296486157959,0 12.9822892505315,53.12867344698869,0 12.9867247,53.124663,0 12.9855708,53.1173208,0 12.9919604995034,53.1150995271866,0 12.9898901125566,53.1140195131807,0 12.9826417,53.117352,0 12.9759472,53.1147319,0 12.9764574,53.1176554,0 12.9793299,53.11816009999999,0 12.9759620533817,53.1192986320965,0 12.9762685,53.1207828,0 12.980268541098,53.1217369964961,0 12.9823299583942,53.1247507906287,0 12.9789956,53.1268322,0 12.984487,53.13255430000001,0 12.9816185,53.1330012,0 12.9825434,53.1389506,0 12.9771927,53.1437893,0 12.9834816,53.1450505,0 12.9843638,53.1408498,0 12.989193,53.1429587,0 12.9911127,53.1416069,0 12.9875066,53.13317080000001,0 12.990334616287,53.1304176661401,0 12.996338770387,53.1270361296803,0 12.9964902,53.1254617,0 
					</coordinates>
				</LinearRing>
			</outerBoundaryIs>
		</Polygon>
	</Placemark>
	<Placemark id="Lakes.28">
		<name>Specker_See</name>
		<Polygon>
			<outerBoundaryIs>
				<LinearRing>
					<coordinates>
						12.7997482,53.4428514,0 12.8003275,53.4494011,0 12.7973127,53.4521676,0 12.8032029,53.4509984,0 12.8034441664437,53.45030704564239,0 12.8061855,53.4504553,0 12.812988,53.4462389,0 12.8162813,53.4405125,0 12.8168875,53.4361219,0 12.8137773,53.4296514,0 12.8101873,53.4280872,0 12.8059065,53.4294999,0 12.7969265,53.4357192,0 12.7954328,53.438405,0 12.7980959,53.4428578,0 12.7997482,53.4428514,0 
					</coordinates>
				</LinearRing>
			</outerBoundaryIs>
		</Polygon>
	</Placemark>
	<Placemark id="Lakes.29">
		<name>Priesterbäker_See</name>
		<Polygon>
			<outerBoundaryIs>
				<LinearRing>
					<coordinates>
						12.8315914,53.4159919,0 12.8311244,53.41829070000001,0 12.8396922,53.4203609,0 12.8379945,53.4237177,0 12.8333321,53.4263027,0 12.8339369,53.42955249999999,0 12.8387215,53.4315716,0 12.8471079,53.4295119,0 12.8479314,53.4221992,0 12.8459894,53.41977730000001,0 12.8428354,53.4190836,0 12.8418122,53.41416110000001,0 12.8432825,53.4115637,0 12.8405465,53.4098951,0 12.8315914,53.4159919,0 
					</coordinates>
				</LinearRing>
			</outerBoundaryIs>
		</Polygon>
	</Placemark>
	<Placemark id="Lakes.30">
		<name>Plätlinsee</name>
		<Polygon>
			<outerBoundaryIs>
				<LinearRing>
					<coordinates>
						12.9836832,53.22805049999999,0 12.9831262,53.2319652,0 12.9866132,53.2351437,0 12.9846787,53.2390127,0 12.9974089,53.2487926,0 13.0019038,53.2475199,0 13.0028967,53.24551660000001,0 12.9997965,53.241108,0 12.9910693,53.2337887,0 12.9954971633698,53.2335708523247,0 12.9961666,53.232449,0 12.9929389,53.2305271,0 12.9909206,53.2245017,0 12.9856044,53.2216544,0 12.9705186,53.22185639999999,0 12.9735810882576,53.2237954013055,0 12.9722452,53.2245083,0 12.973456,53.2269772,0 12.9836832,53.22805049999999,0 
					</coordinates>
				</LinearRing>
			</outerBoundaryIs>
		</Polygon>
	</Placemark>
	<Placemark id="Lakes.31">
		<name>Labussee</name>
		<Polygon>
			<outerBoundaryIs>
				<LinearRing>
					<coordinates>
						12.8888745,53.1998921,0 12.8900579,53.2019532,0 12.88764,53.2042239,0 12.875153,53.2008087,0 12.8713738,53.201882,0 12.8724658,53.2055172,0 12.870325,53.210486,0 12.8799853,53.2132782,0 12.8820525,53.2112492,0 12.8789467,53.20883360000001,0 12.8838371,53.2071826,0 12.9114164,53.2143168,0 12.916459,53.2113087,0 12.9039413,53.2017336,0 12.8888745,53.1998921,0 
					</coordinates>
				</LinearRing>
			</outerBoundaryIs>
		</Polygon>
	</Placemark>
	<Placemark id="Lakes.32">
		<name>Rödliner_See</name>
		<Polygon>
			<outerBoundaryIs>
				<LinearRing>
					<coordinates>
						13.2343306249544,53.38884649744399,0 13.2323369885342,53.3882505726525,0 13.2305806,53.3833818,0 13.2280903823782,53.3832637474331,0 13.2248391741904,53.3857444732664,0 13.2257241712973,53.3875874666212,0 13.2284081,53.3889357,0 13.2262741,53.3915907,0 13.2308696403017,53.39160299474841,0 13.2326331,53.39291120000001,0 13.2383812,53.39176609999999,0 13.2388338513842,53.3882834324699,0 13.2427102,53.38613930000001,0 13.2557784,53.38912489999999,0 13.2579735,53.3875066,0 13.2555724135488,53.3838557083154,0 13.2502606,53.3810068,0 13.2544509,53.38054769999999,0 13.252454,53.37739490000001,0 13.2557815164337,53.37839169236069,0 13.2585092,53.3775476,0 13.2582889008464,53.3751764238713,0 13.2534499233047,53.3707962436765,0 13.2522513,53.36756830000001,0 13.2462806491144,53.3657035548311,0 13.244972527005,53.3643629324501,0 13.242581,53.3650741,0 13.248248,53.370286,0 13.2466968133827,53.3729216786137,0 13.2478618,53.3782869,0 13.2370781,53.3830639,0 13.2343306249544,53.38884649744399,0 
					</coordinates>
				</LinearRing>
			</outerBoundaryIs>
		</Polygon>
	</Placemark>
	<Placemark id="Lakes.33">
		<name>Rheinsberger_See</name>
		<Polygon>
			<outerBoundaryIs>
				<LinearRing>
					<coordinates>
						12.8850628598402,53.1142928984003,0 12.8815621742049,53.11625005844331,0 12.8773240029097,53.1162118316912,0 12.8724701,53.11738869999999,0 12.8707266501591,53.1195529822006,0 12.8637549,53.1143239,0 12.8608880669166,53.114829850544,0 12.8597550528167,53.1163367450076,0 12.855738,53.1180021,0 12.8589419,53.12664639999999,0 12.8653531,53.1301798,0 12.8735446,53.1299382,0 12.8753341297221,53.13270558344,0 12.8780395,53.1343164,0 12.8814997902347,53.1320131103831,0 12.8824956,53.1305832,0 12.8796284,53.1282425,0 12.8805322,53.1230463,0 12.8842926,53.120976,0 12.8827427,53.1199551,0 12.8858621077175,53.1178513791559,0 12.8861578,53.1146921,0 12.8850628598402,53.1142928984003,0 
					</coordinates>
				</LinearRing>
			</outerBoundaryIs>
		</Polygon>
	</Placemark>
	<Placemark id="Lakes.34">
		<name>Drewitzer_See</name>
		<Polygon>
			<outerBoundaryIs>
				<LinearRing>
					<coordinates>
						12.3334944,53.5708487,0 12.3353757,53.5748167,0 12.3381203,53.5759546,0 12.3478564,53.5750903,0 12.3514018,53.5699731,0 12.3480964,53.5615745,0 12.3505995,53.5575327,0 12.3576539,53.5559743,0 12.3574271,53.5545961,0 12.3537853,53.55447820000001,0 12.3559293,53.5522742,0 12.3687601,53.5485249,0 12.3722367,53.5461107,0 12.3697634,53.5419788,0 12.37171,53.5402248,0 12.3703912,53.54059600000001,0 12.3682709,53.538081,0 12.3667108,53.5311043,0 12.3747131,53.5312446,0 12.377075,53.527226,0 12.3708596,53.5193579,0 12.3654191,53.5181602,0 12.3668448,53.5146227,0 12.3601757,53.5150407,0 12.3585087,53.51680330000001,0 12.3581875,53.5203839,0 12.3647696,53.52375979999999,0 12.3620794,53.528532,0 12.3594891,53.5298756,0 12.3593563,53.5320501,0 12.3557182,53.5333119,0 12.3557502,53.5360359,0 12.3541667,53.5356821,0 12.3516338,53.5371693,0 12.3539221,53.53931919999999,0 12.3543246,53.5444362,0 12.3576793,53.5483916,0 12.3576853,53.5507686,0 12.3533791,53.5503667,0 12.3493543,53.55206890000001,0 12.3450333,53.5559568,0 12.345639,53.55800609999999,0 12.3418501,53.558258,0 12.3439658,53.562763,0 12.3350451,53.56637019999999,0 12.3334944,53.5708487,0 
					</coordinates>
				</LinearRing>
			</outerBoundaryIs>
			<innerBoundaryIs>
				<LinearRing>
					<coordinates>
						12.3532247,53.5368676,0 12.3537344,53.53652639999999,0 12.3540348,53.53674640000001,0 12.3532247,53.5368676,0 
					</coordinates>
				</LinearRing>
				<LinearRing>
					<coordinates>
						12.3633152,53.5480691,0 12.3631811,53.5477695,0 12.3635888,53.5480245,0 12.3633152,53.5480691,0 
					</coordinates>
				</LinearRing>
			</innerBoundaryIs>
		</Polygon>
	</Placemark>
	<Placemark id="Lakes.35">
		<name>Wittwesee</name>
		<Polygon>
			<outerBoundaryIs>
				<LinearRing>
					<coordinates>
						12.9338277,53.1189481,0 12.9334302,53.1221977,0 12.929995998837,53.12211370087919,0 12.9268026,53.1228351,0 12.9300785617344,53.1255060405309,0 12.9343381,53.12702659999999,0 12.9295704,53.1300665,0 12.9358353,53.13258749999999,0 12.9390500618236,53.1319479824868,0 12.9455055,53.128365,0 12.9433638112547,53.1249466055465,0 12.9568811735304,53.1279570588752,0 12.9578745,53.126847,0 12.9521709,53.1250806,0 12.9498775,53.1212275,0 12.9428394,53.1204034,0 12.9431966,53.11654840000001,0 12.9412853,53.1167151,0 12.9410399019693,53.1189031629738,0 12.9338277,53.1189481,0 
					</coordinates>
				</LinearRing>
			</outerBoundaryIs>
		</Polygon>
	</Placemark>
	<Placemark id="Lakes.36">
		<name>Lanker_See</name>
		<Polygon>
			<outerBoundaryIs>
				<LinearRing>
					<coordinates>
						10.2992754,54.2123096,0 10.2932692,54.2070282,0 10.2937709,54.2040753,0 10.3049258,54.2051616,0 10.309158,54.2022008,0 10.3091295,54.19839859999999,0 10.2885223,54.1958596,0 10.2869389,54.1989306,0 10.2827929,54.2001758,0 10.288838,54.20230800000001,0 10.2815992,54.2034671,0 10.2900978,54.2062185,0 10.2917016,54.2106068,0 10.2785119,54.2077756,0 10.2731103,54.21006000000001,0 10.280193,54.2114446,0 10.2746247,54.2127339,0 10.2836343,54.2199681,0 10.2912667,54.22099899999999,0 10.300954,54.22026540000001,0 10.3204673,54.2125025,0 10.306758,54.21531769999999,0 10.3083935,54.2140797,0 10.2992754,54.2123096,0 
					</coordinates>
				</LinearRing>
			</outerBoundaryIs>
		</Polygon>
	</Placemark>
	<Placemark id="Lakes.37">
		<name>Dieksee</name>
		<Polygon>
			<outerBoundaryIs>
				<LinearRing>
					<coordinates>
						10.530908,54.158925,0 10.5152032,54.1634612,0 10.4995624,54.16076679999999,0 10.4992369,54.1591234,0 10.489864,54.1596237,0 10.4965016,54.1667686,0 10.4956443,54.17086430000001,0 10.4999585,54.17378729999999,0 10.5057771,54.17378669999999,0 10.5051138,54.1714032,0 10.5098403,54.172073,0 10.5108835,54.16971660000001,0 10.5139593,54.169792,0 10.5140049,54.1723321,0 10.5189074,54.1720906,0 10.5280889,54.1687002,0 10.5358162,54.1700332,0 10.5433112,54.1666681,0 10.5491249,54.1675516,0 10.5412183,54.1608442,0 10.530908,54.158925,0 
					</coordinates>
				</LinearRing>
			</outerBoundaryIs>
		</Polygon>
	</Placemark>
	<Placemark id="Lakes.38">
		<name>Seddinsee</name>
		<Polygon>
			<outerBoundaryIs>
				<LinearRing>
					<coordinates>
						13.707373,52.3956703,0 13.6972166,52.3917789,0 13.6972329,52.39007149999999,0 13.6912636,52.3859177,0 13.6875488,52.3862349,0 13.684398,52.3829272,0 13.6796469,52.3819246,0 13.6735046,52.37781559999999,0 13.6658684,52.3776906,0 13.6594598,52.3755733,0 13.6564793,52.37645859999999,0 13.6542592,52.3821856,0 13.6574538,52.3805105,0 13.6608417,52.3821313,0 13.6610759,52.3846022,0 13.6636799,52.3823348,0 13.6694178,52.38214150000001,0 13.672329,52.385734,0 13.6778138,52.3866015,0 13.6767278,52.389109,0 13.6822696,52.393005,0 13.6908229,52.3944721,0 13.694054,52.39775640000001,0 13.6978314,52.3989018,0 13.707373,52.3956703,0 
					</coordinates>
				</LinearRing>
			</outerBoundaryIs>
		</Polygon>
	</Placemark>
	<Placemark id="Lakes.39">
		<name>Langer_See</name>
		<Polygon>
			<outerBoundaryIs>
				<LinearRing>
					<coordinates>
						13.6128617,52.4068615,0 13.6014562,52.4107764,0 13.590224,52.41150280000001,0 13.5840471,52.4137028,0 13.5822282,52.4196893,0 13.5864334,52.4210653,0 13.5860279,52.4160044,0 13.5903749,52.4137185,0 13.5998871,52.4150777,0 13.6150807,52.4104518,0 13.6272802,52.4103058,0 13.6302272,52.4072651,0 13.6298081,52.4055613,0 13.6371032,52.4017578,0 13.6383409,52.3984212,0 13.6395973,52.39984,0 13.6457927,52.39605040000001,0 13.649131,52.39072399999999,0 13.6484445,52.385872,0 13.6542592,52.3821856,0 13.6567477,52.3771178,0 13.6543904,52.3750857,0 13.651907,52.3785711,0 13.6525088,52.3804651,0 13.6486125,52.3801398,0 13.6416136,52.384975,0 13.6410493,52.38729600000001,0 13.6429801,52.3901495,0 13.6403237,52.3938291,0 13.6266306,52.3992299,0 13.6226075,52.4078336,0 13.6128617,52.4068615,0 
					</coordinates>
				</LinearRing>
			</outerBoundaryIs>
		</Polygon>
	</Placemark>
	<Placemark id="Lakes.40">
		<name>Selenter_See</name>
		<Polygon>
			<outerBoundaryIs>
				<LinearRing>
					<coordinates>
						10.3922994,54.3226997,0 10.3842255,54.31672780000001,0 10.3822666,54.3072521,0 10.3837344,54.303872,0 10.4059928,54.29857390000001,0 10.4233853,54.29879259999999,0 10.4670668,54.2821024,0 10.4746121,54.28276390000001,0 10.4843981,54.29146480000001,0 10.4913539,54.2942514,0 10.4950841,54.29244659999999,0 10.5148679,54.2950597,0 10.5127199,54.2960398,0 10.5137525,54.2990585,0 10.5063579,54.2994349,0 10.5087272,54.3015684,0 10.4893446,54.3016799,0 10.4868823,54.307985,0 10.4971749,54.3102713,0 10.5020354,54.3140882,0 10.4964634,54.3191925,0 10.4838389,54.3203988,0 10.4809951,54.3182831,0 10.4821455,54.3157769,0 10.494219,54.3145152,0 10.4766468,54.3102594,0 10.4747343,54.3132977,0 10.469131,54.3146531,0 10.47117,54.3162896,0 10.4696131,54.3172992,0 10.4632514,54.315804,0 10.4669251,54.31860020000001,0 10.4657674,54.3201431,0 10.4551776,54.31666289999999,0 10.4525315,54.32161709999999,0 10.4384445,54.3180437,0 10.41082,54.3206842,0 10.4053165,54.31836409999999,0 10.3922994,54.3226997,0 
					</coordinates>
				</LinearRing>
			</outerBoundaryIs>
		</Polygon>
	</Placemark>
	<Placemark id="Lakes.41">
		<name>Oberer_Beetzsee</name>
		<Polygon>
			<outerBoundaryIs>
				<LinearRing>
					<coordinates>
						12.6818049,52.4939407,0 12.6718319,52.4972166,0 12.6644391,52.4905523,0 12.6580185,52.49052229999999,0 12.6537373,52.48427019999999,0 12.6584832,52.49659059999999,0 12.6632014,52.4976038,0 12.6659582,52.5010629,0 12.6837234,52.5043651,0 12.6845092,52.50643359999999,0 12.699888,52.5106329,0 12.7033422,52.5129523,0 12.70687,52.5111211,0 12.7027488,52.5085324,0 12.6910061,52.50580200000001,0 12.6904837,52.50334949999999,0 12.6876281,52.50205,0 12.6870424,52.50030880000001,0 12.6883491,52.4996032,0 12.6864474,52.4947612,0 12.6818049,52.4939407,0 
					</coordinates>
				</LinearRing>
			</outerBoundaryIs>
		</Polygon>
	</Placemark>
	<Placemark id="Lakes.42">
		<name>Möhnetalsperre</name>
		<Polygon>
			<outerBoundaryIs>
				<LinearRing>
					<coordinates>
						8.1776108,51.4795536,0 8.1819331,51.4785457,0 8.18576582596379,51.47913282998099,0 8.1810344,51.4763226,0 8.177401100000001,51.4764539,0 8.1746678,51.4797491,0 8.166315900000001,51.4836925,0 8.1499334,51.4876611,0 8.1345215,51.4841665,0 8.1158926,51.483376,0 8.1078446,51.4808621,0 8.1084833,51.4794988,0 8.1047818,51.4769435,0 8.1039069,51.478348,0 8.0984073,51.4785637,0 8.0990143,51.47993360000001,0 8.0911566,51.4792315,0 8.082867800000001,51.4842835,0 8.0789188,51.4819667,0 8.0823848,51.4800243,0 8.068135699999999,51.473983,0 8.0741926,51.4712141,0 8.0953988,51.4702561,0 8.0978806,51.4692179,0 8.096303900000001,51.4668127,0 8.081077199999999,51.46459870000001,0 8.074965300000001,51.4661108,0 8.067028799999999,51.4634744,0 8.066515600000001,51.46476509999999,0 8.063776300000001,51.46470060000001,0 8.0675551,51.4671933,0 8.066708200000001,51.4683476,0 8.0605533,51.4686263,0 8.0612776,51.4707468,0 8.059154700000001,51.474503,0 8.055180200000001,51.4752239,0 8.0576899,51.4775678,0 8.054254999999999,51.47750159999999,0 8.0602844,51.4794427,0 8.062299599999999,51.4820424,0 8.061627700000001,51.4833421,0 8.056526699999999,51.4844848,0 8.0580829,51.4855916,0 8.056521099999999,51.4869779,0 8.0537048,51.4867776,0 8.0615986,51.49143710000001,0 8.068727600000001,51.49135150000001,0 8.0703113,51.4861555,0 8.0780941,51.4902625,0 8.083599,51.49124270000001,0 8.088835,51.4908545,0 8.0891745,51.4876712,0 8.0987185,51.4865616,0 8.1105111,51.4904462,0 8.1240731,51.4902452,0 8.147194000000001,51.4942156,0 8.163307700000001,51.4916379,0 8.1684739,51.4887322,0 8.1742206,51.48971019999999,0 8.1710726,51.4879546,0 8.1766196,51.4827439,0 8.1776108,51.4795536,0 
					</coordinates>
				</LinearRing>
			</outerBoundaryIs>
		</Polygon>
	</Placemark>
	<Placemark id="Lakes.43">
		<name>Glindower_See</name>
		<Polygon>
			<outerBoundaryIs>
				<LinearRing>
					<coordinates>
						12.943655,52.3563087,0 12.9378649,52.34743139999999,0 12.9352754,52.3479955,0 12.9360961,52.34878520000001,0 12.9340691,52.3516755,0 12.9351047,52.3532097,0 12.9284948,52.353317,0 12.9186063,52.3585444,0 12.9178002,52.36087940000001,0 12.9137716,52.3635566,0 12.914896,52.36711889999999,0 12.9127878,52.36943460000001,0 12.9150241,52.3704005,0 12.918071,52.3693051,0 12.919575,52.3646304,0 12.9229038,52.3662009,0 12.9277119,52.35920370000001,0 12.9347541,52.3567953,0 12.9366915,52.3611434,0 12.9434238,52.3619386,0 12.9398574,52.35914149999999,0 12.943655,52.3563087,0 
					</coordinates>
				</LinearRing>
			</outerBoundaryIs>
		</Polygon>
	</Placemark>
	<Placemark id="Lakes.44">
		<name>Fleesensee</name>
		<Polygon>
			<outerBoundaryIs>
				<LinearRing>
					<coordinates>
						12.4004674,53.4624962,0 12.4062983,53.4645466,0 12.4181336,53.4644027,0 12.4267361,53.4718951,0 12.4284185,53.4776404,0 12.4389012,53.4795408,0 12.4368267,53.4870795,0 12.4400419,53.4921018,0 12.4306896,53.5011643,0 12.4328897,53.5039682,0 12.448423,53.5047129,0 12.4555343,53.5101573,0 12.4690752,53.5096394,0 12.4751106,53.5156016,0 12.4696299,53.52051099999999,0 12.4712421,53.5258682,0 12.4919923,53.52294210000001,0 12.5020908,53.5121197,0 12.5025973,53.5069458,0 12.5000212,53.5066396,0 12.5039227,53.5057713,0 12.5034772,53.4999856,0 12.4954303,53.4938184,0 12.4835208,53.4916168,0 12.4507927,53.49319550000001,0 12.442492,53.4877898,0 12.4516368,53.48098559999999,0 12.4500313,53.4788303,0 12.437812,53.4739136,0 12.4343452,53.4736762,0 12.4243675,53.4650462,0 12.4156405447657,53.46237726290979,0 12.4004674,53.4624962,0 
					</coordinates>
				</LinearRing>
			</outerBoundaryIs>
		</Polygon>
	</Placemark>
	<Placemark id="Lakes.45">
		<name>Walchensee</name>
		<Polygon>
			<outerBoundaryIs>
				<LinearRing>
					<coordinates>
						11.3072968,47.5694829,0 11.3064514,47.5719024,0 11.3174143,47.5790709,0 11.3243751,47.5789284,0 11.3293745,47.5855793,0 11.3282584,47.5864078,0 11.3253331,47.5846923,0 11.3250157,47.58823400000001,0 11.3078256,47.5825465,0 11.3081157,47.58425179999999,0 11.3069269,47.5843766,0 11.3093639,47.58711599999999,0 11.3174797,47.5892178,0 11.3191076,47.59643959999999,0 11.3328615,47.6032915,0 11.3380242,47.6084553,0 11.3393582,47.6139716,0 11.345675,47.6174697,0 11.3485359,47.61790570000001,0 11.352077,47.613786,0 11.3511788,47.6115564,0 11.3689995,47.6080551,0 11.3697708,47.60684040000001,0 11.3641335,47.6050807,0 11.3711905,47.6038834,0 11.3679449,47.60129839999999,0 11.3644822,47.6017891,0 11.3644188,47.5992419,0 11.3734969,47.5966474,0 11.374296,47.5900736,0 11.3823729,47.5847864,0 11.3934953,47.5847624,0 11.391797,47.5821359,0 11.3809587,47.5810424,0 11.3772415,47.5780017,0 11.3733582,47.57752059999999,0 11.3655521,47.5806614,0 11.3630491,47.5754846,0 11.358413,47.57387620000001,0 11.3442074,47.5731811,0 11.3378212,47.5747182,0 11.3218325,47.57240590000001,0 11.3167737,47.5696879,0 11.3072968,47.5694829,0 
					</coordinates>
				</LinearRing>
			</outerBoundaryIs>
		</Polygon>
	</Placemark>
	<Placemark id="Lakes.46">
		<name>Chiemsee</name>
		<Polygon>
			<outerBoundaryIs>
				<LinearRing>
					<coordinates>
						12.4152576,47.8794923,0 12.4307444,47.8944661,0 12.431663,47.9047136,0 12.4350846,47.9103589,0 12.4433977,47.9216704,0 12.4513045,47.927922,0 12.4574412,47.9320055,0 12.4675342,47.9325585,0 12.4727167,47.9317193,0 12.4717369,47.930238,0 12.4796219,47.9330121,0 12.4905907,47.9300814,0 12.5007745,47.9058927,0 12.5233908,47.9000558,0 12.5297545,47.8932377,0 12.5341825,47.8838466,0 12.5305456,47.8781784,0 12.5177116,47.86795499999999,0 12.5235914,47.860866,0 12.5145144,47.8591276,0 12.5016585,47.8608868,0 12.5050859,47.8635158,0 12.4998309,47.8672645,0 12.4917753,47.8644432,0 12.489557,47.8568817,0 12.4842605,47.8564433,0 12.4767168,47.86087469999999,0 12.4768187,47.8579716,0 12.4710721,47.8554968,0 12.4801417,47.8400397,0 12.470154,47.8433981,0 12.4643838,47.8382575,0 12.4518133,47.8378195,0 12.4471966,47.8391434,0 12.4454367,47.8425524,0 12.4390664,47.8406165,0 12.4311632,47.83399639999999,0 12.3886173,47.8343887,0 12.3821082,47.8313374,0 12.3794245,47.8326788,0 12.3757257,47.8295229,0 12.3729629,47.8326165,0 12.3750246,47.83539750000001,0 12.3729612,47.8392249,0 12.3755788,47.8401417,0 12.371947,47.842886,0 12.37332,47.8448583,0 12.3669755,47.85872320000001,0 12.3673398,47.8646284,0 12.3626351,47.8723003,0 12.3643776,47.87465079999999,0 12.3613019,47.8765045,0 12.3580422,47.87579469999999,0 12.3543747,47.8756788,0 12.3542667,47.878878,0 12.3488892,47.8791831,0 12.3475566,47.8818554,0 12.3530502,47.8845409,0 12.3558125,47.8844975,0 12.3661909,47.8847106,0 12.3666071,47.8785781,0 12.3644554,47.876524,0 12.3676116,47.87287109999999,0 12.3755006,47.87263479999999,0 12.3779445,47.87016419999999,0 12.3804156,47.872802,0 12.3741074,47.87818409999999,0 12.3722682,47.88667689999999,0 12.3744203,47.887793,0 12.3831436,47.8870725,0 12.3883896,47.875096,0 12.3933493,47.882722,0 12.3976836,47.8828348,0 12.3981034,47.8764349,0 12.4073175,47.8743838,0 12.4152576,47.8794923,0 
					</coordinates>
				</LinearRing>
			</outerBoundaryIs>
		</Polygon>
	</Placemark>
	<Placemark id="Lakes.47">
		<name>Biggesee</name>
		<Polygon>
			<outerBoundaryIs>
				<LinearRing>
					<coordinates>
						7.8848649,51.1089525,0 7.890764800000001,51.1131641,0 7.8942850702856,51.1122616766376,0 7.8990527,51.1091103,0 7.89837819590157,51.1053107679017,0 7.897078964300589,51.10454170955559,0 7.895237,51.1049998,0 7.889108100000001,51.0999865,0 7.873353899999999,51.0948302,0 7.870972299999999,51.08949080000001,0 7.874076399999999,51.0869139,0 7.8691663,51.0867755,0 7.8662979,51.0887838,0 7.8569457,51.08382700000001,0 7.8675933,51.0805911,0 7.87389,51.081375,0 7.868045299999999,51.07965080000001,0 7.8556885,51.0822234,0 7.8636435,51.0738219,0 7.8640561,51.0707192,0 7.856047,51.06848970000001,0 7.8541168,51.0657624,0 7.8566911,51.0620755,0 7.859993500000001,51.06085139999999,0 7.854537000000001,51.061779,0 7.8521951,51.06647659999999,0 7.8529221,51.06828329999999,0 7.847434699999999,51.07082500000001,0 7.8520033,51.0626174,0 7.8522981,51.0591377,0 7.847715,51.05812710000001,0 7.843559200000001,51.0615308,0 7.8397499,51.0612556,0 7.841496,51.0556802,0 7.8349081,51.0520168,0 7.834296500000001,51.049475,0 7.8379752,51.04642830000001,0 7.8372757,51.0438859,0 7.8283004,51.0441004,0 7.8281686,51.04186279999999,0 7.8388403,51.0376018,0 7.8399672,51.03325349999999,0 7.8326665,51.0386954,0 7.831260799999999,51.0383428,0 7.8317296,51.0321553,0 7.8292374,51.0306812,0 7.8307411,51.0331053,0 7.8285836,51.03889289999999,0 7.824624199999999,51.04056860000001,0 7.824704100000001,51.04414609999999,0 7.8358549,51.0456059,0 7.8321524,51.0509046,0 7.8374356,51.0545514,0 7.836652,51.0626906,0 7.838932,51.0648674,0 7.844099699999999,51.0646572,0 7.8503147,51.0605072,0 7.8436941,51.0689847,0 7.8417491,51.068573,0 7.843487000000001,51.0706846,0 7.843086099999999,51.0744084,0 7.850899200000001,51.0748909,0 7.8543095,51.0716539,0 7.8587628,51.07335620000001,0 7.8587469,51.0751795,0 7.852162,51.07868959999999,0 7.8506637,51.08205529999999,0 7.8517523,51.0840813,0 7.8437931,51.0839644,0 7.8344324,51.07804279999999,0 7.841288399999999,51.0842593,0 7.8540967,51.0864552,0 7.856571400000001,51.0944208,0 7.850625599999999,51.0921919,0 7.8413501,51.0918352,0 7.84022977464269,51.09314864119149,0 7.838163608631471,51.093386737179,0 7.83318818517033,51.09106758202021,0 7.83274974390027,51.0889657716498,0 7.831397479286901,51.0894435568244,0 7.82770361984913,51.0895408064406,0 7.82823647504533,51.0884244925473,0 7.829335626951241,51.0870486313579,0 7.827261148567441,51.08441042971209,0 7.827033010450159,51.0823545982764,0 7.82267800462751,51.0807379176176,0 7.82058977324712,51.0756347112613,0 7.81808400472411,51.0734212092808,0 7.8143256566786,51.0713182232636,0 7.81045114279205,51.0708554200376,0 7.80554697367214,51.0721507750721,0 7.80257059110861,51.0723226846525,0 7.797633592638401,51.0713365414853,0 7.801681972672949,51.07365793187699,0 7.80120688038272,51.07529629786561,0 7.79829028970845,51.07612109158811,0 7.79541702329565,51.0775170177013,0 7.795432984834911,51.0792967715277,0 7.7997859528396,51.0788623937658,0 7.80244125713021,51.07772582781389,0 7.80395686117502,51.076134262454,0 7.80676382380357,51.0756251166897,0 7.80734160918374,51.0742943070453,0 7.80934357825455,51.0733371482035,0 7.81356729421181,51.0743161552926,0 7.81749258563597,51.0765187990986,0 7.81602262107575,51.0780919069296,0 7.81679390254294,51.0791935793165,0 7.81764967818781,51.082635207978,0 7.822525054297591,51.0856144621866,0 7.82161359686931,51.08696346000789,0 7.82445014671448,51.08780492217001,0 7.82475730353307,51.0910376080608,0 7.8303782885308,51.0929781654762,0 7.82913781760897,51.0947481243551,0 7.831107318382831,51.0959301169376,0 7.832896522350181,51.09449146391,0 7.83555992062295,51.0957359434224,0 7.8343335539598,51.0975203049586,0 7.83605081160679,51.09780025625599,0 7.837834800000001,51.0950396,0 7.851376899999999,51.0946942,0 7.8571557,51.097554,0 7.8611657,51.0965292,0 7.8613138,51.0939303,0 7.8663718,51.0980047,0 7.8656964,51.1006764,0 7.8639278,51.100949,0 7.867326100000001,51.1053617,0 7.8712157,51.10699690000001,0 7.8793468,51.10588010000001,0 7.8790771,51.1044059,0 7.8812927,51.1035922,0 7.8868352,51.1074235,0 7.8848649,51.1089525,0 
					</coordinates>
				</LinearRing>
			</outerBoundaryIs>
		</Polygon>
	</Placemark>
	<Placemark id="Lakes.48">
		<name>Schwielochsee</name>
		<Polygon>
			<outerBoundaryIs>
				<LinearRing>
					<coordinates>
						14.2097084,52.0853124,0 14.2154852,52.078728,0 14.2193545,52.07816760000001,0 14.2227,52.0787593,0 14.2232662,52.0831191,0 14.2269157,52.0852001,0 14.2369135,52.0841552,0 14.241929,52.0861617,0 14.2461919,52.08519279999999,0 14.2402098,52.0832082,0 14.2347152,52.0841451,0 14.2317737,52.08154840000001,0 14.2299489,52.0822229,0 14.2304927,52.0797798,0 14.2225492,52.0756674,0 14.2223389,52.07274910000001,0 14.220257,52.07068509999999,0 14.2120818,52.0662332,0 14.2176163,52.06012070000001,0 14.2139711,52.0529042,0 14.2200984,52.0421052,0 14.2168755,52.03551169999999,0 14.21166,52.03039350000001,0 14.2063534,52.0282278,0 14.2066781,52.0251911,0 14.2026759,52.0323159,0 14.1953166,52.03287079999999,0 14.1929262,52.0344788,0 14.1902951,52.03307559999999,0 14.1890061,52.0282547,0 14.1822626,52.0267678,0 14.1787377,52.0296953,0 14.1784273,52.0351766,0 14.1812479,52.0362282,0 14.1820329,52.0391483,0 14.1885318,52.0438787,0 14.1911708,52.0448198,0 14.1955742,52.0434333,0 14.1940903,52.04494329999999,0 14.1987058,52.048209,0 14.1981597,52.051941,0 14.1949464,52.0547611,0 14.1936409,52.05914509999999,0 14.1994896,52.0648408,0 14.1922104,52.0690363,0 14.2032413,52.0703726,0 14.1988901,52.0706062,0 14.1974581,52.0723312,0 14.2007042,52.0728289,0 14.2022278,52.0780468,0 14.1998116,52.0789334,0 14.1979819,52.0821211,0 14.1997735,52.0853802,0 14.1971313,52.0865799,0 14.2039405,52.0869319,0 14.2097084,52.0853124,0 
					</coordinates>
				</LinearRing>
			</outerBoundaryIs>
		</Polygon>
	</Placemark>
	<Placemark id="Lakes.49">
		<name>Galenbecker_See</name>
		<Polygon>
			<outerBoundaryIs>
				<LinearRing>
					<coordinates>
						13.7547913,53.6110545,0 13.7454575,53.6112316,0 13.7402433,53.6126558,0 13.7218165,53.6211439,0 13.7137723,53.6227533,0 13.7081333,53.6271495,0 13.7059271,53.6310523,0 13.7088759,53.6371243,0 13.7157267,53.6403075,0 13.7340759,53.6372026,0 13.7367453,53.6331272,0 13.7365311,53.6296447,0 13.7298337,53.62532139999999,0 13.7463921,53.626325,0 13.7572472,53.62184789999999,0 13.7574711,53.6194703,0 13.7622027,53.6161661,0 13.7542713,53.61426120000001,0 13.7569722,53.61248559999999,0 13.7547913,53.6110545,0 
					</coordinates>
				</LinearRing>
			</outerBoundaryIs>
		</Polygon>
	</Placemark>
	<Placemark id="Lakes.50">
		<name>Kochelsee</name>
		<Polygon>
			<outerBoundaryIs>
				<LinearRing>
					<coordinates>
						11.357938,47.6528409,0 11.3571299,47.6500903,0 11.360881,47.6493162,0 11.3624858,47.64726069999999,0 11.3617308,47.6453664,0 11.3555515,47.63958089999999,0 11.3482974,47.6399678,0 11.3467289,47.6375983,0 11.3378499,47.6337126,0 11.3315311,47.633977,0 11.3294425,47.6365748,0 11.3220197,47.6385401,0 11.3215258,47.6422706,0 11.3129786,47.6507563,0 11.3131234,47.65243760000001,0 11.3163399,47.6537041,0 11.3181588,47.6535403,0 11.3194702,47.6500123,0 11.3226016,47.6503981,0 11.3272211,47.64840969999999,0 11.3364182,47.6494617,0 11.3357626,47.6547458,0 11.3401972,47.6557626,0 11.3459437,47.6537133,0 11.345242,47.6606916,0 11.3473585,47.6630401,0 11.3565913,47.6604426,0 11.3535122,47.6552319,0 11.357938,47.6528409,0 
					</coordinates>
				</LinearRing>
			</outerBoundaryIs>
		</Polygon>
	</Placemark>
	<Placemark id="Lakes.51">
		<name>Kemnader_See</name>
		<Polygon>
			<outerBoundaryIs>
				<LinearRing>
					<coordinates>
						7.2766395,51.4291553,0 7.275820824586,51.4282431077112,0 7.2759217,51.42741239999999,0 7.27373450762625,51.4267158450682,0 7.2738847,51.4262887,0 7.2686346,51.4230473,0 7.26897269573597,51.4225373673413,0 7.261022199999999,51.4164744,0 7.2557589,51.4148424,0 7.25180384873334,51.4139394963322,0 7.2567755,51.4215023,0 7.257624399999999,51.42191629999999,0 7.2749676,51.4333786,0 7.2759278,51.43567779999999,0 7.280462100000001,51.4378096,0 7.2823594,51.4378023,0 7.281353000000001,51.43619390000001,0 7.2777924,51.4352779,0 7.276737500000001,51.4327004,0 7.27547045968412,51.4318488469863,0 7.278149,51.43210090000001,0 7.2831042980618,51.4306495248336,0 7.279080643148741,51.4306967409215,0 7.2766395,51.4291553,0 
					</coordinates>
				</LinearRing>
			</outerBoundaryIs>
		</Polygon>
	</Placemark>
	<Placemark id="Lakes.52">
		<name>Baldeneysee</name>
		<Polygon>
			<outerBoundaryIs>
				<LinearRing>
					<coordinates>
						7.0030305,51.3967406,0 6.99955163138742,51.39447052087609,0 7.00109954462923,51.39747842398279,0 7.007180200000001,51.4023063,0 7.0257144,51.4077827,0 7.0321438,51.40807070000001,0 7.0429557,51.4064796,0 7.050656,51.4026727,0 7.0583262,51.395892,0 7.059035699999999,51.3960233,0 7.060335599999999,51.3944706,0 7.059919,51.3941336,0 7.0659826,51.3896628,0 7.0718093,51.3898468,0 7.0730407,51.3906628,0 7.0736876,51.39262960000001,0 7.0769544,51.3970542,0 7.08038134182415,51.3990078467605,0 7.0760484,51.3923583,0 7.0750682,51.3880317,0 7.071674,51.386709,0 7.066889300000001,51.386428,0 7.061653699999999,51.38861330000001,0 7.0551205,51.3943973,0 7.049457,51.3974263,0 7.0483181,51.3972597,0 7.0474967,51.3975699,0 7.04850699597503,51.398298729679,0 7.046071000000001,51.40087750000001,0 7.0452561,51.4002616,0 7.0430723,51.4010366,0 7.0433344,51.4017205,0 7.0376754,51.40288520000001,0 7.0320732,51.4033295,0 7.0241563,51.40197969999999,0 7.0186485,51.40198600000001,0 7.0053027,51.398592,0 7.0030305,51.3967406,0 
					</coordinates>
				</LinearRing>
			</outerBoundaryIs>
		</Polygon>
	</Placemark>
	<Placemark id="Lakes.53">
		<name>Hengsteysee</name>
		<Polygon>
			<outerBoundaryIs>
				<LinearRing>
					<coordinates>
						7.4892571,51.4161094,0 7.4850666,51.41484,0 7.477651499999999,51.41542080000001,0 7.4704652,51.41498090000001,0 7.464676800000001,51.413212,0 7.457483,51.4086309,0 7.452093285484729,51.3997550742444,0 7.44980867809173,51.39869838444481,0 7.4499921,51.4054513,0 7.451034199999999,51.40831150000001,0 7.457522499999999,51.4141123,0 7.4626381,51.4167426,0 7.46791161008655,51.4173555841022,0 7.47366362656437,51.4173937357219,0 7.47562243466846,51.4172074574027,0 7.47560329234844,51.4168354921198,0 7.484071,51.41727100000001,0 7.4892571,51.4161094,0 
					</coordinates>
				</LinearRing>
			</outerBoundaryIs>
		</Polygon>
	</Placemark>
	<Placemark id="Lakes.54">
		<name>Harkortsee</name>
		<Polygon>
			<outerBoundaryIs>
				<LinearRing>
					<coordinates>
						7.400617800000001,51.3832142,0 7.403304799999999,51.3837247,0 7.40398015247378,51.3830432403537,0 7.40337839641356,51.3814523384162,0 7.405699399999999,51.3831149,0 7.4073433,51.38508529999999,0 7.4062824,51.3893686,0 7.4066897,51.39099880000001,0 7.405757900000001,51.3928215,0 7.4084768,51.3966844,0 7.412163000000001,51.3976342,0 7.4124119,51.3986718,0 7.415077299999999,51.3999414,0 7.420882200000001,51.3995016,0 7.422899095248541,51.398291207851,0 7.42064165723419,51.4005340859304,0 7.418972067239999,51.4012534350957,0 7.4166645,51.40190629999999,0 7.4101757,51.4019724,0 7.406525,51.4007742,0 7.3990496,51.3959893,0 7.3982461,51.3949917,0 7.3983046,51.39311409999999,0 7.4017234,51.38828,0 7.400394399999999,51.3855944,0 7.400617800000001,51.3832142,0 
					</coordinates>
				</LinearRing>
			</outerBoundaryIs>
		</Polygon>
	</Placemark>
	<Placemark id="Lakes.55">
		<name>Spandauer_See</name>
		<Polygon>
			<outerBoundaryIs>
				<LinearRing>
					<coordinates>
						13.2071522,52.5403173,0 13.2141415,52.54920540000001,0 13.2159723,52.5553357,0 13.2189563,52.5547692,0 13.223685,52.561825,0 13.22611,52.5634,0 13.2250182,52.5641592,0 13.2270992,52.5662584,0 13.2259695,52.5674132,0 13.2371281,52.5683979,0 13.240521,52.57415420000001,0 13.2455258,52.57565499999999,0 13.2475611,52.5803949,0 13.2550455,52.5830818,0 13.2553998,52.5862218,0 13.2588805,52.5863915,0 13.2579038,52.58520399999999,0 13.2596819,52.5846177,0 13.2619803,52.5885379,0 13.2706263,52.5899248,0 13.2754563,52.5850674,0 13.2740761,52.5823996,0 13.2748789,52.578259,0 13.2694292,52.5788512,0 13.2589657,52.5737499,0 13.2537139,52.56499790000001,0 13.2416543,52.56187829999999,0 13.2390581,52.5592406,0 13.2318715,52.5604659,0 13.2254863,52.5597212,0 13.2230426,52.55232669999999,0 13.2239401,52.54861949999999,0 13.2208487,52.5409119,0 13.2118152,52.5429392,0 13.2071522,52.5403173,0 
					</coordinates>
				</LinearRing>
			</outerBoundaryIs>
		</Polygon>
	</Placemark>
	<Placemark id="Lakes.56">
		<name>Schweriner_See</name>
		<Polygon>
			<outerBoundaryIs>
				<LinearRing>
					<coordinates>
						11.4173851,53.62557499999999,0 11.4245283,53.62741209999999,0 11.4226184,53.6307497,0 11.4309703,53.6293044,0 11.4289875,53.6326128,0 11.4401822,53.64216800000001,0 11.4539884,53.6436806,0 11.4559995,53.655767,0 11.4498675,53.6649531,0 11.4527036,53.674827,0 11.4506782,53.6776654,0 11.4577164165111,53.6798970786699,0 11.4366188,53.6803367,0 11.434956,53.6831348,0 11.4427597,53.69872720000001,0 11.4258908,53.714145,0 11.4262089,53.73102569999999,0 11.4364386,53.7393692,0 11.4375469,53.7482315,0 11.4548966,53.7564588,0 11.4629034,53.7652705,0 11.4762889,53.7666377,0 11.4904487,53.7755276,0 11.5273045,53.7848888,0 11.5250419,53.7795694,0 11.5137042,53.77046789999999,0 11.4972672,53.771739,0 11.4887402,53.76701309999999,0 11.4889454,53.7592003,0 11.4925135,53.7584016,0 11.4903741,53.7576755,0 11.4963434,53.7490231,0 11.4952428,53.7447439,0 11.5015129,53.73625080000001,0 11.4956069,53.7151129,0 11.4859589,53.70201609999999,0 11.4857023,53.690625,0 11.4748898,53.6869504,0 11.4651154,53.6966057,0 11.4598299,53.6890781,0 11.4547655,53.690287,0 11.4569842,53.6864917,0 11.4643274,53.68383370000001,0 11.4716792,53.6843244,0 11.4860028,53.66481480000001,0 11.4842481,53.6346037,0 11.4993353,53.6279563,0 11.5040585,53.62232030000001,0 11.5015292,53.6113412,0 11.5054382,53.6069346,0 11.499936,53.60252699999999,0 11.4949466,53.6038924,0 11.4969712,53.5963982,0 11.4877337,53.60607209999999,0 11.4754077,53.6004862,0 11.4671324,53.60914470000001,0 11.4607277,53.60430620000001,0 11.4523993,53.6031877,0 11.4382448,53.6113307,0 11.432668,53.6221251,0 11.4183041,53.6208237,0 11.4202126,53.6238251,0 11.4173851,53.62557499999999,0 
					</coordinates>
				</LinearRing>
			</outerBoundaryIs>
		</Polygon>
	</Placemark>
	<Placemark id="Lakes.57">
		<name>Havel</name>
		<Polygon>
			<outerBoundaryIs>
				<LinearRing>
					<coordinates>
						13.1382753,52.43278889999999,0 13.1330936,52.42968659999999,0 13.1238604,52.42857790000001,0 13.1222977,52.42958060000001,0 13.1162445,52.4252799,0 13.1095753,52.4259561,0 13.1061647,52.4310563,0 13.1061803453491,52.43115041663561,0 13.1056167,52.43201280000001,0 13.1066510561104,52.4339820385309,0 13.1067597,52.4346356,0 13.1070380457155,52.434718801077,0 13.1071962,52.43501990000001,0 13.1101995,52.43566380000001,0 13.110514,52.43754580000001,0 13.1215529,52.44186199999999,0 13.1310458,52.4427733,0 13.1343424,52.44653000000001,0 13.1436413,52.4464481,0 13.1486597,52.4521459,0 13.1595182,52.4552562,0 13.1635912,52.4592104,0 13.1799506,52.4630068,0 13.1797971,52.46660589999999,0 13.1846543,52.47235049999999,0 13.1834042,52.47810019999999,0 13.1863266,52.4841768,0 13.1821663,52.4895986,0 13.1851101,52.4938108,0 13.1834993,52.49797999999999,0 13.1911261,52.5050173,0 13.2042952,52.50252050000001,0 13.2111189,52.5037051,0 13.2112666,52.50200289999999,0 13.1958491,52.4935455,0 13.1970329,52.4966838,0 13.1945335,52.4963673,0 13.1939555,52.4928361,0 13.1910919,52.4907454,0 13.1908071,52.4874356,0 13.1944563,52.48356040000001,0 13.1909105,52.47689810000001,0 13.1960016,52.4660722,0 13.1901862,52.4633007,0 13.1874202,52.4532854,0 13.1901403,52.4518785,0 13.1898408735805,52.4509908184413,0 13.1900618,52.4507814,0 13.1897016115408,52.4505779612706,0 13.189417,52.44973420000001,0 13.1880881866563,52.4496666796896,0 13.1871989,52.4491644,0 13.1796815626149,52.4486503893229,0 13.1755464,52.4452729,0 13.1771996,52.4350086,0 13.1830745,52.4320629,0 13.182928,52.4298557,0 13.173822,52.4208713,0 13.1649516,52.4225474,0 13.1616543,52.4252606,0 13.1668493,52.4285335,0 13.1675082,52.4327205,0 13.1654115,52.4353656,0 13.1576431,52.4394456,0 13.1517421,52.4401729,0 13.1422094,52.4328087,0 13.1382753,52.43278889999999,0 
					</coordinates>
				</LinearRing>
			</outerBoundaryIs>
		</Polygon>
	</Placemark>
	<Placemark id="Lakes.58">
		<name>Templiner_See</name>
		<Polygon>
			<outerBoundaryIs>
				<LinearRing>
					<coordinates>
						13.0300345,52.38226210000001,0 13.0271392,52.37905219999999,0 13.0381558,52.3764723,0 13.0360078,52.37222499999999,0 13.0292466,52.3688479,0 13.0278218,52.36462899999999,0 13.0275466,52.3637011,0 13.0260359,52.3617295,0 13.0202609,52.36130270000001,0 13.0210288,52.35782759999999,0 13.0160967,52.3532953,0 13.0056197,52.3503906,0 12.991951,52.3507974,0 12.9935595,52.3532906,0 12.9962646,52.35379639999999,0 12.992742,52.3553638,0 12.9972255,52.3585383,0 13.0067657,52.3581738,0 13.0091934,52.3632716,0 13.0119521,52.3644007,0 13.0118981,52.36887599999999,0 13.0137225,52.3705715,0 13.0164299,52.3702805,0 13.0149157,52.3716658,0 13.0160887,52.374916,0 13.0208388,52.3777041,0 13.0235296,52.3835936,0 13.0300345,52.38226210000001,0 
					</coordinates>
				</LinearRing>
			</outerBoundaryIs>
		</Polygon>
	</Placemark>
	<Placemark id="Lakes.59">
		<name>Großer_Plöner_See</name>
		<Polygon>
			<outerBoundaryIs>
				<LinearRing>
					<coordinates>
						10.4077447,54.1367794,0 10.4122045,54.13666740000001,0 10.406274,54.1446306,0 10.4111217,54.1471056,0 10.4089939,54.1521246,0 10.4235576,54.1596519,0 10.4310057,54.15843750000001,0 10.4313764,54.1550116,0 10.4453332,54.1549531,0 10.4479035,54.1526885,0 10.443802,54.1493975,0 10.4459748,54.14144830000001,0 10.4410574,54.1366242,0 10.4394199,54.1296271,0 10.428215,54.1195709,0 10.4338899,54.1136432,0 10.4336311,54.1112727,0 10.4309826,54.11376560000001,0 10.4294489,54.10699269999999,0 10.42463,54.1084397,0 10.4229067,54.1121526,0 10.42201,54.11063840000001,0 10.4216239,54.10187450000001,0 10.4267845,54.100647,0 10.4279271,54.0929155,0 10.4263589,54.0896133,0 10.4192367,54.086845,0 10.4178019,54.0827984,0 10.4123193,54.0819613,0 10.4082753,54.0852021,0 10.3996054,54.0856894,0 10.3946964,54.089446,0 10.3973303,54.0991237,0 10.3939511,54.1013399,0 10.3972841,54.10335280000001,0 10.3948979,54.1072746,0 10.3985793,54.1143578,0 10.3958658,54.115983,0 10.3970789,54.118835,0 10.3942424,54.1200364,0 10.3963573,54.12988390000001,0 10.3940958,54.1310159,0 10.3911218,54.1288152,0 10.3813932,54.12982290000001,0 10.3724402,54.1235309,0 10.3607556,54.1236842,0 10.3554088,54.1202736,0 10.3450836,54.1183401,0 10.339597,54.1192192,0 10.3354356,54.12315049999999,0 10.3388869,54.132953,0 10.3439148,54.1324791,0 10.3411381,54.1359616,0 10.33512,54.1377508,0 10.3489172,54.1501009,0 10.3606,54.1525983,0 10.3701607,54.15081300000001,0 10.3746507,54.15421130000001,0 10.381996,54.1541853,0 10.383997,54.1530653,0 10.3832421,54.14974970000001,0 10.4036305,54.14542829999999,0 10.3996785,54.1469779,0 10.4042405,54.14948630000001,0 10.4035887,54.1479609,0 10.4077843,54.148558,0 10.4049523,54.1433923,0 10.4084753,54.1405824,0 10.4077447,54.1367794,0 
					</coordinates>
				</LinearRing>
			</outerBoundaryIs>
		</Polygon>
	</Placemark>
	<Placemark id="Lakes.60">
		<name>Breitling</name>
		<Polygon>
			<outerBoundaryIs>
				<LinearRing>
					<coordinates>
						12.1024008,54.144948,0 12.1006917,54.15370529999999,0 12.0991475,54.153599,0 12.101192,54.1693104,0 12.107683,54.1707924,0 12.1080379,54.1749644,0 12.1229415,54.1775925,0 12.1278575,54.1738853,0 12.1415292,54.1752284,0 12.1436746,54.1737272,0 12.1421223,54.1731575,0 12.1426001,54.17010209999999,0 12.1382823,54.1667254,0 12.1374381,54.1610577,0 12.1438112,54.1614055,0 12.1428884,54.1596281,0 12.137842,54.15964530000001,0 12.1361261,54.1576506,0 12.1312419,54.1587025,0 12.1337317,54.156729,0 12.1308414,54.1551537,0 12.1276656,54.1575533,0 12.1218766,54.1579959,0 12.1261432,54.1504704,0 12.1233914,54.14994759999999,0 12.1187255,54.1581199,0 12.1101451,54.1593379,0 12.1077848,54.1580657,0 12.1143534,54.1465133,0 12.1117665,54.145998,0 12.1060346,54.156104,0 12.1029138,54.15569489999999,0 12.1049975,54.14512460000001,0 12.1024008,54.144948,0 
					</coordinates>
				</LinearRing>
			</outerBoundaryIs>
		</Polygon>
	</Placemark>
	<Placemark id="Lakes.61">
		<name>Zeuthener_See</name>
		<Polygon>
			<outerBoundaryIs>
				<LinearRing>
					<coordinates>
						13.6388387,52.34461490000001,0 13.6411499,52.3453949,0 13.6439228,52.34396090000001,0 13.6451489,52.3407092,0 13.6397651,52.3400517,0 13.6352133,52.3423731,0 13.6324905,52.3556532,0 13.633924,52.3603631,0 13.6379446,52.3642538,0 13.6440718,52.3663263,0 13.6430574,52.3666806,0 13.6449869,52.37218490000001,0 13.6543904,52.3750857,0 13.6503198,52.3716464,0 13.6508604,52.3659883,0 13.6432815,52.3590278,0 13.6444027,52.35104019999999,0 13.6437319,52.3492614,0 13.6395234,52.3485504,0 13.6378704,52.3464191,0 13.6388387,52.34461490000001,0 
					</coordinates>
				</LinearRing>
			</outerBoundaryIs>
		</Polygon>
	</Placemark>
	<Placemark id="Lakes.62">
		<name>Lehnitzsee</name>
		<Polygon>
			<outerBoundaryIs>
				<LinearRing>
					<coordinates>
						13.0521547,52.4415117,0 13.0605818,52.444689,0 13.0500358,52.4511753,0 13.0653686,52.4497893,0 13.0681177,52.4476895,0 13.0674304,52.4435409,0 13.0649978,52.4420598,0 13.0617811,52.4428577,0 13.0594665,52.4408262,0 13.0510568,52.4390218,0 13.0482253,52.4415918,0 13.0521547,52.4415117,0 
					</coordinates>
				</LinearRing>
			</outerBoundaryIs>
		</Polygon>
	</Placemark>
	<Placemark id="Lakes.63">
		<name>Westensee</name>
		<Polygon>
			<outerBoundaryIs>
				<LinearRing>
					<coordinates>
						9.9361333,54.2825835,0 9.9308196,54.2775229,0 9.926653099999999,54.2767649,0 9.915925,54.2790408,0 9.910329000000001,54.2757387,0 9.9046108,54.27598619999999,0 9.9016918,54.2789399,0 9.9075931,54.28199430000001,0 9.9158154,54.28198980000001,0 9.919683300000001,54.2864823,0 9.9295893,54.2898573,0 9.937501900000001,54.29065349999999,0 9.946566799999999,54.28650519999999,0 9.9538077,54.2883604,0 9.951669600000001,54.29588149999999,0 9.9557983,54.3012869,0 9.9651453,54.3002359,0 9.9687594,54.2961509,0 9.9622875,54.2939638,0 9.9707358,54.2928687,0 9.9726426,54.2911638,0 9.968525,54.2907822,0 9.970941699999999,54.28939200000001,0 9.980363799999999,54.2865844,0 9.9874262,54.2889148,0 9.9878839,54.2870835,0 9.978826,54.2824019,0 9.9716529,54.28312499999999,0 9.971876,54.28605,0 9.967632399999999,54.2850215,0 9.962679899999999,54.2812629,0 9.965783200000001,54.279695,0 9.959610700000001,54.2687266,0 9.956569699999999,54.26961559999999,0 9.957250500000001,54.2736141,0 9.9552019,54.2748969,0 9.938497699999999,54.2771157,0 9.9361333,54.2825835,0 
					</coordinates>
				</LinearRing>
			</outerBoundaryIs>
		</Polygon>
	</Placemark>
	<Placemark id="Lakes.64">
		<name>Großer_Stechlinsee</name>
		<Polygon>
			<outerBoundaryIs>
				<LinearRing>
					<coordinates>
						13.0216559,53.1556799,0 13.0250895,53.15674199999999,0 13.0323667,53.1630863,0 13.0370519,53.1702373,0 13.0381229,53.1671063,0 13.0433063,53.1648228,0 13.0408502,53.1592222,0 13.0383505,53.1578566,0 13.0363178,53.1514952,0 13.0371121,53.1503084,0 13.0416768,53.1506729,0 13.0427542,53.1490374,0 13.0261608,53.13992820000001,0 13.0148414,53.1401309,0 13.0102856,53.1415809,0 13.0082984,53.14520869999999,0 13.0271475,53.1466973,0 13.0227216,53.1493915,0 13.0102257,53.1508032,0 13.0075733,53.1494857,0 13.0037745,53.1514781,0 12.9995627,53.1504933,0 12.997513,53.1475104,0 12.9948426,53.15030889999999,0 12.9967382,53.152691,0 13.0026983,53.1533359,0 13.0144157,53.1584683,0 13.0184877,53.1584616,0 13.018265,53.15674969999999,0 13.0216559,53.1556799,0 
					</coordinates>
				</LinearRing>
			</outerBoundaryIs>
		</Polygon>
	</Placemark>
	<Placemark id="Lakes.65">
		<name>Petersdorfer_See</name>
		<Polygon>
			<outerBoundaryIs>
				<LinearRing>
					<coordinates>
						12.4004674,53.4624962,0 12.3917026,53.4600657,0 12.3811218,53.4613019,0 12.3788803,53.45966000000001,0 12.3730341,53.45985109999999,0 12.3604215,53.4623034,0 12.3511469,53.4669675,0 12.3682935,53.4664179,0 12.3768638,53.4621197,0 12.4004674,53.4624962,0 
					</coordinates>
				</LinearRing>
			</outerBoundaryIs>
		</Polygon>
	</Placemark>
	<Placemark id="Lakes.66">
		<name>Großer_Ratzeburger_See</name>
		<Polygon>
			<outerBoundaryIs>
				<LinearRing>
					<coordinates>
						10.7727918,53.70512220000001,0 10.7704597,53.7005636,0 10.7567601,53.7003113,0 10.7446521,53.7120462,0 10.7437103,53.7266855,0 10.7497646,53.73323330000001,0 10.7457292,53.7379938,0 10.7347403,53.7430618,0 10.7314933,53.7510748,0 10.7377212,53.7676946,0 10.7452349,53.7747724,0 10.762314,53.7815955,0 10.7700483,53.7763257,0 10.7600268,53.7672689,0 10.7565892,53.7588949,0 10.758109,53.7470954,0 10.7652531,53.7364541,0 10.7663418,53.7272554,0 10.7661817,53.71964920000001,0 10.7614112,53.7152709,0 10.7663447,53.706641,0 10.7727918,53.70512220000001,0 
					</coordinates>
				</LinearRing>
			</outerBoundaryIs>
		</Polygon>
	</Placemark>
	<Placemark id="Lakes.67">
		<name>Küchensee</name>
		<Polygon>
			<outerBoundaryIs>
				<LinearRing>
					<coordinates>
						10.776573,53.6948651,0 10.778724,53.6921338,0 10.7752776,53.68979879999999,0 10.7617145,53.68646,0 10.7589255,53.6782833,0 10.7535379,53.680403,0 10.7541895,53.6891093,0 10.7626755,53.69891619999999,0 10.776573,53.6948651,0 
					</coordinates>
				</LinearRing>
			</outerBoundaryIs>
		</Polygon>
	</Placemark>
	<Placemark id="Lakes.68">
		<name>Schaalsee</name>
		<Polygon>
			<outerBoundaryIs>
				<LinearRing>
					<coordinates>
						10.9328063,53.5495919,0 10.9251315,53.5469039,0 10.9191867,53.54849779999999,0 10.9186155,53.5557172,0 10.9221196,53.5625162,0 10.9192702,53.565036,0 10.919492,53.57016870000001,0 10.9052947,53.5764137,0 10.9107633,53.5798303,0 10.9061553,53.59004099999999,0 10.9115244,53.5989694,0 10.9071671,53.6007352,0 10.9071414,53.602819,0 10.9095355,53.6017121,0 10.916194,53.6051483,0 10.921453,53.6106086,0 10.9184426,53.6136979,0 10.9108025,53.6140303,0 10.9105953,53.61624160000001,0 10.9042205,53.61489410000001,0 10.898875,53.6208439,0 10.8958465,53.6211408,0 10.8965558,53.6116628,0 10.8896343,53.61146010000001,0 10.887504,53.6125066,0 10.8915594,53.614198,0 10.8863591,53.61582630000001,0 10.8899658,53.6157878,0 10.8895004,53.6179364,0 10.8745202,53.6217151,0 10.8785436,53.62148440000001,0 10.8746926,53.6244461,0 10.8835006,53.6246153,0 10.88456,53.632237,0 10.875913,53.631167,0 10.8660328,53.63619750000001,0 10.8706814,53.63879399999999,0 10.8853215,53.6376334,0 10.8960769,53.6332683,0 10.8988923,53.6311849,0 10.8982317,53.628662,0 10.9242729,53.6260494,0 10.931661,53.62798050000001,0 10.9418469,53.6218957,0 10.9359432,53.6194837,0 10.9359805,53.6104713,0 10.9380918,53.6085104,0 10.936317,53.6056678,0 10.92802,53.60042450000001,0 10.9222926,53.6052076,0 10.9209073,53.600954,0 10.9172793,53.59963020000001,0 10.9182421,53.5947053,0 10.9239815,53.588212,0 10.9234151,53.5842954,0 10.936399,53.57908919999999,0 10.9319964,53.5773266,0 10.9333656,53.5728266,0 10.9305408,53.56921030000001,0 10.955007,53.5674964,0 10.9505652,53.5642737,0 10.9361708,53.5613141,0 10.9362181,53.55651139999999,0 10.9387333,53.5547355,0 10.9328063,53.5495919,0 
					</coordinates>
				</LinearRing>
			</outerBoundaryIs>
		</Polygon>
	</Placemark>
	<Placemark id="Lakes.69">
		<name>Dümmer</name>
		<Polygon>
			<outerBoundaryIs>
				<LinearRing>
					<coordinates>
						8.352281899999999,52.5036668,0 8.3514935,52.4945941,0 8.342414099999999,52.49492750000001,0 8.3391465,52.49238410000001,0 8.3386817,52.48993,0 8.3344174,52.4884805,0 8.3279967,52.48979839999999,0 8.326568200000001,52.4921699,0 8.3284097,52.49478209999999,0 8.3154959,52.4952469,0 8.3180298,52.49668419999999,0 8.317752799999999,52.4980286,0 8.31175,52.49879010000001,0 8.3150131,52.50251359999999,0 8.311786100000001,52.52457480000001,0 8.3125274,52.5309937,0 8.319215700000001,52.5374527,0 8.3247649,52.5378517,0 8.326897499999999,52.5355122,0 8.3349852,52.5321927,0 8.351476399999999,52.5327661,0 8.353669399999999,52.5304613,0 8.352301199999999,52.5297672,0 8.3619241,52.5202835,0 8.3656019,52.5127036,0 8.3575111,52.5119467,0 8.3539078,52.5042757,0 8.352281899999999,52.5036668,0 
					</coordinates>
				</LinearRing>
			</outerBoundaryIs>
		</Polygon>
	</Placemark>
	<Placemark id="Lakes.70">
		<name>Teupitzer_See</name>
		<Polygon>
			<outerBoundaryIs>
				<LinearRing>
					<coordinates>
						13.6209262,52.1416837,0 13.6140276,52.1408303,0 13.6124953,52.1389974,0 13.6140243,52.13739650000001,0 13.6112525,52.13865389999999,0 13.6082302,52.1377668,0 13.6074067,52.1401463,0 13.6050947,52.13925079999999,0 13.6089216,52.1339611,0 13.6049178,52.1297324,0 13.5981401,52.1295372,0 13.5964662,52.1281604,0 13.5949089,52.1296991,0 13.589646,52.12925860000001,0 13.590558,52.131576,0 13.5881622,52.135456,0 13.590241,52.1416025,0 13.5944982,52.1411513,0 13.595113,52.1434891,0 13.6104393,52.1522419,0 13.6177892,52.1476686,0 13.6222957,52.1492701,0 13.6265992,52.1473222,0 13.6255803,52.146289,0 13.6272464,52.1436819,0 13.627121,52.1397727,0 13.6255193,52.1381688,0 13.6178593,52.1393538,0 13.62144,52.1406415,0 13.6209262,52.1416837,0 
					</coordinates>
				</LinearRing>
			</outerBoundaryIs>
		</Polygon>
	</Placemark>
	<Placemark id="Lakes.71">
		<name>Elbsee</name>
		<Polygon>
			<outerBoundaryIs>
				<LinearRing>
					<coordinates>
						6.9082837,51.1824459,0 6.9098401,51.1807699,0 6.903789100000001,51.17962030000001,0 6.9002593,51.1823332,0 6.9021252,51.1833424,0 6.8996715,51.186093,0 6.8930052,51.18816780000001,0 6.890953,51.18693409999999,0 6.888548674705379,51.1894942646507,0 6.910185799999999,51.19058450000001,0 6.9109424,51.18793650000001,0 6.9081248,51.18704530000001,0 6.9099415,51.1867057,0 6.910262,51.184371,0 6.9082837,51.1824459,0 
					</coordinates>
				</LinearRing>
			</outerBoundaryIs>
		</Polygon>
	</Placemark>
	<Placemark id="Lakes.72">
		<name>Geierswalder_See</name>
		<Polygon>
			<outerBoundaryIs>
				<LinearRing>
					<coordinates>
						14.089444,51.4978088,0 14.0727857,51.49988560000001,0 14.091046,51.4957767,0 14.1041316,51.4958492,0 14.1152185,51.4919321,0 14.1199623,51.4958512,0 14.1314747,51.497988,0 14.1313075,51.50345209999999,0 14.1221529,51.51374320000001,0 14.1221697,51.5164436,0 14.1176514,51.5221827,0 14.1101414,51.52265220000001,0 14.1007497,51.5195691,0 14.0949363,51.51957670000001,0 14.093833,51.5183262,0 14.1060499,51.5153263,0 14.1090932,51.5163293,0 14.1104135,51.5141686,0 14.103808,51.5120665,0 14.0973869,51.50669619999999,0 14.0955823,51.50826490000001,0 14.0902971,51.5080462,0 14.0872745,51.5050633,0 14.0909359,51.50393129999999,0 14.0882961,51.5000462,0 14.089444,51.4978088,0 
					</coordinates>
				</LinearRing>
			</outerBoundaryIs>
		</Polygon>
	</Placemark>
	<Placemark id="Lakes.73">
		<name>Concordiasee</name>
		<Polygon>
			<outerBoundaryIs>
				<LinearRing>
					<coordinates>
						11.3305384,51.8151381,0 11.3302302,51.8101637,0 11.3321292,51.8086877,0 11.3447183,51.8072015,0 11.3470849,51.808579,0 11.3459407,51.80941409999999,0 11.3513111,51.8116267,0 11.3589738,51.8127793,0 11.3620439,51.8154317,0 11.3628974,51.8218715,0 11.3702499,51.823611,0 11.3666408,51.8278896,0 11.3462017,51.83250289999999,0 11.3413962,51.8313772,0 11.3387452,51.8285559,0 11.3392986,51.822788,0 11.3423676,51.8194052,0 11.3305384,51.8151381,0 
					</coordinates>
				</LinearRing>
			</outerBoundaryIs>
		</Polygon>
	</Placemark>
	<Placemark id="Lakes.74">
		<name>Ammersee</name>
		<Polygon>
			<outerBoundaryIs>
				<LinearRing>
					<coordinates>
						11.1494599,47.9456587,0 11.1504569,47.943948,0 11.1444843,47.9390161,0 11.1439307,47.9362389,0 11.1409501,47.9380881,0 11.1414054,47.9361754,0 11.139783,47.9355016,0 11.1348625,47.9376785,0 11.1385193,47.9410037,0 11.1323854,47.941266,0 11.1316525,47.9438632,0 11.1269839,47.9417505,0 11.1238783,47.9428692,0 11.1226272,47.9476063,0 11.123984,47.9509388,0 11.1218646,47.9510591,0 11.1196017,47.94494739999999,0 11.1171441,47.9452813,0 11.1164697,47.94878,0 11.1099039,47.9495657,0 11.1074045,47.9547816,0 11.1091847,47.9606053,0 11.1082546,47.9638632,0 11.1040144,47.967853,0 11.1048934,47.9696733,0 11.0995123,47.9781893,0 11.1000617,47.9949577,0 11.0978865,48.00577060000001,0 11.1004695,48.0114322,0 11.0965341,48.01474770000001,0 11.0956231,48.0196039,0 11.0996538,48.0265022,0 11.096984,48.0306704,0 11.0985051,48.03453439999999,0 11.0971091,48.037621,0 11.0990325,48.05072,0 11.1027726,48.05571979999999,0 11.1023729,48.0599514,0 11.1097915,48.0691103,0 11.1156817,48.0695097,0 11.1262899,48.0764255,0 11.1312151,48.077066,0 11.1365452,48.0744473,0 11.1385794,48.065263,0 11.1309066,48.05133610000001,0 11.1290963,48.0450868,0 11.1337406,48.0287665,0 11.1356786,48.0146318,0 11.1423879,48.0046074,0 11.1467136,48.0038684,0 11.1486809,48.0007505,0 11.1533439,47.9994438,0 11.1604135,48.00398489999999,0 11.1644245,48.0040635,0 11.1681159,48.0007561,0 11.1665178,47.9960027,0 11.1701578,47.9929362,0 11.1703552,47.9899011,0 11.1558397,47.9818257,0 11.1496066,47.9741544,0 11.1506623,47.9577553,0 11.1494599,47.9456587,0 
					</coordinates>
				</LinearRing>
			</outerBoundaryIs>
		</Polygon>
	</Placemark>
	<Placemark id="Lakes.75">
		<name>Wörthsee</name>
		<Polygon>
			<outerBoundaryIs>
				<LinearRing>
					<coordinates>
						11.166829,48.0609662,0 11.1718652,48.061881,0 11.1739483,48.0628563,0 11.1739016,48.0649547,0 11.1928795,48.0728344,0 11.1960213,48.0727014,0 11.1998761,48.0697475,0 11.1999833,48.0668754,0 11.1876251,48.0583561,0 11.1808577,48.048613,0 11.175719,48.0451543,0 11.1682272,48.0445938,0 11.1610267,48.051394,0 11.1612645,48.0558666,0 11.166829,48.0609662,0 
					</coordinates>
				</LinearRing>
			</outerBoundaryIs>
		</Polygon>
	</Placemark>
	<Placemark id="Lakes.76">
		<name>Gudelacksee</name>
		<Polygon>
			<outerBoundaryIs>
				<LinearRing>
					<coordinates>
						12.9539668,52.98793989999999,0 12.9469073,52.9873725,0 12.9456334,52.9854612,0 12.9601084,52.98304520000001,0 12.9637634,52.97840839999999,0 12.9802303,52.9777567,0 12.9829849,52.9712449,0 12.9699287,52.9687977,0 12.9624883,52.97093459999999,0 12.9565503,52.9678753,0 12.9523913,52.9697724,0 12.95024,52.9684092,0 12.9429887,52.9688167,0 12.9379535,52.97522630000001,0 12.939294,52.97649849999999,0 12.9371107,52.9836951,0 12.9335611,52.98329280000001,0 12.9326139,52.98581420000001,0 12.9406112,52.99051949999999,0 12.9449007,52.99067000000001,0 12.9490301,52.99394339999999,0 12.953531,52.9915313,0 12.9539668,52.98793989999999,0 
					</coordinates>
				</LinearRing>
			</outerBoundaryIs>
		</Polygon>
	</Placemark>
	<Placemark id="Lakes.77">
		<name>Starnberger_See</name>
		<Polygon>
			<outerBoundaryIs>
				<LinearRing>
					<coordinates>
						11.3068595,47.9478359,0 11.3195066,47.9639241,0 11.326862,47.970551,0 11.3418479,47.9954851,0 11.3545068,47.9980218,0 11.3591425,47.9948267,0 11.3579957,47.990262,0 11.3589629,47.9799733,0 11.3510639,47.9727401,0 11.34177,47.9487798,0 11.3323415,47.9301758,0 11.330777,47.9189397,0 11.3336712,47.90863050000001,0 11.3342892,47.8941102,0 11.3327019,47.8888552,0 11.3330648,47.8747367,0 11.3318452,47.871575,0 11.3342445,47.8677809,0 11.338582,47.8417682,0 11.3383297,47.83621740000001,0 11.3361849,47.8348876,0 11.3370115,47.8329262,0 11.3355144,47.831526,0 11.3374653,47.826688,0 11.3349637,47.8229217,0 11.3288982,47.82094419999999,0 11.3138482,47.82090289999999,0 11.2928926,47.8297761,0 11.2900969,47.83281610000001,0 11.293888,47.8515504,0 11.3004629,47.8551757,0 11.3021398,47.8589721,0 11.2986249,47.8662554,0 11.2898329,47.8725681,0 11.2890176,47.8788947,0 11.2849957,47.88413180000001,0 11.2860132,47.88696409999999,0 11.2833483,47.88753989999999,0 11.2771396,47.8840434,0 11.2712083,47.8872516,0 11.2700666,47.8900978,0 11.2725334,47.8950088,0 11.2758977,47.8966763,0 11.2745374,47.8993637,0 11.275331,47.9015908,0 11.2831261,47.9081601,0 11.2846693,47.91272350000001,0 11.2881735,47.9133715,0 11.289194,47.9184279,0 11.2949725,47.9223776,0 11.3001292,47.93662830000001,0 11.3024357,47.9393175,0 11.302239,47.94230719999999,0 11.30719,47.9435742,0 11.3068595,47.9478359,0 
					</coordinates>
				</LinearRing>
			</outerBoundaryIs>
		</Polygon>
	</Placemark>
	<Placemark id="Lakes.78">
		<name>Wolziger_See</name>
		<Polygon>
			<outerBoundaryIs>
				<LinearRing>
					<coordinates>
						13.8146608,52.263258,0 13.8184803,52.2701811,0 13.8249519,52.2717043,0 13.8302563,52.2695193,0 13.8302906,52.26790679999999,0 13.8341702,52.267287,0 13.8359898,52.2614141,0 13.8398607,52.26076269999999,0 13.8365734,52.2597751,0 13.8373631,52.2572691,0 13.8388737,52.2572533,0 13.8318442,52.24515340000001,0 13.8151157,52.2450469,0 13.8104895,52.24723310000001,0 13.8003014,52.2486782,0 13.7970312,52.25118989999999,0 13.8013056,52.2521463,0 13.8047458,52.2579489,0 13.8095453,52.2623755,0 13.8146608,52.263258,0 
					</coordinates>
				</LinearRing>
			</outerBoundaryIs>
		</Polygon>
	</Placemark>
	<Placemark id="Lakes.79">
		<name>Zwischenahner_Meer</name>
		<Polygon>
			<outerBoundaryIs>
				<LinearRing>
					<coordinates>
						8.0184842,53.1844019,0 8.0143044,53.1845978,0 8.0012381,53.19044670000001,0 7.9964027,53.1878041,0 7.9933288,53.19273710000001,0 7.995269,53.1965792,0 8.0023096,53.1991785,0 8.008711699999999,53.20486220000001,0 8.012966,53.2064878,0 8.013182799999999,53.2114562,0 8.016136100000001,53.2130319,0 8.0291912,53.209699,0 8.036790999999999,53.2017161,0 8.026534099999999,53.1875708,0 8.0184842,53.1844019,0 
					</coordinates>
				</LinearRing>
			</outerBoundaryIs>
		</Polygon>
	</Placemark>
	<Placemark id="Lakes.80">
		<name>Hemmelsdorfer_See</name>
		<Polygon>
			<outerBoundaryIs>
				<LinearRing>
					<coordinates>
						10.7696719,53.9635485,0 10.7759387,53.9734671,0 10.7856741,53.9750937,0 10.7901634,53.9799847,0 10.8042916,53.9811536,0 10.8066682,53.9790104,0 10.8095437,53.98099,0 10.8056482,53.97816640000001,0 10.8046594,53.97203469999999,0 10.7997067,53.9680046,0 10.7837888,53.9613892,0 10.7824692,53.9573578,0 10.7849826,53.9482756,0 10.783125,53.9396723,0 10.7731954,53.9493835,0 10.7736081,53.95542859999999,0 10.7783665,53.95807489999999,0 10.7749307,53.9577,0 10.7696719,53.9635485,0 
					</coordinates>
				</LinearRing>
			</outerBoundaryIs>
		</Polygon>
	</Placemark>
	<Placemark id="Lakes.81">
		<name>Zeesener_See</name>
		<Polygon>
			<outerBoundaryIs>
				<LinearRing>
					<coordinates>
						13.6485892,52.27929420000001,0 13.6507909,52.2759653,0 13.650895,52.2675591,0 13.6550689,52.2613167,0 13.6505113,52.2590945,0 13.6470523,52.25959360000001,0 13.6464515,52.2640063,0 13.6428638,52.2672946,0 13.6433688,52.27263070000001,0 13.6485892,52.27929420000001,0 
					</coordinates>
				</LinearRing>
			</outerBoundaryIs>
		</Polygon>
	</Placemark>
	<Placemark id="Lakes.82">
		<name>Neuendorfer_See</name>
		<Polygon>
			<outerBoundaryIs>
				<LinearRing>
					<coordinates>
						13.9169649,52.1088075,0 13.9126852,52.10528009999999,0 13.9056459,52.1051183,0 13.9066376,52.1080538,0 13.9117619,52.1087763,0 13.9102405,52.1143148,0 13.918583,52.1137874,0 13.9207445,52.1188864,0 13.9195349,52.1220016,0 13.9172488,52.12319000000001,0 13.9284663,52.1268784,0 13.9333746,52.1260187,0 13.9317224,52.1270657,0 13.9359381,52.1291967,0 13.9329871,52.1308181,0 13.9395396,52.1351756,0 13.9421946,52.1287213,0 13.940596,52.12604989999999,0 13.9422101,52.1207678,0 13.9375238,52.11660500000001,0 13.9294202,52.1140394,0 13.9283988,52.1171438,0 13.9252917,52.1172071,0 13.9226328,52.1066024,0 13.9189078,52.1064337,0 13.9202127,52.1098959,0 13.9164528,52.1115818,0 13.9153274,52.1104977,0 13.9169649,52.1088075,0 
					</coordinates>
				</LinearRing>
			</outerBoundaryIs>
		</Polygon>
	</Placemark>
	<Placemark id="Lakes.83">
		<name>Großer_Goitzschesee</name>
		<Polygon>
			<outerBoundaryIs>
				<LinearRing>
					<coordinates>
						12.3791197,51.59560629999999,0 12.3688638,51.6003446,0 12.3693329,51.6039644,0 12.3785559,51.59899089999999,0 12.3766619,51.6024174,0 12.3676508,51.6079147,0 12.3634148,51.6080826,0 12.3622145,51.6116298,0 12.3498556,51.6140472,0 12.3408584,51.6183471,0 12.3406268,51.62174019999999,0 12.3378461,51.6248921,0 12.3578844,51.6309732,0 12.3549449,51.63429,0 12.3606564,51.6401972,0 12.364264,51.64136740000001,0 12.3716695,51.6400806,0 12.3840853,51.630622,0 12.37985,51.6283881,0 12.3688699,51.626804,0 12.3679553,51.62490399999999,0 12.3750089,51.6206616,0 12.3753396,51.6185347,0 12.3789377,51.6158376,0 12.3841209,51.622321,0 12.3903793,51.62552890000001,0 12.3920433,51.6230077,0 12.4032603,51.6203346,0 12.4129476,51.6157916,0 12.416071,51.61084699999999,0 12.4159673,51.6077413,0 12.4130078,51.6058598,0 12.4150593,51.6057763,0 12.4134864,51.6020992,0 12.4162238,51.5987521,0 12.4122797,51.59703549999999,0 12.3914675,51.59682010000001,0 12.3879971,51.59439999999999,0 12.3845746,51.59460660000001,0 12.3846863,51.5976498,0 12.3791197,51.59560629999999,0 
					</coordinates>
				</LinearRing>
			</outerBoundaryIs>
		</Polygon>
	</Placemark>
	<Placemark id="Lakes.84">
		<name>Staffelsee</name>
		<Polygon>
			<outerBoundaryIs>
				<LinearRing>
					<coordinates>
						11.1793304,47.6894492,0 11.1799809,47.6856634,0 11.1760736,47.6845478,0 11.1813947,47.6826673,0 11.184107,47.6836813,0 11.1873261,47.6814535,0 11.1872457,47.6797145,0 11.1748458,47.6781146,0 11.1429454,47.67787209999999,0 11.1382196,47.6782284,0 11.1365273,47.68010509999999,0 11.1367227,47.68206030000001,0 11.1397224,47.6838952,0 11.1383956,47.6865085,0 11.1326633,47.6876522,0 11.1318561,47.689844,0 11.1346104,47.6918423,0 11.1377822,47.6909673,0 11.1394788,47.6966973,0 11.143115,47.69807890000001,0 11.1563368,47.6919247,0 11.1607704,47.691142,0 11.1621062,47.6931991,0 11.1665304,47.6928282,0 11.1620959,47.6956261,0 11.1626341,47.69869220000001,0 11.1599697,47.69959339999999,0 11.1586981,47.70755559999999,0 11.1591305,47.7089558,0 11.1678794,47.7108142,0 11.1722685,47.709732,0 11.1771915,47.7017245,0 11.1786154,47.6954922,0 11.1766761,47.6909245,0 11.1793304,47.6894492,0 
					</coordinates>
				</LinearRing>
			</outerBoundaryIs>
		</Polygon>
	</Placemark>
	<Placemark id="Lakes.85">
		<name>Cospudener_See</name>
		<Polygon>
			<outerBoundaryIs>
				<LinearRing>
					<coordinates>
						12.3353898,51.28404979999999,0 12.3394198,51.2850203,0 12.350568,51.27910880000001,0 12.3481483,51.2753177,0 12.349007,51.27299260000001,0 12.3436364,51.264899,0 12.3452765,51.263512,0 12.3403125,51.2605074,0 12.3349736,51.26100840000001,0 12.3387159,51.2490162,0 12.3358749,51.24892490000001,0 12.3272661,51.25505439999999,0 12.3246595,51.25826910000001,0 12.3219961,51.26750980000001,0 12.3353898,51.28404979999999,0 
					</coordinates>
				</LinearRing>
			</outerBoundaryIs>
		</Polygon>
	</Placemark>
	<Placemark id="Lakes.86">
		<name>Dassower_See</name>
		<Polygon>
			<outerBoundaryIs>
				<LinearRing>
					<coordinates>
						10.8880373,53.9226548,0 10.8948809,53.9251287,0 10.8985422,53.9221193,0 10.9133016,53.924031,0 10.9311116,53.9180835,0 10.940113,53.918847,0 10.9496138,53.9126629,0 10.9611012,53.9143752,0 10.9680844,53.907895,0 10.9581171,53.910015,0 10.9508811,53.90457009999999,0 10.9437058,53.90428330000001,0 10.9371971,53.9005852,0 10.912242,53.8976075,0 10.9021095,53.90314650000001,0 10.9024174,53.9079845,0 10.9119961,53.9147464,0 10.8966748,53.91759740000001,0 10.8880373,53.9226548,0 
					</coordinates>
				</LinearRing>
			</outerBoundaryIs>
		</Polygon>
	</Placemark>
	<Placemark id="Lakes.87">
		<name>Forggensee</name>
		<Polygon>
			<outerBoundaryIs>
				<LinearRing>
					<coordinates>
						10.7338697,47.6312616,0 10.7422703,47.6384366,0 10.7406222,47.64027480000001,0 10.7354911,47.6408908,0 10.7329563,47.6437906,0 10.726749,47.643609,0 10.736043,47.6454215,0 10.7382009,47.65083589999999,0 10.7365007,47.6526499,0 10.7388044,47.6548346,0 10.7463203,47.65444120000001,0 10.7455301,47.65253420000001,0 10.7402605,47.651171,0 10.7389946,47.64913740000001,0 10.7391589,47.6464453,0 10.7434447,47.6448842,0 10.7464619,47.6371926,0 10.7522808,47.6370829,0 10.7543471,47.6338926,0 10.7598992,47.64017539999999,0 10.7636391,47.6333963,0 10.7585135,47.6230752,0 10.7576918,47.6153675,0 10.7602895,47.61001599999999,0 10.758803,47.6109296,0 10.7565642,47.60946659999999,0 10.7533569,47.6003959,0 10.7500092,47.5964113,0 10.7418152,47.5944586,0 10.7362992,47.5992802,0 10.7359712,47.60146069999999,0 10.7334759,47.5993984,0 10.7302505,47.5898512,0 10.723105,47.5800448,0 10.7201594,47.5786827,0 10.7119295,47.5788578,0 10.708376,47.5850791,0 10.7108307,47.587711,0 10.7076594,47.5873314,0 10.716846,47.6010616,0 10.7135373,47.6017529,0 10.7155901,47.60622920000001,0 10.7230905,47.6129797,0 10.7276878,47.61485130000001,0 10.7277129,47.6182363,0 10.7336144,47.62379979999999,0 10.7301978,47.622858,0 10.7343907,47.62468799999999,0 10.735167,47.6290503,0 10.7338697,47.6312616,0 
					</coordinates>
				</LinearRing>
			</outerBoundaryIs>
		</Polygon>
	</Placemark>
	<Placemark id="Lakes.88">
		<name>Müritz</name>
		<Polygon>
			<outerBoundaryIs>
				<LinearRing>
					<coordinates>
						12.6716739,53.2865628,0 12.6677632,53.2876559,0 12.6865709,53.2946327,0 12.6807745,53.3081316,0 12.684609,53.3164213,0 12.6903849,53.31894,0 12.6974514,53.3292737,0 12.6912474,53.33109910000001,0 12.6846735,53.3390561,0 12.6849501,53.34508830000001,0 12.6939082,53.3471289,0 12.6920893,53.35783,0 12.6946523,53.3661148,0 12.6888942,53.3722612,0 12.689232,53.3804703,0 12.6752253,53.3916146,0 12.6802722,53.3989699,0 12.6742783,53.4041232,0 12.6701361,53.4038272,0 12.6534386,53.391909,0 12.6476129,53.39197299999999,0 12.6455942,53.3947984,0 12.6482351,53.3994772,0 12.6558419,53.40593760000001,0 12.6462932,53.4068905,0 12.6411326,53.4034879,0 12.6418515,53.39950919999999,0 12.6458976,53.3982044,0 12.637949,53.3968545,0 12.641258,53.39332229999999,0 12.638909,53.3913222,0 12.6207997,53.3853932,0 12.6199649,53.3900995,0 12.6273674,53.3935719,0 12.6253229,53.4007191,0 12.6304089,53.404299,0 12.6306323,53.4080676,0 12.629013,53.4176022,0 12.621249,53.4288706,0 12.5927905,53.4280182,0 12.581169,53.42393509999999,0 12.5811486,53.4290936,0 12.59077,53.4357886,0 12.5891092,53.4371835,0 12.603868,53.44464249999999,0 12.6099558,53.45478749999999,0 12.6158917,53.45777360000001,0 12.6195004,53.4693558,0 12.6315144,53.4856027,0 12.6449928,53.4917813,0 12.6529089,53.5035292,0 12.6437921,53.5044982,0 12.661849,53.5177698,0 12.6900983,53.5123622,0 12.6906748,53.5062914,0 12.68673,53.5024866,0 12.662051,53.5009513,0 12.6571624,53.4937609,0 12.6558263,53.48419850000001,0 12.6973217,53.4645439,0 12.7274856,53.441829,0 12.7671892,53.4309165,0 12.7762262,53.4232355,0 12.7830246,53.4061374,0 12.7833144,53.3966933,0 12.766817,53.3758863,0 12.7377709,53.3691614,0 12.7362512,53.363164,0 12.7202664,53.3560621,0 12.7130356,53.3457204,0 12.7012092,53.346755,0 12.6937684,53.3430798,0 12.6916578,53.3380388,0 12.6965608,53.33362129999999,0 12.7091472,53.3398541,0 12.7017859,53.3424764,0 12.7080676,53.342667,0 12.7110925,53.3381414,0 12.716198,53.3395997,0 12.7173239,53.3377057,0 12.7134106,53.3364132,0 12.7158988,53.3343823,0 12.7145693,53.3257069,0 12.7097373,53.3264053,0 12.7125131,53.3201593,0 12.7009732,53.3252295,0 12.6887476,53.31591599999999,0 12.6847427,53.30740930000001,0 12.6900368,53.2933642,0 12.6819095,53.2850967,0 12.6725696,53.281218,0 12.6716739,53.2865628,0 
					</coordinates>
				</LinearRing>
			</outerBoundaryIs>
		</Polygon>
	</Placemark>
	<Placemark id="Lakes.89">
		<name>Tegernsee</name>
		<Polygon>
			<outerBoundaryIs>
				<LinearRing>
					<coordinates>
						11.7356431,47.7476855,0 11.7367784,47.7412065,0 11.7350405,47.7388994,0 11.7354718,47.73684120000001,0 11.7432939,47.7278728,0 11.7440034,47.7251791,0 11.7526786,47.717066,0 11.7510944,47.7102929,0 11.755179,47.7067106,0 11.7579952,47.7062603,0 11.7595968,47.7033829,0 11.7576051,47.70053129999999,0 11.7688588,47.6993047,0 11.7712431,47.6973389,0 11.7710291,47.6953856,0 11.7592119,47.6956834,0 11.7585173,47.6978651,0 11.753523,47.6987053,0 11.7482277,47.6965256,0 11.7384425,47.6925686,0 11.7332639,47.6956418,0 11.7381651,47.69729120000001,0 11.7401837,47.7062623,0 11.7263367,47.7141584,0 11.7291043,47.7157958,0 11.7289624,47.7178177,0 11.726186,47.7194827,0 11.7275243,47.720499,0 11.7267797,47.722353,0 11.719847,47.7239365,0 11.7215076,47.7258507,0 11.7185975,47.7314629,0 11.7196294,47.7324876,0 11.7185411,47.7385056,0 11.7214351,47.7422245,0 11.7356431,47.7476855,0 
					</coordinates>
				</LinearRing>
			</outerBoundaryIs>
		</Polygon>
	</Placemark>
	<Placemark id="Lakes.90">
		<name>Partwitzer_See</name>
		<Polygon>
			<outerBoundaryIs>
				<LinearRing>
					<coordinates>
						14.1703744,51.5112086,0 14.1659918,51.50814979999999,0 14.1605678,51.50704519999999,0 14.1601703,51.4998864,0 14.1591934,51.5043355,0 14.157042,51.50571459999999,0 14.152444,51.5045356,0 14.1504411,51.50634040000001,0 14.1359157,51.5092696,0 14.1347171,51.51203029999999,0 14.1300783,51.5133626,0 14.127444,51.51627970000001,0 14.1301399,51.5189608,0 14.1280993,51.52297639999999,0 14.1165408,51.5326524,0 14.1108346,51.534152,0 14.1176082,51.5362271,0 14.1173076,51.5382145,0 14.1227178,51.5409771,0 14.1342675,51.5427533,0 14.1425353,51.54133550000001,0 14.145019,51.54310479999999,0 14.1479382,51.5425075,0 14.1542887,51.537149,0 14.1673142,51.5323012,0 14.1675207,51.5290649,0 14.1487684,51.5211844,0 14.1431097,51.517263,0 14.1489932,51.5179908,0 14.1516175,51.5203253,0 14.168994,51.5262371,0 14.1741803,51.5234111,0 14.1707107,51.51674140000001,0 14.1703744,51.5112086,0 
					</coordinates>
				</LinearRing>
			</outerBoundaryIs>
		</Polygon>
	</Placemark>
	<Placemark id="Lakes.91">
		<name>Unterbacher_See</name>
		<Polygon>
			<outerBoundaryIs>
				<LinearRing>
					<coordinates>
						6.8767238,51.1962445,0 6.883008700000001,51.1991519,0 6.8918203,51.19617329999999,0 6.9055896,51.1957925,0 6.9094375,51.1943753,0 6.9062256,51.1924545,0 6.8889793,51.1918305,0 6.8885452,51.19376189999999,0 6.8845379,51.19504850000001,0 6.8772975,51.19514779999999,0 6.8767238,51.1962445,0 
					</coordinates>
				</LinearRing>
			</outerBoundaryIs>
		</Polygon>
	</Placemark>
	<Placemark id="Lakes.92">
		<name>Bodensee</name>
		<Polygon>
			<outerBoundaryIs>
				<LinearRing>
					<coordinates>
						9.568557,47.5012943,0 9.5592074,47.5007293,0 9.5556564,47.5013333,0 9.5542502,47.4953535,0 9.546114599999999,47.4910958,0 9.540234099999999,47.4826339,0 9.4985914,47.4780659,0 9.481966099999999,47.4811145,0 9.476915,47.4861943,0 9.477434300000001,47.4896641,0 9.468939499999999,47.4946917,0 9.452147099999999,47.499181,0 9.4457319,47.5057465,0 9.4358535,47.5064736,0 9.435052799999999,47.5117304,0 9.437883299999999,47.5137397,0 9.437778700000001,47.5186192,0 9.422174399999999,47.5234678,0 9.387303299999999,47.5459778,0 9.386685,47.5504367,0 9.380167399999999,47.5543227,0 9.3852539,47.5699686,0 9.326556399999999,47.5932721,0 9.3052805,47.6075202,0 9.285848,47.6165218,0 9.2443916,47.6323264,0 9.2376822,47.6325559,0 9.231590199999999,47.6358682,0 9.2284557,47.6346991,0 9.211701400000001,47.64493740000001,0 9.2055028,47.6444331,0 9.189387999999999,47.64974169999999,0 9.181139099999999,47.65733950000001,0 9.181933900000001,47.66046320000001,0 9.177880500000001,47.6634291,0 9.1783546,47.66571129999999,0 9.1699833,47.6687891,0 9.163579199999999,47.66940930000001,0 9.1538491,47.6652178,0 9.1487189,47.6664008,0 9.138735199999999,47.66311,0 9.124698,47.66635279999999,0 9.0977111,47.6662895,0 9.0890574,47.67352989999999,0 9.0824122,47.67430820000001,0 9.076923000000001,47.6705688,0 9.068660599999999,47.6746011,0 9.045588800000001,47.672759,0 9.0369829,47.6750779,0 9.0260099,47.6727522,0 9.015510900000001,47.67470830000001,0 9.0139046,47.6727717,0 8.9887877,47.668262,0 8.9841535,47.6694559,0 8.979979500000001,47.6652217,0 8.9735794,47.6649949,0 8.970251299999999,47.6591403,0 8.961335699999999,47.6562859,0 8.957972099999999,47.6577004,0 8.944560299999999,47.652741,0 8.931413600000001,47.65243699999999,0 8.923617,47.64689299999999,0 8.9167057,47.64827180000001,0 8.9063821,47.6435951,0 8.8924644,47.6439963,0 8.883237899999999,47.6521698,0 8.876345799999999,47.653971,0 8.8709124,47.65170190000001,0 8.859772223862191,47.65984140796589,0 8.8791935,47.65660260000001,0 8.8949958,47.652061,0 8.925039200000001,47.6602695,0 8.938054599999999,47.6590616,0 8.939132300000001,47.66165610000001,0 8.950205,47.6674936,0 8.956929499999999,47.6704799,0 8.9709728,47.6719519,0 8.973175400000001,47.67608970000001,0 8.995888600000001,47.6852231,0 9.0063634,47.6961578,0 9.002479900000001,47.7005208,0 8.9935899,47.7067048,0 8.973556200000001,47.71114539999999,0 8.9544128,47.72062400000001,0 8.945195200000001,47.72267119999999,0 8.9396866,47.7279182,0 8.941209600000001,47.7326995,0 8.9599403,47.73721990000001,0 8.983656999999999,47.73235159999999,0 8.999420300000001,47.7253859,0 9.005398400000001,47.72409810000001,0 9.0097842,47.7207726,0 9.0146649,47.71974440000001,0 9.0144512,47.72346009999999,0 9.0022357,47.7301947,0 9.000218200000001,47.7339261,0 8.986747599999999,47.736044,0 8.983094299999999,47.74033260000001,0 8.990000800000001,47.74345349999999,0 8.9972142,47.7421128,0 9.001637499999999,47.73798919999999,0 9.023641400000001,47.7283406,0 9.0325696,47.727297,0 9.0683416,47.7125217,0 9.091871299999999,47.7070511,0 9.0994273,47.70318200000001,0 9.1092432,47.6902223,0 9.1098029,47.6868689,0 9.1139419,47.6842786,0 9.1179706,47.6787926,0 9.123490500000001,47.6762325,0 9.1265368,47.6684796,0 9.1299244,47.66696159999999,0 9.138698700000001,47.6648319,0 9.1606983,47.67167799999999,0 9.207059900000001,47.66295359999999,0 9.217735100000001,47.6659205,0 9.210296899999999,47.67712150000001,0 9.2128766,47.6822658,0 9.2020766,47.6915101,0 9.1890263,47.69681249999999,0 9.186102699999999,47.7021149,0 9.179459599999999,47.7054645,0 9.1812205,47.7117208,0 9.1780396,47.72510230000001,0 9.172429599999999,47.73512119999999,0 9.155939200000001,47.7418164,0 9.149145900000001,47.7485603,0 9.136533200000001,47.7469447,0 9.110377700000001,47.7619479,0 9.079683899999999,47.7723317,0 9.065485799999999,47.7805187,0 9.0491107,47.7930244,0 9.047797299999999,47.7962404,0 9.0309229,47.80466250000001,0 9.030791499999999,47.80715979999999,0 9.0355183,47.8129602,0 9.0385565,47.81713360000001,0 9.055001799999999,47.81405209999999,0 9.0615253,47.8150323,0 9.085969499999999,47.79842920000001,0 9.105435099999999,47.7929885,0 9.124496600000001,47.7827077,0 9.1390847,47.76989810000001,0 9.1590282,47.7659577,0 9.1939844,47.750488,0 9.2077594,47.7479724,0 9.225156200000001,47.74037529999999,0 9.2265918,47.7281158,0 9.228705400000001,47.72619470000001,0 9.228675300000001,47.7235812,0 9.238466499999999,47.71127439999999,0 9.26552,47.6939718,0 9.2779928,47.6897742,0 9.2897029,47.6823636,0 9.311359299999999,47.67384450000001,0 9.323704599999999,47.6724599,0 9.3491502,47.6609604,0 9.3567836,47.6601127,0 9.368590599999999,47.6629465,0 9.370101200000001,47.6652544,0 9.378128,47.66423389999999,0 9.407160299999999,47.6683153,0 9.420872900000001,47.6656982,0 9.437176600000001,47.6563021,0 9.4446735,47.6569284,0 9.454059900000001,47.65430210000001,0 9.462945299999999,47.648516,0 9.472926599999999,47.6513234,0 9.480603,47.6490451,0 9.4859302,47.651911,0 9.4918826,47.6510577,0 9.5151735,47.6346938,0 9.518213899999999,47.62157810000001,0 9.526309899999999,47.615809,0 9.5300741,47.6027113,0 9.5505347,47.587801,0 9.5726038,47.5841379,0 9.5962847,47.588272,0 9.6038503,47.58189959999999,0 9.606726699999999,47.57353670000001,0 9.6159506,47.569313,0 9.627112800000001,47.57107799999999,0 9.630808,47.5694268,0 9.6284499,47.5671599,0 9.6296959,47.56606680000001,0 9.6411166,47.5657758,0 9.6447138,47.5608356,0 9.6535794,47.5566849,0 9.6794136,47.5568464,0 9.6824934,47.55254660000001,0 9.692135199999999,47.5497796,0 9.7129224,47.5504088,0 9.720599500000001,47.5463877,0 9.731058300000001,47.5348875,0 9.7280909,47.53357350000001,0 9.736642,47.5317299,0 9.7468488,47.5249975,0 9.7538008,47.5159625,0 9.75088,47.5087723,0 9.7418864,47.5044157,0 9.726430499999999,47.5074165,0 9.6918878,47.5065661,0 9.6849217,47.5041754,0 9.6898385,47.50026330000001,0 9.688497699999999,47.495005,0 9.6878454,47.49275230000001,0 9.681018999999999,47.491877,0 9.678659100000001,47.4935255,0 9.678698300000001,47.497335,0 9.6811664,47.498666,0 9.6724151,47.4988517,0 9.671217199999999,47.504867,0 9.6665156,47.5094325,0 9.651727599999999,47.5179001,0 9.6512542,47.52124210000001,0 9.646159300000001,47.5259087,0 9.643261799999999,47.52475810000001,0 9.6486965,47.5155939,0 9.657360799999999,47.5100742,0 9.6549163,47.50824119999999,0 9.666602299999999,47.5030571,0 9.6650285,47.49769940000001,0 9.6676558,47.4966167,0 9.662707599999999,47.4943403,0 9.6639578,47.4882203,0 9.661648400000001,47.488563,0 9.6619391,47.4906662,0 9.653822399999999,47.4926288,0 9.6485433,47.4897411,0 9.650400299999999,47.4872265,0 9.6422784,47.4913114,0 9.638152099999999,47.496182,0 9.638317000000001,47.49964560000001,0 9.6452496,47.5031189,0 9.6471585,47.50611940000001,0 9.6442835,47.50712350000001,0 9.633563000000001,47.5029588,0 9.624009300000001,47.494519,0 9.615717200000001,47.4956299,0 9.6075198,47.4890898,0 9.598614899999999,47.4880495,0 9.585088300000001,47.488167,0 9.586247200000001,47.4903242,0 9.570941899999999,47.4953457,0 9.568557,47.5012943,0 
					</coordinates>
				</LinearRing>
			</outerBoundaryIs>
		</Polygon>
	</Placemark>
	<Placemark id="Lakes.93">
		<name>Senftenberger_See</name>
		<Polygon>
			<outerBoundaryIs>
				<LinearRing>
					<coordinates>
						13.9776005,51.4906022,0 13.9856984,51.4928809,0 13.9895862,51.4979417,0 13.9829236,51.50124770000001,0 13.9855535,51.5058904,0 14.0072875,51.5129464,0 14.0547751,51.5107588,0 14.0614316,51.5069776,0 14.063049,51.5009914,0 14.0592285,51.49800160000001,0 14.0466314,51.4966125,0 14.0169935,51.48191419999999,0 14.0024077,51.4806881,0 14.0017766,51.4788407,0 13.989914,51.47784499999999,0 13.9820712,51.4792783,0 13.9803077,51.4863174,0 13.9769746,51.4880511,0 13.9776005,51.4906022,0 
					</coordinates>
				</LinearRing>
			</outerBoundaryIs>
		</Polygon>
	</Placemark>
	<Placemark id="Lakes.94">
		<name>Schlabendorfer_See</name>
		<Polygon>
			<outerBoundaryIs>
				<LinearRing>
					<coordinates>
						13.7944683,51.7890693,0 13.7839013,51.7873773,0 13.7840622,51.78898860000001,0 13.8018573,51.79169690000001,0 13.7991809,51.7939518,0 13.7956082,51.79371030000001,0 13.7841734,51.7901202,0 13.7831268,51.7865431,0 13.7635199,51.7830171,0 13.7577713,51.7797651,0 13.7501217,51.7786583,0 13.7454352,51.7748378,0 13.7433491,51.7788942,0 13.7437135,51.78040589999999,0 13.7556465,51.7831705,0 13.7579006,51.7862893,0 13.7753937,51.78767939999999,0 13.7780408,51.7891636,0 13.7785037,51.7958957,0 13.78313,51.79712849999999,0 13.7829299,51.79976500000001,0 13.7896194,51.8051982,0 13.7990449,51.80471579999999,0 13.7981955,51.8114225,0 13.8003637,51.8126643,0 13.8161612,51.8056552,0 13.8304572,51.7962971,0 13.8314788,51.79425869999999,0 13.8243249,51.791709,0 13.8217286,51.788123,0 13.8027414,51.7906179,0 13.8014995,51.7878074,0 13.7944683,51.7890693,0 
					</coordinates>
				</LinearRing>
			</outerBoundaryIs>
		</Polygon>
	</Placemark>
	<Placemark id="Lakes.95">
		<name>Steinhuder_Meer</name>
		<Polygon>
			<outerBoundaryIs>
				<LinearRing>
					<coordinates>
						9.303565000000001,52.4476773,0 9.284273499999999,52.4538419,0 9.2786811,52.4600264,0 9.2767222,52.4695251,0 9.281610799999999,52.4737175,0 9.295363099999999,52.48081130000001,0 9.2993764,52.48088109999999,0 9.3075335,52.48699549999999,0 9.3462002,52.4945118,0 9.355955099999999,52.4989065,0 9.3608075,52.49985970000001,0 9.3651742,52.4986252,0 9.380422899999999,52.4908331,0 9.3783767,52.4901884,0 9.3786215,52.4889692,0 9.380432900000001,52.4890545,0 9.3828993,52.4842097,0 9.381936400000001,52.481287,0 9.386428,52.4768905,0 9.384729999999999,52.4726636,0 9.3833096,52.4723848,0 9.3839869,52.4741094,0 9.382479,52.4743897,0 9.381974400000001,52.47264659999999,0 9.374890799999999,52.4696111,0 9.3757102,52.4644599,0 9.370684600000001,52.4658128,0 9.369513700000001,52.4649547,0 9.3720906,52.46284459999999,0 9.3570949,52.4604964,0 9.357476500000001,52.459036,0 9.348458600000001,52.45235449999999,0 9.3426572,52.44994290000001,0 9.3180479,52.4465444,0 9.303565000000001,52.4476773,0 
					</coordinates>
				</LinearRing>
			</outerBoundaryIs>
		</Polygon>
	</Placemark>
	<Placemark id="Lakes.96">
		<name>Lichtenauer_See</name>
		<Polygon>
			<outerBoundaryIs>
				<LinearRing>
					<coordinates>
						13.8700168,51.7952233,0 13.8717838,51.7941364,0 13.8774535,51.7979126,0 13.8818276,51.815534,0 13.8842604,51.8160433,0 13.8893714,51.8230399,0 13.8980035,51.8269186,0 13.9015853,51.8304136,0 13.8998226,51.83597940000001,0 13.8854508,51.8378485,0 13.8833346,51.8407123,0 13.8854071,51.8424447,0 13.8903293,51.84054089999999,0 13.8920291,51.8417477,0 13.9043807,51.8405021,0 13.8841982,51.8446108,0 13.8808776,51.8440093,0 13.8773601,51.83979179999999,0 13.8807746,51.8359157,0 13.8880815,51.8339272,0 13.891711,51.8288537,0 13.8867398,51.8276294,0 13.8865789,51.82601810000001,0 13.8819907,51.8239535,0 13.8791186,51.8195455,0 13.8753061,51.8176978,0 13.8738276,51.818559,0 13.874828,51.8208396,0 13.869672,51.8198685,0 13.8688685,51.8180093,0 13.8751393,51.8174743,0 13.8751377,51.8135292,0 13.8726201,51.81094199999999,0 13.8736474,51.8057523,0 13.8700168,51.7952233,0 
					</coordinates>
				</LinearRing>
			</outerBoundaryIs>
		</Polygon>
	</Placemark>
	<Placemark id="Lakes.97">
		<name>Scharmützelsee</name>
		<Polygon>
			<outerBoundaryIs>
				<LinearRing>
					<coordinates>
						14.0103184,52.2121367,0 14.0132075,52.2123769,0 14.0159055,52.2177914,0 14.0210965,52.22166720000001,0 14.0211743,52.2262018,0 14.028318,52.2362054,0 14.037684,52.2434239,0 14.0423403,52.2446261,0 14.0514089,52.2521603,0 14.0517358,52.2543384,0 14.0493784,52.2555559,0 14.0482733,52.2596276,0 14.0436385,52.26383020000001,0 14.0453229,52.2677436,0 14.0443251,52.2696804,0 14.0411115,52.2707399,0 14.0408302,52.2726288,0 14.0487456,52.27621300000001,0 14.0478413,52.2793997,0 14.0491855,52.2822976,0 14.0447872,52.2798953,0 14.044519,52.2766529,0 14.0425824,52.2767886,0 14.0406886,52.27999390000001,0 14.0409797,52.2834501,0 14.0433708,52.2843128,0 14.0442667,52.2879136,0 14.0485704,52.29132,0 14.0578992,52.2901819,0 14.0560074,52.287696,0 14.0566761,52.2799069,0 14.0554485,52.2789319,0 14.0598174,52.2734098,0 14.0602143,52.2673697,0 14.0706472,52.2601908,0 14.0712757,52.2558123,0 14.0685292,52.248351,0 14.0635893,52.2435933,0 14.0585404,52.2445588,0 14.0534256,52.2361748,0 14.0507361,52.2359485,0 14.0446658,52.2284328,0 14.0429612,52.22350100000001,0 14.0288772,52.2151694,0 14.0269937,52.2100495,0 14.0178586,52.2077007,0 14.0200951,52.2074921,0 14.0168532,52.2033343,0 14.0095193,52.2074383,0 14.0077152,52.2112785,0 14.0124082,52.2141475,0 14.0103184,52.2121367,0 
					</coordinates>
				</LinearRing>
			</outerBoundaryIs>
		</Polygon>
	</Placemark>
	<Placemark id="Lakes.98">
		<name>Zwenkauer_See</name>
		<Polygon>
			<outerBoundaryIs>
				<LinearRing>
					<coordinates>
						12.3376607,51.2318847,0 12.337233,51.2347207,0 12.3345702,51.2357057,0 12.3130023,51.23335600000001,0 12.2920262,51.22458189999999,0 12.2876051,51.2233937,0 12.287068,51.2245885,0 12.2817182,51.2223707,0 12.2775342,51.22369069999999,0 12.2701387,51.2307696,0 12.2719288,51.2383088,0 12.2755379,51.2430629,0 12.2822773,51.2465737,0 12.2834886,51.2494729,0 12.2893923,51.2520849,0 12.314519,51.2411785,0 12.3296322,51.2402887,0 12.3449941,51.2434451,0 12.3496096,51.2396469,0 12.3444946,51.2319837,0 12.3520891,51.221688,0 12.3543437,51.2218432,0 12.3502478,51.2257486,0 12.3577043,51.22081469999999,0 12.356611,51.2168153,0 12.3488698,51.2167973,0 12.3376607,51.2318847,0 
					</coordinates>
				</LinearRing>
			</outerBoundaryIs>
		</Polygon>
	</Placemark>
	<Placemark id="Lakes.99">
		<name>Thüren</name>
		<Polygon>
			<outerBoundaryIs>
				<LinearRing>
					<coordinates>
						12.6995888,53.2760648,0 12.6929584,53.27559790000001,0 12.6925976,53.2724028,0 12.6890736,53.2726341,0 12.6890429,53.2750216,0 12.6920615,53.2776672,0 12.6960067,53.2770017,0 12.695297,53.28100859999999,0 12.6915331,53.2836134,0 12.6916983,53.28630849999999,0 12.6984426,53.29226340000001,0 12.7074262,53.29404370000001,0 12.7125362,53.2904989,0 12.7076069,53.2871027,0 12.7042214,53.28831780000001,0 12.7039244,53.2903539,0 12.7009077,53.2894436,0 12.7010013,53.2856488,0 12.6986657,53.2840699,0 12.7004623,53.2818948,0 12.6995888,53.2760648,0 
					</coordinates>
				</LinearRing>
			</outerBoundaryIs>
		</Polygon>
	</Placemark>
	<Placemark id="Lakes.100">
		<name>Beetzsee</name>
		<Polygon>
			<outerBoundaryIs>
				<LinearRing>
					<coordinates>
						12.6099593,52.489902,0 12.6218448,52.48975769999999,0 12.622869,52.4862816,0 12.6245945,52.4858161,0 12.6330366,52.49139030000001,0 12.6415125,52.4901009,0 12.6441098,52.48749699999999,0 12.6459661,52.48778990000001,0 12.645312,52.48378329999999,0 12.6425643,52.48649289999999,0 12.6334435,52.48888049999999,0 12.6315253,52.4845941,0 12.622195,52.4831333,0 12.6170088,52.4860231,0 12.6137804,52.4859432,0 12.6041494,52.4843903,0 12.6026054,52.481143,0 12.598309,52.4784334,0 12.5935796,52.47930379999999,0 12.5966699,52.48011390000001,0 12.6013847,52.4891633,0 12.606758,52.4913188,0 12.6099593,52.489902,0 
					</coordinates>
				</LinearRing>
			</outerBoundaryIs>
		</Polygon>
	</Placemark>
	<Placemark id="Lakes.101">
		<name>Nieder_Neuendorfer_See</name>
		<Polygon>
			<outerBoundaryIs>
				<LinearRing>
					<coordinates>
						13.2198619,52.62707990000001,0 13.2212873,52.6272049,0 13.2208289,52.6220524,0 13.2153045,52.6128143,0 13.2101941,52.6083626,0 13.2048267,52.6069577,0 13.2023867,52.6085605,0 13.2045262,52.6101247,0 13.2053277,52.6137813,0 13.2085921,52.6160108,0 13.2109159,52.6157124,0 13.2118742,52.6186931,0 13.2163403,52.620547,0 13.2198619,52.62707990000001,0 
					</coordinates>
				</LinearRing>
			</outerBoundaryIs>
		</Polygon>
	</Placemark>
	<Placemark id="Lakes.102">
		<name>Rangsdorfer_See</name>
		<Polygon>
			<outerBoundaryIs>
				<LinearRing>
					<coordinates>
						13.4138131,52.2797652,0 13.4097962,52.2766774,0 13.4059795,52.2782914,0 13.4013973,52.284119,0 13.3972821,52.2817134,0 13.3976716,52.2803351,0 13.3948522,52.28127889999999,0 13.3924275,52.28530889999999,0 13.3956891,52.2869759,0 13.3933341,52.2927891,0 13.3959319,52.2949457,0 13.3995495,52.2950758,0 13.4116773,52.2930288,0 13.4138445,52.28997329999999,0 13.4138131,52.2797652,0 
					</coordinates>
				</LinearRing>
			</outerBoundaryIs>
		</Polygon>
	</Placemark>
	<Placemark id="Lakes.103">
		<name>Inselsee</name>
		<Polygon>
			<outerBoundaryIs>
				<LinearRing>
					<coordinates>
						12.1784349,53.7539283,0 12.16536,53.7542614,0 12.1562984,53.7509837,0 12.1515385,53.7518216,0 12.1491734,53.75411179999999,0 12.1459295,53.7523383,0 12.1373624,53.75380449999999,0 12.1390947,53.7564617,0 12.1467857,53.7591739,0 12.1485749,53.75786190000001,0 12.1520425,53.75997859999999,0 12.1523642,53.7619672,0 12.1596208,53.764734,0 12.1767886,53.76781179999999,0 12.1754639,53.7661695,0 12.1780272,53.76472149999999,0 12.1967878,53.7683168,0 12.1985197,53.7690506,0 12.1974923,53.7710851,0 12.2001421,53.77703619999999,0 12.2093354,53.7809101,0 12.2101429,53.7763247,0 12.2065596,53.7712061,0 12.2082305,53.7704841,0 12.2066315,53.7696824,0 12.2098474,53.76801520000001,0 12.2057955,53.76352090000001,0 12.1888538,53.75774,0 12.1787337,53.7597279,0 12.1795319,53.757161,0 12.1726752,53.7578356,0 12.1727919,53.7560033,0 12.1792034,53.7556945,0 12.1784349,53.7539283,0 
					</coordinates>
				</LinearRing>
			</outerBoundaryIs>
		</Polygon>
	</Placemark>
	<Placemark id="Lakes.104">
		<name>Krossinsee</name>
		<Polygon>
			<outerBoundaryIs>
				<LinearRing>
					<coordinates>
						13.6662738,52.3581375,0 13.666539,52.3619077,0 13.6686588,52.3642602,0 13.679341,52.3693381,0 13.6901016,52.3677334,0 13.692634,52.3642406,0 13.6952227,52.3643449,0 13.6911387,52.362051,0 13.6804215,52.3626821,0 13.679483,52.3638606,0 13.6766277,52.3588923,0 13.6694579,52.3542461,0 13.6662738,52.3581375,0 
					</coordinates>
				</LinearRing>
			</outerBoundaryIs>
		</Polygon>
	</Placemark>
	<Placemark id="Lakes.105">
		<name>Großer_Zernsee</name>
		<Polygon>
			<outerBoundaryIs>
				<LinearRing>
					<coordinates>
						12.9116416,52.4168554,0 12.9163623,52.41840489999999,0 12.917418,52.4150284,0 12.9300179,52.4090128,0 12.9350734,52.4114526,0 12.9345927,52.4134735,0 12.9373949,52.4162684,0 12.9420658,52.4111822,0 12.943843,52.41151729999999,0 12.9434076,52.41013949999999,0 12.9466124,52.40655149999999,0 12.9399591,52.39557769999999,0 12.9360996,52.3929297,0 12.9309549,52.3928448,0 12.9255054,52.39852990000001,0 12.9263326,52.40082499999999,0 12.9146697,52.39874570000001,0 12.9144351,52.3998649,0 12.9267392,52.402302,0 12.9242392,52.405784,0 12.9146348,52.4073085,0 12.9111585,52.4097238,0 12.9116416,52.4168554,0 
					</coordinates>
				</LinearRing>
			</outerBoundaryIs>
		</Polygon>
	</Placemark>
	<Placemark id="Lakes.106">
		<name>Jungfernsee</name>
		<Polygon>
			<outerBoundaryIs>
				<LinearRing>
					<coordinates>
						13.0782125,52.4211667,0 13.0741079,52.42034580000001,0 13.0697529,52.4222398,0 13.070167,52.4260899,0 13.0655699,52.4277692,0 13.0651206,52.4300126,0 13.0510568,52.4390218,0 13.0564576,52.4390932,0 13.0643187,52.4354703,0 13.0706197,52.4309092,0 13.0748316,52.4249279,0 13.0802214,52.423354,0 13.0863069,52.4256933,0 13.0947572,52.4240346,0 13.0984172,52.42108660000001,0 13.0911966,52.41363679999999,0 13.0804494,52.41634579999999,0 13.0784779,52.4176768,0 13.0782125,52.4211667,0 
					</coordinates>
				</LinearRing>
			</outerBoundaryIs>
		</Polygon>
	</Placemark>
	<Placemark id="Lakes.107">
		<name>Großräschener_See</name>
		<Polygon>
			<outerBoundaryIs>
				<LinearRing>
					<coordinates>
						14.0532124,51.554912,0 14.0578357,51.56001309999999,0 14.0564617,51.5616125,0 14.0525984,51.5620878,0 14.0529163,51.5637327,0 14.0443896,51.5672281,0 14.0376868,51.5723771,0 14.0320129,51.5740691,0 14.0131134,51.57429479999999,0 14.0119386,51.5755998,0 14.0111146,51.57427590000001,0 14.0026731,51.5728786,0 13.997155,51.5771259,0 13.9891545,51.57837840000001,0 13.992082,51.57470419999999,0 13.9919747,51.5705882,0 14.0096348,51.56261810000001,0 14.0167268,51.5537686,0 14.0280302,51.552623,0 14.0385773,51.54836959999999,0 14.0532124,51.554912,0 
					</coordinates>
				</LinearRing>
			</outerBoundaryIs>
		</Polygon>
	</Placemark>
	<Placemark id="Lakes.108">
		<name>Sedlitzer_See</name>
		<Polygon>
			<outerBoundaryIs>
				<LinearRing>
					<coordinates>
						14.0868301,51.5718554,0 14.0981652,51.56786090000001,0 14.100659,51.5634757,0 14.1253145,51.558888,0 14.1325197,51.5542633,0 14.1346965,51.54783010000001,0 14.1181381,51.5416838,0 14.1061173,51.5403402,0 14.10028,51.5364847,0 14.0955562,51.5355949,0 14.0950355,51.5302925,0 14.0984007,51.5273702,0 14.0974702,51.5253111,0 14.0719917,51.52032640000001,0 14.0703643,51.5216965,0 14.0723686,51.5222979,0 14.0721011,51.5247151,0 14.0745261,51.5267697,0 14.0859409,51.5290229,0 14.0773951,51.5339997,0 14.0624994,51.53516250000001,0 14.051083,51.5393045,0 14.0466138,51.534178,0 14.0436436,51.53357329999999,0 14.0389337,51.5346534,0 14.036394,51.53713160000001,0 14.0359566,51.5390033,0 14.0452092,51.5438377,0 14.0479446,51.542591,0 14.0558599,51.5439045,0 14.0622242,51.5378043,0 14.0827444,51.53853440000001,0 14.0826419,51.5431458,0 14.086,51.5423142,0 14.0873062,51.54409080000001,0 14.0859126,51.5456534,0 14.0822217,51.54534879999999,0 14.08236,51.5570026,0 14.0795906,51.5614716,0 14.0728767,51.5629851,0 14.0868301,51.5718554,0 
					</coordinates>
				</LinearRing>
			</outerBoundaryIs>
		</Polygon>
	</Placemark>
	<Placemark id="Lakes.109">
		<name>Schwielowsee</name>
		<Polygon>
			<outerBoundaryIs>
				<LinearRing>
					<coordinates>
						12.9802487,52.3447872,0 12.9779837,52.34383449999999,0 12.979267,52.34249510000001,0 12.9683672,52.3402239,0 12.9666138,52.3339597,0 12.9609598,52.3265597,0 12.9571896,52.32549389999999,0 12.9484348,52.3174881,0 12.9411104,52.31409660000001,0 12.9283161,52.31468629999999,0 12.9307108,52.319571,0 12.9298868,52.3216591,0 12.9310627,52.3230126,0 12.9290288,52.32537799999999,0 12.930077,52.3298169,0 12.9419546,52.3303722,0 12.9416971,52.3391517,0 12.9435673,52.3414316,0 12.9488729,52.342332,0 12.9507244,52.3499308,0 12.9615253,52.353086,0 12.9628372,52.35806329999999,0 12.9646929,52.3584149,0 12.9783066,52.3513109,0 12.9812738,52.3478721,0 12.9802487,52.3447872,0 
					</coordinates>
				</LinearRing>
			</outerBoundaryIs>
		</Polygon>
	</Placemark>
	<Placemark id="Lakes.110">
		<name>Gremminer_See</name>
		<Polygon>
			<outerBoundaryIs>
				<LinearRing>
					<coordinates>
						12.462921,51.7505707,0 12.4590037,51.7622487,0 12.4609848,51.7613833,0 12.4586352,51.7635177,0 12.4422326,51.7667436,0 12.4383519,51.7637298,0 12.4391689,51.76060009999999,0 12.4325788,51.7537785,0 12.4351805,51.7504488,0 12.4348831,51.7532773,0 12.4476459,51.761097,0 12.4524128,51.7595242,0 12.4522345,51.7582811,0 12.4383011,51.7531574,0 12.4386771,51.7459939,0 12.4415622,51.7427455,0 12.4391942,51.7382081,0 12.4463738,51.73720850000001,0 12.4576581,51.739581,0 12.4616536,51.7444473,0 12.4636007,51.7503197,0 12.468867,51.74584039999999,0 12.4652865,51.7573004,0 12.4663733,51.7509694,0 12.462921,51.7505707,0 
					</coordinates>
				</LinearRing>
			</outerBoundaryIs>
		</Polygon>
	</Placemark>
	<Placemark id="Lakes.111">
		<name>Hainer_See</name>
		<Polygon>
			<outerBoundaryIs>
				<LinearRing>
					<coordinates>
						12.4386166,51.1791817,0 12.4621818,51.1718436,0 12.4700024,51.1752893,0 12.4806121,51.1765452,0 12.4836624,51.17428639999999,0 12.4851518,51.1703856,0 12.4738016,51.165344,0 12.4444958,51.1637197,0 12.4441479,51.1586274,0 12.4419664,51.1575706,0 12.4395751,51.15957569999999,0 12.4419217,51.1638285,0 12.4413635,51.1661957,0 12.4344459,51.1733433,0 12.433238,51.17649829999999,0 12.4386166,51.1791817,0 
					</coordinates>
				</LinearRing>
			</outerBoundaryIs>
		</Polygon>
	</Placemark>
	<Placemark id="Lakes.112">
		<name>Haselbacher_See</name>
		<Polygon>
			<outerBoundaryIs>
				<LinearRing>
					<coordinates>
						12.4074228,51.0930308,0 12.3964144,51.09460760000001,0 12.3972073,51.09349339999999,0 12.3949297,51.0926644,0 12.3957351,51.0905507,0 12.393726,51.0876846,0 12.3897252,51.08616,0 12.3846211,51.0873611,0 12.3814199,51.0861567,0 12.3839872,51.079614,0 12.3955195,51.0729213,0 12.4027366,51.0756012,0 12.4103753,51.07372299999999,0 12.4111864,51.07605709999999,0 12.4143,51.07615129999999,0 12.4079713,51.0853684,0 12.4093469,51.0905739,0 12.4074228,51.0930308,0 
					</coordinates>
				</LinearRing>
			</outerBoundaryIs>
		</Polygon>
	</Placemark>
	<Placemark id="Lakes.113">
		<name>Borgwallsee</name>
		<Polygon>
			<outerBoundaryIs>
				<LinearRing>
					<coordinates>
						12.9993155,54.28249810000001,0 13.0097528,54.28261200000001,0 13.0165005,54.2734813,0 13.0236324,54.2716988,0 13.0230947,54.26832340000001,0 13.0282888,54.2649061,0 13.0275345,54.26231480000001,0 13.0249097,54.2609978,0 13.0206576,54.2640677,0 13.0172505,54.26400559999999,0 13.0149149,54.2614715,0 13.0051831,54.2610795,0 13.0024133,54.2641634,0 13.0037938,54.26527290000001,0 12.9969193,54.26685940000001,0 12.9976243,54.2733006,0 12.9963273,54.2748924,0 12.9903422,54.2751715,0 12.9876681,54.2782798,0 12.9879984,54.2812733,0 12.9910913,54.284399,0 12.9903059,54.285703,0 12.9920382,54.2862219,0 12.9993155,54.28249810000001,0 
					</coordinates>
				</LinearRing>
			</outerBoundaryIs>
		</Polygon>
	</Placemark>
	<Placemark id="Lakes.114">
		<name>Torgelower_See</name>
		<Polygon>
			<outerBoundaryIs>
				<LinearRing>
					<coordinates>
						12.7978204,53.5597922,0 12.8006498,53.55646010000001,0 12.8006784,53.5512848,0 12.792879,53.547418,0 12.7860915,53.5503133,0 12.7832198,53.55322129999999,0 12.7835481,53.5558295,0 12.7720889,53.5664994,0 12.7759381,53.57146019999999,0 12.7816798,53.5729188,0 12.7818099,53.5759173,0 12.7877269,53.5722713,0 12.7897174,53.5732314,0 12.7920831,53.57157819999999,0 12.7909444,53.5700573,0 12.7987666,53.5664834,0 12.7978204,53.5597922,0 
					</coordinates>
				</LinearRing>
			</outerBoundaryIs>
		</Polygon>
	</Placemark>
	<Placemark id="Lakes.115">
		<name>Lieps</name>
		<Polygon>
			<outerBoundaryIs>
				<LinearRing>
					<coordinates>
						13.1368533,53.4589175,0 13.1605373,53.4682694,0 13.1623719,53.4663453,0 13.1541307,53.4555539,0 13.166374,53.4575804,0 13.1729534,53.4619012,0 13.1770782,53.4603593,0 13.1774078,53.4496821,0 13.1710339,53.44492050000001,0 13.1595542,53.4440585,0 13.142148,53.4502387,0 13.1416509,53.4545859,0 13.1372221,53.4561583,0 13.1368533,53.4589175,0 
					</coordinates>
				</LinearRing>
			</outerBoundaryIs>
		</Polygon>
	</Placemark>
	<Placemark id="Lakes.116">
		<name>Großer_Müggelsee</name>
		<Polygon>
			<outerBoundaryIs>
				<LinearRing>
					<coordinates>
						13.6305306,52.4269526,0 13.6223105,52.42979820000001,0 13.6204916,52.4356979,0 13.6224642,52.441617,0 13.6250884,52.44417,0 13.6331204,52.4466849,0 13.6501874,52.4484328,0 13.6741018,52.4456702,0 13.6793553,52.437036,0 13.6773478,52.4332248,0 13.6748434,52.4339597,0 13.6583268,52.4299916,0 13.6492569,52.4249832,0 13.6363118,52.4276452,0 13.6305306,52.4269526,0 
					</coordinates>
				</LinearRing>
			</outerBoundaryIs>
		</Polygon>
	</Placemark>
	<Placemark id="Lakes.117">
		<name>Großer_Zug</name>
		<Polygon>
			<outerBoundaryIs>
				<LinearRing>
					<coordinates>
						13.6398988,52.34009669999999,0 13.6490589,52.34035889999999,0 13.6561504,52.3476057,0 13.657217,52.3516057,0 13.6662738,52.3581375,0 13.6616867,52.3492383,0 13.6579998,52.3467658,0 13.6582638,52.34538649999999,0 13.662109,52.34557000000001,0 13.6565877,52.33972,0 13.6557458,52.3364049,0 13.6532691,52.3360702,0 13.6515444,52.33770770000001,0 13.6475658,52.33665920000001,0 13.6398988,52.34009669999999,0 
					</coordinates>
				</LinearRing>
			</outerBoundaryIs>
		</Polygon>
	</Placemark>
	<Placemark id="Lakes.118">
		<name>Großer_Pälitzsee</name>
		<Polygon>
			<outerBoundaryIs>
				<LinearRing>
					<coordinates>
						12.9483251,53.2019978,0 12.9661303,53.2035502,0 12.971052,53.200181,0 12.9811587,53.19868120000001,0 12.9805829,53.2021726,0 12.987092,53.2037268,0 12.9903966,53.2068104,0 12.9878013,53.2086009,0 12.9902952,53.2108617,0 12.9864924,53.2125248,0 12.9903312,53.2118325,0 12.9933513,53.2025704,0 12.984744,53.1985027,0 12.9831005,53.1943483,0 12.9888447,53.1905413,0 12.9896531,53.1875933,0 12.9804023,53.18633940000001,0 12.9697862,53.1815897,0 12.964966,53.1818525,0 12.9642796,53.1788603,0 12.944886,53.1721947,0 12.9421024,53.1744668,0 12.9473951,53.1785016,0 12.9619845,53.1811866,0 12.9609964,53.18437360000001,0 12.9634527,53.1857119,0 12.9798926,53.1906976,0 12.9802643,53.1919086,0 12.9767409,53.1941678,0 12.9768528,53.1974405,0 12.975274,53.1980164,0 12.9654435,53.2002456,0 12.9510496,53.19905600000001,0 12.9484942,53.20030389999999,0 12.9483251,53.2019978,0 
					</coordinates>
				</LinearRing>
			</outerBoundaryIs>
		</Polygon>
	</Placemark>
	<Placemark id="Lakes.119">
		<name>Zierker_See</name>
		<Polygon>
			<outerBoundaryIs>
				<LinearRing>
					<coordinates>
						13.0264228,53.354306,0 13.0189503,53.3548766,0 13.0255157,53.3641377,0 13.0279531,53.3706394,0 13.0412674,53.37273560000001,0 13.0486407,53.3702088,0 13.053772,53.3653305,0 13.0519869,53.3627795,0 13.0437489,53.35851390000001,0 13.0441421,53.3545249,0 13.0352392,53.3520381,0 13.0314766,53.3494158,0 13.0283434,53.3499888,0 13.0264228,53.354306,0 
					</coordinates>
				</LinearRing>
			</outerBoundaryIs>
		</Polygon>
	</Placemark>
	<Placemark id="Lakes.120">
		<name>Niendorfer_Binnensee</name>
		<Polygon>
			<outerBoundaryIs>
				<LinearRing>
					<coordinates>
						10.948999,53.6582999,0 10.9513386,53.66375590000001,0 10.9536664,53.6564864,0 10.9501589,53.6509803,0 10.9501885,53.64554639999999,0 10.9448955,53.6471176,0 10.9472906,53.6422018,0 10.9286757,53.62891059999999,0 10.9307019,53.6277809,0 10.9245292,53.62706549999999,0 10.9233427,53.6281052,0 10.9374747,53.6389303,0 10.9414548,53.63993050000001,0 10.9420178,53.6433443,0 10.9381459,53.6499003,0 10.9417237,53.65417600000001,0 10.9442459,53.653163,0 10.9506045,53.6583044,0 10.948999,53.6582999,0 
					</coordinates>
				</LinearRing>
			</outerBoundaryIs>
		</Polygon>
	</Placemark>
	<Placemark id="Lakes.121">
		<name>Krakower_See</name>
		<Polygon>
			<outerBoundaryIs>
				<LinearRing>
					<coordinates>
						12.268735,53.666783,0 12.2879643,53.6706458,0 12.2923856,53.6670657,0 12.2993439,53.6677274,0 12.3010457,53.6654787,0 12.2951489,53.6587931,0 12.2984614,53.6583681,0 12.3270026,53.6669808,0 12.3364807,53.6674962,0 12.3393528,53.6644576,0 12.331064,53.6607129,0 12.3330985,53.6541969,0 12.3266808,53.6523723,0 12.3253159,53.6484794,0 12.3049497,53.6437282,0 12.2954007,53.6369859,0 12.3010181,53.6332984,0 12.3032391,53.62388420000001,0 12.296318,53.6200481,0 12.3050745,53.6193163,0 12.3071281,53.6139527,0 12.301105,53.6089747,0 12.2972802,53.6095634,0 12.292512,53.5952872,0 12.2855756,53.591967,0 12.2703648,53.5973223,0 12.2666775,53.59319620000001,0 12.2621204,53.5935166,0 12.2608598,53.6079438,0 12.2655408,53.6147378,0 12.2776322,53.6180026,0 12.2851209,53.6262304,0 12.2937254,53.6294944,0 12.2903137,53.6344408,0 12.2940125,53.6399412,0 12.2914585,53.6467634,0 12.2998465,53.6530817,0 12.3040458,53.6519946,0 12.3067781,53.64611589999999,0 12.3137785,53.6514104,0 12.2894351,53.65794080000001,0 12.2711652,53.6536823,0 12.2765458,53.6619556,0 12.2829294,53.6605602,0 12.2870493,53.6647655,0 12.2692674,53.6603969,0 12.268735,53.666783,0 
					</coordinates>
				</LinearRing>
			</outerBoundaryIs>
		</Polygon>
	</Placemark>
	<Placemark id="Lakes.122">
		<name>Schmöldesee</name>
		<Polygon>
			<outerBoundaryIs>
				<LinearRing>
					<coordinates>
						13.7489487,52.2152858,0 13.747026,52.216729,0 13.7496931,52.2187406,0 13.7531238,52.215011,0 13.7510772,52.21004739999999,0 13.7402374,52.201889,0 13.7377333,52.1983568,0 13.7273299,52.1961233,0 13.7192947,52.1975279,0 13.7273647,52.1981082,0 13.7367527,52.2016154,0 13.7420512,52.2073498,0 13.7459211,52.2086979,0 13.7489487,52.2152858,0 
					</coordinates>
				</LinearRing>
			</outerBoundaryIs>
		</Polygon>
	</Placemark>
	<Placemark id="Lakes.123">
		<name>Malchiner_See</name>
		<Polygon>
			<outerBoundaryIs>
				<LinearRing>
					<coordinates>
						12.5852577,53.6625207,0 12.5719162,53.66916880000001,0 12.5692537,53.6751669,0 12.5717337,53.6779274,0 12.6225117,53.6900735,0 12.625992,53.7008595,0 12.637191,53.7148714,0 12.6506809,53.72055819999999,0 12.6635896,53.72098329999999,0 12.6658086,53.7157916,0 12.6602025,53.7109894,0 12.6555018,53.6998191,0 12.6364218,53.6841719,0 12.6263763,53.68507829999999,0 12.6263843,53.6810118,0 12.6198826,53.6803781,0 12.6219694,53.6769543,0 12.6156614,53.6672772,0 12.5852577,53.6625207,0 
					</coordinates>
				</LinearRing>
			</outerBoundaryIs>
		</Polygon>
	</Placemark>
	<Placemark id="Lakes.124">
		<name>Sacrower_See</name>
		<Polygon>
			<outerBoundaryIs>
				<LinearRing>
					<coordinates>
						13.1052257,52.445243,0 13.1016578,52.4427475,0 13.1002587,52.4395298,0 13.0964393,52.43813279999999,0 13.0966624,52.4354799,0 13.0932206,52.4332507,0 13.0937699,52.43167029999999,0 13.090886,52.4318953,0 13.0926713,52.42937809999999,0 13.090892,52.4286663,0 13.0865516,52.4306603,0 13.0949201,52.43972860000001,0 13.0915813,52.4427946,0 13.0951089,52.44226089999999,0 13.0996322,52.44719959999999,0 13.0995034,52.4514263,0 13.1057056,52.4517092,0 13.1066519,52.449331,0 13.1052257,52.445243,0 
					</coordinates>
				</LinearRing>
			</outerBoundaryIs>
		</Polygon>
	</Placemark>
	<Placemark id="Lakes.125">
		<name>Kummerower_See</name>
		<Polygon>
			<outerBoundaryIs>
				<LinearRing>
					<coordinates>
						12.80038,53.7746325,0 12.8063958,53.78463850000001,0 12.8211353,53.7969272,0 12.8215833,53.81457469999999,0 12.8357615,53.8207217,0 12.8208932,53.8233563,0 12.8388908,53.8207217,0 12.8391815,53.8231342,0 12.867533,53.8335698,0 12.8929507,53.8485976,0 12.9001389,53.8493697,0 12.9126885,53.8434246,0 12.9118077,53.8229936,0 12.9003732,53.81287080000001,0 12.8966648,53.8046311,0 12.8766928,53.80303159999999,0 12.8648222,53.7853006,0 12.8431729,53.7736761,0 12.8280556,53.77205150000001,0 12.8159578,53.766755,0 12.80038,53.7746325,0 
					</coordinates>
				</LinearRing>
			</outerBoundaryIs>
		</Polygon>
	</Placemark>
	<Placemark id="Lakes.126">
		<name>Motzener_See</name>
		<Polygon>
			<outerBoundaryIs>
				<LinearRing>
					<coordinates>
						13.5591133,52.2270776,0 13.5634754,52.2251037,0 13.5693204,52.21898860000001,0 13.5762555,52.217022,0 13.582195,52.2130621,0 13.5794117,52.2060087,0 13.5797746,52.20226390000001,0 13.5841863,52.200954,0 13.5832593,52.1954722,0 13.5813539,52.1937991,0 13.5818517,52.19670589999999,0 13.5743673,52.2030845,0 13.5718749,52.2087892,0 13.5645997,52.2137352,0 13.5586706,52.21537290000001,0 13.5611595,52.2162525,0 13.5597612,52.2208603,0 13.5618045,52.2243668,0 13.5586702,52.2260073,0 13.5591133,52.2270776,0 
					</coordinates>
				</LinearRing>
			</outerBoundaryIs>
		</Polygon>
	</Placemark>
	<Placemark id="Lakes.127">
		<name>Tollensesee</name>
		<Polygon>
			<outerBoundaryIs>
				<LinearRing>
					<coordinates>
						13.1632397,53.4776418,0 13.1578848,53.4796172,0 13.1639128,53.48858429999999,0 13.1850922,53.4937592,0 13.1835919,53.49678579999999,0 13.1861813,53.4998667,0 13.2080011,53.51390399999999,0 13.2055117,53.51841139999999,0 13.2217429,53.5314603,0 13.2206365,53.5359963,0 13.2295573,53.5445954,0 13.2470764,53.55012289999999,0 13.2542808,53.54467,0 13.2542089,53.5363806,0 13.2418839,53.53025030000001,0 13.2400833,53.5238308,0 13.2296349,53.5159189,0 13.2194165,53.5015603,0 13.2197221,53.49517620000001,0 13.2092059,53.4837211,0 13.2021831,53.4832034,0 13.198582,53.4788642,0 13.1792921,53.4703587,0 13.1654244,53.47262400000001,0 13.1614554,53.4748049,0 13.1632397,53.4776418,0 
					</coordinates>
				</LinearRing>
			</outerBoundaryIs>
		</Polygon>
	</Placemark>
	<Placemark id="Lakes.128">
		<name>Nebel</name>
		<Polygon>
			<outerBoundaryIs>
				<LinearRing>
					<coordinates>
						12.7024423,53.259975,0 12.6972462,53.258753,0 12.6951716,53.2559983,0 12.69039,53.2552846,0 12.6882702,53.2526401,0 12.6821637,53.2534521,0 12.6803299,53.2494534,0 12.6758254,53.24791460000001,0 12.6735201,53.2493405,0 12.6777416,53.2517978,0 12.6774272,53.2529795,0 12.6809167,53.25360329999999,0 12.6791085,53.2544232,0 12.6807713,53.2563058,0 12.6859276,53.2554513,0 12.6907965,53.2607661,0 12.6910749,53.2650216,0 12.6932039,53.26642400000001,0 12.6911637,53.2678851,0 12.6915129,53.2697105,0 12.6996718,53.2711088,0 12.7022141,53.2701203,0 12.7024423,53.259975,0 
					</coordinates>
				</LinearRing>
			</outerBoundaryIs>
		</Polygon>
	</Placemark>
	<Placemark id="Lakes.129">
		<name>Hölzerner_See</name>
		<Polygon>
			<outerBoundaryIs>
				<LinearRing>
					<coordinates>
						13.7206422,52.1980119,0 13.7139475,52.19437119999999,0 13.708378,52.1864654,0 13.7050618,52.1852471,0 13.6995537,52.18783090000001,0 13.7021479,52.192845,0 13.7060421,52.1944235,0 13.7088815,52.2006583,0 13.7137072,52.2009263,0 13.7206422,52.1980119,0 
					</coordinates>
				</LinearRing>
			</outerBoundaryIs>
		</Polygon>
	</Placemark>
	<Placemark id="Lakes.130">
		<name>Riewendsee</name>
		<Polygon>
			<outerBoundaryIs>
				<LinearRing>
					<coordinates>
						12.7126041,52.5360787,0 12.7168367,52.5411304,0 12.7232537,52.54029,0 12.7229173,52.5386923,0 12.7182036,52.5396276,0 12.7184125,52.5349723,0 12.7164619,52.5345795,0 12.7154551,52.5305489,0 12.7176069,52.527209,0 12.7123192,52.5245846,0 12.7110356,52.5221347,0 12.7120793,52.5173204,0 12.708819,52.5184733,0 12.709712,52.5221641,0 12.706905,52.523173,0 12.7075572,52.52758419999999,0 12.712699,52.5337934,0 12.7126041,52.5360787,0 
					</coordinates>
				</LinearRing>
			</outerBoundaryIs>
		</Polygon>
	</Placemark>
	<Placemark id="Lakes.131">
		<name>Fahrlander_See</name>
		<Polygon>
			<outerBoundaryIs>
				<LinearRing>
					<coordinates>
						13.031819,52.4572479,0 13.0288934,52.4431439,0 13.0124619,52.4451489,0 13.0104524,52.4492143,0 13.0123117,52.45852660000001,0 13.0299785,52.4584769,0 13.031819,52.4572479,0 
					</coordinates>
				</LinearRing>
			</outerBoundaryIs>
		</Polygon>
	</Placemark>
	<Placemark id="Lakes.132">
		<name>Werbellinsee</name>
		<Polygon>
			<outerBoundaryIs>
				<LinearRing>
					<coordinates>
						13.6479298,52.9105079,0 13.6672212,52.9106003,0 13.6788707,52.9145488,0 13.680507,52.91412989999999,0 13.6801256,52.9123902,0 13.6888044,52.9131857,0 13.6907259,52.9142669,0 13.6894349,52.9157416,0 13.6921952,52.9171728,0 13.702163,52.9188938,0 13.7046735,52.9212962,0 13.7036308,52.9231522,0 13.7052784,52.9255792,0 13.7079544,52.9243583,0 13.7088836,52.9272224,0 13.705012,52.93165569999999,0 13.7172834,52.93851769999999,0 13.7167789,52.9411246,0 13.7206181,52.9520062,0 13.726613,52.95504680000001,0 13.7385691,52.954845,0 13.7396855,52.9569442,0 13.7459959,52.9599331,0 13.7475886,52.95855070000001,0 13.7458851,52.9560999,0 13.729498,52.948095,0 13.7300924,52.94060810000001,0 13.7255847,52.93706589999999,0 13.7251666,52.9316427,0 13.7195527,52.92938,0 13.7192168,52.92768100000001,0 13.7221778,52.92571790000001,0 13.7240661,52.9203039,0 13.6879619,52.9046934,0 13.6788187,52.90280859999999,0 13.6697989,52.9015893,0 13.6573253,52.9062923,0 13.649309,52.9044789,0 13.6515574,52.90779879999999,0 13.6479298,52.9105079,0 
					</coordinates>
				</LinearRing>
			</outerBoundaryIs>
		</Polygon>
	</Placemark>
	<Placemark id="Lakes.133">
		<name>Werbeliner_See</name>
		<Polygon>
			<outerBoundaryIs>
				<LinearRing>
					<coordinates>
						12.3153041,51.4930349,0 12.3052733,51.49106249999999,0 12.3011972,51.4873014,0 12.3047741,51.487474,0 12.300652,51.4861074,0 12.2918251,51.4743131,0 12.2924942,51.4725913,0 12.3039537,51.4716482,0 12.3092345,51.46950289999999,0 12.3115764,51.4579402,0 12.3134756,51.4539308,0 12.3162836,51.4533326,0 12.3166276,51.46496520000001,0 12.3182799,51.4653161,0 12.3190899,51.46781920000001,0 12.319146,51.473034,0 12.3174025,51.4753228,0 12.3203047,51.4830203,0 12.3231231,51.485469,0 12.319653,51.4869508,0 12.323215,51.4881106,0 12.3190382,51.4891817,0 12.3153041,51.4930349,0 
					</coordinates>
				</LinearRing>
			</outerBoundaryIs>
		</Polygon>
	</Placemark>
	<Placemark id="Lakes.134">
		<name>Gröberner_See</name>
		<Polygon>
			<outerBoundaryIs>
				<LinearRing>
					<coordinates>
						12.4549492,51.6958901,0 12.4346308,51.69730729999999,0 12.4291845,51.6991011,0 12.4282939,51.7020411,0 12.4296894,51.7023741,0 12.429462,51.7003727,0 12.4411444,51.6991885,0 12.4329362,51.70358819999999,0 12.4335987,51.7047679,0 12.4492274,51.7155529,0 12.4587159,51.7171602,0 12.460941,51.7158495,0 12.4642095,51.702441,0 12.4549492,51.6958901,0 
					</coordinates>
				</LinearRing>
			</outerBoundaryIs>
		</Polygon>
	</Placemark>
	<Placemark id="Lakes.135">
		<name>Köthener_See</name>
		<Polygon>
			<outerBoundaryIs>
				<LinearRing>
					<coordinates>
						13.8274677,52.07514560000001,0 13.8225868,52.072745,0 13.8178618,52.07371310000001,0 13.8128569,52.0785117,0 13.7936194,52.0766535,0 13.787837,52.0774885,0 13.7880347,52.07896899999999,0 13.7986419,52.0806091,0 13.8034606,52.08340919999999,0 13.8293431,52.0808925,0 13.8314734,52.0796655,0 13.828794,52.0784931,0 13.8274677,52.07514560000001,0 
					</coordinates>
				</LinearRing>
			</outerBoundaryIs>
		</Polygon>
	</Placemark>
	<Placemark id="Lakes.136">
		<name>Kellersee</name>
		<Polygon>
			<outerBoundaryIs>
				<LinearRing>
					<coordinates>
						10.5807729,54.18261160000001,0 10.5915888,54.18469900000001,0 10.6025323,54.18112279999999,0 10.6184738,54.183793,0 10.6208326,54.1812419,0 10.6187172,54.1805018,0 10.6225696,54.1790141,0 10.6167051,54.1763027,0 10.6117076,54.1696712,0 10.6053845,54.1674777,0 10.6081604,54.15953079999999,0 10.6073532,54.1560016,0 10.6043601,54.1559366,0 10.602691,54.1579564,0 10.60414,54.1621431,0 10.5977458,54.16578530000001,0 10.5944228,54.1640899,0 10.594773,54.1674678,0 10.5907552,54.16955269999999,0 10.5830599,54.1642789,0 10.5741262,54.164309,0 10.5735589,54.1692667,0 10.5640068,54.17383340000001,0 10.5682762,54.17602119999999,0 10.576398,54.17360709999999,0 10.5813865,54.1749742,0 10.5777376,54.1756287,0 10.5807338,54.1778676,0 10.5807729,54.18261160000001,0 
					</coordinates>
				</LinearRing>
			</outerBoundaryIs>
		</Polygon>
	</Placemark>
	<Placemark id="Lakes.137">
		<name>Parsteiner_See</name>
		<Polygon>
			<outerBoundaryIs>
				<LinearRing>
					<coordinates>
						13.9972453,52.913658,0 13.9982385,52.9194723,0 13.9966183,52.9206233,0 13.9849355,52.9184865,0 13.9792219,52.9207162,0 13.9736941,52.91827740000001,0 13.9725328,52.9196246,0 13.9757612,52.9206697,0 13.9743909,52.9235265,0 13.9646275,52.9219659,0 13.9613843,52.9248737,0 13.9657972,52.93307250000001,0 13.9724594,52.9360756,0 13.9667762,52.93732900000001,0 13.9651139,52.9400494,0 13.9681602,52.9451541,0 13.9758883,52.9496507,0 13.9704922,52.9497012,0 13.9722526,52.9540971,0 13.9822494,52.9571908,0 13.9801431,52.9554226,0 13.9809771,52.9508074,0 13.9774633,52.9489072,0 13.9898508,52.9369094,0 13.9949919,52.9356789,0 13.9897961,52.9334912,0 13.9917104,52.9314403,0 13.9970155,52.9336279,0 14.0012541,52.93174110000001,0 14.0065045,52.9327802,0 14.0119463,52.9303738,0 14.0145925,52.9260664,0 14.0271872,52.92161289999999,0 14.0192476,52.9139662,0 14.0146831,52.91419030000001,0 14.013653,52.91102169999999,0 14.008155,52.9102484,0 14.0053314,52.9138759,0 13.9972453,52.913658,0 
					</coordinates>
				</LinearRing>
			</outerBoundaryIs>
			<innerBoundaryIs>
				<LinearRing>
					<coordinates>
						13.9860884,52.9360494,0 13.9890197,52.9360254,0 13.9889798,52.9361455,0 13.9860884,52.9360494,0 
					</coordinates>
				</LinearRing>
			</innerBoundaryIs>
		</Polygon>
	</Placemark>
	<Placemark id="Lakes.138">
		<name>Windebyer_Noor</name>
		<Polygon>
			<outerBoundaryIs>
				<LinearRing>
					<coordinates>
						9.8241651,54.47196479999999,0 9.8310084,54.470332,0 9.824231599999999,54.47027310000001,0 9.8258159,54.46627610000001,0 9.831044500000001,54.4644685,0 9.818732499999999,54.4665336,0 9.80336,54.4642759,0 9.794419299999999,54.46851829999999,0 9.788574199999999,54.47801500000001,0 9.792275099999999,54.48373740000001,0 9.805274799999999,54.4830036,0 9.819781300000001,54.47787019999999,0 9.8241651,54.47196479999999,0 
					</coordinates>
				</LinearRing>
			</outerBoundaryIs>
		</Polygon>
	</Placemark>
	<Placemark id="Lakes.139">
		<name>Woblitzsee</name>
		<Polygon>
			<outerBoundaryIs>
				<LinearRing>
					<coordinates>
						13.0198179,53.31187980000001,0 13.0265626,53.3071148,0 13.0277862,53.3036571,0 13.0262786,53.2977685,0 13.0240177,53.30034330000001,0 13.0180978,53.3008338,0 13.0157043,53.29969020000001,0 13.0157913,53.29554040000001,0 13.0142896,53.294284,0 13.0068236,53.2919154,0 13.0035106,53.2937745,0 12.998856,53.2927165,0 13.0013302,53.2948621,0 12.9993611,53.2980263,0 12.9919755,53.2897864,0 12.9889147,53.28191589999999,0 12.9822442,53.2807856,0 12.9785023,53.28231630000001,0 12.974714,53.28032699999999,0 12.9764182,53.2819401,0 12.9731601,53.2844248,0 12.9730779,53.29086650000001,0 12.9711221,53.2921535,0 12.9842485,53.2952451,0 12.982872,53.2961793,0 13.0035243,53.3025411,0 13.0030184,53.304806,0 13.0068614,53.30835160000001,0 13.0116919,53.3101029,0 13.0089708,53.3114563,0 13.0100172,53.3137318,0 13.013656,53.31202100000001,0 13.0182604,53.3144521,0 13.0214636,53.3139685,0 13.0198179,53.31187980000001,0 
					</coordinates>
				</LinearRing>
			</outerBoundaryIs>
		</Polygon>
	</Placemark>
	<Placemark id="Lakes.140">
		<name>Störmthaler_See</name>
		<Polygon>
			<outerBoundaryIs>
				<LinearRing>
					<coordinates>
						12.4511398,51.22704949999999,0 12.4448378,51.2261338,0 12.4441312,51.2280019,0 12.4393222,51.2300948,0 12.4361295,51.2275856,0 12.4517925,51.2064711,0 12.4501319,51.2061682,0 12.4432427,51.2129379,0 12.4373768,51.2132499,0 12.4333311,51.21552,0 12.4276207,51.2260059,0 12.4282669,51.2323703,0 12.4356768,51.2357684,0 12.4423093,51.2358428,0 12.4408778,51.2446683,0 12.4323127,51.24814900000001,0 12.4385723,51.2526815,0 12.4601564,51.2476148,0 12.4726967,51.24147539999999,0 12.4695088,51.2414464,0 12.4715023,51.23998819999999,0 12.4757497,51.2398846,0 12.4798989,51.2371369,0 12.4800176,51.2358948,0 12.4738002,51.23230629999999,0 12.4543671,51.2274913,0 12.4528385,51.2264565,0 12.4547275,51.2216744,0 12.4486664,51.2212053,0 12.4524558,51.2240963,0 12.4511398,51.22704949999999,0 
					</coordinates>
				</LinearRing>
			</outerBoundaryIs>
		</Polygon>
	</Placemark>
	<Placemark id="Lakes.141">
		<name>Wallendorfer_See</name>
		<Polygon>
			<outerBoundaryIs>
				<LinearRing>
					<coordinates>
						12.0776018,51.3684575,0 12.0606498,51.36750370000001,0 12.0441388,51.3738103,0 12.0473204,51.3779526,0 12.0491917,51.3901333,0 12.0553961,51.3914877,0 12.0581603,51.3889231,0 12.056201,51.38317990000001,0 12.0658071,51.3781456,0 12.0777127,51.3769105,0 12.0801702,51.3744799,0 12.0776018,51.3684575,0 
					</coordinates>
				</LinearRing>
			</outerBoundaryIs>
		</Polygon>
	</Placemark>
	<Placemark id="Lakes.142">
		<name>Klein_Köriser_See</name>
		<Polygon>
			<outerBoundaryIs>
				<LinearRing>
					<coordinates>
						13.6956617,52.1695258,0 13.6886143,52.1686934,0 13.6882624,52.1703938,0 13.6853234,52.1686825,0 13.6780458,52.16993740000001,0 13.6745119,52.1727649,0 13.683005,52.1728066,0 13.689732,52.1752772,0 13.6905903,52.18080030000001,0 13.6934066,52.18500379999999,0 13.7040634,52.18476340000001,0 13.7040031,52.1833477,0 13.7004762,52.1824107,0 13.7020263,52.1803359,0 13.6983794,52.1739095,0 13.6964165,52.17373189999999,0 13.6981142,52.1728581,0 13.6956617,52.1695258,0 
					</coordinates>
				</LinearRing>
			</outerBoundaryIs>
		</Polygon>
	</Placemark>
	<Placemark id="Lakes.143">
		<name>Dolgensee</name>
		<Polygon>
			<outerBoundaryIs>
				<LinearRing>
					<coordinates>
						13.737398,52.255176,0 13.7462341,52.252448,0 13.7467678,52.24873029999999,0 13.7498041,52.24671369999999,0 13.7547827,52.249422,0 13.7614556,52.24826389999999,0 13.7630864,52.243889,0 13.7607151,52.2412507,0 13.7547231,52.2415989,0 13.7494126,52.24461709999999,0 13.7372729,52.2479722,0 13.7311107,52.2525715,0 13.7320043,52.2542638,0 13.737398,52.255176,0 
					</coordinates>
				</LinearRing>
			</outerBoundaryIs>
		</Polygon>
	</Placemark>
	<Placemark id="Lakes.144">
		<name>Großer_See</name>
		<Polygon>
			<outerBoundaryIs>
				<LinearRing>
					<coordinates>
						13.5712371,53.4068521,0 13.5733775,53.4054259,0 13.5718433,53.4033087,0 13.5721491,53.40056460000001,0 13.5747991,53.3985368,0 13.5740995,53.3953069,0 13.5800817,53.3938096,0 13.5802376,53.3907293,0 13.5696685,53.3853992,0 13.5642598,53.3860241,0 13.5622351,53.3830334,0 13.563735,53.3826232,0 13.5639271,53.3842345,0 13.5695876,53.3837079,0 13.5676244,53.3824542,0 13.5671704,53.377287,0 13.5651211,53.37779259999999,0 13.5579596,53.3740915,0 13.5555542,53.3751595,0 13.5567005,53.3795379,0 13.5501492,53.38109909999999,0 13.55426,53.3829736,0 13.553876,53.3847633,0 13.5560415,53.3865772,0 13.5546762,53.3896709,0 13.5565339,53.391036,0 13.5551231,53.3925296,0 13.5470561,53.39256219999999,0 13.5458754,53.3944237,0 13.5503672,53.3993459,0 13.5573348,53.4010291,0 13.5593075,53.4003474,0 13.5575901,53.39757110000001,0 13.5585882,53.3963932,0 13.5631361,53.395971,0 13.5641876,53.39448669999999,0 13.5666509,53.39668169999999,0 13.56097,53.398709,0 13.5609721,53.4001283,0 13.5701313,53.40360879999999,0 13.5692741,53.4052929,0 13.5712371,53.4068521,0 
					</coordinates>
				</LinearRing>
			</outerBoundaryIs>
		</Polygon>
	</Placemark>
	<Placemark id="Lakes.145">
		<name>Kölpinsee</name>
		<Polygon>
			<outerBoundaryIs>
				<LinearRing>
					<coordinates>
						12.5504195,53.52035109999999,0 12.5897396,53.5230246,0 12.606375,53.51820550000001,0 12.617076,53.5059925,0 12.6175619,53.4912978,0 12.6144608,53.4846261,0 12.6077841,53.4804516,0 12.5896381,53.47986939999999,0 12.576342,53.4881396,0 12.5655116,53.4878284,0 12.5540081,53.4909219,0 12.5525423,53.49420049999999,0 12.5462605,53.4923686,0 12.5450223,53.49704330000001,0 12.5086915,53.5052734,0 12.5239586,53.5143261,0 12.5418304,53.5056611,0 12.555676,53.5086326,0 12.56323,53.5155516,0 12.5504195,53.52035109999999,0 
					</coordinates>
				</LinearRing>
			</outerBoundaryIs>
		</Polygon>
	</Placemark>
	<Placemark id="Lakes.146">
		<name>Edersee</name>
		<Polygon>
			<outerBoundaryIs>
				<LinearRing>
					<coordinates>
						9.0576548,51.18183299999999,0 9.0523653,51.1821206,0 9.049692500000001,51.1840161,0 9.047966199999999,51.1883712,0 9.0489295,51.19206820000001,0 9.036092,51.1883723,0 9.0215779,51.190872,0 9.0193093,51.1904747,0 9.018517900000001,51.1883628,0 9.021733299999999,51.18495,0 9.025331899999999,51.1848157,0 9.020775499999999,51.18262170000001,0 9.025153299999999,51.1797188,0 9.0232224,51.1764393,0 9.0192438,51.17460329999999,0 9.007963999999999,51.17253880000001,0 8.996914200000001,51.17539309999999,0 8.993686500000001,51.1785512,0 8.9984181,51.1808218,0 8.994087199999999,51.1852224,0 8.990699299999999,51.1849245,0 8.971641200000001,51.1771383,0 8.9684676,51.1726294,0 8.969853199999999,51.168847,0 8.9676419,51.1717949,0 8.9621469,51.1697248,0 8.9562896,51.1726695,0 8.961095200000001,51.1786128,0 8.9613151,51.1806108,0 8.9585455,51.183064,0 8.951064799999999,51.1814072,0 8.942653399999999,51.1728385,0 8.9379024,51.1726572,0 8.934552399999999,51.1742462,0 8.922343700000001,51.190365,0 8.9165665,51.1894233,0 8.9054486,51.1791332,0 8.8996823,51.1774,0 8.892558599999999,51.1815099,0 8.888203000000001,51.1819659,0 8.8928686,51.18401819999999,0 8.898455500000001,51.1819985,0 8.9061697,51.1852655,0 8.915804700000001,51.1920885,0 8.921297300000001,51.19245220000001,0 8.932701,51.1851738,0 8.9363689,51.1772283,0 8.940159400000001,51.1748088,0 8.943785500000001,51.17586309999999,0 8.945168199999999,51.1819867,0 8.9483845,51.1851705,0 8.946490300000001,51.1883896,0 8.948955399999999,51.1898769,0 8.9471563,51.1877998,0 8.9496495,51.1858941,0 8.95748,51.1869705,0 8.9655275,51.1828045,0 8.9602346,51.1717754,0 8.965730199999999,51.17370710000001,0 8.9683259,51.1772349,0 8.984286000000001,51.1867312,0 8.9918718,51.1887137,0 8.996658,51.1884675,0 9.007390300000001,51.1825347,0 9.0078388,51.1774595,0 9.017981300000001,51.17724859999999,0 9.018383399999999,51.1797214,0 9.013231299999999,51.1831124,0 9.012665399999999,51.18627589999999,0 9.0065457,51.1913485,0 9.000909399999999,51.2002041,0 9.0029272,51.2029634,0 9.0009101,51.205458,0 9.005596600000001,51.2070712,0 9.0059819,51.2059053,0 9.0027385,51.2048572,0 9.0063788,51.2027727,0 9.0040757,51.1996005,0 9.009340699999999,51.1926438,0 9.030568600000001,51.1975764,0 9.0384887,51.1961944,0 9.048935,51.2005014,0 9.049788400000001,51.2027265,0 9.050547699999999,51.2014836,0 9.0609495,51.2005621,0 9.0662401,51.1979559,0 9.0658031,51.19547059999999,0 9.0644256,51.1934978,0 9.057375800000001,51.1905153,0 9.057285500000001,51.18753629999999,0 9.0604932,51.1846007,0 9.0576548,51.18183299999999,0 
					</coordinates>
				</LinearRing>
			</outerBoundaryIs>
		</Polygon>
	</Placemark>
	<Placemark id="Lakes.147">
		<name>Grimnitzsee</name>
		<Polygon>
			<outerBoundaryIs>
				<LinearRing>
					<coordinates>
						13.7627614,52.9793339,0 13.7536349,52.9841283,0 13.7572712,52.9878302,0 13.7671687,52.9883726,0 13.7745721,52.992427,0 13.7948054,52.98642090000001,0 13.8021418,52.98787720000001,0 13.8077876,52.9816711,0 13.8092416,52.9736783,0 13.8081854,52.97136390000001,0 13.8108891,52.97096770000001,0 13.8033778,52.9667274,0 13.8049355,52.9641292,0 13.8020113,52.96329800000001,0 13.8000648,52.965376,0 13.7848425,52.9647261,0 13.7667018,52.97217990000001,0 13.7626492,52.9766715,0 13.7627614,52.9793339,0 
					</coordinates>
				</LinearRing>
			</outerBoundaryIs>
		</Polygon>
	</Placemark>
	<Placemark id="Lakes.148">
		<name>Gräbendorfer_See</name>
		<Polygon>
			<outerBoundaryIs>
				<LinearRing>
					<coordinates>
						14.1144858,51.7106582,0 14.1092821,51.7129269,0 14.0976411,51.71087810000001,0 14.0895889,51.70744200000001,0 14.0887172,51.7042587,0 14.1037709,51.6919985,0 14.1098838,51.6896934,0 14.1181687,51.6890045,0 14.1277199,51.69217960000001,0 14.1276784,51.69850090000001,0 14.1255244,51.70413249999999,0 14.1253228,51.7022258,0 14.1239617,51.70273840000001,0 14.1243881,51.7051042,0 14.1222751,51.7049274,0 14.1222244,51.7025771,0 14.1176333,51.70528830000001,0 14.1144858,51.7106582,0 
					</coordinates>
				</LinearRing>
			</outerBoundaryIs>
		</Polygon>
	</Placemark>
	<Placemark id="Lakes.149">
		<name>Geiseltalsee</name>
		<Polygon>
			<outerBoundaryIs>
				<LinearRing>
					<coordinates>
						11.8419941,51.3094994,0 11.8484706,51.3080993,0 11.8531377,51.3088908,0 11.8532482,51.31028659999999,0 11.8368061,51.3190539,0 11.8371901,51.3218466,0 11.8324344,51.3198412,0 11.8221828,51.3200831,0 11.8191932,51.32150889999999,0 11.8078727,51.3304037,0 11.8068729,51.33482610000001,0 11.817297,51.3392125,0 11.8288171,51.3338655,0 11.8586007,51.32682730000001,0 11.8623637,51.3278314,0 11.8966865,51.3247416,0 11.9056382,51.31966270000001,0 11.9061928,51.3177535,0 11.9034955,51.3129477,0 11.9177761,51.3122853,0 11.9212685,51.30966540000001,0 11.916444,51.3052298,0 11.915661,51.3007663,0 11.9126191,51.2975562,0 11.8970208,51.29936129999999,0 11.8835482,51.2979326,0 11.879074,51.2953187,0 11.8702725,51.296821,0 11.8645699,51.30061719999999,0 11.843328,51.3016239,0 11.8291615,51.3053692,0 11.8236854,51.3047394,0 11.8138324,51.3065929,0 11.811381,51.30823519999999,0 11.8106112,51.3141603,0 11.8169091,51.31670190000001,0 11.8269145,51.3156987,0 11.8313341,51.3168464,0 11.8419941,51.3094994,0 
					</coordinates>
				</LinearRing>
			</outerBoundaryIs>
		</Polygon>
	</Placemark>
	<Placemark id="Lakes.150">
		<name>Simssee</name>
		<Polygon>
			<outerBoundaryIs>
				<LinearRing>
					<coordinates>
						12.2525705,47.892853,0 12.2625521,47.891675,0 12.2672874,47.8837085,0 12.2522729,47.8747202,0 12.2480745,47.8746132,0 12.2448343,47.8726054,0 12.2437072,47.8666561,0 12.2382772,47.8656159,0 12.2361839,47.8587797,0 12.2262246,47.85796640000001,0 12.2231541,47.853615,0 12.2188816,47.85270149999999,0 12.2135514,47.8531945,0 12.2109956,47.8559056,0 12.220506,47.86764440000001,0 12.2278066,47.8733058,0 12.2333583,47.87534350000001,0 12.2339457,47.8782128,0 12.2373325,47.8808671,0 12.244193,47.882524,0 12.2438986,47.8849693,0 12.2475068,47.8893631,0 12.2525705,47.892853,0 
					</coordinates>
				</LinearRing>
			</outerBoundaryIs>
		</Polygon>
	</Placemark>
	<Placemark id="Lakes.151">
		<name>Cottbuser_Ostsee</name>
		<Polygon>
			<outerBoundaryIs>
				<LinearRing>
					<coordinates>
						14.4422789,51.7954979,0 14.4479737,51.79715410000001,0 14.4365251,51.7993208,0 14.4301897,51.80433690000001,0 14.4232524,51.8035502,0 14.42138,51.8059291,0 14.4193287,51.8052785,0 14.4000199,51.8099394,0 14.3865763,51.8011569,0 14.3803427,51.7915749,0 14.3854742,51.7849658,0 14.3911469,51.7816076,0 14.3977285,51.7728857,0 14.4161754,51.7669137,0 14.4372954,51.7531511,0 14.4447523,51.7499482,0 14.466119,51.7648671,0 14.4675653,51.769037,0 14.4648601,51.76949339999999,0 14.4539439,51.7659892,0 14.4564659,51.7596076,0 14.4523622,51.759148,0 14.4489373,51.765786,0 14.4508784,51.7706237,0 14.4475963,51.7802386,0 14.4432556,51.7816569,0 14.4369107,51.7782569,0 14.4332105,51.7823282,0 14.4383497,51.7919517,0 14.4422789,51.7954979,0 
					</coordinates>
				</LinearRing>
			</outerBoundaryIs>
		</Polygon>
	</Placemark>
	<Placemark id="Lakes.152">
		<name>Große_Dhünntalsperre</name>
		<Polygon>
			<outerBoundaryIs>
				<LinearRing>
					<coordinates>
						7.187008099999999,51.0691482,0 7.1857943,51.0662262,0 7.187986099999999,51.06440969999999,0 7.1873839,51.0623091,0 7.1930658,51.0621335,0 7.192471000000001,51.0601231,0 7.1942832,51.0585589,0 7.1898361,51.0565111,0 7.190454,51.0536502,0 7.1918829,51.0532307,0 7.1914777,51.0548573,0 7.195283000000001,51.0573503,0 7.205536099999999,51.05537939999999,0 7.2081422,51.05276150000001,0 7.2074566,51.056097,0 7.201398599999999,51.0590782,0 7.1971213,51.0589009,0 7.1961293,51.0610181,0 7.198315200000001,51.06244659999999,0 7.2088579,51.0603612,0 7.2096983,51.06170440000001,0 7.2064103,51.063147,0 7.207020599999999,51.0645959,0 7.2044416,51.063416,0 7.201038799999999,51.064222,0 7.209083,51.06996109999999,0 7.2136499,51.0710536,0 7.216957,51.0700727,0 7.2167649,51.06870790000001,0 7.219999400000001,51.06881550000001,0 7.2176293,51.0642071,0 7.224569900000001,51.06801609999999,0 7.2267668,51.0671796,0 7.227139600000001,51.0696479,0 7.236614,51.0736066,0 7.236340499999999,51.0723019,0 7.2392862,51.0730359,0 7.24660419413535,51.0742252818693,0 7.25509531466962,51.0764310708401,0 7.25858620954382,51.0755918096281,0 7.259771608902139,51.0761911542916,0 7.26037514710711,51.07875499171,0 7.26412683560268,51.0808700302835,0 7.267990983688869,51.0820194916243,0 7.27349165263548,51.0847787282162,0 7.27258668286305,51.0852180910319,0 7.26975996972152,51.0844985441508,0 7.265535820062159,51.08319745424661,0 7.26440906085684,51.0842897687797,0 7.26493984953945,51.082285547506,0 7.26074953148088,51.0821430414551,0 7.2595227101152,51.08052235797571,0 7.25747908296923,51.0785820243822,0 7.25199961684436,51.077594626278,0 7.24948457201126,51.0790696748635,0 7.24799365359365,51.0767772440058,0 7.24482911159613,51.0763189632462,0 7.238732700000001,51.0753805,0 7.242305700000001,51.0789681,0 7.240740200000001,51.0798543,0 7.241812199999999,51.08945889999999,0 7.239249,51.08897139999999,0 7.2383641,51.0841413,0 7.235476,51.0829713,0 7.2370941,51.0821052,0 7.2339493,51.0812252,0 7.2367677,51.0805159,0 7.2293776,51.0749813,0 7.226025900000001,51.07681430000001,0 7.223099900000001,51.0743756,0 7.2199474,51.0753764,0 7.2155246,51.0742411,0 7.214684499999999,51.07530109999999,0 7.2180102,51.0795507,0 7.2143542,51.0783509,0 7.212171,51.0741333,0 7.2099989,51.073931,0 7.2103848,51.07584190000001,0 7.2023629,51.0699173,0 7.2001037,51.0725304,0 7.199314299999999,51.0709987,0 7.201274500000001,51.0686497,0 7.1971757,51.067132,0 7.191054200000001,51.06789599999999,0 7.1919524,51.07072179999999,0 7.190275399999999,51.0715177,0 7.189586,51.0694619,0 7.187008099999999,51.0691482,0 
					</coordinates>
				</LinearRing>
			</outerBoundaryIs>
		</Polygon>
	</Placemark>
	<Placemark id="Lakes.153">
		<name>Ruppiner_See</name>
		<Polygon>
			<outerBoundaryIs>
				<LinearRing>
					<coordinates>
						12.8364501,52.9115123,0 12.8356819,52.91054410000001,0 12.8256826,52.9138358,0 12.8180848,52.918307,0 12.8175934,52.9044818,0 12.8133946,52.9010401,0 12.8122669,52.89731310000001,0 12.8318588,52.89120200000001,0 12.8297071,52.8861914,0 12.8400229,52.8832207,0 12.8417506,52.8809411,0 12.8401218,52.8763681,0 12.8477922,52.87151010000001,0 12.8496091,52.8664747,0 12.857876,52.8632839,0 12.8604311,52.8596,0 12.8699725,52.85378660000001,0 12.886269,52.8543548,0 12.8874358,52.8525858,0 12.8851693,52.8513005,0 12.8815337,52.8519378,0 12.8759561,52.848755,0 12.868679,52.848402,0 12.8678716,52.85009899999999,0 12.857896,52.8543602,0 12.8535642,52.8601433,0 12.8495075,52.8614566,0 12.8427828,52.8673078,0 12.8408118,52.8713402,0 12.8352167,52.8737108,0 12.834159,52.8764979,0 12.835855,52.88098890000001,0 12.8255131,52.8832547,0 12.8254363,52.88911989999999,0 12.8061079,52.8921815,0 12.8033949,52.8930076,0 12.8011273,52.89610499999999,0 12.8039289,52.9017335,0 12.810372,52.9066512,0 12.8091903,52.908095,0 12.8098642,52.92080909999999,0 12.8123021,52.9232201,0 12.816826,52.9243464,0 12.8181514,52.9291405,0 12.8256118,52.9345008,0 12.8246337,52.93668900000001,0 12.8316488,52.9454875,0 12.8426512,52.9485014,0 12.8430339,52.9459878,0 12.8397478,52.94314459999999,0 12.8453403,52.94416220000001,0 12.8447172,52.9426454,0 12.8326455,52.9370455,0 12.8341417,52.93304810000001,0 12.8318494,52.9300369,0 12.8250002,52.92620059999999,0 12.8225236,52.9201166,0 12.8229499,52.9178954,0 12.8364501,52.9115123,0 
					</coordinates>
				</LinearRing>
			</outerBoundaryIs>
		</Polygon>
	</Placemark>
	<Placemark id="Lakes.154">
		<name>Wanzkaer_See</name>
		<Polygon>
			<outerBoundaryIs>
				<LinearRing>
					<coordinates>
						13.253397088419,53.41004502408861,0 13.2529340773203,53.406704297937,0 13.2575498,53.4051455,0 13.2555479137343,53.4046464578747,0 13.247053252469,53.4057295608114,0 13.2350580201416,53.40344821916459,0 13.2309726657766,53.4038295321835,0 13.2294401,53.3996141,0 13.2265863341098,53.39872078573011,0 13.2239086505483,53.4004246014401,0 13.2172567,53.4024542,0 13.2172405,53.40817269999999,0 13.2144412,53.4096214,0 13.2077365,53.4105604,0 13.206865,53.40832880000001,0 13.2036686259414,53.4066294712871,0 13.20135,53.40712190000001,0 13.2036984,53.4110777,0 13.1998148131342,53.4121677978438,0 13.199202674132,53.41352471221819,0 13.1965269674049,53.41513931578099,0 13.1906261125329,53.4167286493712,0 13.1879366,53.4186312,0 13.1898182,53.42191639999999,0 13.1931674267986,53.41829609637159,0 13.2010701,53.4142544,0 13.2048817619364,53.4150686442885,0 13.2079822721411,53.41312611938789,0 13.2139652724441,53.4117101943902,0 13.2194540189586,53.4096896256506,0 13.2196735329518,53.411243196223,0 13.2180474517515,53.4112638364423,0 13.2137380047056,53.4124389551608,0 13.2138363121597,53.4141281123041,0 13.2200157,53.4125489,0 13.2230400331003,53.4096957159536,0 13.2260678263128,53.4080580558407,0 13.2269879102579,53.4058704365081,0 13.2299208743297,53.4042046164549,0 13.2320108340817,53.4060750301942,0 13.240995,53.408002,0 13.2446429334969,53.4077243602881,0 13.2494434,53.41021080000001,0 13.253397088419,53.41004502408861,0 
					</coordinates>
				</LinearRing>
			</outerBoundaryIs>
		</Polygon>
	</Placemark>
	<Placemark id="Lakes.155">
		<name>Kramssee</name>
		<Polygon>
			<outerBoundaryIs>
				<LinearRing>
					<coordinates>
						12.9652814,53.35958519999999,0 12.9615043,53.3611196,0 12.9595906,53.3655901,0 12.9622595,53.3704077,0 12.9739314,53.370115,0 12.9787379,53.3679641,0 12.9780946,53.36535659999999,0 12.9729213,53.3645027,0 12.972937,53.3618707,0 12.9652814,53.35958519999999,0 
					</coordinates>
				</LinearRing>
			</outerBoundaryIs>
		</Polygon>
	</Placemark>
	<Placemark id="Lakes.156">
		<name>Plauer_See</name>
		<Polygon>
			<outerBoundaryIs>
				<LinearRing>
					<coordinates>
						12.3317724,53.49990139999999,0 12.3419633,53.4961279,0 12.3428694,53.4942179,0 12.3510467,53.49757,0 12.3570965,53.49608959999999,0 12.3660511,53.49979439999999,0 12.3685563,53.4941286,0 12.3709297,53.49289290000001,0 12.371705,53.4847491,0 12.3678162,53.4796758,0 12.3625065,53.47932550000001,0 12.35065,53.474798,0 12.3469086,53.4698047,0 12.3487657,53.4688439,0 12.3467095,53.4695883,0 12.3461576,53.4695896,0 12.3474697,53.46715,0 12.3423399,53.4596911,0 12.3331831,53.4563992,0 12.3278688,53.4525022,0 12.3163475,53.4537707,0 12.3075761,53.44746289999999,0 12.3088749,53.4420297,0 12.3116499,53.43944340000001,0 12.3085009,53.4338862,0 12.3095415,53.4316189,0 12.303299,53.4266362,0 12.3002952,53.42604,0 12.3008164,53.4222495,0 12.3035453,53.4188606,0 12.3118165,53.41460610000001,0 12.3098623,53.4132884,0 12.3068282,53.4150586,0 12.3028401,53.4140038,0 12.3037186,53.4101886,0 12.3019418,53.4057383,0 12.3107809,53.3998244,0 12.312161,53.3963553,0 12.3162602,53.39478809999999,0 12.3151122,53.3917191,0 12.3128205,53.3899685,0 12.3132384,53.39124480000001,0 12.3088025,53.3925008,0 12.3079382,53.3950918,0 12.3001438,53.3974717,0 12.2931052,53.4041934,0 12.2928865,53.4062728,0 12.2866536,53.4072822,0 12.2841306,53.4103198,0 12.280487,53.41038639999999,0 12.2822807,53.4113785,0 12.2800584,53.41125420000001,0 12.2751782,53.4158517,0 12.2700173,53.4232605,0 12.2744295,53.4301983,0 12.292218,53.435407,0 12.2869417,53.4400924,0 12.2855889,53.4462416,0 12.2781028,53.4519895,0 12.2762937,53.45598459999999,0 12.2779191,53.4581648,0 12.2748034,53.4605809,0 12.2767859,53.4615014,0 12.2749685,53.4635215,0 12.2792131,53.46169600000001,0 12.2900149,53.4738878,0 12.2867503,53.4838513,0 12.2807955,53.48919309999999,0 12.2813811,53.4925794,0 12.2802155,53.4936824,0 12.2961797,53.49660239999999,0 12.3020616,53.49957270000001,0 12.3029113,53.5030726,0 12.2964317,53.5133934,0 12.2957741,53.52096049999999,0 12.3037684,53.524949,0 12.3185235,53.5224089,0 12.3271318,53.5174973,0 12.3307452,53.5136183,0 12.3317698,53.5029533,0 12.3244017,53.4957785,0 12.3165655,53.49285569999999,0 12.325045,53.4801726,0 12.3306748,53.47793129999999,0 12.3343557,53.4783205,0 12.3359846,53.4815883,0 12.3452056,53.486577,0 12.3444597,53.4896237,0 12.3376036,53.4913425,0 12.3341584,53.4962117,0 12.3298922,53.4983362,0 12.3317724,53.49990139999999,0 
					</coordinates>
				</LinearRing>
			</outerBoundaryIs>
			<innerBoundaryIs>
				<LinearRing>
					<coordinates>
						12.2854956,53.4878222,0 12.2852941,53.4887742,0 12.2847252,53.4877482,0 12.2854956,53.4878222,0 
					</coordinates>
				</LinearRing>
			</innerBoundaryIs>
		</Polygon>
	</Placemark>
	<Placemark id="Lakes.157">
		<name>Breitlingsee</name>
		<Polygon>
			<outerBoundaryIs>
				<LinearRing>
					<coordinates>
						12.4589776,52.39626319999999,0 12.458854,52.3998162,0 12.4546287,52.3982815,0 12.4544593,52.3942667,0 12.4503965,52.38824569999999,0 12.4458519,52.3859495,0 12.4413241,52.3860251,0 12.4345208,52.3882729,0 12.4285613,52.3941873,0 12.4147632,52.3956192,0 12.4174102,52.3959655,0 12.4158893,52.3995734,0 12.413038,52.3997014,0 12.414758,52.402981,0 12.4238138,52.4084741,0 12.4288707,52.40222370000001,0 12.4364067,52.3980822,0 12.4386267,52.4009978,0 12.4467427,52.4019934,0 12.448875,52.40573260000001,0 12.4598308,52.4071032,0 12.4623075,52.4090951,0 12.4707978,52.4062376,0 12.4854816,52.4042016,0 12.4835683,52.3965604,0 12.4914566,52.3908498,0 12.4919794,52.38867139999999,0 12.4888188,52.38795,0 12.4917613,52.3868689,0 12.494139,52.3815607,0 12.4809556,52.37439049999999,0 12.4793419,52.3709936,0 12.4755779,52.36955770000001,0 12.4698192,52.371547,0 12.4665064,52.3669112,0 12.460608,52.3653789,0 12.4557078,52.3660975,0 12.4563984,52.37193430000001,0 12.4604414,52.3735872,0 12.4611945,52.3764175,0 12.4638277,52.3768736,0 12.4628916,52.3834945,0 12.4641471,52.3879503,0 12.4703789,52.3926543,0 12.4768193099102,52.3945616562975,0 12.4751975,52.3950857,0 12.4746724,52.3972753,0 12.4759598,52.3983275,0 12.4735023,52.3980541,0 12.464187,52.3942122,0 12.4589776,52.39626319999999,0 
					</coordinates>
				</LinearRing>
			</outerBoundaryIs>
		</Polygon>
	</Placemark>
</Document>
</kml>
