<?xml version="1.0" encoding="UTF-8"?>
<kml xmlns="http://www.opengis.net/kml/2.2" xmlns:gx="http://www.google.com/kml/ext/2.2" xmlns:kml="http://www.opengis.net/kml/2.2" xmlns:atom="http://www.w3.org/2005/Atom">
<Document id="Rivers">
	<name>Rivers</name>
	<atom:link rel="app" href="https://www.google.com/earth/about/versions/#earth-pro" title="Google Earth Pro 7.3.6.10201"></atom:link>
	<Placemark id="Rivers.1">
		<name>07f05a46-Ahr</name>
		<LineString>
			<coordinates>
				7.2792809,50.55991899999999,0 7.2722528,50.55469609999999,0 7.241288899999999,50.5492191,0 7.1969583,50.5512289,0 7.187630800000001,50.54725199999999,0 7.164845599999999,50.5472429,0 7.156162500000001,50.5425795,0 7.0936185,50.5394112,0 7.0896068,50.5371013,0 7.089806400000001,50.5328675,0 7.0761009,50.52814600000001,0 7.0594423,50.5318492,0 7.0588548,50.53514570000001,0 7.0537439,50.5324565,0 7.0477348,50.5344764,0 7.0426776,50.5316778,0 7.0403647,50.5140193,0 7.0286291,50.5161987,0 7.025742100000001,50.5227124,0 7.0202922,50.5216915,0 7.0217048,50.518599,0 7.0114013,50.5110967,0 7.0080578,50.51364280000001,0 7.0126841,50.5163971,0 7.0006936,50.52002420000001,0 6.9963845,50.5171242,0 7.002571,50.5116497,0 6.996290800000001,50.50658700000001,0 6.9936355,50.507187,0 6.9952533,50.51176350000001,0 6.9909874,50.51376770000001,0 6.9947621,50.51599300000001,0 6.984608999999999,50.5169094,0 6.9883382,50.51290410000001,0 6.986645600000001,50.51108840000001,0 6.9757321,50.51044630000001,0 6.9807308,50.5066158,0 6.9798245,50.498865,0 6.988548900000001,50.4950664,0 6.9703801,50.4907854,0 6.9728995,50.4833716,0 6.9625061,50.47613879999999,0 6.9481225,50.4744283,0 6.9511356,50.4657383,0 6.937396,50.446804,0 6.931216099999999,50.4439049,0 6.9214765,50.4450066,0 6.916780600000001,50.4412178,0 6.9053295,50.4415034,0 6.9012105,50.4477417,0 6.8912475,50.44526620000001,0 6.890557399999999,50.4527634,0 6.8853034,50.4508174,0 6.888175799999999,50.44680750000001,0 6.8864679,50.444854,0 6.8755228,50.4469069,0 6.874499300000001,50.4403071,0 6.865248600000001,50.4436337,0 6.8653275,50.4375249,0 6.857305299999999,50.4346359,0 6.8596481,50.42883249999999,0 6.8491353,50.4291434,0 6.8518176,50.419956,0 6.839057100000001,50.4199385,0 6.8311314,50.408378,0 6.833447400000001,50.40546609999999,0 6.831879699999999,50.400241,0 6.8392784,50.3910074,0 6.8278873,50.3894851,0 6.824946700000001,50.384367,0 6.819166699999999,50.38693270000001,0 6.817380000000001,50.3830817,0 6.806362,50.3819132,0 6.7948488,50.3742323,0 6.798642500000001,50.3711371,0 6.7947255,50.3683708,0 6.7808687,50.371855,0 6.7622943,50.3849646,0 6.7487903,50.3829451,0 6.7287157,50.39100929999999,0 6.719401,50.3907002,0 6.7125808,50.3973145,0 6.691296600000001,50.40504730000001,0 6.6782557,50.42019830000001,0 6.6703673,50.4242916,0 6.6690997,50.4301472,0 6.6560392,50.4326458,0 6.6550884,50.43681620000001,0 6.6494645,50.4381461,0 
			</coordinates>
		</LineString>
	</Placemark>
	<Placemark id="Rivers.2">
		<name>fa237e4a-Aller</name>
		<LineString>
			<coordinates>
				9.1830832,52.9465384,0 9.210440699999999,52.9370894,0 9.213594499999999,52.9298485,0 9.223550100000001,52.92590629999999,0 9.229217999999999,52.9117941,0 9.250823,52.9034247,0 9.257201999999999,52.9074079,0 9.278082899999999,52.90277480000001,0 9.274452200000001,52.8937822,0 9.2830238,52.88973049999999,0 9.2815473,52.8841064,0 9.292677400000001,52.8758131,0 9.2930484,52.8702827,0 9.2996345,52.8682232,0 9.297148,52.8608034,0 9.2988958,52.8567507,0 9.3107469,52.84986240000001,0 9.3034082,52.8431687,0 9.3096804,52.841035,0 9.3217964,52.843174,0 9.3288654,52.83771980000001,0 9.341288799999999,52.8386482,0 9.3383152,52.833952,0 9.342282300000001,52.82975580000001,0 9.3416365,52.821572,0 9.329789399999999,52.8148785,0 9.343788699999999,52.8135491,0 9.34512,52.8068811,0 9.3606582,52.8036576,0 9.3567939,52.8010823,0 9.339763599999999,52.8012948,0 9.3367383,52.7992156,0 9.337628199999999,52.7960887,0 9.3493496,52.7973985,0 9.3583836,52.7926602,0 9.370498599999999,52.7973562,0 9.391368,52.77993319999999,0 9.3987753,52.782135,0 9.4268555,52.7721284,0 9.442359,52.7783609,0 9.445960899999999,52.7669492,0 9.449987999999999,52.7649248,0 9.458701400000001,52.7695338,0 9.4545098,52.7722772,0 9.455420699999999,52.7749651,0 9.4646914,52.7773648,0 9.467589800000001,52.7750127,0 9.4617714,52.76916809999999,0 9.472928700000001,52.7585556,0 9.4760297,52.7603511,0 9.474572500000001,52.7663775,0 9.4815424,52.7647394,0 9.487208600000001,52.7581934,0 9.4884465,52.7625211,0 9.4981039,52.7649897,0 9.5102799,52.775217,0 9.525026499999999,52.77615109999999,0 9.5362306,52.7816482,0 9.5465508,52.77553279999999,0 9.553732800000001,52.7762987,0 9.559010300000001,52.76864110000001,0 9.570888,52.7645808,0 9.570292500000001,52.7596654,0 9.582070099999999,52.7597661,0 9.584739799999999,52.7543862,0 9.594403700000001,52.7513125,0 9.590071399999999,52.7421675,0 9.5973205,52.7375209,0 9.5915546,52.7306768,0 9.5954503,52.7264839,0 9.5945701,52.72218620000001,0 9.6061979,52.7166583,0 9.6125805,52.7175883,0 9.6114315,52.7118815,0 9.619821399999999,52.7040841,0 9.6278401,52.7061793,0 9.6324814,52.7028799,0 9.6433898,52.7044795,0 9.6565108,52.7000735,0 9.656449800000001,52.6947424,0 9.6624412,52.6919848,0 9.6596934,52.6880381,0 9.6654339,52.6830699,0 9.6736758,52.68709960000001,0 9.679747900000001,52.6848149,0 9.6829296,52.6877914,0 9.6931885,52.6876387,0 9.702617800000001,52.6819136,0 9.714796,52.6805963,0 9.7168758,52.6771069,0 9.726865999999999,52.6788991,0 9.7302178,52.6750848,0 9.7387339,52.67361540000001,0 9.7408074,52.66915850000001,0 9.773542000000001,52.670958,0 9.805662699999999,52.6650098,0 9.822658300000001,52.6704174,0 9.819621700000001,52.67758950000001,0 9.8294084,52.68076749999999,0 9.8333827,52.6862989,0 9.8574153,52.68988869999999,0 9.859928200000001,52.68369380000001,0 9.8716233,52.68319590000001,0 9.8718757,52.6730002,0 9.8872745,52.6770771,0 9.899101399999999,52.674097,0 9.9087818,52.676725,0 9.922124,52.6743457,0 9.931000299999999,52.6714943,0 9.928387799999999,52.6651348,0 9.939205599999999,52.66110199999999,0 9.935563999999999,52.6575804,0 9.937851,52.655483,0 9.9450074,52.65397,0 9.9504178,52.65743969999999,0 9.959869400000001,52.6577359,0 9.9616887,52.6509336,0 9.968876399999999,52.6483539,0 9.981229000000001,52.6505611,0 9.9864804,52.6438074,0 10.0038033,52.63842229999999,0 10.0268512,52.637295,0 10.0463995,52.6227747,0 10.0567913,52.6254792,0 10.0642262,52.6228646,0 10.0682592,52.62952899999999,0 10.0976869,52.62436000000001,0 10.1100587,52.6148199,0 10.1223144,52.61221940000001,0 10.1281737,52.6028878,0 10.1266241,52.5923435,0 10.1365395,52.588373,0 10.1338433,52.5828582,0 10.1390458,52.58415469999999,0 10.1393438,52.5875439,0 10.1502819,52.5895471,0 10.1716882,52.58313040000001,0 10.1902928,52.58606170000001,0 10.2062671,52.5816848,0 10.2235617,52.5873291,0 10.2336748,52.58179739999999,0 10.2468892,52.5806303,0 10.2537119,52.5674233,0 10.281601,52.5693951,0 10.2936631,52.55996929999999,0 10.3095684,52.55646580000001,0 10.312588,52.5482646,0 10.3254263,52.5420329,0 10.3276901,52.5346352,0 10.3354358,52.5297764,0 10.3597171,52.5249987,0 10.3947062,52.5068194,0 10.4027594,52.5094736,0 10.4239863,52.5008178,0 10.4381904,52.5031285,0 10.4451351,52.4932698,0 10.4672784,52.48993,0 10.4695597,52.48316049999999,0 10.4648748,52.4795236,0 10.4703345,52.4766482,0 10.4829759,52.47973039999999,0 10.4867702,52.4754564,0 10.501884,52.4756702,0 10.5125463,52.471639,0 10.5176313,52.4732498,0 10.5210075,52.4800975,0 10.5307852,52.4792466,0 10.5394739,52.4846821,0 10.5564184,52.4863846,0 10.5632824,52.4915011,0 10.5829022,52.488975,0 10.5888706,52.4956153,0 10.599044,52.493245,0 10.6100506,52.49717480000001,0 10.6154177,52.49111409999999,0 10.6204677,52.4935102,0 10.6289936,52.4913976,0 10.6300135,52.4839014,0 10.6363847,52.4803055,0 10.6284606,52.4767784,0 10.6278713,52.47204,0 10.6379985,52.475767,0 10.6603537,52.4661586,0 10.6698362,52.4713411,0 10.6870732,52.4622317,0 10.7013031,52.4666429,0 10.7040546,52.4631007,0 10.7208873,52.4582361,0 10.7254445,52.4512657,0 10.7717511,52.4420482,0 10.79468,52.4417949,0 10.7967581,52.43837119999999,0 10.8065253,52.4357274,0 10.8155628,52.4390921,0 10.8175082,52.435779,0 10.8398604,52.4350266,0 10.8653259,52.4505015,0 10.9219479,52.4605962,0 10.9331721,52.4592784,0 10.9560123,52.445187,0 10.9615302,52.4352451,0 10.9864668,52.4225831,0 10.9918181,52.413486,0 11.0046221,52.4094601,0 11.0166172,52.39869670000001,0 11.0391595,52.3953223,0 11.0537057,52.38338400000001,0 11.0643405,52.382231,0 11.0730697,52.3773068,0 11.0739535,52.3717816,0 11.0625928,52.367059,0 11.0615592,52.3573739,0 11.0666858,52.34831459999999,0 11.0779661,52.3416642,0 11.0811033,52.3350277,0 11.0764501,52.3261091,0 11.0631128,52.3150363,0 11.0556611,52.3141537,0 11.0466746,52.30823389999999,0 11.0461866,52.3021443,0 11.0626227,52.2852347,0 11.0613817,52.28098110000001,0 11.0692179,52.2776758,0 11.0721794,52.2714329,0 11.0872422,52.2698874,0 11.0876329,52.2628145,0 11.1092327,52.23776640000001,0 11.1185266,52.2179563,0 11.1262771,52.21351270000001,0 11.1324398,52.21450140000001,0 11.1392032,52.2068385,0 11.1562489,52.2036183,0 11.1585498,52.19669080000001,0 11.164522,52.19165310000001,0 11.1628223,52.18328960000001,0 11.1723886,52.1775205,0 11.182049,52.17630559999999,0 11.1809129,52.17,0 11.194115,52.1637148,0 11.1875616,52.1529409,0 11.1901366,52.1439789,0 11.239624,52.121977,0 11.2419598,52.1131886,0 11.2338571,52.10219949999999,0 11.2394844,52.1002739,0 11.2417118,52.0935845,0 11.233664,52.0868737,0 11.2443057,52.0861354,0 
			</coordinates>
		</LineString>
	</Placemark>
	<Placemark id="Rivers.3">
		<name>6ec03ae8-Alme</name>
		<LineString>
			<coordinates>
				8.7053932,51.7500655,0 8.7104929,51.7424755,0 8.7087726,51.7284188,0 8.714734,51.72028579999999,0 8.7064784,51.6890715,0 8.6997432,51.6859478,0 8.699635799999999,51.6817447,0 8.704147300000001,51.67612200000001,0 8.717512599999999,51.6709236,0 8.7117495,51.6682812,0 8.7139834,51.6582976,0 8.709125800000001,51.65375290000001,0 8.710016299999999,51.6499937,0 8.6938601,51.6483296,0 8.6936734,51.6420552,0 8.6894051,51.6391331,0 8.6821863,51.6411511,0 8.6779066,51.6390331,0 8.684133599999999,51.638188,0 8.691765500000001,51.62811529999999,0 8.6726505,51.6267341,0 8.6763177,51.6224422,0 8.667722299999999,51.6188664,0 8.651664200000001,51.6216164,0 8.6485748,51.6154679,0 8.640655600000001,51.6151557,0 8.6491638,51.60571600000001,0 8.6402112,51.6081867,0 8.636203200000001,51.6023216,0 8.625994499999999,51.6018017,0 8.623595699999999,51.594531,0 8.614985799999999,51.5984436,0 8.6123341,51.5928498,0 8.567138,51.5777017,0 8.5631836,51.57340599999999,0 8.570001700000001,51.5698984,0 8.5689846,51.5623852,0 8.5637501,51.5585436,0 8.557591199999999,51.5591046,0 8.5554957,51.5532665,0 8.5482113,51.5478781,0 8.525587399999999,51.542055,0 8.5290184,51.5360517,0 8.5269517,51.5283101,0 8.551572,51.5069062,0 8.559147400000001,51.50277090000001,0 8.5852953,51.5003073,0 8.593195700000001,51.4950103,0 8.593309400000001,51.4888863,0 8.6040268,51.4862142,0 8.607517899999999,51.4818879,0 8.603895100000001,51.4760557,0 8.6086402,51.46588959999999,0 8.624284899999999,51.4606952,0 8.625433299999999,51.45506390000001,0 8.6219623,51.4531262,0 8.6209808,51.44729279999999,0 
			</coordinates>
		</LineString>
	</Placemark>
	<Placemark id="Rivers.4">
		<name>3b8fd8df-Dahme</name>
		<LineString>
			<coordinates>
				13.572897,52.4482373,0 13.5713619,52.442241,0 13.5764345,52.4372861,0 13.5752157,52.4294262,0 13.581163,52.4254157,0 13.5858883,52.4145792,0 13.6243574,52.4087954,0 13.6283449,52.40304709999999,0 13.6428291,52.3948404,0 13.6456827,52.38530730000001,0 13.658073,52.37893179999999,0 13.6474521,52.3714896,0 13.6464296,52.36543940000001,0 13.638753,52.36011649999999,0 13.6362078,52.3469972,0 13.6423268,52.3351921,0 13.6415201,52.3235869,0 13.6451409,52.3207936,0 13.6436275,52.3080211,0 13.6485016,52.29798790000001,0 13.6610991,52.292886,0 13.6727458,52.29516300000001,0 13.6814031,52.2899144,0 13.7015725,52.2949308,0 13.7180364,52.2886731,0 13.7280271,52.292684,0 13.739906,52.29278900000001,0 13.740989,52.2839636,0 13.7368434,52.2786653,0 13.7407659,52.2664439,0 13.7363044,52.2529183,0 13.7498452,52.2454984,0 13.7708222,52.2404068,0 13.7730437,52.2373207,0 13.7638181,52.2232245,0 13.7780824,52.21642369999999,0 13.7840726,52.20462859999999,0 13.7746677,52.195677,0 13.7716111,52.1875325,0 13.7788601,52.1790931,0 13.7687267,52.1699518,0 13.7625695,52.1583784,0 13.7648611,52.1535233,0 13.7592891,52.1480834,0 13.7635136,52.1406563,0 13.7598863,52.1341368,0 13.7606093,52.1246984,0 13.7658639,52.1178098,0 13.7644685,52.1137479,0 13.7576312,52.1086604,0 13.7433918,52.1059295,0 13.7360974,52.09870200000001,0 13.7289638,52.0999745,0 13.7198638,52.0950246,0 13.7239018,52.0900498,0 13.7223168,52.0866356,0 13.7009704,52.0689088,0 13.6976203,52.0592401,0 13.6906707,52.0568768,0 13.689569,52.05105379999999,0 13.7038327,52.0441182,0 13.7049416,52.03980359999999,0 13.7029023,52.0333273,0 13.691822,52.0226408,0 13.6672192,52.0189093,0 13.6621267,52.0171531,0 13.6585104,52.0104009,0 13.6292525,52.00511259999999,0 13.6309622,51.9900615,0 13.6178814,51.9773816,0 13.6217013,51.9713429,0 13.6196819,51.9647834,0 13.6150222,51.9619283,0 13.6176619,51.95433320000001,0 13.6066236,51.946765,0 13.606598,51.94049080000001,0 13.5989621,51.9322981,0 13.5988766,51.9260906,0 13.5881338,51.9189533,0 13.5857512,51.91353790000001,0 13.5885348,51.904225,0 13.5852853,51.8991199,0 13.575499,51.8946226,0 13.5658167,51.8947414,0 13.5397903,51.9086526,0 13.5257848,51.90453969999999,0 13.5033077,51.9100864,0 13.4872663,51.90003290000001,0 13.4551607,51.894218,0 13.4459716,51.88560110000001,0 13.4356046,51.8725501,0 13.4315578,51.8616471,0 13.4379019,51.8588315,0 13.4404558,51.8540428,0 13.4375104,51.8516343,0 13.4471235,51.8394394,0 13.4669681,51.83367860000001,0 13.4672457,51.8298603,0 13.4741477,51.82687420000001,0 
			</coordinates>
		</LineString>
	</Placemark>
	<Placemark id="Rivers.5">
		<name>431fc2fd-Donau</name>
		<LineString>
			<coordinates>
				8.517389700000001,47.9503479,0 8.524079499999999,47.9516194,0 8.5379734,47.9470534,0 8.541624799999999,47.94889809999999,0 8.542631399999999,47.9448177,0 8.548505,47.94314899999999,0 8.5490274,47.9325567,0 8.5541328,47.93028549999999,0 8.5576355,47.9236807,0 8.5674815,47.9212118,0 8.5672999,47.9169392,0 8.578581399999999,47.9123347,0 8.593102200000001,47.9131999,0 8.5916148,47.91621599999999,0 8.596577999999999,47.9142976,0 8.595589,47.91905429999999,0 8.604968100000001,47.91735430000001,0 8.6043558,47.914792,0 8.6225421,47.9139474,0 8.636394900000001,47.9213694,0 8.6608795,47.917841,0 8.6748221,47.92405039999999,0 8.700536700000001,47.929469,0 8.728884000000001,47.93113509999999,0 8.7426487,47.93849030000001,0 8.748865800000001,47.9361498,0 8.752310400000001,47.92914189999999,0 8.7586719,47.9295636,0 8.7655587,47.9359,0 8.762928,47.942665,0 8.757757700000001,47.945613,0 8.760203799999999,47.9481609,0 8.7573712,47.9543051,0 8.7780377,47.9593571,0 8.777737500000001,47.9682198,0 8.791138200000001,47.975523,0 8.7995032,47.98455129999999,0 8.809111400000001,47.9837329,0 8.832297000000001,47.9888673,0 8.8313557,48.0008172,0 8.834470400000001,48.00579729999999,0 8.846189499999999,48.0014889,0 8.8513625,48.0026816,0 8.863934799999999,48.01167100000001,0 8.8720591,48.0115473,0 8.8772167,48.01871729999999,0 8.876534700000001,48.0223288,0 8.885586200000001,48.0230918,0 8.8941322,48.0339225,0 8.909681300000001,48.0280919,0 8.916163900000001,48.03628330000001,0 8.920956500000001,48.0373319,0 8.928689200000001,48.0341971,0 8.935048999999999,48.0269289,0 8.925770699999999,48.0154104,0 8.917360499999999,48.0116869,0 8.918730699999999,48.0094238,0 8.930002999999999,48.0075405,0 8.937806200000001,48.0154408,0 8.9420115,48.0110815,0 8.9453821,48.01205270000001,0 8.944619599999999,48.0158455,0 8.9505876,48.01252480000001,0 8.964660800000001,48.0214351,0 8.9619474,48.0307081,0 8.955981599999999,48.0285625,0 8.953549900000001,48.0316191,0 8.9637069,48.0440315,0 8.965272300000001,48.0528442,0 8.9715416,48.05501529999999,0 8.9761221,48.04803549999999,0 8.980797000000001,48.04954769999999,0 8.9823076,48.0567637,0 8.9882662,48.0558983,0 8.9903073,48.0522529,0 8.9958586,48.0533695,0 8.990852200000001,48.0586375,0 8.992467400000001,48.0617253,0 9.0017111,48.06315590000001,0 9.0130082,48.0727684,0 9.022874399999999,48.07243830000001,0 9.030064299999999,48.0808762,0 9.0398801,48.0830121,0 9.046278300000001,48.08934600000001,0 9.064972600000001,48.0942311,0 9.068675199999999,48.0920285,0 9.0648429,48.085583,0 9.0778243,48.0838238,0 9.0831497,48.0792332,0 9.0998196,48.0862358,0 9.099575700000001,48.09123269999999,0 9.1057124,48.0940848,0 9.1080647,48.09031539999999,0 9.1040843,48.0801973,0 9.106949699999999,48.0780278,0 9.1143304,48.0807635,0 9.1264021,48.0763792,0 9.129931900000001,48.0830489,0 9.1387015,48.0790069,0 9.1537331,48.0792668,0 9.158247100000001,48.0735861,0 9.1646147,48.0729965,0 9.168396599999999,48.0747904,0 9.1682433,48.08092359999999,0 9.177836599999999,48.0763374,0 9.1816035,48.0786841,0 9.2024726,48.0765783,0 9.207193800000001,48.07942629999999,0 9.2100685,48.0879981,0 9.225130699999999,48.0897145,0 9.225832499999999,48.0823162,0 9.2313925,48.07811299999999,0 9.229089500000001,48.0753664,0 9.2373066,48.0741123,0 9.238151500000001,48.0772578,0 9.2425327,48.075494,0 9.242350999999999,48.0716507,0 9.2554871,48.0722135,0 9.2611869,48.0639179,0 9.2665928,48.06249,0 9.2923864,48.0691071,0 9.288619300000001,48.0746098,0 9.291324899999999,48.07693549999999,0 9.301318800000001,48.0637044,0 9.324027299999999,48.0703088,0 9.352431299999999,48.063021,0 9.357710600000001,48.06985240000001,0 9.366414499999999,48.072196,0 9.4001628,48.07336900000001,0 9.408038599999999,48.0786703,0 9.416530399999999,48.090421,0 9.4165001,48.09483470000001,0 9.4213114,48.099941,0 9.417089300000001,48.1028285,0 9.4228063,48.10914879999999,0 9.4495319,48.1174626,0 9.468469300000001,48.14100040000001,0 9.4681058,48.1507436,0 9.481116200000001,48.1536196,0 9.491836599999999,48.1617748,0 9.4902102,48.165437,0 9.4941704,48.1690244,0 9.4974937,48.181997,0 9.507776099999999,48.18855829999999,0 9.505879800000001,48.1986786,0 9.4950972,48.2048885,0 9.495559,48.2072499,0 9.502776799999999,48.20919109999999,0 9.5124821,48.20423809999999,0 9.519667,48.2049037,0 9.5183637,48.2150802,0 9.525747300000001,48.2197441,0 9.5354429,48.2203382,0 9.5347864,48.22503830000001,0 9.53844,48.2270503,0 9.527269199999999,48.23181590000001,0 9.533517700000001,48.23337240000001,0 9.538834899999999,48.2398472,0 9.5553434,48.237515,0 9.558691700000001,48.2405114,0 9.567580299999999,48.2372156,0 9.5834232,48.2443892,0 9.6143711,48.23913979999999,0 9.6248269,48.223783,0 9.6326432,48.223968,0 9.6394898,48.2284177,0 9.642647699999999,48.23419490000001,0 9.6383714,48.23839519999999,0 9.6563061,48.2340863,0 9.6736491,48.2255855,0 9.7030428,48.2350051,0 9.7033668,48.23978880000001,0 9.7141711,48.24577870000001,0 9.720141999999999,48.25907470000001,0 9.728400799999999,48.26220370000001,0 9.7381381,48.2731204,0 9.768030100000001,48.27717289999999,0 9.7792282,48.2824138,0 9.8129846,48.2836081,0 9.8638976,48.30236039999999,0 9.878565099999999,48.3152749,0 9.9128407,48.31436719999999,0 9.9190085,48.3182114,0 9.9439344,48.3490526,0 9.9649462,48.3623312,0 9.9635289,48.37451620000001,0 9.9657126,48.378153,0 9.9834725,48.386265,0 9.990327000000001,48.3941962,0 10.0141668,48.40383969999999,0 10.0174123,48.41813990000001,0 10.0332212,48.42727840000001,0 10.0515749,48.4324981,0 10.1467055,48.44451850000001,0 10.1821897,48.4397345,0 10.2403966,48.4599668,0 10.2580371,48.4617329,0 10.2672938,48.45909960000001,0 10.2810461,48.4651871,0 10.2966142,48.4659164,0 10.3128888,48.4707011,0 10.3371146,48.48547899999999,0 10.372575,48.4936039,0 10.3861302,48.50564949999999,0 10.3895688,48.5305185,0 10.3984563,48.5485603,0 10.4048454,48.5546711,0 10.4288227,48.5623569,0 10.4331346,48.5686732,0 10.4390004,48.570557,0 10.4589686,48.5646169,0 10.5100657,48.56946079999999,0 10.5358734,48.58090539999999,0 10.5550504,48.59505249999999,0 10.6252166,48.6149997,0 10.666682,48.6419197,0 10.7036018,48.653481,0 10.7068849,48.6590161,0 10.7032146,48.6681227,0 10.7056618,48.6734428,0 10.715484,48.67997449999999,0 10.752359,48.6904823,0 10.7578629,48.6957266,0 10.7688449,48.69917840000001,0 10.780461,48.7145805,0 10.7880237,48.7148485,0 10.7985681,48.7096808,0 10.8110887,48.7150257,0 10.842201,48.7159381,0 10.85966,48.7277825,0 10.8852303,48.7274813,0 10.8948916,48.7373105,0 10.9033889,48.7397976,0 10.9635638,48.7300913,0 11.003548,48.7383462,0 11.0435718,48.7343103,0 11.0699594,48.7393554,0 11.0802644,48.73134879999999,0 11.0899776,48.729755,0 11.12097,48.738448,0 11.1464488,48.7340145,0 11.1639822,48.73935259999999,0 11.1843205,48.7394562,0 11.1908768,48.74339479999999,0 11.2157463,48.74118680000001,0 11.2560342,48.7514961,0 11.3457624,48.73690259999999,0 11.4074822,48.747637,0 11.4344415,48.7639145,0 11.5175641,48.7578699,0 11.5447002,48.760622,0 11.5958784,48.7768859,0 11.6187733,48.77351720000001,0 11.6404833,48.7742272,0 11.6587626,48.78491790000001,0 11.6814589,48.7888768,0 11.7120641,48.8069447,0 11.75322,48.8227241,0 11.7655276,48.8539324,0 11.7817813,48.867346,0 11.7854956,48.8832146,0 11.7940058,48.8915275,0 11.8196044,48.8899852,0 11.8216774,48.89284570000001,0 11.8183768,48.8997429,0 11.8338551,48.89820829999999,0 11.8509174,48.9067958,0 11.8536041,48.91390379999999,0 11.8594177,48.9162109,0 11.8864689,48.9083574,0 11.9295435,48.911644,0 11.9591988,48.90442470000001,0 11.9684982,48.90887679999999,0 11.9715971,48.92022779999999,0 11.9827995,48.92758569999999,0 11.9967531,48.9314637,0 12.016643,48.926827,0 12.0351378,48.9343784,0 12.0370039,48.9404578,0 12.0071495,48.9502264,0 11.9912117,48.9505919,0 11.9873984,48.9548147,0 11.9938473,48.96238099999999,0 12.0254568,48.97044400000001,0 12.0387699,48.97930089999999,0 12.0456415,48.99157020000001,0 12.0284972,49.0118743,0 12.0427051,49.02384799999999,0 12.0617576,49.0313208,0 12.0730745,49.03016670000001,0 12.0836616,49.02347429999999,0 12.1100594,49.0197025,0 12.1452572,49.02211650000001,0 12.1853155,49.00725510000001,0 12.1932248,49.00944729999999,0 12.2028124,49.0209953,0 12.2188306,49.0279611,0 12.2519769,49.0220729,0 12.2690856,49.0101623,0 12.3067491,49.01549880000001,0 12.3206962,49.01357040000001,0 12.3443434,48.9969829,0 12.3414801,48.98995670000001,0 12.327222,48.9834207,0 12.3283344,48.9794485,0 12.3358304,48.97648920000001,0 12.3564361,48.975807,0 12.3711971,48.9710107,0 12.3834166,48.97959110000001,0 12.4077338,48.9819702,0 12.4438987,48.968239,0 12.4646969,48.9662526,0 12.4716103,48.9521959,0 12.477718,48.9525707,0 12.4842758,48.95924550000001,0 12.4894219,48.9602133,0 12.4966555,48.9569107,0 12.5012699,48.94872000000001,0 12.5203656,48.9457769,0 12.5222537,48.940409,0 12.5119258,48.93481130000001,0 12.5089008,48.92964419999999,0 12.5180124,48.912871,0 12.535288,48.9013803,0 12.5672541,48.8977224,0 12.5706898,48.8946287,0 12.5682359,48.889633,0 12.5700375,48.8863837,0 12.5882032,48.8912827,0 12.5937955,48.9018861,0 12.6172597,48.8972478,0 12.6248952,48.9070061,0 12.6312414,48.9090424,0 12.6423951,48.9047587,0 12.655992,48.9083916,0 12.6853723,48.9027256,0 12.7199995,48.88657069999999,0 12.737033,48.8840406,0 12.7487843,48.8778747,0 12.75987,48.8663374,0 12.7664555,48.8401065,0 12.7923718,48.82646579999999,0 12.8247793,48.8257829,0 12.835056,48.8292174,0 12.8437839,48.8385201,0 12.8554404,48.8431709,0 12.8791866,48.84072429999999,0 12.9004463,48.84548649999999,0 12.9107299,48.8447176,0 12.9640575,48.8231824,0 12.9726328,48.8057664,0 13.0051202,48.7875135,0 13.0074979,48.7746714,0 13.0228208,48.7587652,0 13.0340121,48.7517529,0 13.0380582,48.7441058,0 13.0329309,48.7345642,0 13.0144792,48.7262437,0 13.0173629,48.71839440000001,0 13.0349527,48.7175426,0 13.0505794,48.7273106,0 13.0669138,48.7160735,0 13.0853303,48.7162783,0 13.0982527,48.70341079999999,0 13.0852926,48.6869619,0 13.0928272,48.6834411,0 13.1124322,48.6841905,0 13.1167887,48.6643961,0 13.1500188,48.65955850000001,0 13.1800828,48.6393853,0 13.2355628,48.6132095,0 13.2615378,48.60715379999999,0 13.2860833,48.61125940000001,0 13.3223177,48.6032095,0 13.3766115,48.5973582,0 13.4197139,48.57460590000001,0 13.4612874,48.5770341,0 13.4915166,48.5746475,0 13.4986498,48.57752459999999,0 13.5051604,48.5873215,0 13.5125707,48.5908257,0 13.5277729,48.58653199999999,0 13.5506404,48.57034730000001,0 13.5734372,48.5599769,0 13.5803425,48.5599116,0 13.5889433,48.56698790000001,0 13.5986059,48.5688639,0 13.6212339,48.5563725,0 13.6517319,48.55008310000001,0 13.6643898,48.5346291,0 13.6963948,48.523938,0 13.706501,48.5170919,0 13.7271109,48.5130444,0 13.7487469,48.489069,0 13.7722194,48.4763015,0 13.7773607,48.4697818,0 13.8111687,48.4603464,0 13.8605658,48.4275619,0 13.8716779,48.42633430000001,0 13.8745675,48.43013570000001,0 13.8566301,48.4400157,0 13.8530135,48.444493,0 13.8548359,48.4487201,0 13.862236,48.4504116,0 13.8760284,48.44507800000001,0 13.8869607,48.4449953,0 13.9065393,48.4547731,0 13.9195497,48.4482243,0 13.9195734,48.43845640000001,0 13.9258755,48.4299875,0 13.9261188,48.4186653,0 13.9394457,48.4039439,0 13.9490886,48.4055132,0 13.9568325,48.41762739999999,0 13.9684891,48.4164541,0 13.9840553,48.42180099999999,0 13.9968933,48.416692,0 14.0295356,48.3771091,0 14.0298947,48.36995069999999,0 14.0213122,48.34560640000001,0 14.0250481,48.3386574,0 14.0380064,48.3295402,0 14.0679051,48.3188935,0 14.1152128,48.3091214,0 14.132296,48.3121795,0 14.1838825,48.33124290000001,0 14.1918896,48.3299326,0 14.2172909,48.3116085,0 14.2320263,48.30768259999999,0 14.2506135,48.3097307,0 14.2741561,48.3051572,0 14.2860402,48.308756,0 14.3020627,48.32091090000001,0 14.3143332,48.3218103,0 14.3319086,48.3096218,0 14.3494217,48.2791332,0 14.3767645,48.26968039999999,0 
			</coordinates>
		</LineString>
	</Placemark>
	<Placemark id="Rivers.6">
		<name>0e329e2c-Elbe</name>
		<LineString>
			<coordinates>
				9.981338888888891,53.4932011111111,0 9.98548111111111,53.4950488888889,0 9.980518055555549,53.502335,0 9.970131944444439,53.5058369444444,0 9.97428,53.5215511111111,0 9.98173305555556,53.5242119444445,0 9.993758888888889,53.5206669444444,0 10.0020069444444,53.52244,0 9.975031111111109,53.5283488888889,0 9.96916805555556,53.5266919444445,0 9.962815000000001,53.51741000000001,0 9.94234,53.52089,0 9.94123611111111,53.5289280555555,0 9.946,53.5342511111111,0 9.94291111111111,53.5400419444444,0 9.94917694444444,53.5381530555556,0 9.95426305555555,53.52260888888889,0 9.960328055555561,53.5201869444444,0 9.965501944444441,53.521725,0 9.965658888888891,53.52692805555561,0 9.954818888888891,53.5329538888889,0 9.959088888888891,53.5374480555556,0 9.95431194444444,53.54253,0 9.95938111111111,53.54353611111111,0 9.98613111111111,53.536685,0 9.988021111111109,53.5318380555556,0 9.993885000000001,53.53491305555559,0 10.0072061111111,53.5308338888889,0 10.0042238888889,53.53491305555559,0 10.0065111111111,53.5358588888889,0 10.0414361111111,53.5264530555555,0 10.0533530555556,53.5182911111111,0 10.0539311111111,53.5040438888889,0 10.0600119444444,53.5120038888889,0 10.0592730555556,53.5165269444444,0 10.04572,53.5286819444444,0 10.0487038888889,53.5302769444444,0 10.06137,53.5237969444444,0 10.0649330555556,53.513775,0 10.064175,53.50535111111111,0 10.0689480555556,53.5077430555556,0 10.0709030555556,53.51811694444439,0 10.0600380555556,53.530715,0 10.0360311111111,53.5321430555556,0 10.0115769444444,53.5413711111111,0 9.98696611111111,53.5414588888889,0 9.98368305555555,53.54536,0 9.95862111111111,53.54704,0 9.92744388888889,53.5447880555556,0 9.858309999999999,53.5488130555555,0 9.773753055555559,53.56725,0 9.756836111111109,53.5667511111111,0 9.689475,53.57478,0 9.682448055555559,53.5786138888889,0 9.666031944444439,53.57969805555561,0 9.65255888888889,53.5907519444445,0 9.559921111111111,53.6240280555556,0 9.5397,53.6503338888889,0 9.54117111111111,53.6658061111111,0 9.54786611111111,53.6636119444444,0 9.54600388888889,53.6586419444444,0 9.555171111111109,53.6398888888889,0 9.56614388888889,53.6373638888889,0 9.56861611111111,53.6338888888889,0 9.57675388888889,53.63528111111109,0 9.562754999999999,53.6445280555555,0 9.55358805555556,53.6573069444444,0 9.552531944444439,53.6765561111111,0 9.543810000000001,53.6906961111111,0 9.52156111111111,53.7161138888889,0 9.50228305555556,53.72433388888889,0 9.458783055555561,53.7337488888889,0 9.44322805555556,53.7439188888889,0 9.43303388888889,53.7533069444444,0 9.431033055555551,53.7647769444444,0 9.41595,53.782695,0 9.414506111111111,53.7904988888889,0 9.39500694444444,53.8185830555556,0 9.39634,53.8215280555556,0 9.37742305555556,53.8342761111111,0 9.35467388888889,53.8407230555556,0 9.331785,53.85858388888891,0 9.239341111111109,53.88927611111111,0 
			</coordinates>
		</LineString>
	</Placemark>
	<Placemark id="Rivers.7">
		<name>db4dce4c-Elbe</name>
		<LineString>
			<coordinates>
				9.28192388888889,53.85777888888891,0 9.328284999999999,53.8318880555556,0 9.33656305555556,53.8155011111111,0 9.400951111111111,53.74530694444439,0 9.41706111111111,53.7316969444444,0 9.477505000000001,53.6946938888889,0 9.493976944444441,53.68105694444439,0 9.513921944444441,53.6559180555555,0 9.521283055555561,53.6386111111111,0 9.545198888888891,53.61611194444439,0 9.559838055555559,53.61075305555549,0 9.572531944444441,53.5992519444444,0 9.59214388888889,53.58828111111111,0 9.60605888888889,53.5836111111111,0 9.622115000000001,53.5830319444444,0 9.69169694444445,53.5505038888889,0 9.718808055555559,53.5543911111111,0 9.77183611111111,53.55058388888891,0 9.796308055555549,53.5387819444444,0 9.821278888888889,53.5340280555556,0 9.828973888888889,53.5343069444444,0 9.82841305555556,53.54781611111111,0 9.88075388888889,53.5370138888889,0 9.88367694444444,53.5413569444444,0 9.89462611111111,53.5413669444444,0 9.907343888888891,53.5307169444444,0 9.91281,53.53407,0 9.908833888888889,53.53873694444439,0 9.91089305555556,53.540625,0 9.93655,53.5360838888889,0 9.93414111111111,53.5166138888889,0 9.93803194444444,53.5055488888889,0 9.95789194444445,53.4848980555556,0 9.960834999999999,53.48508305555549,0 
			</coordinates>
		</LineString>
	</Placemark>
	<Placemark id="Rivers.8">
		<name>1e0b129b-Elbe</name>
		<LineString>
			<coordinates>
				9.960834999999999,53.48508305555549,0 9.94049694444444,53.5168938888889,0 9.943131944444451,53.5174488888889,0 9.950431944444439,53.5055538888889,0 9.981338888888891,53.4932011111111,0 
			</coordinates>
		</LineString>
	</Placemark>
	<Placemark id="Rivers.9">
		<name>689ed23d-Elbe</name>
		<LineString>
			<coordinates>
				9.960834999999999,53.48508305555549,0 9.98459334635745,53.4777793875571,0 
			</coordinates>
		</LineString>
	</Placemark>
	<Placemark id="Rivers.10">
		<name>09878be4-Elbe</name>
		<LineString>
			<coordinates>
				9.981338888888891,53.4932011111111,0 9.98459334635745,53.4777793875571,0 
			</coordinates>
		</LineString>
	</Placemark>
	<Placemark id="Rivers.11">
		<name>fefc117f-Elbe</name>
		<LineString>
			<coordinates>
				9.98459334635745,53.4777793875571,0 9.984758055555551,53.47699888888889,0 
			</coordinates>
		</LineString>
	</Placemark>
	<Placemark id="Rivers.12">
		<name>718ab71a-Elbe</name>
		<LineString>
			<coordinates>
				9.98459334635745,53.4777793875571,0 9.99964611111111,53.4731519444444,0 10.0249430555556,53.4753911111111,0 10.04062,53.47215,0 10.0657869444444,53.45992694444449,0 10.0657769946515,53.4599522781197,0 
			</coordinates>
		</LineString>
	</Placemark>
	<Placemark id="Rivers.13">
		<name>4c28049e-Elbe</name>
		<LineString>
			<coordinates>
				10.0657769946515,53.4599522781197,0 10.0575561111111,53.4808838888889,0 10.0483119444444,53.49191,0 10.0538530555556,53.5041730555556,0 
			</coordinates>
		</LineString>
	</Placemark>
	<Placemark id="Rivers.14">
		<name>d997d9bf-Elbe</name>
		<LineString>
			<coordinates>
				10.0657769946515,53.4599522781197,0 10.0657291347143,53.4599770223635,0 
			</coordinates>
		</LineString>
	</Placemark>
	<Placemark id="Rivers.15">
		<name>4c3f8f25-Elbe</name>
		<LineString>
			<coordinates>
				14.1942825,50.5246919,0 14.147581,50.53061210000001,0 14.1119575,50.52869680000001,0 14.0932081,50.518043,0 14.0623035,50.5148225,0 14.0490729,50.521456,0 14.0635314,50.5365079,0 14.0564,50.54438129999999,0 14.0400663,50.5485893,0 14.0351429,50.56551409999999,0 14.0390319,50.57605330000001,0 14.0312331,50.5882785,0 14.0453709,50.5955759,0 14.0688215,50.5973649,0 14.0750049,50.6090318,0 14.0761922,50.6169858,0 14.0722409,50.6229076,0 14.0524877,50.6284378,0 14.043049,50.6525525,0 14.0450276,50.6582789,0 14.0766772,50.65958860000001,0 14.1109502,50.66849880000001,0 14.123577,50.67700050000001,0 14.1414676,50.66849430000001,0 14.1590069,50.6675221,0 14.171508,50.6826621,0 14.1900906,50.68673650000001,0 14.2003093,50.69347749999999,0 14.1961005,50.7136319,0 14.1823482,50.7346588,0 14.182421,50.74659849999999,0 14.1865798,50.7522241,0 14.2109248,50.7658355,0 14.2115081,50.7694133,0 14.2055193,50.7763565,0 14.2087858,50.78267480000001,0 14.2270252,50.78874159999999,0 14.23646,50.7971109,0 14.2347852,50.8060813,0 14.2226695,50.8172867,0 14.2277028,50.8350824,0 14.2161896,50.8479308,0 14.2356165,50.87506230000001,0 14.2369485,50.88025340000001,0 14.2336205,50.8873397,0 14.2196139,50.899407,0 14.2070269,50.904229,0 14.1517258,50.9161267,0 14.1071739,50.93026950000001,0 14.0985591,50.92967729999999,0 14.0801741,50.92031289999999,0 14.0641172,50.9218976,0 14.0575737,50.9262712,0 14.0573107,50.9308791,0 14.0782373,50.9402059,0 14.0868974,50.9484273,0 14.0838663,50.9545124,0 14.0742792,50.9594082,0 14.0396839,50.95759689999999,0 14.0233146,50.95373490000001,0 14.0068872,50.9446028,0 13.97239,50.9601937,0 13.9540461,50.96448539999999,0 13.9277755,50.9649567,0 13.9070383,50.9610402,0 13.8937178,50.96309960000001,0 13.8829266,50.97131150000001,0 13.8845115,50.9840994,0 13.8732566,51.0050013,0 13.8485077,51.0172552,0 13.838042,51.032817,0 13.8199783,51.04111189999999,0 13.8045477,51.05992,0 13.7901052,51.063623,0 13.7720752,51.0635619,0 13.7417155,51.05420410000001,0 13.7359115,51.0563214,0 13.7279813,51.0669529,0 13.7139453,51.07684640000001,0 13.7024568,51.0736449,0 13.6973254,51.06529710000001,0 13.6808279,51.0645669,0 13.6747776,51.0691111,0 13.6613198,51.09022830000001,0 13.6225631,51.10271490000001,0 13.6012065,51.09682149999999,0 13.5888859,51.1064997,0 13.5397188,51.1229987,0 13.5227158,51.1338506,0 13.5035122,51.1380615,0 13.4805695,51.1550245,0 13.4730057,51.1719299,0 13.4608977,51.17625640000001,0 13.4491116,51.1850993,0 13.4191198,51.1931355,0 13.4064256,51.2049838,0 13.4044847,51.21804389999999,0 13.4094971,51.22414710000001,0 13.4241683,51.2273202,0 13.425776,51.23262379999999,0 13.4093087,51.2407467,0 13.4024345,51.24756790000001,0 13.4038603,51.27482430000001,0 13.3856989,51.2964025,0 13.3464489,51.3093463,0 13.3141277,51.30691720000001,0 13.2990555,51.3088823,0 13.2911899,51.3148815,0 13.2932234,51.33447079999999,0 13.2863691,51.3435245,0 13.276149,51.3479956,0 13.2442579,51.34985509999999,0 13.2292171,51.3606525,0 13.2315881,51.366332,0 13.2513696,51.3721468,0 13.2547141,51.3826868,0 13.2408822,51.39448070000001,0 13.2182451,51.39472319999999,0 13.2129338,51.3981553,0 13.2017149,51.41724840000001,0 13.2034674,51.4300784,0 13.191547,51.4386932,0 13.2022272,51.4491405,0 13.2038876,51.4576819,0 13.1832589,51.4704017,0 13.1825967,51.4765609,0 13.1873291,51.4854665,0 13.1840644,51.4910343,0 13.1730278,51.49433690000001,0 13.1572663,51.49172780000001,0 13.1489088,51.48757030000001,0 13.1457832,51.4792338,0 13.1385558,51.4777739,0 13.1215887,51.4938429,0 13.0975674,51.4992122,0 13.0906979,51.5106547,0 13.0637128,51.50905999999999,0 13.0601499,51.5138076,0 13.0656115,51.523833,0 13.0643389,51.5284247,0 13.0440045,51.53638190000001,0 13.0344162,51.5464106,0 13.0170081,51.5513216,0 13.0121061,51.5559676,0 13.0080984,51.57726269999999,0 13.026456,51.58551299999999,0 13.0298592,51.59107779999999,0 13.0220583,51.59635479999999,0 13.0027321,51.5997931,0 13.002295,51.6124031,0 12.9994876,51.6162971,0 12.9785857,51.6194732,0 12.9696499,51.6290784,0 12.9497928,51.63095479999999,0 12.9293535,51.6495789,0 12.904541,51.6459589,0 12.8974353,51.6475374,0 12.8928392,51.65464110000001,0 12.8960701,51.6631053,0 12.8895976,51.6672809,0 12.8629695,51.66416430000001,0 12.8443954,51.6723965,0 12.8415367,51.68158450000001,0 12.8489319,51.6912181,0 12.8437099,51.7088812,0 12.8087047,51.7214916,0 12.8027633,51.7288492,0 12.8077674,51.7402975,0 12.8238306,51.7506716,0 12.8070579,51.76776329999999,0 12.8084836,51.7770612,0 12.8025558,51.7851332,0 12.8076274,51.8008423,0 12.8155045,51.814621,0 12.8354765,51.8181285,0 12.8373,51.8213445,0 12.834799,51.82474550000001,0 12.784726,51.8322723,0 12.7636732,51.8323202,0 12.7478333,51.841919,0 12.7301271,51.8419733,0 12.7114669,51.8522889,0 12.6699237,51.862596,0 12.6461989,51.8568422,0 12.6086171,51.86243200000001,0 12.5910108,51.8549343,0 12.5856051,51.8569598,0 12.5785974,51.8675686,0 12.5663365,51.867922,0 12.5467543,51.8614399,0 12.5277703,51.8707469,0 12.5212455,51.86953990000001,0 12.5148174,51.8602787,0 12.5084747,51.8587683,0 12.5013729,51.8639078,0 12.504717,51.8768139,0 12.4957101,51.8807078,0 12.4886205,51.8795308,0 12.4825516,51.8741785,0 12.4811453,51.8610198,0 12.4761799,51.8570356,0 12.4639647,51.8575327,0 12.4500633,51.8624842,0 12.44736,51.8689974,0 12.452961,51.8781774,0 12.4445426,51.882248,0 12.4149081,51.8739558,0 12.4045178,51.8643787,0 12.3843122,51.8622127,0 12.3803703,51.8495271,0 12.3712207,51.84653459999999,0 12.3585514,51.84904769999999,0 12.3468788,51.8624747,0 12.3245884,51.86871789999999,0 12.3160963,51.8816435,0 12.3067377,51.88475620000001,0 12.2792784,51.8738098,0 12.2531193,51.8800588,0 12.2318212,51.88067660000001,0 12.2274333,51.8753635,0 12.2320853,51.86326249999999,0 12.2233932,51.8572805,0 12.2092048,51.8607012,0 12.2089658,51.8749636,0 12.2008259,51.878621,0 12.127536,51.8708485,0 12.1065259,51.871443,0 12.0548983,51.8586226,0 12.0246412,51.8627763,0 12.0181662,51.867637,0 12.0203968,51.8797948,0 12.0142008,51.8881644,0 11.970995,51.9110886,0 11.9652987,51.9261547,0 11.9458138,51.9334463,0 11.9315168,51.9478119,0 11.9117951,51.9566339,0 11.8858723,51.9758532,0 11.8833866,51.98868350000001,0 11.890524,51.99988879999999,0 11.8914395,52.0069216,0 11.8769419,52.0248297,0 11.861524,52.02613719999999,0 11.8535002,52.0213939,0 11.8458324,52.0103588,0 11.8245594,52.009265,0 11.8076862,52.01487359999999,0 11.7981385,52.0273456,0 11.7883774,52.0327515,0 11.777434,52.0322182,0 11.7553598,52.0225727,0 11.7386952,52.0243333,0 11.6914161,52.0518017,0 11.6772418,52.07308080000001,0 11.6757945,52.09577130000001,0 11.6644782,52.1039057,0 11.6433689,52.10868019999999,0 11.6364813,52.1201777,0 11.6775509,52.158002,0 11.687985,52.1882402,0 11.7134899,52.2045142,0 11.7140213,52.2101382,0 11.7054078,52.2184944,0 11.701188,52.230659,0 11.7019215,52.2429762,0 11.7332893,52.25550740000001,0 11.7424693,52.2690661,0 11.7542492,52.27753200000001,0 11.7649546,52.29482230000001,0 11.7655855,52.3094341,0 11.784953,52.3207272,0 11.7964564,52.3316543,0 11.8127183,52.33497,0 11.8322125,52.3302065,0 11.8470737,52.330231,0 11.8974178,52.3517021,0 11.9052486,52.35748159999999,0 11.9126703,52.37161420000001,0 11.9354318,52.37270660000001,0 11.9412896,52.37567679999999,0 11.9395552,52.382022,0 11.9277722,52.38796359999999,0 11.9283764,52.39195819999999,0 11.9640407,52.4015028,0 11.9755862,52.418747,0 11.9884627,52.42625660000001,0 11.9940701,52.4331986,0 11.9922914,52.4467532,0 12.00251,52.4616967,0 11.9869459,52.4741962,0 11.9836235,52.4968764,0 11.9752831,52.50552110000001,0 11.9618758,52.5128101,0 11.9594215,52.5185852,0 11.9802739,52.53780559999999,0 11.9857715,52.5525641,0 11.9867423,52.5731549,0 12.0032858,52.59692299999999,0 12.006266,52.62727159999999,0 12.0155565,52.64184169999999,0 12.010588,52.6606574,0 12.014509,52.681602,0 12.0243062,52.6946856,0 12.0276716,52.71687970000001,0 12.0392993,52.7262707,0 12.0422945,52.7332745,0 12.0417165,52.75411590000001,0 12.0313967,52.7751281,0 12.0332575,52.7912709,0 12.0258675,52.8015262,0 12.0215793,52.815389,0 12.0384693,52.832449,0 12.0417738,52.8425469,0 12.0231839,52.85625709999999,0 12.0215374,52.8723964,0 11.9948924,52.874482,0 11.9715074,52.8724938,0 11.946755,52.8888632,0 11.8917133,52.8947839,0 11.8724588,52.9094794,0 11.8431764,52.9086626,0 11.8294691,52.9115589,0 11.8226669,52.9175584,0 11.8228049,52.9237537,0 11.8283603,52.9302642,0 11.8485194,52.9416837,0 11.8495,52.94819580000001,0 11.8452668,52.95263930000001,0 11.8303844,52.9579359,0 11.7976691,52.9579935,0 11.7847155,52.9610781,0 11.7654241,52.98140189999999,0 11.7448026,52.9887884,0 11.7300088,52.98831289999999,0 11.6990344,52.9772103,0 11.6902606,52.9786867,0 11.6836817,52.98456059999999,0 11.6844811,53.0003395,0 11.6774901,53.0085048,0 11.6673623,53.01016580000001,0 11.64434,53.00481740000001,0 11.6260052,53.011946,0 11.6259094,53.0213974,0 11.6423557,53.03360290000001,0 11.6414773,53.0378711,0 11.6347934,53.04094049999999,0 11.6175186,53.0416512,0 11.5887147,53.034773,0 11.5628911,53.0419146,0 11.5475394,53.0527232,0 11.5266878,53.0465815,0 11.5089756,53.0473395,0 11.4947631,53.0532118,0 11.4659387,53.0739544,0 11.4494645,53.078875,0 11.4027009,53.0727631,0 11.3538036,53.05504629999999,0 11.3393813,53.0545495,0 11.3294669,53.059375,0 11.3105989,53.0776264,0 11.2894503,53.0852844,0 11.2689085,53.1003464,0 11.2676058,53.1203919,0 11.2445643,53.13725749999999,0 11.2147364,53.1443873,0 11.1948403,53.13522340000001,0 11.1862077,53.1351047,0 11.1820559,53.1377957,0 11.1733056,53.1556131,0 11.1449199,53.1688577,0 11.1290774,53.1652484,0 11.1027863,53.1407942,0 11.0913834,53.1383281,0 11.0779507,53.1407682,0 11.0265153,53.1682426,0 11.0113443,53.181496,0 10.9381732,53.2133747,0 10.9169526,53.2279062,0 10.8931179,53.23474910000001,0 10.8511381,53.2542012,0 10.8210888,53.2583614,0 10.814079,53.26342760000001,0 10.8113111,53.277959,0 10.8020452,53.2847812,0 10.7834505,53.2906574,0 10.747957,53.2954122,0 10.7359464,53.3003456,0 10.7305038,53.311712,0 10.7406751,53.32586809999999,0 10.7369622,53.3446193,0 10.72566,53.35876630000001,0 10.701364,53.36991479999999,0 10.6701906,53.3673489,0 10.6281291,53.3704901,0 10.572989,53.3603743,0 10.556046,53.3693143,0 10.4988644,53.3738613,0 10.4168792,53.4029731,0 10.3733307,53.4254217,0 10.330949,53.4248669,0 10.3093577,53.4334378,0 10.3022711,53.4330646,0 10.2850797,53.424083,0 10.2582432,53.4181646,0 10.2505568,53.4120222,0 10.245424,53.39980860000001,0 10.2374784,53.3952901,0 10.2208549,53.3946039,0 10.1976652,53.3993436,0 10.1731977,53.3960639,0 10.1547678,53.40435339999999,0 10.1402702,53.4215956,0 10.1060007,53.42704059999999,0 10.0927244,53.4460201,0 10.0657769946515,53.4599522781197,0 
			</coordinates>
		</LineString>
	</Placemark>
	<Placemark id="Rivers.16">
		<name>17c6202c-Elbe</name>
		<LineString>
			<coordinates>
				9.675113888888889,53.5679480555556,0 9.740613888888889,53.55958694444439,0 9.771391111111109,53.56067,0 9.787834999999999,53.55452805555559,0 9.69855888888889,53.5613069444444,0 9.674225,53.5647519444444,0 9.675113888888889,53.5679480555556,0 
			</coordinates>
		</LineString>
	</Placemark>
	<Placemark id="Rivers.17">
		<name>19a48082-Weser</name>
		<LineString>
			<coordinates>
				8.51789888888889,53.3159838888889,0 8.503456944444441,53.29432,0 8.503456944444441,53.2704338888889,0 8.490385,53.2621711111111,0 
			</coordinates>
		</LineString>
	</Placemark>
	<Placemark id="Rivers.18">
		<name>3e6e9897-Weser</name>
		<LineString>
			<coordinates>
				8.490385,53.2621711111111,0 8.497954999999999,53.30703999999999,0 8.49408194444444,53.3210511111111,0 8.508455,53.3526469444444,0 8.5129,53.3473688888889,0 8.51789888888889,53.3159838888889,0 
			</coordinates>
		</LineString>
	</Placemark>
	<Placemark id="Rivers.19">
		<name>06d76e84-Weser</name>
		<LineString>
			<coordinates>
				8.53456388888889,53.1882211111111,0 8.517060000000001,53.19899499999999,0 8.49497194444444,53.21955611111111,0 8.485065000000001,53.23580305555559,0 8.484633055555561,53.2482938888889,0 8.490385,53.2621711111111,0 
			</coordinates>
		</LineString>
	</Placemark>
	<Placemark id="Rivers.20">
		<name>ed66dc39-Weser</name>
		<LineString>
			<coordinates>
				8.51789888888889,53.3159838888889,0 8.519565,53.3495911111111,0 8.51146,53.3671719444444,0 8.507154999999999,53.4129469444444,0 8.509876944444439,53.4234188888889,0 8.502431944444441,53.44775194444441,0 8.505376944444439,53.47378,0 8.515738055555561,53.4941961111111,0 8.52532111111111,53.5041138888889,0 8.561210000000001,53.51069805555561,0 8.567153888888891,53.515615,0 8.576153888888889,53.5388080555556,0 
			</coordinates>
		</LineString>
	</Placemark>
	<Placemark id="Rivers.21">
		<name>74adba35-Weser</name>
		<LineString>
			<coordinates>
				8.55882111111111,53.5373630555556,0 8.557348055555559,53.52880611111111,0 8.532488055555559,53.5202538888889,0 8.50376611111111,53.5010011111111,0 8.487988055555549,53.4795019444444,0 8.487181944444441,53.429225,0 8.48455694444444,53.4236861111111,0 8.49651305555556,53.3529238888889,0 8.492625,53.33598194444439,0 8.48568194444444,53.3268161111111,0 8.489195,53.3037130555555,0 8.47677805555556,53.2445630555556,0 8.479611944444439,53.23208999999999,0 8.492056111111109,53.2162730555556,0 8.50856694444445,53.2008588888889,0 8.53456388888889,53.1882211111111,0 
			</coordinates>
		</LineString>
	</Placemark>
	<Placemark id="Rivers.22">
		<name>b1bc82e4-Weser</name>
		<LineString>
			<coordinates>
				8.53456388888889,53.1882211111111,0 8.58150194444444,53.172945,0 8.61331194444444,53.1700338888889,0 8.624853888888889,53.1606311111111,0 8.628593055555561,53.1446561111111,0 8.64704694444444,53.127395,0 8.71092611111111,53.1179519444444,0 
			</coordinates>
		</LineString>
	</Placemark>
	<Placemark id="Rivers.23">
		<name>4372f652-Weser</name>
		<LineString>
			<coordinates>
				8.71092611111111,53.1179519444444,0 8.72036888888889,53.1301719444444,0 8.751198055555561,53.1190630555556,0 8.74369888888889,53.1118411111111,0 8.74897611111111,53.1062861111111,0 8.75564194444445,53.1085080555555,0 8.773971944444449,53.09684305555561,0 8.773408884918391,53.09123781183269,0 8.78886180212414,53.080732288781,0 8.740501944444439,53.1050561111111,0 8.743421944444441,53.0960088888889,0 8.738978055555551,53.09406611111109,0 8.733145,53.1057311111111,0 8.71092611111111,53.1179519444444,0 
			</coordinates>
		</LineString>
	</Placemark>
	<Placemark id="Rivers.24">
		<name>52298fa0-Weser</name>
		<LineString>
			<coordinates>
				9.6478918,51.42153189999999,0 9.639865199999999,51.4268647,0 9.636822799999999,51.4339324,0 9.6430647,51.4516814,0 9.6289313,51.45458439999999,0 9.6335543,51.4613962,0 9.6441438,51.4662945,0 9.643431700000001,51.47077400000001,0 9.6180349,51.481871,0 9.5968973,51.50865850000001,0 9.584718799999999,51.5171176,0 9.590847999999999,51.5239112,0 9.6041071,51.5210504,0 9.6132794,51.5245996,0 9.621579499999999,51.53529210000001,0 9.6215726,51.5435475,0 9.613607500000001,51.548255,0 9.6075786,51.5595624,0 9.592039400000001,51.57259359999999,0 9.5935802,51.58663,0 9.5909304,51.58999009999999,0 9.581083100000001,51.5958981,0 9.545650699999999,51.60250080000001,0 9.540288500000001,51.610806,0 9.5577646,51.6316969,0 9.556369200000001,51.6367275,0 9.542894799999999,51.6402567,0 9.5259622,51.62724109999999,0 9.507753599999999,51.62678329999999,0 9.4918215,51.6347545,0 9.491611499999999,51.6401912,0 9.498326799999999,51.651751,0 9.4928545,51.657753,0 9.465369300000001,51.65305249999999,0 9.448609299999999,51.6429114,0 9.431743000000001,51.64844549999999,0 9.3984466,51.63534359999999,0 9.3826619,51.63783000000001,0 9.3750947,51.6447174,0 9.380662299999999,51.667415,0 9.3975388,51.6743948,0 9.386737399999999,51.6904288,0 9.398693700000001,51.6967676,0 9.401847800000001,51.70198569999999,0 9.3869834,51.7200141,0 9.3938668,51.7324345,0 9.378784400000001,51.7378841,0 9.3753286,51.7422316,0 9.3852093,51.7516883,0 9.380357,51.76909450000001,0 9.3934572,51.7764391,0 9.411167799999999,51.7726942,0 9.423818000000001,51.8048567,0 9.4171712,51.80740380000001,0 9.4105679,51.8025712,0 9.406691,51.80321319999999,0 9.403733900000001,51.8051241,0 9.405333499999999,51.8128766,0 9.4315046,51.8183108,0 9.4422959,51.8267271,0 9.4421304,51.8309323,0 9.433150899999999,51.84126210000001,0 9.461116000000001,51.85599799999999,0 9.459555999999999,51.8634522,0 9.4676084,51.8765896,0 9.466168100000001,51.8817236,0 9.460543100000001,51.885694,0 9.4340604,51.88558969999999,0 9.410281400000001,51.8929803,0 9.409990199999999,51.90680520000001,0 9.4160307,51.91047989999999,0 9.434094200000001,51.9100894,0 9.456055299999999,51.90040510000001,0 9.463489300000001,51.90003470000001,0 9.469757299999999,51.9052598,0 9.4567102,51.92405750000001,0 9.458262599999999,51.92970010000001,0 9.469429399999999,51.93000810000001,0 9.486804100000001,51.9228466,0 9.5060091,51.9272383,0 9.5104498,51.93697199999999,0 9.502381700000001,51.9507284,0 9.501848000000001,51.9596294,0 9.5189378,51.9781888,0 9.5200405,51.9837453,0 9.516387399999999,51.9875941,0 9.500772700000001,51.9965882,0 9.484120000000001,51.9951067,0 9.457749700000001,51.9844664,0 9.4381916,51.9915528,0 9.432867699999999,51.997065,0 9.4244474,52.0187072,0 9.429952200000001,52.0270702,0 9.4281744,52.0313552,0 9.405603299999999,52.046589,0 9.3542317,52.0658813,0 9.368187900000001,52.0836815,0 9.364754599999999,52.0877953,0 9.3539095,52.0912641,0 9.353960799999999,52.0974408,0 9.3470735,52.1116269,0 9.332641799999999,52.12009749999999,0 9.316274699999999,52.1167264,0 9.294904000000001,52.12689379999999,0 9.2813426,52.1423035,0 9.270016999999999,52.1475671,0 9.268564700000001,52.1572872,0 9.264654200000001,52.1618341,0 9.250780799999999,52.15784,0 9.236992799999999,52.1617253,0 9.2162042,52.1620522,0 9.2022815,52.15803579999999,0 9.190346699999999,52.1651489,0 9.184491299999999,52.17605949999999,0 9.1679084,52.1698285,0 9.1625467,52.17186679999999,0 9.1565294,52.1816772,0 9.147165899999999,52.1855652,0 9.1314601,52.17605769999999,0 9.1210912,52.1750599,0 9.1010425,52.1816209,0 9.1050857,52.1897924,0 9.1016765,52.1935155,0 9.079818299999999,52.1903105,0 9.0550329,52.1980911,0 9.037679300000001,52.1889886,0 9.0297565,52.1898174,0 9.0216622,52.19764470000001,0 9.0076766,52.1896086,0 8.989331200000001,52.19593689999999,0 8.9826049,52.1911039,0 8.9910593,52.1855947,0 8.9850902,52.181018,0 8.972057400000001,52.1855732,0 8.959101499999999,52.1815034,0 8.9284436,52.18534220000001,0 8.902790599999999,52.1657609,0 8.877872200000001,52.1654566,0 8.8682721,52.1685813,0 8.8615824,52.1783215,0 8.8603711,52.1864453,0 8.863814,52.19516050000001,0 8.8526349,52.2098733,0 8.8282645,52.2215128,0 8.8420355,52.23365759999999,0 8.8571159,52.23454069999999,0 8.865493000000001,52.2419361,0 8.888427,52.23717419999999,0 8.919325199999999,52.24353540000001,0 8.921678200000001,52.250054,0 8.918657,52.2582249,0 8.9273904,52.27074959999999,0 8.9208056,52.28283059999999,0 8.931874000000001,52.3014526,0 8.920930800000001,52.312743,0 8.920861800000001,52.31641350000001,0 8.9432644,52.3411026,0 8.9598204,52.35278839999999,0 8.9820481,52.3619942,0 8.9708804,52.3842364,0 8.9728584,52.3896011,0 8.986619299999999,52.3976025,0 8.9768066,52.4102346,0 8.9772357,52.4140041,0 8.987933200000001,52.4197175,0 9.018572900000001,52.4178394,0 9.0276049,52.4219859,0 9.0286846,52.4284936,0 9.0116084,52.4349033,0 9.009190800000001,52.43923889999999,0 9.0124253,52.45107359999999,0 9.021105800000001,52.4596028,0 9.0218443,52.4747487,0 9.025938099999999,52.4795477,0 9.037885899999999,52.4801241,0 9.057376,52.468084,0 9.070728000000001,52.468498,0 9.081914899999999,52.47356249999999,0 9.082929699999999,52.48106370000001,0 9.0671511,52.4952047,0 9.0719434,52.498625,0 9.0887837,52.4955781,0 9.095017800000001,52.49733320000001,0 9.0941332,52.5025877,0 9.0824894,52.5093182,0 9.079072399999999,52.520177,0 9.084377399999999,52.5227795,0 9.103289500000001,52.5220961,0 9.110011399999999,52.5260806,0 9.103934000000001,52.54154020000001,0 9.112324299999999,52.55604730000001,0 9.1081275,52.572337,0 9.1164896,52.58304030000001,0 9.1138981,52.5966882,0 9.1283306,52.6064094,0 9.151617999999999,52.6021106,0 9.170719500000001,52.60867040000001,0 9.171951699999999,52.61440730000001,0 9.162929399999999,52.61987749999999,0 9.1711276,52.6335097,0 9.1872755,52.6361399,0 9.203458599999999,52.63336309999999,0 9.2018834,52.64067170000001,0 9.2056954,52.6518276,0 9.198422900000001,52.65824109999999,0 9.180800700000001,52.6645181,0 9.1826399,52.6700967,0 9.1948255,52.6778019,0 9.1832958,52.6881745,0 9.1857039,52.6945212,0 9.1916352,52.697179,0 9.202110299999999,52.6956374,0 9.2087451,52.689158,0 9.223009100000001,52.6904715,0 9.224666300000001,52.6944462,0 9.2164413,52.6998042,0 9.2151444,52.70487169999999,0 9.2267191,52.7180885,0 9.2159271,52.7218046,0 9.209168999999999,52.71626429999999,0 9.205060700000001,52.7166295,0 9.2002559,52.7285151,0 9.191134699999999,52.7351677,0 9.1996167,52.7464854,0 9.179611,52.7561862,0 9.187125,52.7647621,0 9.195676499999999,52.7687889,0 9.195325199999999,52.7716699,0 9.178679300000001,52.7744474,0 9.180720000000001,52.7868628,0 9.1583395,52.7865003,0 9.1570523,52.7943275,0 9.1488502,52.7986914,0 9.1451955,52.8061805,0 9.148032000000001,52.8121332,0 9.153924200000001,52.81499370000001,0 9.169118599999999,52.8115984,0 9.1899982,52.8135516,0 9.195871,52.8259891,0 9.2020292,52.831395,0 9.2004334,52.8394236,0 9.220269399999999,52.84630630000001,0 9.217787100000001,52.8500748,0 9.202984000000001,52.85210339999999,0 9.1977434,52.8563237,0 9.1856078,52.8547106,0 9.1802399,52.85811259999999,0 9.1846479,52.8630461,0 9.2015584,52.8632531,0 9.211256199999999,52.87255290000001,0 9.208940500000001,52.8763612,0 9.199120799999999,52.8779169,0 9.1925676,52.8836371,0 9.178455599999999,52.8856599,0 9.1695955,52.9003795,0 9.170168,52.9058369,0 9.166245399999999,52.9123148,0 9.179325499999999,52.9151217,0 9.1865671,52.9208571,0 9.171366900000001,52.9300217,0 9.173877299999999,52.9343377,0 9.1883947,52.9387348,0 9.178636300000001,52.95638949999999,0 9.1460469,52.9656219,0 9.1247284,52.9648501,0 9.111809299999999,52.9732309,0 9.1052094,52.9719412,0 9.102634500000001,52.96294660000001,0 9.0966773,52.96356569999999,0 9.074992200000001,52.9766337,0 9.074482,52.9832076,0 9.079896700000001,52.9907293,0 9.0781454,52.9958845,0 9.0412733,52.99461860000001,0 9.024368000000001,52.9883465,0 9.000007999999999,52.9954157,0 8.9900193,52.9913301,0 8.986493100000001,52.99526299999999,0 8.9920676,53.0055678,0 8.987465200000001,53.009148,0 8.9678513,53.0059524,0 8.9486746,52.9971843,0 8.9429037,52.9999329,0 8.9390006,53.0086424,0 8.894797000000001,53.01343289999999,0 8.885762400000001,53.0223754,0 8.8664118,53.0330114,0 8.8664118,53.04083270000001,0 8.8747148,53.0535067,0 8.8722501,53.05790739999999,0 8.842780899999999,53.0599144,0 8.832771599999999,53.0670405,0 8.813516099999999,53.0696031,0 8.789097099999999,53.0806643,0 
			</coordinates>
		</LineString>
	</Placemark>
	<Placemark id="Rivers.25">
		<name>158752fe-Ems</name>
		<LineString>
			<coordinates>
				6.914507,53.4354179,0 6.947613800000001,53.404707,0 6.988719500000001,53.35121669999999,0 6.9960147,53.33421259999999,0 7.007202199999999,53.3256906,0 7.020025899999999,53.3233451,0 7.0604193,53.3244784,0 7.111260399999999,53.3316007,0 7.1776545,53.3333493,0 7.2353283,53.329601,0 7.2671182,53.3235475,0 7.3307625,53.3219372,0 7.340516200000001,53.3173316,0 7.3457982,53.30548769999999,0 7.354225699999999,53.2987108,0 7.3856156,53.29676569999999,0 7.3965787,53.2900299,0 7.3957146,53.2392112,0 7.4033917,53.2335491,0 7.4234725,53.229877,0 7.4284269,53.223205,0 7.423048499999999,53.21146759999999,0 7.4128127,53.20468229999999,0 7.406462,53.18811669999999,0 7.3931912,53.183864,0 7.370772699999999,53.1705394,0 7.3749627,53.1526161,0 7.3727951,53.1423747,0 7.365262700000001,53.1333537,0 7.3740787,53.1244562,0 7.3730855,53.1145742,0 7.3588032,53.10452500000001,0 7.340017799999999,53.10087370000001,0 7.3194488,53.1044208,0 7.3040747,53.1009901,0 7.287721500000001,53.0927085,0 7.2907992,53.08251159999999,0 7.2825412,53.0597046,0 7.2885582,53.0558591,0 7.305757600000001,53.05342469999999,0 7.3146186,53.0453866,0 7.3142572,53.03102109999999,0 7.326994,53.009054,0 7.313347299999999,52.99767150000001,0 7.3204071,52.9893847,0 7.3202243,52.9844948,0 7.303774999999999,52.9808034,0 7.298719699999999,52.9765317,0 7.3008545,52.962217,0 7.290529299999999,52.9481408,0 7.2932092,52.94056830000001,0 7.2900878,52.9326567,0 7.302032399999999,52.9233764,0 7.3007378,52.90952060000001,0 7.284955899999999,52.8983144,0 7.2699903,52.8934815,0 7.2672613,52.88951980000001,0 7.283551300000001,52.8891356,0 7.2891627,52.8760964,0 7.3093664,52.8696173,0 7.3093634,52.8654966,0 7.2997109,52.86000679999999,0 7.3061194,52.8509713,0 7.2805015,52.8374578,0 7.261115199999999,52.8357246,0 7.258736799999999,52.8311945,0 7.2666132,52.8210548,0 7.2524551,52.8189444,0 7.2388741,52.8124062,0 7.2593015,52.80520420000001,0 7.2610027,52.7970443,0 7.2478023,52.7903185,0 7.2602629,52.77818560000001,0 7.2540278,52.7671487,0 7.25610643777546,52.7621608141434,0 7.25917304540122,52.755481985298,0 7.2617108,52.7300838,0 7.2678535,52.7189056,0 7.2804694,52.71067429999999,0 7.2829088,52.70230899999999,0 7.291042,52.6957055,0 
			</coordinates>
		</LineString>
	</Placemark>
	<Placemark id="Rivers.26">
		<name>7b121ad0-Emscher</name>
		<LineString>
			<coordinates>
				7.6126711,51.49032199999999,0 7.6183948,51.4949446,0 7.6169708,51.50224109999999,0 7.611108300000001,51.5039897,0 7.5582331,51.4914186,0 7.5503973,51.49698489999999,0 7.542214,51.4959634,0 7.525258100000001,51.4865295,0 7.5165704,51.49153070000001,0 7.5011921,51.4936045,0 7.4902153,51.4911228,0 7.4846783,51.4933983,0 7.4589537,51.4861835,0 7.4482487,51.4882194,0 7.438631700000001,51.4921724,0 7.4261515,51.5070636,0 7.4287321,51.5158355,0 7.4214171,51.531039,0 7.425723799999999,51.5349414,0 7.4197157,51.5543638,0 7.4169151,51.5546076,0 7.4111776,51.5650976,0 7.389078,51.5757338,0 7.3701888,51.5745004,0 7.343146100000001,51.5933726,0 7.333442,51.5945708,0 7.296483899999999,51.5965257,0 7.2839705,51.5869399,0 7.266497500000001,51.5816238,0 7.2515483,51.5763669,0 7.2228744,51.56344979999999,0 7.1734071,51.5516307,0 7.129182,51.5508766,0 7.084968,51.54516250000001,0 7.0110417,51.5150052,0 6.971446499999999,51.507719,0 6.9489794,51.5086343,0 6.928037200000001,51.49774349999999,0 6.9038935,51.4954595,0 6.847818500000001,51.4950297,0 6.835843500000001,51.5043299,0 6.8011974,51.51812329999999,0 6.7953196,51.5266137,0 6.7786788,51.5370601,0 6.761568400000001,51.5447104,0 6.7286653,51.5514991,0 6.71867,51.5579416,0 6.6983745,51.5611513,0 6.6863766,51.568977,0 
			</coordinates>
		</LineString>
	</Placemark>
	<Placemark id="Rivers.27">
		<name>09b7cf91-Enz</name>
		<LineString>
			<coordinates>
				9.149130299999999,49.0061684,0 9.1359466,49.0028155,0 9.149532799999999,48.990795,0 9.1501237,48.9803997,0 9.146012600000001,48.9771561,0 9.148612,48.97523349999999,0 9.1469375,48.97091039999999,0 9.135553700000001,48.9656555,0 9.1359639,48.9622697,0 9.130365299999999,48.95881920000001,0 9.130171199999999,48.94977440000001,0 9.118566899999999,48.9463793,0 9.089142300000001,48.947874,0 9.080220000000001,48.9414987,0 9.0830886,48.92988829999999,0 9.078484599999999,48.9264497,0 9.073809300000001,48.9280143,0 9.070851899999999,48.9378255,0 9.059441100000001,48.9428717,0 9.042634,48.9356156,0 9.0260704,48.923299,0 9.007910600000001,48.92650689999999,0 8.996990500000001,48.92078550000001,0 8.9841221,48.9219031,0 8.9630157,48.9151786,0 8.951109799999999,48.9194244,0 8.957053699999999,48.9293262,0 8.9466669,48.9368992,0 8.9334959,48.9328323,0 8.9220504,48.938293,0 8.915854700000001,48.92753340000001,0 8.9081527,48.9260418,0 8.9039021,48.9294488,0 8.904543,48.944515,0 8.9016141,48.94692630000001,0 8.8962193,48.9465078,0 8.898357799999999,48.9338887,0 8.8963196,48.9301062,0 8.8891882,48.9270604,0 8.8798698,48.93817010000001,0 8.8704451,48.9319778,0 8.8593659,48.9302855,0 8.8440745,48.9326363,0 8.843094499999999,48.9435526,0 8.8241841,48.9452819,0 8.812375400000001,48.94121879999999,0 8.8036631,48.92902060000001,0 8.7899919,48.9270267,0 8.7886367,48.9230054,0 8.779130800000001,48.91783670000001,0 8.756169099999999,48.9150487,0 8.734322000000001,48.8995667,0 8.713494300000001,48.8903625,0 8.6791657,48.8894489,0 8.6580832,48.8805512,0 8.648836599999999,48.8748135,0 8.644584,48.8651453,0 8.6386851,48.863824,0 8.639572299999999,48.8577658,0 8.6094198,48.8540166,0 8.6024996,48.84721690000001,0 8.589793,48.85003519999999,0 8.5881282,48.8451902,0 8.5969736,48.8453518,0 8.6006207,48.8401591,0 8.5855949,48.8351476,0 8.5764022,48.8256327,0 8.579130899999999,48.8148319,0 8.583238,48.8119397,0 8.582821300000001,48.796939,0 8.577147999999999,48.7937358,0 8.579436299999999,48.78711730000001,0 8.574682900000001,48.7764655,0 8.553049400000001,48.7620172,0 8.5533564,48.75599789999999,0 8.549022600000001,48.7520242,0 8.550703800000001,48.7481266,0 8.5465296,48.74678960000001,0 8.546879000000001,48.74146420000001,0 8.5418567,48.7389961,0 8.5451683,48.735244,0 8.5421783,48.7338195,0 8.539849500000001,48.7200367,0 8.5438733,48.7124403,0 8.5424518,48.7078188,0 8.491080200000001,48.68622569999999,0 8.479567299999999,48.6767034,0 8.4747536,48.6668406,0 8.464420199999999,48.66311519999999,0 8.4643493,48.6587771,0 8.4602168,48.6568078,0 8.4611205,48.6450296,0 8.4583941,48.64095859999999,0 8.446718000000001,48.6351459,0 
			</coordinates>
		</LineString>
	</Placemark>
	<Placemark id="Rivers.28">
		<name>4c4c16c4-Fils</name>
		<LineString>
			<coordinates>
				9.602582200000001,48.549327,0 9.6032256,48.55245440000001,0 9.598193200000001,48.55598590000001,0 9.599713599999999,48.5631702,0 9.623972800000001,48.56110120000001,0 9.6338095,48.56802769999999,0 9.6523322,48.5734948,0 9.659495,48.5796785,0 9.6905804,48.58084070000001,0 9.714195500000001,48.5960518,0 9.7287575,48.5994781,0 9.7362258,48.6082416,0 9.7411718,48.6091426,0 9.7477701,48.6043682,0 9.7583521,48.6025185,0 9.765912500000001,48.6063345,0 9.772912,48.6054013,0 9.792547900000001,48.59949040000001,0 9.806335000000001,48.60912830000001,0 9.8066605,48.6137132,0 9.8157896,48.6158435,0 9.812725800000001,48.61900659999999,0 9.8191521,48.6249645,0 9.813478399999999,48.62848790000001,0 9.8135393,48.63438110000001,0 9.7975838,48.6389954,0 9.7987777,48.6432307,0 9.795516299999999,48.6472322,0 9.7849953,48.6513662,0 9.7731528,48.6726249,0 9.7665091,48.67786610000001,0 9.752805800000001,48.6813771,0 9.750909200000001,48.6853952,0 9.6970873,48.69782970000001,0 9.6538924,48.6988816,0 9.6270375,48.7105696,0 9.612947500000001,48.7084543,0 9.6081533,48.7047539,0 9.587038099999999,48.7061087,0 9.5819603,48.7039359,0 9.550425799999999,48.7167954,0 9.5256227,48.71280849999999,0 9.4920572,48.7128931,0 9.480445,48.707801,0 9.4549746,48.70760610000001,0 9.4478901,48.7023741,0 9.4329886,48.7004409,0 9.419803399999999,48.70671899999999,0 
			</coordinates>
		</LineString>
	</Placemark>
	<Placemark id="Rivers.29">
		<name>1e404ae0-Freiberger_Mulde</name>
		<LineString>
			<coordinates>
				12.7980016,51.1605594,0 12.8077685,51.1538417,0 12.824838,51.1567941,0 12.8360804,51.15341849999999,0 12.8485383,51.1543477,0 12.8593141,51.1609765,0 12.8732268,51.16332509999999,0 12.8742806,51.1680068,0 12.8815917,51.16832840000001,0 12.8916737,51.1764899,0 12.9075432,51.1789319,0 12.9261986,51.16476589999999,0 12.9503621,51.1588916,0 12.9728654,51.15824880000001,0 12.9794047,51.1521411,0 12.9870232,51.1507302,0 12.989081,51.1537436,0 13.0068173,51.1566228,0 13.0096765,51.1547641,0 13.0091753,51.14250000000001,0 13.0288797,51.1332908,0 13.0371305,51.1349811,0 13.050881,51.1295593,0 13.0780545,51.1332347,0 13.1011965,51.13123869999999,0 13.108723,51.12826020000001,0 13.1088394,51.12325599999999,0 13.1237362,51.1243538,0 13.1326474,51.1148284,0 13.1315012,51.1043706,0 13.1364841,51.0985477,0 13.1347848,51.0887905,0 13.1490779,51.0875793,0 13.1522613,51.0844684,0 13.1516824,51.07593260000001,0 13.172725,51.0703838,0 13.1754529,51.0636835,0 13.185077,51.0623537,0 13.2006318,51.0688753,0 13.2205749,51.0661204,0 13.2300877,51.06848039999999,0 13.2365336,51.0647912,0 13.2547457,51.0636174,0 13.2588807,51.0680677,0 13.2643099,51.06854200000001,0 13.2676709,51.06280089999999,0 13.2833565,51.0615031,0 13.2925469,51.0664031,0 13.2979466,51.0645074,0 13.3127335,51.05272490000001,0 13.3103631,51.04915439999999,0 13.3159994,51.036988,0 13.3218271,51.0316214,0 13.3311557,51.0302517,0 13.3300073,51.02482760000001,0 13.3393229,51.02050570000001,0 13.3298321,51.0160135,0 13.3312477,51.0141447,0 13.3231316,51.0033687,0 13.3193296,51.00271390000001,0 13.318541,51.00524229999999,0 13.310933,51.0023991,0 13.315261,51.00058539999999,0 13.3099053,50.99732180000001,0 13.3100331,50.9928,0 13.3133056,50.9919398,0 13.307426,50.98996029999999,0 13.3071102,50.9855256,0 13.3011387,50.9812793,0 13.3097812,50.9810242,0 13.3071666,50.9744386,0 13.3157348,50.97534360000001,0 13.3108879,50.9694953,0 13.317002,50.9625242,0 13.3245956,50.9635588,0 13.3338009,50.9583615,0 13.3459741,50.9655821,0 13.3426675,50.9591515,0 13.3563529,50.9581584,0 13.3588376,50.9448724,0 13.3759021,50.94130570000001,0 13.371365,50.9293806,0 13.3775484,50.92548920000001,0 13.3730849,50.9239177,0 13.3732016,50.9191591,0 13.3822373,50.918538,0 13.3843547,50.9122888,0 13.3817792,50.9093541,0 13.3870333,50.906002,0 13.3794468,50.90352339999999,0 13.3901561,50.8981791,0 13.3943992,50.8922966,0 13.3927609,50.88971680000001,0 13.3860491,50.8919994,0 13.3823966,50.8890636,0 13.398566,50.87741960000001,0 13.3881195,50.8605457,0 13.3948601,50.8582784,0 13.3927497,50.8532385,0 13.4026448,50.8477813,0 13.3986074,50.8357876,0 13.4047366,50.8278703,0 13.4124458,50.8256547,0 13.4010147,50.8168486,0 13.4043113,50.81254090000001,0 13.4133281,50.8073173,0 13.4222409,50.8069206,0 13.4263261,50.8026025,0 13.4508399,50.7992204,0 13.4527496,50.7932168,0 13.4619527,50.7874347,0 13.4629166,50.7829782,0 13.4855853,50.7720613,0 13.4894211,50.76395,0 13.5012424,50.757729,0 13.5052186,50.75100490000001,0 13.5145033,50.7480387,0 13.5178771,50.74250910000001,0 13.5612129,50.73396160000001,0 13.6060695,50.7345051,0 13.6129176,50.7257507,0 13.6581288,50.72154580000001,0 13.6622969,50.71738830000001,0 13.6808028,50.71500889999999,0 13.6843462,50.7079997,0 
			</coordinates>
		</LineString>
	</Placemark>
	<Placemark id="Rivers.30">
		<name>26c45edc-Fulda</name>
		<LineString>
			<coordinates>
				9.6478918,51.42153189999999,0 9.6495181,51.4071052,0 9.6417126,51.400386,0 9.608616400000001,51.4049699,0 9.5927644,51.3978648,0 9.5883977,51.403182,0 9.5777722,51.4019344,0 9.5751361,51.3937251,0 9.5646231,51.3884036,0 9.5582519,51.3810673,0 9.5610477,51.3748111,0 9.576485699999999,51.3719705,0 9.569952300000001,51.3634216,0 9.554060700000001,51.36128729999999,0 9.538046899999999,51.3686294,0 9.5314023,51.3675286,0 9.532692600000001,51.3632452,0 9.5558543,51.35485750000001,0 9.569333200000001,51.33865900000001,0 9.5697107,51.3314344,0 9.5646141,51.3277472,0 9.5435588,51.32825330000001,0 9.5395629,51.3262543,0 9.539111,51.3220658,0 9.5255361,51.3245358,0 9.521316300000001,51.3185015,0 9.5082507,51.31649770000001,0 9.5042293,51.31308949999999,0 9.501963,51.2982461,0 9.488602800000001,51.2918778,0 9.491884000000001,51.2665126,0 9.504944099999999,51.25432410000001,0 9.506417000000001,51.24880859999999,0 9.4988276,51.24555029999999,0 9.4875746,51.2576847,0 9.4757608,51.2565055,0 9.4615179,51.24219840000001,0 9.4730767,51.2335697,0 9.4740346,51.22865889999999,0 9.457595400000001,51.2219286,0 9.4550538,51.21721040000001,0 9.478958,51.2031159,0 9.4765187,51.19064430000001,0 9.482521699999999,51.1850452,0 9.476259300000001,51.17839140000001,0 9.4770877,51.1752166,0 9.4860691,51.1780354,0 9.487404099999999,51.1873793,0 9.4844527,51.1939529,0 9.492567899999999,51.1981768,0 9.4981648,51.1925827,0 9.4944712,51.18561930000001,0 9.5108341,51.1698933,0 9.5200747,51.164694,0 9.532873800000001,51.1626666,0 9.5416452,51.15086980000001,0 9.554512600000001,51.155235,0 9.5605481,51.1521512,0 9.5597271,51.1485405,0 9.5415759,51.1391506,0 9.547176800000001,51.1283484,0 9.533382899999999,51.1243986,0 9.535091899999999,51.11819460000001,0 9.546548700000001,51.1121762,0 9.5334851,51.1045301,0 9.5356571,51.0981386,0 9.553475300000001,51.0917444,0 9.5545331,51.08737929999999,0 9.560873000000001,51.08411829999999,0 9.5472249,51.0784517,0 9.548075499999999,51.0724092,0 9.553524700000001,51.0711922,0 9.567149300000001,51.0771634,0 9.575425299999999,51.0756238,0 9.576969,51.0665222,0 9.6004963,51.06863439999999,0 9.608350400000001,51.066291,0 9.6166576,51.0513787,0 9.6209244,51.0523697,0 9.6435461,51.0443671,0 9.656903700000001,51.0458386,0 9.666007799999999,51.02866470000001,0 9.672559100000001,51.03168269999999,0 9.682552299999999,51.02653889999999,0 9.6863644,51.0145272,0 9.692889600000001,51.0070456,0 9.719780800000001,51.00388709999999,0 9.7282922,50.9963754,0 9.758516999999999,50.98959350000001,0 9.7619284,50.97935039999999,0 9.769226,50.9755138,0 9.7740279,50.9651865,0 9.7891794,50.95662899999999,0 9.797060800000001,50.957881,0 9.798322300000001,50.9539537,0 9.7787174,50.9464887,0 9.7773787,50.9400398,0 9.7843667,50.9337508,0 9.768770999999999,50.9270729,0 9.7655174,50.92061699999999,0 9.753541500000001,50.9194689,0 9.7570333,50.9124613,0 9.752743000000001,50.908086,0 9.7575094,50.9053681,0 9.759210700000001,50.898496,0 9.7544988,50.8962749,0 9.748269199999999,50.89924669999999,0 9.7290545,50.8891386,0 9.729927500000001,50.88419799999999,0 9.723990499999999,50.8766029,0 9.725289999999999,50.86778579999999,0 9.719427400000001,50.8634659,0 9.7017191,50.8607277,0 9.702041700000001,50.8554587,0 9.695918199999999,50.8543074,0 9.690098300000001,50.8441557,0 9.6800763,50.84090599999999,0 9.680125500000001,50.8345195,0 9.6734115,50.829139,0 9.6757039,50.8242255,0 9.6679938,50.8222101,0 9.6648905,50.8242887,0 9.6597606,50.8206634,0 9.6567898,50.82256580000001,0 9.655377400000001,50.8203242,0 9.6589677,50.81777619999999,0 9.654423700000001,50.8176284,0 9.653454200000001,50.8135863,0 9.6338955,50.8058712,0 9.6362279,50.80931169999999,0 9.6339579,50.81236659999999,0 9.61966,50.8067827,0 9.624211799999999,50.8026193,0 9.6184385,50.8027718,0 9.616055100000001,50.8012646,0 9.618079699999999,50.7983307,0 9.607241200000001,50.7940816,0 9.6091544,50.78854870000001,0 9.6032911,50.7880304,0 9.6056005,50.7846292,0 9.6002619,50.7801018,0 9.602179,50.77545990000001,0 9.5964352,50.7786904,0 9.594081299999999,50.7721253,0 9.582466500000001,50.7705921,0 9.586057200000001,50.7566304,0 9.580215000000001,50.7567125,0 9.5779838,50.7523579,0 9.5847502,50.74598770000001,0 9.581487600000001,50.7417681,0 9.585358299999999,50.7404521,0 9.5834984,50.7362836,0 9.587263800000001,50.7309924,0 9.5815754,50.7200372,0 9.5947209,50.69443950000001,0 9.5914862,50.6908797,0 9.596125799999999,50.6867079,0 9.5920877,50.6849182,0 9.5946417,50.68157810000001,0 9.5984158,50.6825412,0 9.595196,50.6759869,0 9.6033553,50.67106680000001,0 9.6079195,50.6628005,0 9.6001984,50.6550037,0 9.5893259,50.6498928,0 9.593136599999999,50.6492519,0 9.5922822,50.6470393,0 9.5848643,50.64690159999999,0 9.576670699999999,50.6408682,0 9.5840668,50.6371437,0 9.5883731,50.6262461,0 9.6101334,50.6234793,0 9.6080196,50.6218351,0 9.6129459,50.61448589999999,0 9.611514400000001,50.6040111,0 9.6220531,50.6047796,0 9.6296424,50.6096623,0 9.638000099999999,50.6055114,0 9.628288299999999,50.6027124,0 9.626123099999999,50.5972459,0 9.644427,50.5972986,0 9.643795900000001,50.58251039999999,0 9.6384487,50.5736675,0 9.645640200000001,50.5653285,0 9.6607571,50.56091310000001,0 9.6654769,50.5538172,0 9.6642566,50.55065089999999,0 9.6720594,50.5414394,0 9.6731909,50.5295679,0 9.6777485,50.5248961,0 9.668181199999999,50.5083341,0 9.673036,50.5078605,0 9.6800099,50.5006501,0 9.6894353,50.4990143,0 9.696309599999999,50.4888811,0 9.7143611,50.4808262,0 9.726130400000001,50.4766725,0 9.7358897,50.4780539,0 9.738370400000001,50.4748862,0 9.7571526,50.4708753,0 9.765275600000001,50.4577745,0 9.771223600000001,50.454483,0 9.7893548,50.4547525,0 9.821937699999999,50.4490149,0 9.8842991,50.45695899999999,0 9.9095026,50.4507414,0 9.9302586,50.45172900000001,0 9.938693499999999,50.45511749999999,0 9.937424800000001,50.4631372,0 9.9481074,50.4884764,0 9.9534784,50.4920448,0 
			</coordinates>
		</LineString>
	</Placemark>
	<Placemark id="Rivers.31">
		<name>f5707b6e-Nord-Ostsee-Kanal</name>
		<LineString>
			<coordinates>
				9.1192733,53.879488,0 9.1951833,53.9211014,0 9.285120600000001,53.9883826,0 9.2928166,54.0002815,0 9.307252399999999,54.0537151,0 9.3291279,54.0989629,0 9.328836300000001,54.12379399999999,0 9.3422445,54.1402738,0 9.3844973,54.15683080000001,0 9.4535023,54.17589869999999,0 9.545094600000001,54.1959618,0 9.584103799999999,54.2138757,0 9.601305399999999,54.22663539999999,0 9.637060399999999,54.2804528,0 9.6516559,54.28810720000001,0 9.7039767,54.2997024,0 9.7096997,54.3046343,0 9.7169264,54.3237396,0 9.7499863,54.3418941,0 9.793093600000001,54.3614432,0 9.845000000000001,54.36377780000001,0 9.8632384,54.3618798,0 9.9298155,54.341722,0 9.968199500000001,54.34258819999999,0 9.988549300000001,54.3462729,0 10.0180912,54.3591838,0 10.0577479,54.3596055,0 10.0881259,54.37118410000001,0 10.1446322,54.3657151,0 
			</coordinates>
		</LineString>
	</Placemark>
	<Placemark id="Rivers.32">
		<name>4debfb9a-Havel</name>
		<LineString>
			<coordinates>
				12.0018159,52.87396010000001,0 12.016161,52.8844703,0 12.0309737,52.8835208,0 12.0436624,52.8868842,0 12.0480035,52.8816667,0 12.0475746,52.86068610000001,0 12.0670256,52.8253567,0 12.0734763,52.8227257,0 12.0911014,52.824402,0 12.1045013,52.8191206,0 12.115185,52.8188021,0 12.1261335,52.8126991,0 12.137193,52.8136978,0 12.1501758,52.8074837,0 12.1630339,52.80674550000001,0 12.189465,52.7969205,0 12.2089424,52.7963601,0 12.2233073,52.7872507,0 12.2201387,52.7722634,0 12.2222529,52.7607661,0 12.2171093,52.7545911,0 12.2196102,52.7476342,0 12.2093782,52.7347031,0 12.2058516,52.7220888,0 12.2073033,52.7157514,0 12.199556,52.7096311,0 12.2169898,52.69769670000001,0 12.2272088,52.6822218,0 12.2347986,52.6804876,0 12.240001,52.6653965,0 12.2686614,52.66933120000001,0 12.2860712,52.6623138,0 12.291797,52.6650877,0 12.2928075,52.67104009999999,0 12.2964079,52.6715754,0 12.3200066,52.657486,0 12.3301638,52.6584535,0 12.3333625,52.6552575,0 12.3323666,52.64968319999999,0 12.3177607,52.641196,0 12.3219347,52.6294216,0 12.3143524,52.6126139,0 12.3245902,52.612128,0 12.3292336,52.6055247,0 12.3280388,52.6023471,0 12.3162478,52.60065609999999,0 12.3144724,52.59795130000001,0 12.330027,52.5889125,0 12.3218784,52.5804413,0 12.3231754,52.5693384,0 12.310656,52.55978240000001,0 12.3147499,52.5514278,0 12.3039579,52.5453188,0 12.3080859,52.5293581,0 12.3130702,52.5263633,0 12.3215424,52.52918729999999,0 12.3355409,52.52772490000001,0 12.3512249,52.51478819999999,0 12.383635,52.5151618,0 12.4056833,52.49711740000001,0 12.4186126,52.5013739,0 12.4431504,52.5026471,0 12.455039,52.4928324,0 12.4500758,52.48881089999999,0 12.4483798,52.4752327,0 12.4308347,52.4557999,0 12.4203365,52.450308,0 12.4246809,52.44240359999999,0 12.4201694,52.4357653,0 12.4318701,52.4249865,0 12.4219544,52.40582379999999,0 12.4304997,52.3971887,0 12.4403019,52.3957477,0 12.4709562,52.4026281,0 12.4752971,52.40198350000001,0 12.4904736,52.3879708,0 12.5111512,52.3881294,0 12.5282063,52.39503850000001,0 12.5308832,52.4022919,0 12.5541148,52.4099096,0 12.566125,52.4237239,0 12.5969305,52.42109129999999,0 12.6326785,52.4313723,0 12.6493803,52.4319935,0 12.6675069,52.4413144,0 12.7323719,52.4529558,0 12.7588313,52.4508916,0 12.7663826,52.45909590000001,0 12.8163713,52.4746225,0 12.8345556,52.47119769999999,0 12.8557948,52.4626489,0 12.8809157,52.4592427,0 12.88229,52.4561242,0 12.875884,52.4476074,0 12.8798783,52.4437271,0 12.8759628,52.4350973,0 12.8843991,52.4317948,0 12.8872098,52.4273515,0 12.9030653,52.4274802,0 12.9057362,52.4215331,0 12.9142294,52.41738529999999,0 12.9167582,52.4107708,0 12.930363,52.40381219999999,0 12.9365528,52.3903797,0 12.9493563,52.37938880000001,0 12.951366,52.3655308,0 12.979601,52.34321180000001,0 12.9890799,52.35017880000001,0 13.0091673,52.3565414,0 13.0232223,52.3777174,0 13.0340391,52.3871187,0 13.0456187,52.3917379,0 13.0553884,52.3887158,0 13.0724638,52.396994,0 13.0889427,52.4103753,0 13.0898695,52.4209808,0 13.1107391,52.4280082,0 13.1188264,52.4391746,0 13.1552674,52.4481939,0 13.1846701,52.4621605,0 13.1882767,52.4715043,0 13.1898296,52.4929082,0 13.1982794,52.5012114,0 13.2061042,52.5193335,0 13.2003883,52.5310134,0 13.2087123,52.5368781,0 13.2086562,52.5426492,0 13.2278394,52.56230320000001,0 13.2251452,52.5728381,0 13.217911,52.57912649999999,0 13.2172315,52.5926064,0 13.200733,52.60622570000001,0 13.2098061,52.6133893,0 13.2169062,52.6275468,0 13.2171396,52.6581334,0 13.2477466,52.68724460000001,0 13.251654,52.6966805,0 13.2449556,52.7136957,0 13.2550079,52.7279954,0 13.2561222,52.7398211,0 13.2375158,52.754451,0 13.2351658,52.7680873,0 13.2517101,52.7808435,0 13.2524278,52.79170479999999,0 13.2682638,52.7958696,0 13.2704667,52.8018675,0 13.2768365,52.8039199,0 13.2842822,52.7986645,0 13.2954658,52.7988659,0 13.302521,52.80604449999999,0 13.3009908,52.8079735,0 13.305792,52.8091829,0 13.3060843,52.8147458,0 13.3148905,52.8133402,0 13.3126889,52.8167949,0 13.3214102,52.81645950000001,0 13.3554261,52.8307822,0 13.3549657,52.8407713,0 13.3418277,52.84743880000001,0 13.3435125,52.8509263,0 13.3363353,52.8560194,0 13.335422,52.8612286,0 13.3695137,52.870378,0 13.3663382,52.8729215,0 13.3656359,52.8813487,0 13.3761562,52.8895104,0 13.3744891,52.8927913,0 13.3788533,52.89546180000001,0 13.3754,52.90381310000001,0 13.3820337,52.9068049,0 13.3772733,52.9096743,0 13.376892,52.9135507,0 13.3776117,52.9206221,0 13.3812567,52.9211419,0 13.3776575,52.9255833,0 13.3792926,52.9274619,0 13.3716744,52.92913039999999,0 13.3724008,52.93589579999999,0 13.375569,52.9358082,0 13.3743963,52.94049059999999,0 13.3773195,52.9406219,0 13.3745068,52.94817530000001,0 13.351588,52.9611113,0 13.3469312,52.96665,0 13.3487168,52.9683165,0 13.344372,52.97059309999999,0 13.3473202,52.9723267,0 13.3441505,52.97622150000001,0 13.3312824,52.9836396,0 13.3340867,52.9909058,0 13.3240444,53.0040093,0 13.313047,53.0357995,0 13.2951688,53.0504049,0 13.3072715,53.061813,0 13.3291226,53.0672647,0 13.3321721,53.07202130000001,0 13.3497121,53.0709221,0 13.3505616,53.0763306,0 13.3658763,53.0786279,0 13.3672586,53.0811142,0 13.3615702,53.0849125,0 13.3633837,53.0873352,0 13.3519935,53.0915676,0 13.3495372,53.0962574,0 13.3346149,53.0967613,0 13.3231406,53.1012422,0 13.3216224,53.1113833,0 13.3155091,53.1125446,0 13.3112136,53.12136519999999,0 13.2978008,53.1272927,0 13.2938317,53.1350577,0 13.2875666,53.1361506,0 13.2874896,53.138507,0 13.2763252,53.13731609999999,0 13.2625843,53.13114399999999,0 13.2429475,53.1304391,0 13.2389292,53.14107049999999,0 13.2341869,53.1408754,0 13.2365774,53.14387380000001,0 13.2311774,53.1435549,0 13.231557,53.14602390000001,0 13.2376121,53.1469858,0 13.2376984,53.1501557,0 13.2323563,53.15039130000001,0 13.2332856,53.1550171,0 13.220886,53.15619439999999,0 13.2244762,53.1623533,0 13.2180329,53.1733156,0 13.1749182,53.1838056,0 13.1616766,53.1823461,0 13.153777,53.18598919999999,0 13.1463285,53.18127430000001,0 13.1130245,53.1847451,0 13.1169707,53.1897561,0 13.1053365,53.19241490000001,0 13.0908836,53.1885521,0 13.0707703,53.2044824,0 13.0397026,53.1977349,0 13.0380955,53.2064986,0 13.0300401,53.2158637,0 13.0517576,53.23829809999999,0 13.0268574,53.244744,0 13.0279453,53.2539513,0 13.0003276,53.2666902,0 12.9837576,53.278105,0 12.9907439,53.2926003,0 13.0092268,53.30494809999999,0 13.0071147,53.308211,0 13.0008858,53.31377280000001,0 12.9779218,53.3064531,0 12.9545306,53.3121866,0 12.9554272,53.31689730000001,0 12.9640923,53.32445610000001,0 12.9654669,53.35522109999999,0 12.9614031,53.35619609999999,0 12.9519955,53.3500498,0 12.932512,53.35556439999999,0 12.9114616,53.35061379999999,0 12.8986518,53.3560257,0 12.892383,53.3660687,0 12.8850529,53.3706298,0 12.8841517,53.3817374,0 12.8871872,53.3877693,0 12.8842637,53.3970864,0 12.8955543,53.3991022,0 12.8991855,53.4025204,0 12.8980435,53.4054595,0 12.9125012,53.4121074,0 12.9271305,53.40668520000001,0 12.9386615,53.40719049999999,0 12.9433764,53.4105359,0 12.9414426,53.4302877,0 12.944892,53.4353841,0 12.9437768,53.4434709,0 12.9506363,53.45470520000001,0 12.9418225,53.4589086,0 12.9358791,53.4679311,0 
			</coordinates>
		</LineString>
	</Placemark>
	<Placemark id="Rivers.33">
		<name>926d1b42-Helme</name>
		<LineString>
			<coordinates>
				10.4534711,51.5207846,0 10.4594995,51.5248924,0 10.4770032,51.52855110000001,0 10.5072641,51.5310069,0 10.5670373,51.52412840000001,0 10.5740351,51.519449,0 10.6248773,51.5246587,0 10.6560886,51.5209477,0 10.7201355,51.5008384,0 10.7435018,51.5009321,0 10.7564052,51.4872444,0 10.7691207,51.4852228,0 10.7800255,51.4786029,0 10.8027038,51.4745778,0 10.8272848,51.4551708,0 10.8525855,51.4528108,0 10.8671665,51.45479099999999,0 10.8778602,51.448859,0 10.924782,51.4529918,0 10.9384593,51.4509782,0 10.9594729,51.4423935,0 11.0345785,51.439453,0 11.0401087,51.4409755,0 11.0471089,51.4553431,0 11.0728033,51.4595629,0 11.0828926,51.4553514,0 11.1349322,51.4549901,0 11.1524434,51.45777230000001,0 11.1791928,51.4508177,0 11.2246207,51.4472534,0 11.2435621,51.4417746,0 11.2493623,51.44429989999999,0 11.2749955,51.4411983,0 11.3534683,51.41330670000001,0 11.3523178,51.4067219,0 11.3652868,51.370768,0 11.3555042,51.3517643,0 11.3345103,51.34633640000001,0 11.3306439,51.3401128,0 
			</coordinates>
		</LineString>
	</Placemark>
	<Placemark id="Rivers.34">
		<name>0a2da0d0-Iller</name>
		<LineString>
			<coordinates>
				9.9743899,48.38201380000001,0 9.970781199999999,48.3780132,0 9.9722721,48.3737083,0 9.990253299999999,48.3702176,0 10.0009991,48.3628463,0 9.9970137,48.3558808,0 9.9984278,48.3507545,0 10.0090116,48.3422656,0 10.0501916,48.2936257,0 10.0646014,48.2838969,0 10.0634971,48.2684038,0 10.0712818,48.2566396,0 10.0653051,48.2389364,0 10.0814538,48.2221881,0 10.0865618,48.1873038,0 10.1125995,48.1287913,0 10.1404962,48.1071408,0 10.1420304,48.06098560000001,0 10.1348517,48.0366036,0 10.1359104,48.01852199999999,0 10.1245165,48.0073513,0 10.1141497,47.9781551,0 10.0923772,47.9719944,0 10.0870398,47.9676074,0 10.0863858,47.9520731,0 10.09524,47.9438937,0 10.1103171,47.9371245,0 10.1053295,47.9219334,0 10.1187282,47.91883609999999,0 10.1155346,47.91279899999999,0 10.1208041,47.9059937,0 10.1217634,47.8988073,0 10.133059,47.899944,0 10.1451163,47.8933157,0 10.1464574,47.8871057,0 10.1564839,47.88791739999999,0 10.1553194,47.87922689999999,0 10.1667946,47.8730203,0 10.1755926,47.87406380000001,0 10.1730502,47.86951349999999,0 10.1914487,47.868577,0 10.1843003,47.8658463,0 10.1831869,47.8596663,0 10.1741989,47.8566551,0 10.1764384,47.849859,0 10.184225,47.8528643,0 10.1879449,47.84376280000001,0 10.1975936,47.8338858,0 10.2061004,47.8314879,0 10.2026829,47.8243579,0 10.212038,47.82909,0 10.2216259,47.8296549,0 10.2223545,47.8206976,0 10.2287661,47.8171006,0 10.2310498,47.80847959999999,0 10.2443524,47.81327539999999,0 10.2547322,47.8058759,0 10.253373,47.7966044,0 10.256607,47.79254610000001,0 10.2634326,47.8000777,0 10.2852251,47.7988853,0 10.2915588,47.7874113,0 10.2880538,47.7794739,0 10.292792,47.767949,0 10.3062633,47.7658548,0 10.3111506,47.76217760000001,0 10.300773,47.7593347,0 10.2998987,47.7548536,0 10.3156739,47.74846949999999,0 10.3077122,47.74245139999999,0 10.3205531,47.7346683,0 10.3171453,47.7304912,0 10.3240749,47.7224252,0 10.3176019,47.6968572,0 10.3244876,47.68958700000001,0 10.3196867,47.6856504,0 10.3230514,47.6697929,0 10.3102942,47.6586688,0 10.3137932,47.6424227,0 10.2946079,47.6356228,0 10.2954019,47.63157,0 10.286437,47.6281832,0 10.2835178,47.6162491,0 10.2950505,47.6196746,0 10.2972989,47.61598570000001,0 10.2953931,47.61116790000001,0 10.2871937,47.60698889999999,0 10.2836016,47.60885640000001,0 10.2703866,47.6048877,0 10.2474335,47.5802167,0 10.2486255,47.5738979,0 10.2333009,47.5677196,0 10.2314108,47.5582765,0 10.2368345,47.5522361,0 10.2515753,47.5533738,0 10.2665257,47.54367510000001,0 10.2597673,47.5231883,0 10.2753745,47.5034362,0 10.2740296,47.4966266,0 10.267362,47.49269110000001,0 10.2676119,47.483698,0 10.2736373,47.47474140000001,0 10.272662,47.4710565,0 10.2793928,47.4641411,0 10.2783874,47.45483840000001,0 10.2832839,47.43572290000001,0 10.2741571,47.4275251,0 
			</coordinates>
		</LineString>
	</Placemark>
	<Placemark id="Rivers.35">
		<name>7cc23d3a-Inn</name>
		<LineString>
			<coordinates>
				11.7122759,47.3571439,0 11.759125,47.3831696,0 11.7795178,47.38377809999999,0 11.7933164,47.3901431,0 11.8037481,47.4004783,0 11.8225775,47.4026114,0 11.8434133,47.4103984,0 11.8589396,47.4237693,0 11.8704752,47.4281963,0 11.877004,47.4365753,0 11.8910691,47.4391811,0 11.9191847,47.459126,0 11.9351249,47.4615559,0 11.9846578,47.4803655,0 12.0510637,47.49063970000001,0 12.0619887,47.50421059999999,0 12.0791418,47.5116946,0 12.0719525,47.52303310000001,0 12.0808595,47.5250174,0 12.0904929,47.51751909999999,0 12.0934045,47.5294487,0 12.1144919,47.5404399,0 12.124798,47.55273,0 12.1409628,47.5617798,0 12.1476536,47.5745571,0 12.1663301,47.58035409999999,0 12.1667433,47.5926377,0 12.1841984,47.6042849,0 12.2015303,47.6060566,0 12.2073046,47.60970889999999,0 12.1985586,47.6418771,0 12.1849927,47.65968669999999,0 12.1822312,47.668037,0 12.168374,47.6805563,0 12.1601609,47.7076246,0 12.1515,47.7148366,0 12.1373846,47.7367739,0 12.1319495,47.76013619999999,0 12.132939,47.7700243,0 12.1238355,47.7895506,0 12.1280913,47.7984472,0 12.1276149,47.8098523,0 12.1467085,47.8279907,0 12.1539227,47.8415451,0 12.1516234,47.84776040000001,0 12.1366901,47.8599195,0 12.1347726,47.8691786,0 12.1413228,47.8873955,0 12.1394027,47.91399309999999,0 12.1457578,47.9327133,0 12.1558382,47.9463388,0 12.1575609,47.96570990000001,0 12.1513061,47.97847740000001,0 12.151564,47.985305,0 12.1704266,47.9989022,0 12.1750993,48.0179773,0 12.1919886,48.02674020000001,0 12.19719,48.04087919999999,0 12.2063586,48.0451805,0 12.2169508,48.05756110000001,0 12.2380608,48.0617033,0 12.2360918,48.0656307,0 12.2212139,48.06336809999999,0 12.2161632,48.0678924,0 12.2159344,48.0721735,0 12.2225747,48.07837189999999,0 12.2206123,48.0885593,0 12.237603,48.09339229999999,0 12.2397999,48.10670180000001,0 12.2498884,48.1120822,0 12.265666,48.1076271,0 12.2735319,48.11210179999999,0 12.2531177,48.13320340000001,0 12.2536778,48.13748700000001,0 12.2788953,48.1397585,0 12.2821477,48.1432855,0 12.2812724,48.15307940000001,0 12.285705,48.1559829,0 12.3014247,48.1489407,0 12.3113282,48.1520963,0 12.3201582,48.1615483,0 12.3390015,48.1579129,0 12.3399878,48.1614934,0 12.3277482,48.1708868,0 12.3382655,48.1758583,0 12.3539598,48.1703415,0 12.3783027,48.18019160000001,0 12.3833217,48.17714110000001,0 12.3861897,48.1688057,0 12.3948552,48.1696384,0 12.3999041,48.1734367,0 12.4008818,48.18381339999999,0 12.4065009,48.1901998,0 12.4335108,48.18872389999999,0 12.4307478,48.19963860000001,0 12.4347853,48.2059563,0 12.4606024,48.19391090000001,0 12.4647622,48.2099963,0 12.4828852,48.2095626,0 12.4905698,48.21295990000001,0 12.4762971,48.2207674,0 12.4684297,48.2298984,0 12.4682688,48.237393,0 12.4744308,48.2406313,0 12.4994553,48.2360903,0 12.5154317,48.2423293,0 12.5259329,48.2332928,0 12.5322786,48.2409134,0 12.5578006,48.2373434,0 12.5666135,48.242673,0 12.58085,48.2436017,0 12.6015683,48.2385487,0 12.6253284,48.2507931,0 12.689836,48.2502128,0 12.709603,48.2590952,0 12.7379987,48.2523973,0 12.7510257,48.2525021,0 12.7718767,48.2595156,0 12.7922926,48.2613065,0 12.8075624,48.2704865,0 12.8156751,48.271097,0 12.8301229,48.26371429999999,0 12.845145,48.2468572,0 12.8792041,48.2472695,0 12.9255375,48.2113071,0 12.9353258,48.20702699999999,0 12.9476819,48.20706509999999,0 12.9653486,48.2137745,0 12.9999789,48.238352,0 13.017826,48.2561236,0 13.0551348,48.2653813,0 13.0806025,48.2771294,0 13.12828,48.278419,0 13.1808569,48.2949177,0 13.2494841,48.2928601,0 13.2616958,48.2950981,0 13.328025,48.3224292,0 13.3657302,48.3518673,0 13.413735,48.37722149999999,0 13.4226972,48.4061847,0 13.4396853,48.43262789999999,0 13.4367997,48.4420056,0 13.4279266,48.4519496,0 13.4274752,48.45818989999999,0 13.4581692,48.5114552,0 13.4466246,48.5233458,0 13.4450357,48.52878920000001,0 13.4502618,48.53713130000001,0 13.4393301,48.54748499999999,0 13.4373412,48.556526,0 13.4634093,48.5717921,0 13.4848012,48.5746428,0 
			</coordinates>
		</LineString>
	</Placemark>
	<Placemark id="Rivers.36">
		<name>7e6a8248-Isar</name>
		<LineString>
			<coordinates>
				11.4117525,47.3752809,0 11.3875333,47.37372549999999,0 11.3419409,47.3800087,0 11.3108721,47.3744422,0 11.2960501,47.3804527,0 11.2826301,47.37975260000001,0 11.2668121,47.3866005,0 11.2627359,47.3910145,0 11.2667216,47.39762429999999,0 11.2563515,47.41033890000001,0 11.2555821,47.419682,0 11.2599392,47.4270939,0 11.2584664,47.4317967,0 11.2682216,47.43741189999999,0 11.2748974,47.4578469,0 11.2810316,47.4643773,0 11.281395,47.4711631,0 11.2730028,47.4721869,0 11.2795101,47.47671110000001,0 11.2786994,47.4947893,0 11.2870713,47.5040608,0 11.2873865,47.5094397,0 11.3089382,47.53089239999999,0 11.3163778,47.5285201,0 11.3226822,47.5315755,0 11.3302143,47.5305079,0 11.3398904,47.5390845,0 11.3623244,47.543517,0 11.3779947,47.54294699999999,0 11.3790388,47.54715779999999,0 11.3900763,47.55058999999999,0 11.406287,47.5491399,0 11.4139789,47.55273540000001,0 11.4284959,47.55302580000001,0 11.4294407,47.5566363,0 11.437843,47.560295,0 11.4778491,47.5629025,0 11.5044906,47.5609443,0 11.5202431,47.57266600000001,0 11.5481528,47.5778789,0 11.5519303,47.5831334,0 11.5482862,47.5854609,0 11.5481708,47.5916969,0 11.5614394,47.6010694,0 11.578805,47.6044607,0 11.5836465,47.6104322,0 11.5822025,47.6150341,0 11.5916758,47.620552,0 11.5889416,47.6288527,0 11.5927064,47.6322079,0 11.5901821,47.6361887,0 11.5926192,47.63961869999999,0 11.5849536,47.6420861,0 11.5833534,47.6514508,0 11.5885118,47.6563055,0 11.5732604,47.6701523,0 11.5702681,47.6767819,0 11.5715597,47.68441370000001,0 11.5651444,47.68921859999999,0 11.5585622,47.7024509,0 11.5618872,47.70909159999999,0 11.55909,47.7151226,0 11.5646722,47.7200689,0 11.5610709,47.7258966,0 11.5669414,47.7302064,0 11.5606471,47.7368637,0 11.565915,47.7430431,0 11.556531,47.75362,0 11.5563873,47.76104289999999,0 11.5404485,47.7663521,0 11.5399354,47.77951550000001,0 11.55093,47.7839381,0 11.5423356,47.7895308,0 11.5521668,47.8088621,0 11.5404678,47.8117374,0 11.5346591,47.8185292,0 11.5360278,47.8237858,0 11.5286331,47.8280935,0 11.5285547,47.8326199,0 11.510704,47.8383363,0 11.5207049,47.8457617,0 11.5115307,47.8528044,0 11.5093564,47.8626417,0 11.4965499,47.8670011,0 11.4957028,47.8707584,0 11.4810196,47.8818042,0 11.4765921,47.8816003,0 11.4784827,47.8880677,0 11.4686297,47.8921746,0 11.4630109,47.8911218,0 11.4509504,47.8998309,0 11.4503517,47.9110718,0 11.4478835,47.9114779,0 11.4429366,47.9261348,0 11.4327709,47.9352973,0 11.445433,47.9494458,0 11.4574635,47.95121200000001,0 11.4636602,47.9549122,0 11.4652094,47.9601145,0 11.473751,47.9643288,0 11.4762158,47.9753075,0 11.4721519,47.9871935,0 11.4785251,47.9892703,0 11.4753814,47.9925141,0 11.4808315,47.9976448,0 11.4768513,47.9993371,0 11.476978,48.0025539,0 11.4968088,48.0218466,0 11.4963684,48.0260104,0 11.5078086,48.028415,0 11.5089499,48.0348856,0 11.5268013,48.0557732,0 11.5391807,48.0591015,0 11.5424591,48.067232,0 11.5405677,48.07880469999999,0 11.5496041,48.09067900000001,0 11.550299,48.102327,0 11.5602511,48.10926979999999,0 11.559834,48.1171946,0 11.5932562,48.138752,0 11.5969057,48.1475555,0 11.6312115,48.18560589999999,0 11.6400737,48.20419420000001,0 11.6493125,48.21000769999999,0 11.6522917,48.2200094,0 11.6603512,48.22327959999999,0 11.6630643,48.2299896,0 11.6703759,48.2338467,0 11.6753071,48.2439279,0 11.6830158,48.24961990000001,0 11.6841911,48.2537232,0 11.6799119,48.2638062,0 11.6906934,48.27374470000001,0 11.6921689,48.283989,0 11.6984219,48.2916101,0 11.7012151,48.3055137,0 11.6989221,48.3196397,0 11.712976,48.3322447,0 11.713133,48.3439266,0 11.7188088,48.3512922,0 11.7262892,48.354497,0 11.7244774,48.3631738,0 11.7349487,48.3701705,0 11.7358886,48.37746319999999,0 11.7499441,48.396568,0 11.7689059,48.4059243,0 11.7867416,48.4022835,0 11.8300645,48.40618599999999,0 11.8589129,48.4181285,0 11.8769886,48.4177292,0 11.8881954,48.4268769,0 11.8993582,48.42868169999999,0 11.9035026,48.4330382,0 11.916994,48.43171890000001,0 11.9275438,48.4412809,0 11.9393519,48.4446093,0 11.9481421,48.4556163,0 11.9463866,48.46512690000001,0 11.9564168,48.4763309,0 11.9512123,48.495738,0 11.9571551,48.5004577,0 11.9749989,48.50328990000001,0 11.9847758,48.49559200000001,0 12.0082857,48.4971494,0 12.0401,48.50711149999999,0 12.0680241,48.5066067,0 12.0878403,48.5166614,0 12.1396287,48.5290622,0 12.1517829,48.5391561,0 12.1772794,48.5485625,0 12.1826532,48.5610842,0 12.1892353,48.5674591,0 12.245566,48.5929476,0 12.2833636,48.5961996,0 12.3045475,48.60326679999999,0 12.3248234,48.60487980000001,0 12.3608905,48.620442,0 12.4304381,48.62360199999999,0 12.471124,48.6322865,0 12.5238859,48.6354429,0 12.5374442,48.644245,0 12.5537592,48.6440791,0 12.5650001,48.6498169,0 12.5898879,48.6499748,0 12.6058601,48.6599528,0 12.6193371,48.6600242,0 12.6301993,48.6646541,0 12.6477729,48.6645369,0 12.6675562,48.6693899,0 12.675575,48.6747208,0 12.689521,48.6746112,0 12.747005,48.68802710000001,0 12.7732865,48.6901887,0 12.7833332,48.6951369,0 12.7997088,48.6944121,0 12.8101695,48.7036706,0 12.836321,48.710978,0 12.8416607,48.7155409,0 12.8463877,48.7207387,0 12.8454248,48.7281014,0 12.8520338,48.7364011,0 12.8522669,48.7438162,0 12.873611,48.7650557,0 12.8856237,48.7726868,0 12.9134139,48.7837488,0 12.9440445,48.7794786,0 12.9631989,48.79284729999999,0 12.9666929,48.80181929999999,0 12.978317,48.80345,0 
			</coordinates>
		</LineString>
	</Placemark>
	<Placemark id="Rivers.37">
		<name>841255cd-Lahn</name>
		<LineString>
			<coordinates>
				7.5920079,50.31028950000001,0 7.6149722,50.30784060000001,0 7.6226683,50.31404529999999,0 7.632725799999999,50.3159864,0 7.6390745,50.3127298,0 7.6395662,50.30679750000001,0 7.643764,50.30628980000001,0 7.6524247,50.31912139999999,0 7.6643415,50.32331429999999,0 7.6674431,50.3298736,0 7.6813416,50.33937099999999,0 7.6883362,50.3358471,0 7.7290834,50.3297228,0 7.7324993,50.32620039999999,0 7.7306987,50.32040109999999,0 7.734433,50.31796540000001,0 7.759396999999999,50.3284823,0 7.7646316,50.3267609,0 7.7686623,50.3146759,0 7.789202999999999,50.3170036,0 7.7969483,50.3076726,0 7.8163359,50.3114139,0 7.831422999999999,50.3027539,0 7.8351078,50.3124127,0 7.8481449,50.3090377,0 7.8501713,50.3162021,0 7.8641528,50.3163363,0 7.8693776,50.32319810000001,0 7.9046166,50.311241,0 7.9066738,50.3139852,0 7.897858,50.32535649999999,0 7.9052968,50.330036,0 7.938501300000001,50.32787470000001,0 7.9506933,50.33391420000001,0 7.950179699999999,50.3369708,0 7.946355000000001,50.33758390000001,0 7.9357089,50.33393350000001,0 7.9188764,50.342081,0 7.9323533,50.3531107,0 7.9432331,50.3520268,0 7.9539092,50.3430591,0 7.9668206,50.34296789999999,0 7.9685762,50.344774,0 7.9641568,50.3489011,0 7.9645913,50.3527578,0 7.977152599999999,50.3582692,0 7.9848325,50.3534264,0 7.9905445,50.3546412,0 7.9860735,50.36682509999999,0 7.9943096,50.36942560000001,0 7.9983535,50.3656024,0 8.0052723,50.3685156,0 7.999878999999999,50.3834791,0 8.0292055,50.3857174,0 8.033515100000001,50.3906665,0 8.0496096,50.3975041,0 8.072312999999999,50.38829,0 8.0916213,50.3913302,0 8.097800899999999,50.3993564,0 8.094848199999999,50.41379370000001,0 8.101603600000001,50.4171205,0 8.122957400000001,50.4161979,0 8.1260292,50.411069,0 8.1246144,50.40410620000001,0 8.130801200000001,50.40035140000001,0 8.1399258,50.40028,0 8.1506632,50.4068525,0 8.1567797,50.40698359999999,0 8.1809859,50.3907114,0 8.187327700000001,50.39335619999999,0 8.1887594,50.4014584,0 8.184093000000001,50.4057422,0 8.188717199999999,50.40896380000001,0 8.1969353,50.4044566,0 8.212293600000001,50.40573070000001,0 8.2191282,50.3995995,0 8.2294176,50.4058931,0 8.237854,50.3996,0 8.2531617,50.4022965,0 8.2573851,50.40675029999999,0 8.2510467,50.4109718,0 8.2487829,50.4167788,0 8.2520258,50.42142739999999,0 8.249665800000001,50.4360271,0 8.253095800000001,50.44794509999999,0 8.248504199999999,50.4525687,0 8.2527831,50.45859200000001,0 8.2387798,50.4628749,0 8.2432426,50.46928810000001,0 8.2351773,50.4745788,0 8.2658767,50.4749086,0 8.265505299999999,50.480699,0 8.2569918,50.4848301,0 8.260317499999999,50.48836050000001,0 8.264632300000001,50.4843637,0 8.2681197,50.48525,0 8.271424700000001,50.4930182,0 8.267299100000001,50.5033258,0 8.2861156,50.5145287,0 8.2770793,50.5205426,0 8.2788056,50.52414539999999,0 8.295229000000001,50.5255676,0 8.2991055,50.52863439999999,0 8.3151429,50.5270123,0 8.3190793,50.5330044,0 8.327141599999999,50.53668099999999,0 8.328424500000001,50.5439526,0 8.336998299999999,50.5518901,0 8.350821399999999,50.55360629999999,0 8.351585399999999,50.5470096,0 8.369322800000001,50.53971430000001,0 8.3816849,50.541036,0 8.4065189,50.55158380000001,0 8.4397074,50.5470144,0 8.4426921,50.5494918,0 8.440951699999999,50.5537458,0 8.4463951,50.5574544,0 8.4750394,50.5565752,0 8.4892609,50.5507915,0 8.512173900000001,50.56666689999999,0 8.507996500000001,50.5698688,0 8.5108154,50.5725859,0 8.5249632,50.57455270000001,0 8.526271100000001,50.5803742,0 8.551285200000001,50.571873,0 8.566514099999999,50.574796,0 8.5706396,50.5714684,0 8.5796229,50.5709155,0 8.587812899999999,50.5747506,0 8.588213400000001,50.5688699,0 8.601065200000001,50.56627570000001,0 8.605554700000001,50.5692401,0 8.636261599999999,50.5700003,0 8.6514083,50.5760874,0 8.6699758,50.59144330000001,0 8.6733262,50.60665310000001,0 8.6670224,50.6113878,0 8.677542000000001,50.61265239999999,0 8.691202199999999,50.629898,0 8.6885213,50.6388398,0 8.696544599999999,50.64217719999999,0 8.687448399999999,50.6454224,0 8.687156399999999,50.65351339999999,0 8.689919099999999,50.6555571,0 8.706080500000001,50.6531927,0 8.712776099999999,50.6600381,0 8.705208799999999,50.68082390000001,0 8.6995898,50.6828802,0 8.707192900000001,50.6839846,0 8.717464700000001,50.6926503,0 8.7130215,50.718697,0 8.721172899999999,50.72610970000001,0 8.731081100000001,50.7255096,0 8.7327336,50.7284586,0 8.7286965,50.7316368,0 8.735280599999999,50.7340033,0 8.7344717,50.7371912,0 8.745514699999999,50.7526003,0 8.7444881,50.7565431,0 8.7536524,50.7627446,0 8.7532915,50.7689608,0 8.757732799999999,50.7726637,0 8.751537000000001,50.77788080000001,0 8.752088199999999,50.7901184,0 8.7725472,50.80220740000001,0 8.773174600000001,50.807687,0 8.7779177,50.81038359999999,0 8.7767962,50.81483040000001,0 8.7642174,50.8212296,0 8.765712300000001,50.830858,0 8.761582199999999,50.834329,0 8.764165999999999,50.83692660000001,0 8.7560416,50.84714120000001,0 8.766014800000001,50.852022,0 8.774015500000001,50.8432248,0 8.782969100000001,50.84278510000001,0 8.7886746,50.84495089999999,0 8.794924200000001,50.8533117,0 8.790896099999999,50.8552052,0 8.7918787,50.86502389999999,0 8.789102099999999,50.8675553,0 8.7507424,50.8677978,0 8.7138214,50.8614911,0 8.705613400000001,50.8583621,0 8.7021196,50.8519161,0 8.6780738,50.8465303,0 8.654473599999999,50.85445450000001,0 8.646625200000001,50.8539389,0 8.6434032,50.8584076,0 8.6207551,50.8660698,0 8.613823200000001,50.86390420000001,0 8.6017922,50.8720375,0 8.5779453,50.8626281,0 8.574459900000001,50.85766850000001,0 8.5656696,50.85700019999999,0 8.540975700000001,50.8818576,0 8.545490900000001,50.89421620000001,0 8.541974700000001,50.8991022,0 8.533088599999999,50.9014286,0 8.5322435,50.9070303,0 8.5262212,50.90841699999999,0 8.525206000000001,50.911602,0 8.5142062,50.9108416,0 8.4995993,50.92554919999999,0 8.4786059,50.92714789999999,0 8.459146199999999,50.9163273,0 8.4427839,50.9190257,0 8.4357951,50.92848699999999,0 8.4181463,50.9285375,0 8.4039605,50.9217275,0 8.3806729,50.93477119999999,0 8.374122699999999,50.9471286,0 8.3459363,50.9506993,0 8.3359317,50.9398355,0 8.327487899999999,50.9404761,0 8.321793,50.9368605,0 8.300553900000001,50.93998939999999,0 8.293707899999999,50.937875,0 8.282628600000001,50.928429,0 8.2816866,50.9158268,0 8.2760766,50.9080495,0 8.252522799999999,50.8959928,0 8.251570600000001,50.89266860000001,0 8.2419396,50.8923485,0 
			</coordinates>
		</LineString>
	</Placemark>
	<Placemark id="Rivers.38">
		<name>9e7677a7-Lech</name>
		<LineString>
			<coordinates>
				10.9377855,48.73534339999999,0 10.9133777,48.7258618,0 10.9035539,48.7195367,0 10.8996776,48.7131822,0 10.8973693,48.6923384,0 10.8909895,48.6812318,0 10.8859398,48.6574952,0 10.879597,48.64804100000001,0 10.8816338,48.6300177,0 10.8795869,48.61692959999999,0 10.8835233,48.60698759999999,0 10.8706511,48.5774365,0 10.8736428,48.5368699,0 10.864629,48.5064832,0 10.8776506,48.4840181,0 10.8901759,48.4359249,0 10.8884892,48.4051561,0 10.904882,48.3810971,0 10.9260919,48.3708178,0 10.9352621,48.3612731,0 10.938069,48.349899,0 10.9354836,48.3404876,0 10.9414868,48.3303195,0 10.9488773,48.3253341,0 10.9461873,48.3144039,0 10.9533661,48.30522779999999,0 10.9431672,48.2961927,0 10.944669,48.2845754,0 10.9369644,48.2766853,0 10.9370194,48.266131,0 10.9285274,48.2576215,0 10.9310092,48.2459141,0 10.9245939,48.2324258,0 10.9145443,48.22455219999999,0 10.912284,48.21532490000001,0 10.905523,48.2124579,0 10.8937898,48.1963289,0 10.8858604,48.1914536,0 10.8806588,48.1778829,0 10.8825091,48.1641241,0 10.8671633,48.1495284,0 10.8615124,48.137226,0 10.854722,48.1331555,0 10.8563406,48.1278477,0 10.8523081,48.1201058,0 10.8534339,48.1168898,0 10.8643279,48.1128028,0 10.8642261,48.0983815,0 10.8734997,48.09183289999999,0 10.8735629,48.0829119,0 10.8792433,48.0777454,0 10.8745638,48.07183160000001,0 10.8789252,48.0573356,0 10.871369,48.0518805,0 10.8766364,48.043759,0 10.8724251,48.0357652,0 10.8836315,48.02328769999999,0 10.8754144,48.0154249,0 10.8775624,48.00697269999999,0 10.8701419,47.9957239,0 10.8769732,47.9925975,0 10.8753521,47.9877308,0 10.8808642,47.9640599,0 10.8657167,47.9585733,0 10.8797563,47.9458082,0 10.8684809,47.9385962,0 10.8846127,47.9332316,0 10.8989727,47.9177249,0 10.9201196,47.91465310000001,0 10.9109244,47.9063533,0 10.912599,47.9041634,0 10.9319529,47.907047,0 10.9321246,47.9038249,0 10.9169729,47.89014659999999,0 10.9314866,47.8816043,0 10.9206289,47.8736136,0 10.9175333,47.8667566,0 10.9297401,47.8610639,0 10.9248209,47.85228919999999,0 10.9261241,47.8373073,0 10.9294667,47.832318,0 10.9261118,47.8214389,0 10.9197181,47.8150386,0 10.8973616,47.8070752,0 10.8965285,47.8038514,0 10.9037025,47.8003338,0 10.8878662,47.7959107,0 10.889596,47.7863949,0 10.8632027,47.7841229,0 10.8590874,47.77399560000001,0 10.8616042,47.7706841,0 10.8524955,47.7699696,0 10.8503182,47.7633688,0 10.8420008,47.7653088,0 10.8402224,47.77003629999999,0 10.8346145,47.7691329,0 10.8349156,47.7651134,0 10.8446194,47.755538,0 10.8319797,47.7502441,0 10.8242279,47.73879780000001,0 10.8302164,47.72468670000001,0 10.8243228,47.7100639,0 10.8153535,47.70732049999999,0 10.8086158,47.7087933,0 10.7989757,47.7019443,0 10.8002243,47.694826,0 10.7965335,47.6911357,0 10.7965733,47.6815229,0 10.7824542,47.6700685,0 10.7796218,47.659895,0 10.7600352,47.6536975,0 10.7399984,47.65302890000001,0 10.7380698,47.6462827,0 10.7441933,47.6385885,0 10.7431813,47.622609,0 10.7335644,47.60800360000001,0 10.7300832,47.59252619999999,0 10.7139586,47.57818000000001,0 10.7095016,47.5660466,0 10.6956115,47.5653784,0 10.6947424,47.5608666,0 10.6899233,47.5585618,0 10.6731639,47.5569736,0 10.6618377,47.55159600000001,0 10.6609259,47.5480286,0 10.6665339,47.5414205,0 10.7130409,47.5209585,0 10.7089575,47.4848485,0 10.6681323,47.4536953,0 10.661941,47.44450839999999,0 10.6322872,47.4355554,0 
			</coordinates>
		</LineString>
	</Placemark>
	<Placemark id="Rivers.39">
		<name>ed19e7cb-Leine</name>
		<LineString>
			<coordinates>
				9.594166599999999,52.7229512,0 9.5971397,52.7153306,0 9.605143200000001,52.7135683,0 9.5941882,52.70492459999999,0 9.5999274,52.7020347,0 9.5947204,52.69520439999999,0 9.5995639,52.6917819,0 9.597365,52.685273,0 9.6022736,52.6832436,0 9.6037564,52.6782927,0 9.5961216,52.6809874,0 9.5956195,52.6772686,0 9.587484,52.6738117,0 9.585165999999999,52.6649921,0 9.5947876,52.6636985,0 9.5895978,52.6581653,0 9.599749600000001,52.65676260000001,0 9.602998700000001,52.6526855,0 9.597702099999999,52.6468329,0 9.591998500000001,52.65169329999999,0 9.579606,52.64006320000001,0 9.5868062,52.63704120000001,0 9.5799124,52.6314325,0 9.5906568,52.6276986,0 9.5848157,52.6235899,0 9.588765799999999,52.6200738,0 9.5837939,52.61722000000001,0 9.592962699999999,52.61750270000001,0 9.590140999999999,52.6123737,0 9.5941922,52.6067553,0 9.5841083,52.60451519999999,0 9.5874212,52.6006797,0 9.587280099999999,52.5941497,0 9.5788694,52.5849846,0 9.564807500000001,52.5852856,0 9.5687988,52.5791109,0 9.5482847,52.57584229999999,0 9.5528107,52.5701621,0 9.540607700000001,52.5705632,0 9.537592099999999,52.5644153,0 9.5307563,52.5669837,0 9.5195603,52.56164030000001,0 9.510597799999999,52.562347,0 9.5091058,52.5575543,0 9.498293,52.5545309,0 9.504109100000001,52.549466,0 9.4993161,52.5475585,0 9.498662899999999,52.54030649999999,0 9.4862606,52.5449192,0 9.475168999999999,52.5401774,0 9.4864342,52.5368441,0 9.479415299999999,52.53175220000001,0 9.4642398,52.5343007,0 9.4677591,52.52859170000001,0 9.465308,52.5247047,0 9.472786299999999,52.5198938,0 9.4650771,52.505518,0 9.4792545,52.4961946,0 9.4731822,52.4912562,0 9.4844946,52.4913918,0 9.4779699,52.48555500000001,0 9.4778512,52.47985909999999,0 9.4837179,52.4787689,0 9.47899,52.47192640000001,0 9.4800705,52.469085,0 9.473499,52.470625,0 9.4673988,52.4660829,0 9.4746706,52.4660948,0 9.470806899999999,52.4604322,0 9.4772795,52.4583654,0 9.4693729,52.45827419999999,0 9.4677443,52.45546949999999,0 9.472451100000001,52.4534588,0 9.481662699999999,52.4578364,0 9.477196299999999,52.4542472,0 9.479519700000001,52.451008,0 9.4736859,52.4474138,0 9.480672999999999,52.4451883,0 9.4769434,52.4414805,0 9.487167599999999,52.43942799999999,0 9.485780800000001,52.4364407,0 9.4902652,52.43274459999999,0 9.4913759,52.4267402,0 9.5140756,52.4215308,0 9.5166307,52.41755089999999,0 9.5222257,52.4189481,0 9.542842500000001,52.41435049999999,0 9.554907800000001,52.4179752,0 9.551603800000001,52.41004860000001,0 9.556442499999999,52.4096069,0 9.559416199999999,52.4052118,0 9.601857900000001,52.4019668,0 9.6108393,52.3931318,0 9.625204999999999,52.3952126,0 9.6249865,52.39865769999999,0 9.630408299999999,52.40017129999999,0 9.628959500000001,52.4043899,0 9.645324,52.413667,0 9.650926,52.407588,0 9.651652,52.40320699999999,0 9.648023,52.400253,0 9.651128999999999,52.39587199999999,0 9.653594,52.396915,0 9.652089,52.400217,0 9.664481,52.39870500000001,0 9.66746,52.391396,0 9.671405999999999,52.394447,0 9.677465,52.391981,0 9.674033,52.388478,0 9.68552,52.389724,0 9.681945000000001,52.38530099999999,0 9.694584000000001,52.37856799999999,0 9.7177937,52.3781189,0 9.720602400000001,52.3738953,0 9.728486500000001,52.3747139,0 9.736660000000001,52.36396999999999,0 9.7342075,52.36167059999999,0 9.7384884,52.3537997,0 9.7452299,52.35020249999999,0 9.7414243,52.34280179999999,0 9.7590422,52.3346452,0 9.766617399999999,52.3277093,0 9.764143900000001,52.3239698,0 9.766356099999999,52.3194439,0 9.786799500000001,52.308404,0 9.7876706,52.303996,0 9.792944200000001,52.3056308,0 9.797435500000001,52.302551,0 9.7979441,52.2946572,0 9.8059954,52.28835890000001,0 9.801607000000001,52.282219,0 9.809106,52.2810788,0 9.8018719,52.2781209,0 9.8080775,52.274965,0 9.804315600000001,52.2708198,0 9.811010400000001,52.2660611,0 9.8080921,52.2597151,0 9.816958400000001,52.2568414,0 9.8175507,52.2491438,0 9.828507099999999,52.24483469999999,0 9.8360316,52.2455087,0 9.8327212,52.24140940000001,0 9.825459499999999,52.2418269,0 9.8210842,52.2323718,0 9.823714799999999,52.2287895,0 9.813643799999999,52.22505450000001,0 9.816027500000001,52.22235529999999,0 9.806336099999999,52.217292,0 9.8059356,52.2127548,0 9.7961554,52.2024955,0 9.7836447,52.1958367,0 9.788572800000001,52.19187840000001,0 9.781932299999999,52.19109390000001,0 9.779181400000001,52.18408120000001,0 9.781338999999999,52.1822542,0 9.778525399999999,52.1799114,0 9.784290800000001,52.17451230000001,0 9.764727000000001,52.1694512,0 9.7603811,52.1652954,0 9.760698100000001,52.1591588,0 9.765961000000001,52.156112,0 9.769354699999999,52.1453898,0 9.763442899999999,52.1371889,0 9.754138599999999,52.1329273,0 9.752930299999999,52.1278316,0 9.7589004,52.1244993,0 9.761554,52.120506,0 9.759089700000001,52.1163219,0 9.766007200000001,52.11135759999999,0 9.7611866,52.0990262,0 9.7678674,52.0945012,0 9.7704627,52.08368930000001,0 9.778024800000001,52.0811041,0 9.760479,52.0735302,0 9.7626311,52.067505,0 9.759678299999999,52.0643346,0 9.762157699999999,52.05826159999999,0 9.7602992,52.0555821,0 9.765120700000001,52.05342329999999,0 9.7716373,52.0419845,0 9.776903300000001,52.04023290000001,0 9.7725262,52.0368998,0 9.779419600000001,52.0265047,0 9.776429,52.0231225,0 9.784738600000001,52.02000049999999,0 9.797009600000001,52.0218886,0 9.794812200000001,52.0195339,0 9.805711199999999,52.010877,0 9.8024413,52.0040875,0 9.813323799999999,51.9954588,0 9.813348899999999,51.9887314,0 9.823609599999999,51.98164130000001,0 9.822392900000001,51.979311,0 9.832644800000001,51.9669275,0 9.851686900000001,51.9630611,0 9.854430600000001,51.9578023,0 9.852472300000001,51.9558657,0 9.859621000000001,51.9480275,0 9.878617800000001,51.9440379,0 9.889195000000001,51.93686559999999,0 9.902057599999999,51.92090489999999,0 9.9161398,51.91534399999999,0 9.917843400000001,51.9089511,0 9.944539799999999,51.8837288,0 9.940786599999999,51.8652283,0 9.945690900000001,51.8606602,0 9.9451392,51.8559348,0 9.957924800000001,51.8478487,0 9.9692867,51.84499960000001,0 9.958835799999999,51.8347809,0 9.9458795,51.8343731,0 9.9412184,51.8308828,0 9.9443705,51.82597139999999,0 9.941879399999999,51.8168364,0 9.933990400000001,51.81351509999999,0 9.924966299999999,51.8148718,0 9.925159499999999,51.8119194,0 9.921228899999999,51.8128503,0 9.9148675,51.8055681,0 9.9197068,51.7888454,0 9.942961499999999,51.77092090000001,0 9.950990600000001,51.74773700000001,0 9.9561528,51.7446808,0 9.956745099999999,51.7418867,0 9.946971,51.7342609,0 9.9498231,51.7297147,0 9.950646000000001,51.71144050000001,0 9.967606,51.70408440000001,0 9.9684194,51.6919133,0 9.962891600000001,51.67872160000001,0 9.952564499999999,51.672426,0 9.9550672,51.6680237,0 9.952685600000001,51.660192,0 9.928145600000001,51.6387082,0 9.930721500000001,51.6329238,0 9.926274599999999,51.6225645,0 9.9189452,51.62059790000001,0 9.915668500000001,51.6156258,0 9.915161700000001,51.6013465,0 9.909350399999999,51.5951775,0 9.917953300000001,51.5760786,0 9.909061299999999,51.56502199999999,0 9.9166624,51.553319,0 9.9204004,51.5292232,0 9.9253426,51.5209584,0 9.930869299999999,51.5205624,0 9.9286917,51.5141863,0 9.9202669,51.5077785,0 9.913695000000001,51.4930603,0 9.9208885,51.483077,0 9.9236466,51.4681207,0 9.932784,51.4654061,0 9.931020500000001,51.4573678,0 9.9156379,51.44521579999999,0 9.917214299999999,51.43726579999999,0 9.9106083,51.427937,0 9.913966,51.4277015,0 9.9250785,51.4146743,0 9.9372311,51.3952222,0 9.9485359,51.3908262,0 9.961814800000001,51.3786547,0 9.9817638,51.3755228,0 9.9953653,51.3799838,0 9.998809899999999,51.3745767,0 10.0093576,51.37222299999999,0 10.0224894,51.37705860000001,0 10.031884,51.3718847,0 10.0553502,51.3698164,0 10.068193,51.36432679999999,0 10.0859265,51.3653923,0 10.0920852,51.3707057,0 10.1234162,51.37396849999999,0 10.1300631,51.3796522,0 10.1451971,51.38022119999999,0 10.1533974,51.3866658,0 10.1888163,51.3968204,0 10.2031274,51.3942221,0 10.2086531,51.3973952,0 10.2153114,51.3942705,0 10.2205153,51.3965894,0 10.2280546,51.3907936,0 10.2385398,51.3935715,0 10.2488576,51.39054550000001,0 10.2513913,51.386776,0 10.2824166,51.380004,0 10.3069126,51.3904023,0 10.3253373,51.3893069,0 
			</coordinates>
		</LineString>
	</Placemark>
	<Placemark id="Rivers.40">
		<name>247a40c0-Lippe</name>
		<LineString>
			<coordinates>
				6.5997848,51.6533202,0 6.619375800000001,51.64280170000001,0 6.6385521,51.6457117,0 6.640047,51.6513011,0 6.6433214,51.6515783,0 6.6517089,51.63806780000001,0 6.657793299999999,51.6438975,0 6.6685241,51.63901070000001,0 6.6776858,51.6442053,0 6.6896536,51.64299050000001,0 6.695525400000001,51.6468989,0 6.701284700000001,51.6431654,0 6.7078001,51.6479448,0 6.723751399999999,51.6445649,0 6.749781,51.6468729,0 6.7558842,51.6482263,0 6.7617741,51.6547188,0 6.786660499999999,51.6595354,0 6.7934906,51.6661178,0 6.823039899999999,51.66832709999999,0 6.8282243,51.6726946,0 6.8359199,51.6709353,0 6.8657018,51.6739471,0 6.873822599999999,51.6773153,0 6.8802378,51.6766403,0 6.882993800000001,51.67068860000001,0 6.8891689,51.6684112,0 6.9015626,51.6666979,0 6.902319199999999,51.6709931,0 6.9063115,51.6716832,0 6.9087937,51.66523229999999,0 6.9216549,51.662028,0 6.9320845,51.6629063,0 6.938646800000001,51.66890800000001,0 7.005887099999999,51.66505839999999,0 7.030518200000001,51.6720558,0 7.0482507,51.6870988,0 7.0736508,51.6909626,0 7.0718798,51.69542100000001,0 7.103493,51.7013818,0 7.1202668,51.71038429999999,0 7.1411479,51.715394,0 7.143006899999999,51.719994,0 7.153773,51.7170086,0 7.1601341,51.72527190000001,0 7.1676321,51.7234018,0 7.177378800000001,51.72858269999999,0 7.17511,51.73235,0 7.1879558,51.730415,0 7.1934754,51.7354375,0 7.2080067,51.7271415,0 7.216732,51.72567519999999,0 7.2223753,51.7284727,0 7.247434200000001,51.7174205,0 7.2526438,51.7222409,0 7.2554165,51.72121059999999,0 7.2531972,51.7182283,0 7.2612549,51.7182271,0 7.265669499999999,51.7213278,0 7.2666456,51.7246255,0 7.2621772,51.7261629,0 7.2649652,51.7273172,0 7.2715413,51.7232072,0 7.2932663,51.7190589,0 7.300405399999999,51.7112281,0 7.299553599999999,51.70565749999999,0 7.3105111,51.7115926,0 7.3092452,51.7032018,0 7.3269439,51.7017522,0 7.3319246,51.6964069,0 7.3455909,51.698743,0 7.3469399,51.6955553,0 7.3424602,51.6922358,0 7.345175999999999,51.690174,0 7.3394833,51.6872995,0 7.3474541,51.6873522,0 7.349013900000001,51.68377030000001,0 7.359629699999999,51.6801237,0 7.3775911,51.6789331,0 7.3906509,51.6697814,0 7.413895900000001,51.66230509999999,0 7.443275700000001,51.6599411,0 7.4486614,51.65414830000001,0 7.441911000000001,51.6518634,0 7.4437973,51.64702880000001,0 7.4567577,51.6416494,0 7.454318300000001,51.637965,0 7.4622368,51.6386049,0 7.4601033,51.6346654,0 7.465291299999999,51.62980079999999,0 7.4632855,51.62634430000001,0 7.4750639,51.6241849,0 7.4758757,51.6197779,0 7.4931941,51.62163300000001,0 7.4955631,51.6176788,0 7.509793799999999,51.6202154,0 7.513581499999999,51.6162675,0 7.5352574,51.6106189,0 7.560218799999999,51.6181391,0 7.569400800000001,51.6311298,0 7.5823355,51.63952549999999,0 7.591013,51.638018,0 7.591631,51.6416775,0 7.6054212,51.6387486,0 7.6033742,51.6416846,0 7.612716,51.6486772,0 7.6261126,51.6454475,0 7.6415398,51.648151,0 7.6515204,51.658808,0 7.678981600000001,51.6598808,0 7.6795809,51.66286099999999,0 7.6868278,51.6643955,0 7.6902446,51.6617544,0 7.6930703,51.6657898,0 7.6964892,51.6638918,0 7.6993515,51.6691048,0 7.7076524,51.6711025,0 7.7250434,51.671216,0 7.7750834,51.68172630000001,0 7.8079669,51.6822847,0 7.8494683,51.69784419999999,0 7.872024799999999,51.6965668,0 7.8958246,51.7053345,0 7.9086207,51.70155789999999,0 7.9272965,51.7053606,0 7.927128799999999,51.7027037,0 7.9390204,51.7037682,0 7.9368686,51.7015667,0 7.9456706,51.7001827,0 7.9472172,51.69598239999999,0 7.954671100000001,51.6967677,0 7.9733392,51.69147090000001,0 7.9801218,51.6846107,0 7.987640099999999,51.6825992,0 7.9881078,51.6785228,0 8.0099619,51.6695382,0 8.012646500000001,51.66552780000001,0 8.029433300000001,51.66664910000001,0 8.028161799999999,51.6649332,0 8.0391739,51.6613468,0 8.042149500000001,51.65540300000001,0 8.0602511,51.6542102,0 8.067847199999999,51.6569631,0 8.0706177,51.6548885,0 8.091945000000001,51.6634521,0 8.117679499999999,51.65999,0 8.130847899999999,51.6628835,0 8.1592053,51.65819310000001,0 8.1871881,51.6643817,0 8.2051766,51.65847219999999,0 8.2126226,51.6604602,0 8.219303999999999,51.6580547,0 8.2315091,51.6624632,0 8.250034400000001,51.6598434,0 8.2667675,51.6634983,0 8.2924799,51.6760136,0 8.298730000000001,51.6710228,0 8.3087386,51.67098459999999,0 8.310164199999999,51.67321499999999,0 8.331444899999999,51.6720638,0 8.3357896,51.6774857,0 8.3461947,51.67993620000001,0 8.360193600000001,51.6763648,0 8.3854273,51.6901646,0 8.4033859,51.6886957,0 8.4125614,51.69568159999999,0 8.432133200000001,51.7027241,0 8.4471667,51.7017913,0 8.455666600000001,51.7045001,0 8.463371799999999,51.7013742,0 8.464677,51.6971668,0 8.495536100000001,51.6974646,0 8.5000526,51.702626,0 8.516374300000001,51.7062504,0 8.536327699999999,51.7191109,0 8.558592000000001,51.7221216,0 8.562974799999999,51.7276584,0 8.5694924,51.7273944,0 8.575196200000001,51.7336768,0 8.5873749,51.73925460000001,0 8.609777899999999,51.7440243,0 8.612102399999999,51.7472226,0 8.6393513,51.7497626,0 8.652314799999999,51.7569035,0 8.6844325,51.75094799999999,0 8.688697599999999,51.7546304,0 8.699986600000001,51.7529347,0 8.714132899999999,51.7457522,0 8.735717899999999,51.745241,0 8.7687878,51.7559266,0 8.7725271,51.7689519,0 8.787302199999999,51.77197200000001,0 8.798321,51.76827669999999,0 8.8123048,51.7733048,0 8.816964499999999,51.7803131,0 8.822362699999999,51.7814266,0 
			</coordinates>
		</LineString>
	</Placemark>
	<Placemark id="Rivers.41">
		<name>ed52aa61-Maas</name>
		<LineString>
			<coordinates>
				5.6859288,50.7523249,0 5.681991900000001,50.7597361,0 5.698711,50.7795654,0 5.6936303,50.80004780000001,0 5.699735500000001,50.8418349,0 5.6958747,50.8526064,0 5.698787900000001,50.86617549999999,0 5.682119100000001,50.8756925,0 5.6794936,50.8833985,0 5.6953401,50.89693350000001,0 5.6975443,50.9089425,0 5.705307600000001,50.9116748,0 5.716895900000001,50.90817919999999,0 5.7230673,50.9097469,0 5.726795,50.91459860000001,0 5.7275191,50.92393149999999,0 5.7417676,50.9358373,0 5.7464277,50.9462229,0 5.7583365,50.9507149,0 5.758953699999999,50.95421369999999,0 5.7521618,50.9598823,0 5.744235100000001,50.96099860000001,0 5.7280326,50.9551027,0 5.722031499999999,50.95768399999999,0 5.721230900000001,50.96292450000001,0 5.7361097,50.97748120000001,0 5.7485078,50.9819442,0 5.7664386,50.9976732,0 5.7672586,51.0123483,0 5.776508199999999,51.0224674,0 5.773502500000001,51.0269992,0 5.758976,51.03128480000001,0 5.758403499999999,51.03434059999999,0 5.771774599999999,51.0511199,0 5.7733606,51.0619975,0 5.7926861,51.0585216,0 5.800594000000001,51.06167129999999,0 5.7971306,51.0726603,0 5.8048976,51.0783852,0 5.7960128,51.09114829999999,0 5.808321400000001,51.0961219,0 5.825087999999999,51.09252729999999,0 5.8327846,51.0984965,0 5.833231799999999,51.1034067,0 5.8289521,51.1068173,0 5.8100427,51.1097028,0 5.8101063,51.1177268,0 5.825327999999999,51.1292039,0 5.840787799999999,51.1309479,0 5.8471109,51.1413846,0 5.8634298,51.1499032,0 5.8794751,51.147567,0 5.8892364,51.1622018,0 5.9225408,51.1681266,0 5.9306528,51.1673066,0 5.9427933,51.16047879999999,0 5.9521048,51.1628212,0 5.9528141,51.1687075,0 5.9312632,51.1749243,0 5.928133799999999,51.1837725,0 5.945585900000001,51.1910598,0 5.9627611,51.1862319,0 5.9730037,51.1891664,0 5.983870599999999,51.2068699,0 5.9815161,51.2221656,0 6.0058892,51.23863029999999,0 6.0092942,51.2508769,0 6.0053532,51.25926189999999,0 6.0072405,51.2640144,0 6.026112399999999,51.2666713,0 6.0314349,51.2745086,0 6.0481983,51.2865451,0 6.089254999999999,51.29938569999999,0 6.103776299999999,51.3095673,0 6.1168142,51.32425480000001,0 6.1182846,51.3408113,0 6.150648,51.3583392,0 6.167033,51.3736348,0 6.152587999999999,51.3967092,0 6.1491912,51.409837,0 6.158309000000001,51.42222400000001,0 6.1540224,51.4371963,0 6.1552141,51.4427838,0 6.1766905,51.4620206,0 6.1791164,51.4692835,0 6.1668479,51.4866013,0 6.1694654,51.502173,0 6.161717500000001,51.5121272,0 6.1219359,51.5302313,0 6.1098563,51.5472809,0 6.0783443,51.5473175,0 6.041209,51.56354050000001,0 6.037619600000001,51.57070659999999,0 6.039217499999999,51.58353379999999,0 6.025275,51.5975703,0 6.022023,51.6199252,0 5.9968833,51.6364978,0 5.971576,51.6463295,0 5.9652355,51.65203079999999,0 5.9640607,51.67936,0 5.9529695,51.7111734,0 5.890341100000001,51.72362079999999,0 5.8854952,51.7277943,0 5.8794568,51.7488082,0 5.866602300000001,51.7569702,0 5.8477798,51.75921170000001,0 5.7804866,51.75232429999999,0 5.758901900000001,51.75397030000001,0 5.7435548,51.7604511,0 5.7320447,51.7720523,0 5.706094,51.77629840000001,0 5.689272999999999,51.79011129999999,0 5.6621566,51.7950931,0 5.652954100000001,51.8020909,0 5.640884299999999,51.81810219999999,0 5.6202291,51.819414,0 5.5918823,51.82935310000001,0 5.5730167,51.8277216,0 
			</coordinates>
		</LineString>
	</Placemark>
	<Placemark id="Rivers.42">
		<name>83479e02-Main</name>
		<LineString>
			<coordinates>
				8.288998299999999,49.99448780000001,0 8.319240000000001,50.0021682,0 8.3454549,49.99930410000001,0 8.3703632,50.00235840000001,0 8.3978033,49.99687949999999,0 8.4119706,49.99808620000001,0 8.4282355,50.0094781,0 8.4647614,50.02435090000001,0 8.4759935,50.0404736,0 8.506727700000001,50.0520152,0 8.525676000000001,50.0641972,0 8.527025,50.0691353,0 8.5225677,50.0774702,0 8.524823,50.08303039999999,0 8.5527266,50.0990724,0 8.5832271,50.0889366,0 8.626513299999999,50.0886703,0 8.660368,50.09757470000001,0 8.6844322,50.1085417,0 8.718802,50.10654629999999,0 8.7501734,50.1156634,0 8.7740381,50.1083227,0 8.780856500000001,50.1148306,0 8.768746999999999,50.13080040000001,0 8.7715747,50.13480809999999,0 8.781359399999999,50.1374213,0 8.862775299999999,50.12551089999999,0 8.886961700000001,50.1241596,0 8.9042937,50.1285928,0 8.913191599999999,50.12152069999999,0 8.9204154,50.1094937,0 8.940160000000001,50.1044113,0 8.946237099999999,50.0809471,0 8.976172200000001,50.0790636,0 8.9896148,50.07318510000001,0 8.9909056,50.06717500000001,0 8.9763892,50.0514797,0 8.979418600000001,50.0442728,0 8.989035599999999,50.04152139999999,0 9.012204799999999,50.045573,0 9.030878100000001,50.0395881,0 9.031503799999999,50.0187016,0 9.0399081,50.00978789999999,0 9.059210999999999,49.9992396,0 9.068738700000001,49.97997529999999,0 9.093867899999999,49.9731532,0 9.1242546,49.9777607,0 9.140029500000001,49.9752549,0 9.140844899999999,49.97064550000001,0 9.135180099999999,49.96315440000001,0 9.1084213,49.945336,0 9.1111646,49.940346,0 9.1407776,49.92677999999999,0 9.144303600000001,49.92022469999999,0 9.143746399999999,49.9021934,0 9.164168800000001,49.88560509999999,0 9.1536379,49.8453837,0 9.1378679,49.82129780000001,0 9.135913199999999,49.8090376,0 9.162437799999999,49.7967888,0 9.1733245,49.7895299,0 9.179794100000001,49.7808691,0 9.1819483,49.7730053,0 9.177093899999999,49.7518699,0 9.182918300000001,49.73968369999999,0 9.192942199999999,49.73326159999999,0 9.214665699999999,49.7272671,0 9.241736400000001,49.70340540000001,0 9.249605900000001,49.7003833,0 9.258655900000001,49.7068891,0 9.268057799999999,49.7294683,0 9.277515299999999,49.7398617,0 9.315670900000001,49.7402214,0 9.322799399999999,49.7432124,0 9.323238,49.7488463,0 9.3136163,49.7596147,0 9.3159011,49.7681477,0 9.350490799999999,49.7688816,0 9.3715215,49.77900460000001,0 9.3916588,49.7703525,0 9.423318200000001,49.78947359999999,0 9.434897599999999,49.787359,0 9.4452067,49.7735912,0 9.4577081,49.7695063,0 9.4683636,49.7737756,0 9.4808754,49.7876853,0 9.5029889,49.78843910000001,0 9.512111300000001,49.7827689,0 9.509318499999999,49.77016239999999,0 9.5149373,49.7632308,0 9.5242921,49.7609833,0 9.536058799999999,49.7673606,0 9.544344199999999,49.7669652,0 9.5509974,49.76161639999999,0 9.5553702,49.7463045,0 9.566822699999999,49.74523059999999,0 9.5688757,49.75110899999999,0 9.5574256,49.7665821,0 9.5588424,49.7789904,0 9.5685343,49.78309640000001,0 9.6091126,49.787885,0 9.6172652,49.7924312,0 9.6210062,49.7993725,0 9.617112000000001,49.80460669999999,0 9.585516,49.81402189999999,0 9.579485399999999,49.8203362,0 9.5814678,49.8338925,0 9.5962608,49.8406632,0 9.597152599999999,49.8517591,0 9.606090999999999,49.86609889999999,0 9.6052347,49.87234649999999,0 9.588903200000001,49.8982671,0 9.587805100000001,49.91057680000001,0 9.573980499999999,49.9219312,0 9.5721895,49.9266695,0 9.5779873,49.9380958,0 9.595979399999999,49.94730250000001,0 9.599892000000001,49.9539582,0 9.5936842,49.9750463,0 9.5819118,49.9843959,0 9.581935700000001,49.9950562,0 9.618488299999999,50.0205115,0 9.6523032,50.0304982,0 9.653450400000001,50.0383896,0 9.642970399999999,50.0540976,0 9.646235600000001,50.0584014,0 9.6532711,50.0605333,0 9.6869786,50.0551797,0 9.708325500000001,50.0408905,0 9.726668699999999,50.03330420000001,0 9.7257993,50.0279672,0 9.7112903,50.0176371,0 9.7082392,50.01046210000001,0 9.710442499999999,50.0038773,0 9.7248853,49.99692649999999,0 9.7557861,49.9920965,0 9.763360499999999,49.9807027,0 9.762453499999999,49.9540252,0 9.7721123,49.947736,0 9.798735799999999,49.9419836,0 9.8045095,49.9380461,0 9.801252,49.9096072,0 9.828390000000001,49.8967642,0 9.842934100000001,49.8631179,0 9.866285400000001,49.8464111,0 9.8748208,49.8094941,0 9.8835491,49.7984168,0 9.8901074,49.79648569999999,0 9.9168021,49.8033803,0 9.9249118,49.7969628,0 9.9280025,49.7823788,0 9.935681499999999,49.7731947,0 9.9756818,49.76,0 9.9849946,49.749325,0 9.986423200000001,49.7304445,0 9.996963300000001,49.7210097,0 10.0179771,49.7121331,0 10.0222692,49.6901594,0 10.0504435,49.6704546,0 10.0669807,49.6669315,0 10.0866248,49.66970869999999,0 10.1296152,49.6675856,0 10.1460127,49.67001700000001,0 10.1491116,49.67472180000001,0 10.1464831,49.68056480000001,0 10.1308312,49.6892241,0 10.1327767,49.7037316,0 10.1398434,49.7123363,0 10.162368,49.7240373,0 10.1665248,49.7346875,0 10.1529216,49.76146299999999,0 10.1566274,49.7692438,0 10.1534727,49.78668260000001,0 10.1555527,49.79501430000001,0 10.167693,49.80008019999999,0 10.2019364,49.7919335,0 10.2237061,49.80639979999999,0 10.2143489,49.8184641,0 10.1950752,49.8257268,0 10.1684033,49.8489839,0 10.1692987,49.85341439999999,0 10.1830814,49.8647511,0 10.1930035,49.8628673,0 10.2081495,49.8537891,0 10.2136544,49.8544975,0 10.2211862,49.86263129999999,0 10.2046018,49.8739071,0 10.1729879,49.8683727,0 10.163082,49.8729062,0 10.1670524,49.8826252,0 10.1785866,49.88661820000001,0 10.1892667,49.8999714,0 10.1890466,49.9065925,0 10.1797787,49.9211234,0 10.1788099,49.9297796,0 10.1838564,49.94765360000001,0 10.1747152,49.9645791,0 10.1771953,49.97559400000001,0 10.1730118,49.9892656,0 10.188851,50.0079956,0 10.2138089,50.0230716,0 10.2250927,50.037631,0 10.2655061,50.0548037,0 10.2803494,50.0567037,0 10.2951352,50.0532292,0 10.3297183,50.0218735,0 10.3544515,50.01625610000001,0 10.4172619,50.01387319999999,0 10.4631496,50.0165953,0 10.4821268,50.0299436,0 10.5095428,50.029277,0 10.5174994,50.0241814,0 10.5220229,50.0153401,0 10.5367361,50.00489639999999,0 10.5586384,50.0012504,0 10.597832,50.000939,0 10.619861,49.994441,0 10.6300389,49.9847249,0 10.6434952,49.9892037,0 10.6502371,49.9760448,0 10.6548595,49.97423430000001,0 10.6914707,49.9738896,0 10.7138259,49.9638052,0 10.7226774,49.9526657,0 10.7422294,49.9479555,0 10.7582522,49.9282046,0 10.8060426,49.9228063,0 10.828838,49.9143803,0 10.841613,49.91678510000001,0 10.8448184,49.9218334,0 10.8543126,49.9191158,0 10.8629031,49.92460850000001,0 10.8683202,49.9297087,0 10.8661143,49.937703,0 10.8765461,49.9454746,0 10.8738253,49.9507381,0 10.8619206,49.9558961,0 10.8554146,49.9654595,0 10.8537152,49.9708533,0 10.8581,49.9788426,0 10.8697846,49.9832196,0 10.875237,49.9795382,0 10.8816698,49.98035110000001,0 10.8875618,49.9825628,0 10.8891413,49.9868162,0 10.9045593,49.9914423,0 10.9173639,50.0067161,0 10.9127488,50.0169939,0 10.9302536,50.0214884,0 10.9329091,50.0288406,0 10.9400085,50.0320176,0 10.9332983,50.0364113,0 10.9412733,50.0422104,0 10.9381071,50.0512214,0 10.9335473,50.05167950000001,0 10.9334025,50.0543075,0 10.9372381,50.0567391,0 10.9490777,50.0553069,0 10.9427188,50.0603339,0 10.9480123,50.0660215,0 10.9440875,50.0693294,0 10.9541727,50.0725418,0 10.9428293,50.0812396,0 10.9524055,50.083988,0 10.956022,50.0931254,0 10.9654213,50.09898599999999,0 10.9607499,50.10590659999999,0 10.9647406,50.1133829,0 11.008962,50.12603379999999,0 11.0118339,50.1345187,0 11.0207427,50.14380040000001,0 11.0293229,50.1350701,0 11.0356342,50.1413982,0 11.0424993,50.1382138,0 11.0487805,50.1406052,0 11.0426873,50.14558190000001,0 11.0477224,50.1501153,0 11.0646714,50.1528585,0 11.0742262,50.15851039999999,0 11.0848739,50.159623,0 11.092273,50.1524777,0 11.1040043,50.1544589,0 11.1134873,50.1599205,0 11.1189875,50.1570693,0 11.132121,50.1573358,0 11.1545632,50.164664,0 11.1575062,50.1626467,0 11.1503733,50.1607264,0 11.1505326,50.15755830000001,0 11.1750124,50.1562498,0 11.1810556,50.1524062,0 11.1911462,50.1557514,0 11.209919,50.1441487,0 11.2490808,50.1335939,0 11.2545113,50.1288677,0 11.2617606,50.12934740000001,0 11.2629208,50.1259129,0 11.2955148,50.12418900000001,0 11.293795,50.1211724,0 11.3066816,50.1147647,0 11.3101555,50.1183485,0 11.3172203,50.1114745,0 11.3288966,50.1119522,0 11.3496169,50.1016922,0 11.3679612,50.1019662,0 11.374938,50.09753280000001,0 11.3754418,50.0909765,0 11.3822893,50.087244,0 11.3888669,50.08691900000001,0 11.3895321,50.08975490000001,0 11.392455,50.0859497,0 11.3976871,50.0869375,0 
			</coordinates>
		</LineString>
	</Placemark>
	<Placemark id="Rivers.43">
		<name>4413cb5d-Moehne</name>
		<LineString>
			<coordinates>
				8.5832333,51.4050167,0 8.587583,51.41422910000001,0 8.569181800000001,51.4329532,0 8.5707653,51.4393769,0 8.552519,51.4415674,0 8.5385442,51.4515905,0 8.527025099999999,51.4544219,0 8.5261722,51.4595175,0 8.5174521,51.4687574,0 8.466336800000001,51.4865756,0 8.4256139,51.48015830000001,0 8.3954375,51.4814958,0 8.3722973,51.48666299999999,0 8.350066200000001,51.4844939,0 8.3335972,51.48931110000001,0 8.303163899999999,51.48606110000001,0 8.277820800000001,51.48728550000001,0 8.262414400000001,51.4851045,0 8.252874800000001,51.48038979999999,0 8.242003800000001,51.48595579999999,0 8.2363512,51.48094629999999,0 8.237807200000001,51.47656440000001,0 8.2320612,51.4769363,0 8.227793699999999,51.48177059999999,0 8.2207194,51.481747,0 8.209213800000001,51.4809341,0 8.204368300000001,51.4750494,0 8.18951,51.4765372,0 8.186951799999999,51.47942080000001,0 8.1792953,51.4774344,0 8.1684695,51.4856031,0 8.149442799999999,51.4908985,0 8.071979199999999,51.4849898,0 8.0450423,51.4949839,0 8.0255074,51.4867693,0 8.0098258,51.4946533,0 7.998411600000001,51.4870936,0 7.9919209,51.48712140000001,0 7.9965271,51.4809758,0 7.996257,51.4702295,0 7.9785687,51.4682667,0 7.9740404,51.4605128,0 7.962773,51.4559183,0 7.9544495,51.4571628,0 
			</coordinates>
		</LineString>
	</Placemark>
	<Placemark id="Rivers.44">
		<name>6be3394e-Rhein</name>
		<LineString>
			<coordinates>
				5.826949199999999,51.8657535,0 5.8521019,51.8533065,0 5.871009300000001,51.8514132,0 5.8951488,51.87020749999999,0 5.9288282,51.8737492,0 5.936421699999999,51.87175160000001,0 5.9533254,51.8583382,0 5.968152999999999,51.8537882,0 5.9807323,51.8593017,0 5.996469900000001,51.8775552,0 6.015205100000001,51.8819445,0 6.036242000000001,51.8725234,0 6.0634856,51.8654512,0 6.0895559,51.852597,0 6.1010977,51.8490107,0 6.135771199999999,51.8471694,0 6.1665599,51.8407216,0 6.196963,51.8300484,0 6.255812800000001,51.825809,0 6.3065511,51.80366810000001,0 6.3191677,51.792236,0 6.3308112,51.7647412,0 6.3417474,51.7576809,0 6.364092399999999,51.753054,0 6.4065094,51.75521610000001,0 6.4169355,51.7512395,0 6.4222654,51.7448241,0 6.422343,51.7391334,0 6.4079401,51.7240968,0 6.4093223,51.7168085,0 6.417625699999999,51.7115724,0 6.4494842,51.70709829999999,0 6.4604042,51.7024148,0 6.468855500000001,51.692312,0 6.476393,51.67092760000001,0 6.4832945,51.6651181,0 6.546073800000001,51.658097,0 6.583560500000001,51.659536,0 6.5997848,51.6533202,0 6.603790300000001,51.64811879999999,0 6.6040951,51.63906300000001,0 6.5896755,51.6278221,0 6.5866139,51.6205375,0 6.5977035,51.5971432,0 6.5975494,51.57878030000001,0 6.6004056,51.57163609999999,0 6.616384800000001,51.56638000000001,0 6.6536816,51.57773389999999,0 6.681009999999999,51.5741595,0 6.6857084,51.5703308,0 6.6873508,51.56357320000001,0 6.676793700000001,51.5448947,0 6.676691099999999,51.53659240000001,0 6.689157999999999,51.5276866,0 6.7115173,51.5203987,0 6.7244261,51.5085997,0 6.7189164,51.49766889999999,0 6.6888624,51.4899518,0 6.6818347,51.48550520000001,0 6.680067200000001,51.4798472,0 6.688273499999999,51.4728781,0 6.7124845,51.4698343,0 6.722015900000001,51.4638259,0 6.723142200000001,51.4550774,0 6.711946,51.4429724,0 6.7119341,51.43697089999999,0 6.716058000000001,51.4310416,0 6.7414518,51.4131359,0 6.7455022,51.40434089999999,0 6.7442566,51.3957792,0 6.7210407,51.3778216,0 6.6689804,51.3686298,0 6.6580936,51.36450820000001,0 6.653535699999999,51.3577473,0 6.6607443,51.3485815,0 6.712761899999999,51.3345702,0 6.729044999999999,51.3258554,0 6.734788199999999,51.3189024,0 6.7329442,51.30460769999999,0 6.7041448,51.27844879999999,0 6.7023593,51.2695647,0 6.7163293,51.2594273,0 6.7594173,51.2470848,0 6.766654700000001,51.24016209999999,0 6.7694519,51.2316305,0 6.7672519,51.2241103,0 6.7611826,51.22016039999999,0 6.7361885,51.2286037,0 6.723953,51.2257748,0 6.7222579,51.2214154,0 6.7316132,51.2068097,0 6.731272100000001,51.1885064,0 6.746349499999999,51.1811451,0 6.7796879,51.1858914,0 6.792803200000001,51.18153640000001,0 6.798226399999999,51.1697541,0 6.7927975,51.15033669999999,0 6.801850599999999,51.1433229,0 6.8178421,51.14511439999999,0 6.838613799999999,51.1618443,0 6.854549,51.1601849,0 6.8574831,51.15451130000001,0 6.849399200000001,51.14290279999999,0 6.8494755,51.1331928,0 6.8578099,51.1251001,0 6.8794381,51.11362079999999,0 6.883862,51.10499779999999,0 6.8789473,51.0979932,0 6.855260500000001,51.0876133,0 6.8527374,51.0831295,0 6.854880699999999,51.0775619,0 6.8633698,51.07291409999999,0 6.8983179,51.06470760000001,0 6.9724716,51.0257535,0 6.9741426,51.0183182,0 6.9626011,51.002156,0 6.9638456,50.99329709999999,0 6.971827900000001,50.9871381,0 6.993628799999999,50.9794652,0 6.999164900000001,50.97171,0 6.995413199999999,50.9632883,0 6.9733479,50.95381809999999,0 6.9665196,50.9460021,0 6.9657213,50.9359528,0 6.975003600000001,50.9141403,0 6.9836553,50.9034258,0 6.994632999999999,50.8975212,0 7.0397762,50.89396339999999,0 7.0484757,50.8896592,0 7.0519937,50.8821745,0 7.0471872,50.87627149999999,0 7.0233692,50.8669282,0 7.0071043,50.8539798,0 6.983372100000001,50.844632,0 6.979313400000001,50.8396055,0 6.9806255,50.8321111,0 6.9889082,50.8263374,0 7.0202576,50.8216139,0 7.027854,50.8143662,0 7.0295919,50.7956948,0 7.0358052,50.7854112,0 7.101099,50.7556233,0 7.113233599999999,50.7299952,0 7.1188642,50.72446429999999,0 7.1529802,50.7152219,0 7.1648315,50.70780859999999,0 7.1763417,50.6867915,0 7.211302100000001,50.647957,0 7.2142206,50.60308380000001,0 7.210033600000001,50.5945721,0 7.2125309,50.5897476,0 7.2230006,50.5825263,0 7.2557654,50.5780133,0 7.2674549,50.5731521,0 7.2791452,50.5603522,0 7.2842987,50.5435322,0 7.300305600000001,50.5142236,0 7.3499986,50.4693743,0 7.3785247,50.4507884,0 7.3994245,50.44339340000001,0 7.4278549,50.4447471,0 7.4401183,50.44158449999999,0 7.457493599999999,50.4191077,0 7.4718934,50.4126494,0 7.4996478,50.4121673,0 7.5268156,50.4210445,0 7.5443073,50.4210465,0 7.5642926,50.4145691,0 7.6077091,50.3885433,0 7.6133581,50.37582209999999,0 7.6064979,50.3558367,0 7.593285000000001,50.33281,0 7.5892163,50.317284,0 7.5956592,50.3044661,0 7.6083444,50.2915473,0 7.648485,50.2671827,0 7.6522806,50.255516,0 7.6464684,50.2486032,0 7.635580200000001,50.2458771,0 7.5910791,50.2495579,0 7.5818222,50.2454799,0 7.5786835,50.2390119,0 7.5850684,50.23439499999999,0 7.6098641,50.2306152,0 7.6203069,50.2159795,0 7.6428247,50.203148,0 7.6468474,50.1927886,0 7.644007999999999,50.1825575,0 7.6470441,50.1776835,0 7.6965511,50.1677351,0 7.7100877,50.15524030000001,0 7.7232465,50.1495504,0 7.7265162,50.1385505,0 7.736723,50.13524979999999,0 7.739414599999999,50.12917470000001,0 7.7233654,50.1180591,0 7.722694300000001,50.1136412,0 7.743248599999999,50.1006764,0 7.770830799999999,50.077292,0 7.7750827,50.07017789999999,0 7.773773,50.0582922,0 7.782225699999999,50.0512148,0 7.832883,50.02044720000001,0 7.8555565,50.0103605,0 7.8640897,49.9843046,0 7.8711185,49.9772172,0 7.886758,49.972879,0 7.9383953,49.9719211,0 8.010191499999999,49.99101750000001,0 8.03561,50.00277370000001,0 8.078038100000001,50.0067581,0 8.117906,50.0214944,0 8.1785222,50.03502529999999,0 8.2120955,50.0379627,0 8.236682500000001,50.0344258,0 8.273308200000001,50.009562,0 8.288998299999999,49.99448780000001,0 8.321771200000001,49.9739892,0 8.3399871,49.9552016,0 8.3422611,49.939778,0 8.35535,49.9144996,0 8.342585100000001,49.891436,0 8.3424277,49.8794726,0 8.354968100000001,49.8647742,0 8.374923799999999,49.8619467,0 8.384688799999999,49.8552857,0 8.385653400000001,49.847843,0 8.3782295,49.8347122,0 8.377293699999999,49.8254533,0 8.4069255,49.7961197,0 8.4167884,49.7725794,0 8.425118400000001,49.7669567,0 8.434961700000001,49.7654672,0 8.4682946,49.76945380000001,0 8.4801182,49.7644655,0 8.4791808,49.7582127,0 8.4560607,49.7435043,0 8.438041699999999,49.7218098,0 8.364011400000001,49.6998973,0 8.355998100000001,49.6921876,0 8.3546218,49.6798373,0 8.370041000000001,49.65889490000001,0 8.3829914,49.62431949999999,0 8.406088,49.6081793,0 8.4245719,49.5815595,0 8.4224155,49.57317079999999,0 8.4146091,49.5644656,0 8.413988,49.5544672,0 8.422397,49.5432854,0 8.442134299999999,49.4937992,0 8.459563299999999,49.4780555,0 8.4641772,49.4699138,0 8.459634400000001,49.46441310000001,0 8.444705000000001,49.45950850000001,0 8.441438700000001,49.45472170000001,0 8.4425419,49.4497135,0 8.4570431,49.4430354,0 8.499037599999999,49.4431139,0 8.5088378,49.4350894,0 8.4954432,49.4060075,0 8.501493399999999,49.3873258,0 8.497011499999999,49.3635885,0 8.485276000000001,49.3495588,0 8.4565672,49.3335907,0 8.449669800000001,49.3238829,0 8.4551953,49.31401810000001,0 8.4753135,49.3097492,0 8.4861656,49.3037677,0 8.489255699999999,49.29137050000001,0 8.4838796,49.28686869999999,0 8.460582799999999,49.2808823,0 8.4366687,49.26012010000001,0 8.408675300000001,49.2484653,0 8.388826,49.2343248,0 8.384807500000001,49.22493739999999,0 8.3876036,49.2087403,0 8.3821826,49.1875009,0 8.3671509,49.1667892,0 8.3733314,49.1523887,0 8.3605196,49.10103159999999,0 8.340927900000001,49.0797704,0 8.3231003,49.0679116,0 8.3092807,49.0509691,0 8.302433000000001,49.037069,0 8.297523099999999,49.01195040000001,0 8.2841419,48.9942823,0 8.232849099999999,48.9660845,0 8.203057633610189,48.9597235107525,0 8.1953666,48.95687,0 8.1915654,48.9529103,0 8.1851646,48.9410209,0 8.1437638,48.89989259999999,0 8.1359016,48.8873114,0 8.1261436024111,48.87305327544941,0 8.117668399999999,48.8580972,0 8.1091028,48.8385917,0 8.103855100000001,48.819183,0 8.0889997,48.8035621,0 8.0767243,48.7948665,0 8.0667971,48.79018469999999,0 8.058442100000001,48.78895969999999,0 8.0414735,48.7906854,0 8.030399600000001,48.7872538,0 8.026259700000001,48.7833573,0 8.0225159,48.7678732,0 8.012666100000001,48.7603131,0 8.0004604,48.7588471,0 7.983077700000001,48.76118099999999,0 7.9723745,48.7581731,0 7.9688153,48.7536568,0 7.9670506,48.7460943,0 7.967472100000001,48.728063,0 7.963228,48.72148559999999,0 7.8903447,48.6628567,0 7.862623100000001,48.6510018,0 7.8466531,48.6464733,0 7.8393911,48.64097139999999,0 7.830022600000001,48.61940199999999,0 7.8044453,48.5921658,0 7.800773000000001,48.5852299,0 7.8003913,48.57848070000001,0 7.804537100000001,48.5654681,0 7.8058618,48.5547975,0 7.8035192,48.5387674,0 7.806755,48.52174279999999,0 7.8047299,48.5125879,0 7.7947043,48.5016191,0 7.7737246,48.493473,0 7.7679863,48.4892414,0 7.7667169,48.4641731,0 7.7631799,48.45117979999999,0 7.7371202,48.4066661,0 7.7325994,48.3956771,0 7.7310704,48.3860177,0 7.731638300000001,48.3778046,0 7.7454441,48.3343612,0 7.7442686,48.3267489,0 7.7392667,48.3210495,0 7.7332321,48.3175798,0 7.7062196,48.31027270000001,0 7.693542100000001,48.3016364,0 7.6895404,48.2938416,0 7.688179500000001,48.2772718,0 7.666537400000001,48.2215601,0 7.6610695,48.2165983,0 7.6434242,48.20644890000001,0 7.628903,48.183017,0 7.600363999999999,48.1572207,0 7.5989169,48.15156859999999,0 7.600513900000001,48.1403226,0 7.5979275,48.1344875,0 7.5923532,48.1301464,0 7.5822879,48.1260523,0 7.578076799999999,48.121948,0 7.576915100000001,48.11802010000001,0 7.5795185,48.1070216,0 7.5792882,48.10146899999999,0 7.571009399999999,48.0872325,0 7.5692677,48.0811902,0 7.573934100000001,48.0545182,0 7.568900899999999,48.03457039999999,0 7.5714025,48.0305769,0 7.6100998,47.9988929,0 7.6184552,47.9859685,0 7.621896900000001,47.9724992,0 7.6199311,47.9672273,0 7.6110479,47.95568620000001,0 7.5886895,47.9377613,0 7.5832304,47.93119340000001,0 7.5805908,47.92236669999999,0 7.5830795,47.9034927,0 7.581180899999999,47.8970273,0 7.5755385,47.8911941,0 7.5622544,47.8847735,0 7.556578400000001,47.87803640000001,0 7.555559300000001,47.868006,0 7.5629283,47.8526398,0 7.5627185,47.8420014,0 7.549579799999999,47.82265650000001,0 7.5433792,47.8076608,0 7.531366899999999,47.7866841,0 7.5298172,47.78091969999999,0 7.531498000000001,47.769789,0 7.5482058,47.7399139,0 7.5484116,47.7319414,0 7.5461388,47.72586030000001,0 7.5400639,47.7182098,0 7.515563700000001,47.7037535,0 7.5117461,47.69777510000001,0 7.5193371,47.683753,0 7.51895,47.67076660000001,0 7.5217995,47.6632658,0 7.5363968,47.650233,0 7.5604257,47.63746800000001,0 7.5669366,47.6320801,0 7.573858600000001,47.6168365,0 7.587979700000001,47.60787389999999,0 7.592113299999999,47.60331649999999,0 7.5927841,47.5968834,0 7.5890388,47.58989690000001,0 7.5846578,47.58087,0 7.5864721,47.5633545,0 7.5990872,47.555992,0 7.6088593013977,47.5568320596897,0 7.62592114520907,47.5610591354575,0 7.633955799999999,47.5612235,0 7.6399737,47.5581648,0 7.6489955,47.5482959,0 7.6613088,47.5448323,0 7.667971,47.5357644,0 7.6826824,47.5326294,0 7.6973359,47.5329077,0 7.7187484,47.5417615,0 7.7506395,47.5442756,0 7.758975299999999,47.5485741,0 7.782902,47.5531446,0 7.7956852,47.55738220000001,0 7.8004996,47.5630586,0 7.8100862,47.568308,0 7.815540800000001,47.5826211,0 7.818781899999999,47.5868849,0 7.822544399999999,47.5879878,0 7.833601800000001,47.5866332,0 7.8364185,47.5835623,0 7.8410609,47.5820935,0 7.8505046,47.5829944,0 7.860414199999999,47.5874419,0 7.8683931,47.5886708,0 7.884617899999999,47.5888958,0 7.8919978,47.587423,0 7.903966200000001,47.5798819,0 7.910645299999999,47.5710659,0 7.9113233,47.56625940000001,0 7.9072239,47.560453,0 7.9115463,47.5509851,0 7.919549199999999,47.54705260000001,0 7.932525399999999,47.54694560000001,0 7.9442648,47.543787,0 7.9491613,47.5459669,0 7.9533263,47.5554955,0 7.9602825,47.558058,0 7.9781131,47.5551548,0 8.000378,47.5564287,0 8.0207163,47.5504054,0 8.040779499999999,47.5536671,0 8.047695300000001,47.5559171,0 8.0597028,47.56367699999999,0 8.0672028,47.5645009,0 8.081278899999999,47.55804570000001,0 8.090249699999999,47.55782870000001,0 8.0993054,47.5626312,0 8.1015441,47.5666058,0 8.103068800000001,47.57624570000001,0 8.110141199999999,47.5827505,0 8.1362892,47.5838529,0 8.1381189,47.5856227,0 8.138295400000001,47.5902033,0 8.149500400000001,47.5959154,0 8.1643899,47.59398040000001,0 8.174920500000001,47.6017799,0 8.1852812,47.6054788,0 8.1927612,47.6152626,0 8.1971933,47.6185749,0 8.2063097,47.6211118,0 8.2132229,47.620306,0 8.21991,47.6173908,0 8.2240327,47.6067986,0 8.226832999999999,47.6050352,0 8.2298337,47.6058415,0 8.237921500000001,47.6126419,0 8.2453919,47.612627,0 8.256912399999999,47.6153157,0 8.2604817,47.6146916,0 8.2632786,47.6099099,0 8.2653993,47.60933350000001,0 8.279140200000001,47.611712,0 8.291911900000001,47.609158,0 8.297843500000001,47.60438309999999,0 8.295281900000001,47.5936902,0 8.297587800000001,47.5892604,0 8.3125123,47.5823097,0 8.322229399999999,47.5739075,0 8.3293885,47.5710167,0 8.358241700000001,47.570005,0 8.3827827,47.56565860000001,0 8.3889309,47.5727146,0 8.3966426,47.5771754,0 8.430303800000001,47.5666572,0 8.4383336,47.56725700000001,0 8.4561683,47.57243600000001,0 8.464184400000001,47.57219239999999,0 8.476721599999999,47.57783870000001,0 8.485277999999999,47.5771512,0 8.4947497,47.5810327,0 8.540075999999999,47.57078970000001,0 8.547672,47.5652708,0 8.550822,47.5563918,0 8.5562845,47.5521472,0 8.567353000000001,47.5621781,0 8.572151,47.5745247,0 8.5800216,47.5769334,0 8.577098899999999,47.5852541,0 8.578852899999999,47.59033119999999,0 8.5941505,47.5962725,0 8.595746,47.6055872,0 8.604937899999999,47.6134367,0 8.604760799999999,47.617009,0 8.598101399999999,47.6268997,0 8.595690899999999,47.64303749999999,0 8.6014067,47.64570430000001,0 8.6040054,47.6509184,0 8.6075629,47.65244469999999,0 8.612374300000001,47.6498873,0 8.613988300000001,47.6444199,0 8.610696900000001,47.64186029999999,0 8.6038041,47.64113090000001,0 8.6034095,47.6386973,0 8.6076464,47.6370006,0 8.618940200000001,47.6385047,0 8.624865700000001,47.6426019,0 8.628632,47.64898489999999,0 8.6287457,47.6523146,0 8.619336199999999,47.65942089999999,0 8.61408269419498,47.66222674220331,0 8.609356200000001,47.6652718,0 8.6104048,47.6755106,0 8.6140446,47.6784588,0 8.619346699999999,47.67524099999999,0 8.626080099999999,47.6774694,0 8.624261300000001,47.6912935,0 8.6413902,47.6949407,0 8.6702499,47.6848901,0 8.689665099999999,47.6955597,0 8.7069486,47.68951980000001,0 8.7280231,47.69276439999999,0 8.757512699999999,47.68953410000001,0 8.784495700000001,47.6768033,0 8.7960128,47.6753913,0 8.80671665442922,47.6778011082332,0 8.8306665,47.67474,0 8.8423839,47.6641506,0 8.882891499999999,47.6541723,0 8.895237699999999,47.6481356,0 8.941618500000001,47.6563096,0 8.980025100000001,47.6734702,0 9.023691400000001,47.6868642,0 9.076064199999999,47.67860280000001,0 9.094646600000001,47.6793342,0 9.1180757,47.66867570000001,0 9.139153800000001,47.66417349999999,0 9.1689759,47.66983440000001,0 9.1916955,47.6580715,0 9.2653076,47.66162340000001,0 9.4380433,47.6082261,0 9.5104442,47.55323529999999,0 9.6447661,47.5253697,0 9.6484504,47.5185445,0 9.6695042,47.5037093,0 9.668007299999999,47.4579595,0 9.6443633,47.43585370000001,0 9.6518975,47.4083614,0 9.6454425,47.3883764,0 9.631712500000001,47.3719192,0 9.600088,47.346156,0 9.589039400000001,47.3186311,0 9.583535400000001,47.31261549999999,0 9.5566434,47.298524,0 9.5461741,47.2800325,0 9.5307487,47.27058100000001,0 
			</coordinates>
		</LineString>
	</Placemark>
	<Placemark id="Rivers.45">
		<name>1b9b7b3a-Mulde</name>
		<LineString>
			<coordinates>
				12.2304498,51.8686532,0 12.2421513,51.8757532,0 12.2519313,51.8703956,0 12.2483699,51.8641727,0 12.2593672,51.8564167,0 12.254008,51.8492255,0 12.2637116,51.8422434,0 12.2459004,51.8286037,0 12.2546172,51.8241648,0 12.2509374,51.8180402,0 12.2646933,51.8141085,0 12.262944,51.8072046,0 12.2690772,51.7997586,0 12.2842429,51.7990404,0 12.286789,51.7959642,0 12.2831662,51.7896567,0 12.2959802,51.7883464,0 12.2897062,51.7767031,0 12.2963198,51.7739499,0 12.2973139,51.7688215,0 12.300972,51.7675028,0 12.3002926,51.7608703,0 12.307424,51.7571101,0 12.3048521,51.7512171,0 12.3112559,51.7473391,0 12.3044545,51.7403263,0 12.3095804,51.734827,0 12.2956317,51.73113239999999,0 12.292471,51.7231944,0 12.2941744,51.7136893,0 12.2994425,51.709817,0 12.298714,51.7052551,0 12.30987,51.700238,0 12.2965706,51.69834479999999,0 12.2944302,51.69454219999999,0 12.3133593,51.6947133,0 12.3034288,51.6894465,0 12.3081706,51.6835112,0 12.3249619,51.68021530000001,0 12.3187194,51.6744257,0 12.3215551,51.6708045,0 12.33613,51.6708329,0 12.3332357,51.6671225,0 12.3351775,51.6638677,0 12.3213794,51.6655978,0 12.3163886,51.6604191,0 12.3257647,51.6621781,0 12.3305518,51.65529299999999,0 12.336815,51.6560414,0 12.3395745,51.651846,0 12.3733866,51.6563089,0 12.4013587,51.64682520000001,0 12.4190132,51.62533739999999,0 12.4203985,51.6155003,0 12.433117,51.6119672,0 12.4303401,51.6079812,0 12.4349254,51.60536430000001,0 12.4455017,51.6104497,0 12.4600109,51.6033773,0 12.4774449,51.60521450000001,0 12.4921341,51.603055,0 12.5031899,51.6044682,0 12.5073119,51.6085337,0 12.5158358,51.6056083,0 12.5348187,51.6060221,0 12.5466082,51.5996837,0 12.5610099,51.603478,0 12.5679313,51.59547850000001,0 12.5808308,51.5901643,0 12.574556,51.5851887,0 12.5856503,51.5820296,0 12.5786136,51.5759985,0 12.5813211,51.57302139999999,0 12.5782664,51.5713386,0 12.5796483,51.5674575,0 12.5960036,51.5633019,0 12.5917893,51.55685620000001,0 12.5988808,51.5492325,0 12.6035224,51.5477223,0 12.6149341,51.5544809,0 12.6243077,51.5450985,0 12.6219696,51.5399075,0 12.6267567,51.5349947,0 12.6237035,51.5308986,0 12.6185063,51.5298461,0 12.6106103,51.53484120000001,0 12.6049715,51.53068389999999,0 12.6194143,51.5200969,0 12.6160054,51.5169307,0 12.6224349,51.5077721,0 12.6145726,51.4992618,0 12.6215528,51.5013269,0 12.6264331,51.4979845,0 12.6137393,51.4881098,0 12.6245134,51.4864773,0 12.6318311,51.48971950000001,0 12.6336447,51.4838479,0 12.6413261,51.4849203,0 12.6356814,51.4807039,0 12.637872,51.47764440000001,0 12.6443818,51.4790829,0 12.652757,51.4758145,0 12.6380539,51.4669417,0 12.6544261,51.4507676,0 12.6472122,51.4467433,0 12.6501851,51.44206869999999,0 12.6452042,51.4310772,0 12.6476754,51.4278031,0 12.6600472,51.42616570000001,0 12.6540033,51.4258519,0 12.6510864,51.421013,0 12.6595585,51.4203748,0 12.6599853,51.41447380000001,0 12.6830979,51.4042938,0 12.6842398,51.3870786,0 12.6960178,51.3866746,0 12.6997321,51.3786077,0 12.7107987,51.37503610000001,0 12.7059909,51.365444,0 12.717293,51.36446950000001,0 12.7277098,51.3578038,0 12.729389,51.3495414,0 12.7572003,51.3257371,0 12.7459721,51.3206851,0 12.7488481,51.3113992,0 12.7576821,51.3074122,0 12.7546807,51.3016742,0 12.7584278,51.2901219,0 12.7642332,51.2852548,0 12.7719821,51.2849457,0 12.7693269,51.2761588,0 12.7796787,51.2709967,0 12.7851972,51.26306630000001,0 12.7845172,51.2583307,0 12.7628688,51.24250370000001,0 12.7582685,51.24414460000001,0 12.7612315,51.2495986,0 12.7575022,51.2536008,0 12.7455072,51.252216,0 12.7341433,51.24294990000001,0 12.7255442,51.22678770000001,0 12.7441865,51.22033350000001,0 12.7481367,51.21636999999999,0 12.7463704,51.2089785,0 12.7487935,51.2057573,0 12.7744024,51.199158,0 12.7761454,51.18121120000001,0 12.7803501,51.1768638,0 12.7933186,51.1767831,0 12.8006048,51.16909830000001,0 12.7980016,51.1605594,0 
			</coordinates>
		</LineString>
	</Placemark>
	<Placemark id="Rivers.46">
		<name>57feeaa2-Murg</name>
		<LineString>
			<coordinates>
				8.164240759044811,48.920251038222,0 8.166482,48.9099783,0 8.181658499999999,48.9021746,0 8.190429,48.8932313,0 8.200081600000001,48.874713,0 8.197627799999999,48.85817489999999,0 8.2048703,48.8542747,0 8.211849300000001,48.8573489,0 8.2181154,48.85495049999999,0 8.2200065,48.8463337,0 8.2265733,48.8417188,0 8.2553421,48.8329764,0 8.277184999999999,48.8316878,0 8.2956308,48.8203373,0 8.30532,48.80970189999999,0 8.315558299999999,48.8073148,0 8.3235388,48.79453789999999,0 8.344247299999999,48.7880131,0 8.3421559,48.78317199999999,0 8.3364086,48.78037390000001,0 8.3402072,48.7756785,0 8.3339207,48.7662909,0 8.3405114,48.7591869,0 8.3413094,48.75359509999999,0 8.3484091,48.75004080000001,0 8.346300299999999,48.7466203,0 8.348921199999999,48.7422809,0 8.344533999999999,48.7385588,0 8.355410300000001,48.7304732,0 8.3549623,48.7235865,0 8.362274299999999,48.7234872,0 8.3676257,48.7132231,0 8.360469399999999,48.7088544,0 8.364190000000001,48.70581360000001,0 8.354941699999999,48.7046202,0 8.3502756,48.6979975,0 8.3581842,48.6955958,0 8.3557887,48.6907872,0 8.362041400000001,48.6900932,0 8.3590254,48.6886937,0 8.3613027,48.67744690000001,0 8.354479299999999,48.6715989,0 8.3533686,48.6667332,0 8.361034399999999,48.6689551,0 8.365640900000001,48.665454,0 8.3608612,48.6643344,0 8.364159000000001,48.6563862,0 8.3565617,48.6536263,0 8.3571762,48.6504102,0 8.352517799999999,48.6476393,0 8.349132600000001,48.639418,0 8.3568561,48.63404940000001,0 8.354671400000001,48.6222874,0 8.362240699999999,48.6183736,0 8.3632001,48.6126043,0 8.373237899999999,48.6001707,0 8.3842587,48.5975695,0 8.3810115,48.5950716,0 8.389961100000001,48.5870102,0 8.3916418,48.57905530000001,0 8.398112100000001,48.5734262,0 8.393572600000001,48.563725,0 8.398638500000001,48.5578284,0 8.395899,48.5511944,0 8.3987205,48.5474245,0 8.394172899999999,48.5399187,0 8.401549599999999,48.531237,0 8.37964,48.5127609,0 8.364171600000001,48.5089947,0 8.3579667,48.5094613,0 8.3522432,48.5147129,0 8.322642399999999,48.5187822,0 8.306238,48.5255963,0 8.302435900000001,48.5315709,0 8.2884434,48.5325489,0 
			</coordinates>
		</LineString>
	</Placemark>
	<Placemark id="Rivers.47">
		<name>8eb6fbd1-Naab</name>
		<LineString>
			<coordinates>
				12.1325803,49.6028516,0 12.1297486,49.5972934,0 12.1320076,49.585478,0 12.1374619,49.580994,0 12.1441458,49.58145,0 12.1523332,49.57255080000001,0 12.1419401,49.56482099999999,0 12.1295837,49.5621463,0 12.1252748,49.55672289999999,0 12.1348122,49.5494254,0 12.1484653,49.5483041,0 12.1459978,49.5428332,0 12.1490046,49.53904909999999,0 12.1683178,49.5278118,0 12.1674953,49.5166536,0 12.1718455,49.5144762,0 12.1709269,49.5070651,0 12.178223,49.5012626,0 12.1673337,49.4907862,0 12.1751905,49.4742211,0 12.1855271,49.4683709,0 12.1817045,49.45858399999999,0 12.1874295,49.4460409,0 12.1740039,49.4397783,0 12.1677668,49.4281794,0 12.1683057,49.4218851,0 12.1623577,49.41185589999999,0 12.1618946,49.40418030000001,0 12.155508,49.3959875,0 12.141714,49.3874555,0 12.1470621,49.3840636,0 12.1484649,49.3775408,0 12.1376726,49.3765233,0 12.1435369,49.3697817,0 12.1297873,49.361139,0 12.1274338,49.3542319,0 12.113815,49.3527789,0 12.1244084,49.34887,0 12.1212303,49.3427444,0 12.1167282,49.338698,0 12.1079674,49.3386837,0 12.1083251,49.3346652,0 12.1024131,49.3312446,0 12.0880558,49.3332729,0 12.077189,49.3281454,0 12.0789751,49.3162871,0 12.0707665,49.3104325,0 12.0744472,49.3057237,0 12.0652281,49.3049265,0 12.0702515,49.2993795,0 12.0689281,49.2936027,0 12.0842024,49.2819037,0 12.0839758,49.27664789999999,0 12.0891236,49.2730826,0 12.0865497,49.26819069999999,0 12.0944574,49.2674637,0 12.0923993,49.2638124,0 12.1000823,49.2630594,0 12.0945927,49.2620125,0 12.0954698,49.260093,0 12.1017027,49.2609336,0 12.0953072,49.2454668,0 12.085355,49.2505222,0 12.0855225,49.2377784,0 12.0817608,49.2322644,0 12.0626212,49.22807180000001,0 12.0603654,49.222522,0 12.0449895,49.2213657,0 12.0378006,49.2144154,0 12.0382696,49.20835690000001,0 12.0189155,49.2051819,0 12.0008934,49.1868227,0 11.9878455,49.1847377,0 11.9867429,49.1767729,0 11.9779442,49.1789465,0 11.9723787,49.1719208,0 11.9561231,49.16376469999999,0 11.9512248,49.1406927,0 11.9356325,49.1172255,0 11.9345917,49.10771950000001,0 11.9431946,49.0971141,0 11.9430268,49.08448630000001,0 11.9577975,49.07542409999999,0 11.9577561,49.0588753,0 11.9672176,49.0447564,0 11.9743487,49.04141540000001,0 11.9852548,49.0455282,0 11.9939134,49.0417953,0 11.995437,49.0377943,0 11.9872327,49.0313064,0 11.9915053,49.02423499999999,0 12.0190257,49.0158844,0 12.0327257,49.0164636,0 
			</coordinates>
		</LineString>
	</Placemark>
	<Placemark id="Rivers.48">
		<name>d800d0c4-Nahe</name>
		<LineString>
			<coordinates>
				7.0255739,49.5404375,0 7.0564843,49.53311190000001,0 7.0741818,49.5371009,0 7.082709599999999,49.5552885,0 7.0949349,49.5667474,0 7.1122094,49.5750675,0 7.1164159,49.582609,0 7.1426793,49.5846604,0 7.142979699999999,49.5910454,0 7.1385118,49.5948814,0 7.14372,49.59660199999999,0 7.1461876,49.6026447,0 7.1761117,49.602645,0 7.1960947,49.6136554,0 7.2075409,49.614815,0 7.219415,49.614523,0 7.229937,49.60960560000001,0 7.2289728,49.613609,0 7.233509399999999,49.61959310000001,0 7.226340399999999,49.6253759,0 7.2369433,49.62983140000001,0 7.2285635,49.6344562,0 7.246336300000001,49.6388281,0 7.248114599999999,49.6419589,0 7.2418088,49.646851,0 7.2484258,49.65102029999999,0 7.265215099999999,49.65008670000001,0 7.2589333,49.6566717,0 7.2702906,49.6592113,0 7.2733199,49.6701464,0 7.2821723,49.6664275,0 7.2861477,49.6694435,0 7.284536400000001,49.67721909999999,0 7.2912209,49.6828949,0 7.2844097,49.6952804,0 7.3026479,49.6886653,0 7.3063471,49.6967527,0 7.299964299999999,49.69855170000001,0 7.3084153,49.7056245,0 7.3089597,49.7011621,0 7.3142959,49.6996852,0 7.314304500000001,49.6970068,0 7.3285232,49.7045767,0 7.3380735,49.7024231,0 7.3452548,49.70526709999999,0 7.348243,49.6983936,0 7.3531291,49.69848589999999,0 7.354429,49.70094869999999,0 7.350601400000001,49.7051454,0 7.354849,49.7114279,0 7.373958999999999,49.7206594,0 7.3820532,49.7203651,0 7.382349200000001,49.72415,0 7.3981293,49.7373192,0 7.414500500000001,49.7473776,0 7.4241983,49.74737570000001,0 7.4333723,49.7586018,0 7.4440141,49.7656936,0 7.4451111,49.7709478,0 7.4531636,49.77463419999999,0 7.4564088,49.783125,0 7.4699855,49.7871666,0 7.487219899999999,49.787508,0 7.4943678,49.79566439999999,0 7.5137156,49.7960362,0 7.517897400000001,49.80338189999999,0 7.5326404,49.8050845,0 7.5447212,49.7993926,0 7.5660068,49.79950709999999,0 7.5727529,49.7940584,0 7.5875423,49.79188969999999,0 7.591338699999999,49.7879217,0 7.5977571,49.7897031,0 7.626389099999999,49.7850351,0 7.639234100000001,49.7775927,0 7.6599807,49.7781399,0 7.668713400000001,49.7815903,0 7.6807008,49.7773522,0 7.7003352,49.7790743,0 7.7082757,49.7831105,0 7.714765,49.77602270000001,0 7.7222174,49.7826858,0 7.7222303,49.7969573,0 7.73748,49.80391620000001,0 7.7675215,49.789888,0 7.7852522,49.7993904,0 7.7864939,49.8088682,0 7.7908441,49.8115211,0 7.8136426,49.80565,0 7.8285477,49.81672939999999,0 7.8474921,49.80730260000001,0 7.84956,49.8166956,0 7.8568524,49.8227158,0 7.8478376,49.8284839,0 7.8525822,49.8423926,0 7.8734968,49.85208649999999,0 7.879219699999999,49.8615617,0 7.891954999999999,49.8651194,0 7.8954181,49.8715587,0 7.9076033,49.8796658,0 7.9203775,49.8830095,0 7.9139671,49.9024838,0 7.907963,49.90603370000001,0 7.910901,49.9116394,0 7.9018239,49.9146456,0 7.897381,49.91994420000001,0 7.897452700000001,49.9298565,0 7.902753099999999,49.9408305,0 7.8982944,49.94414729999999,0 7.8987689,49.9528463,0 7.889731800000001,49.9684898,0 7.883406399999999,49.9731985,0 
			</coordinates>
		</LineString>
	</Placemark>
	<Placemark id="Rivers.49">
		<name>d6ca0667-Neckar</name>
		<LineString>
			<coordinates>
				8.535969400000001,48.0589789,0 8.5302731,48.0552046,0 8.5411562,48.0621852,0 8.553722799999999,48.0644075,0 8.5662935,48.0610541,0 8.577886599999999,48.0674465,0 8.579706399999999,48.0745203,0 8.5872402,48.0798834,0 8.587073200000001,48.0843061,0 8.582947300000001,48.0900263,0 8.5752235,48.0892788,0 8.574421600000001,48.094147,0 8.5683492,48.0944196,0 8.5675337,48.09984360000001,0 8.610684900000001,48.1128051,0 8.616376499999999,48.1205707,0 8.6326445,48.1288731,0 8.633813200000001,48.13552210000001,0 8.626400800000001,48.1372594,0 8.646222699999999,48.1636129,0 8.643940300000001,48.1663685,0 8.6317767,48.16695390000001,0 8.6373958,48.1697059,0 8.636829799999999,48.1728287,0 8.6294147,48.1693428,0 8.629315399999999,48.174328,0 8.6240848,48.17763539999999,0 8.6125881,48.17874960000001,0 8.6306914,48.18385060000001,0 8.621015699999999,48.1884539,0 8.619788399999999,48.19730029999999,0 8.625117899999999,48.1984499,0 8.623969900000001,48.2006789,0 8.6149495,48.1972196,0 8.611725099999999,48.2064148,0 8.6073848,48.2043605,0 8.611079399999999,48.21060219999999,0 8.610270099999999,48.2192302,0 8.6015075,48.2196306,0 8.598971000000001,48.2226297,0 8.610698899999999,48.2278402,0 8.6100157,48.2332299,0 8.6009425,48.2403335,0 8.602868000000001,48.2452353,0 8.599668599999999,48.2475008,0 8.6076329,48.25953809999999,0 8.6017533,48.2631321,0 8.603196499999999,48.2718872,0 8.5978659,48.2744134,0 8.599087600000001,48.27937359999999,0 8.5781776,48.2896969,0 8.576947000000001,48.30354270000001,0 8.5713516,48.3081606,0 8.5722658,48.3174089,0 8.585803500000001,48.3197789,0 8.591919900000001,48.3257978,0 8.587562500000001,48.33230950000001,0 8.5948554,48.34532599999999,0 8.591225,48.3489067,0 8.592686,48.351838,0 8.635579099999999,48.3630197,0 8.6592039,48.37390019999999,0 8.6686601,48.3732211,0 8.6723058,48.3802762,0 8.681582300000001,48.38343939999999,0 8.6738204,48.3911982,0 8.6664596,48.3925073,0 8.6645626,48.3973484,0 8.653898699999999,48.3946014,0 8.643295699999999,48.3984235,0 8.635678499999999,48.4136713,0 8.6384898,48.4229583,0 8.659901700000001,48.4266186,0 8.6727478,48.4364074,0 8.700574700000001,48.4471681,0 8.7116316,48.4449336,0 8.7240172,48.4510476,0 8.7367232,48.4486521,0 8.745471999999999,48.4546098,0 8.7557212,48.4540126,0 8.7757798,48.44573640000001,0 8.785411099999999,48.4480997,0 8.796132699999999,48.4436825,0 8.817722099999999,48.4459892,0 8.8220124,48.4435709,0 8.8327837,48.4488506,0 8.835982599999999,48.44682639999999,0 8.836403600000001,48.44120689999999,0 8.840578199999999,48.4404237,0 8.858472799999999,48.45189120000001,0 8.8733001,48.4540118,0 8.8771813,48.46156390000001,0 8.888997399999999,48.4571911,0 8.899711699999999,48.4578345,0 8.9021287,48.4642001,0 8.9080037,48.46838099999999,0 8.9183156,48.4654085,0 8.934018,48.474739,0 8.951893200000001,48.4720742,0 8.956758300000001,48.47694730000001,0 8.970632699999999,48.4805412,0 8.9784238,48.486265,0 8.988606499999999,48.4873271,0 9.029171399999999,48.50384050000001,0 9.0471219,48.51704910000001,0 9.072508900000001,48.5178099,0 9.112755099999999,48.5383228,0 9.140121199999999,48.5335276,0 9.1906064,48.5543577,0 9.2072158,48.55147550000001,0 9.2199315,48.553426,0 9.2206347,48.55710270000001,0 9.2144493,48.5617912,0 9.225024899999999,48.5644423,0 9.2354035,48.5773134,0 9.2313923,48.5907983,0 9.252314500000001,48.5987417,0 9.2679179,48.6127901,0 9.310421099999999,48.6166848,0 9.3327987,48.626054,0 9.331385300000001,48.63389930000001,0 9.3359652,48.6396084,0 9.347981499999999,48.6400848,0 9.354950000000001,48.64992240000001,0 9.363595800000001,48.654029,0 9.363419499999999,48.6639805,0 9.3728146,48.6796896,0 9.382484099999999,48.6867309,0 9.3963032,48.6876417,0 9.4113171,48.6933628,0 9.420257599999999,48.7053935,0 9.395807899999999,48.71714230000001,0 9.3573789,48.7169645,0 9.3175712,48.7291653,0 9.3029014,48.737099,0 9.27524,48.74217959999999,0 9.2675505,48.74783540000001,0 9.2496238,48.7749609,0 9.220594999999999,48.79091280000001,0 9.209260199999999,48.80168019999999,0 9.228265800000001,48.81893669999999,0 9.222040399999999,48.8250056,0 9.208967700000001,48.8272031,0 9.208900099999999,48.834174,0 9.243232799999999,48.8456338,0 9.255865399999999,48.8630065,0 9.2754326,48.8746498,0 9.277600100000001,48.8797174,0 9.2667117,48.8928114,0 9.2574819,48.8974699,0 9.2590842,48.9070527,0 9.255676599999999,48.9113837,0 9.2279874,48.90614789999999,0 9.212958,48.9137418,0 9.212168200000001,48.9202224,0 9.215347700000001,48.9250059,0 9.2442984,48.9309913,0 9.2525625,48.9428356,0 9.2496863,48.9473402,0 9.2316068,48.9510671,0 9.206530799999999,48.9432851,0 9.1927577,48.9462103,0 9.1923868,48.95450950000001,0 9.197933900000001,48.96250380000001,0 9.1978402,48.9690957,0 9.215806600000001,48.97937590000001,0 9.2030844,48.9901949,0 9.2002837,49.0015861,0 9.1938803,49.000693,0 9.190503400000001,48.9889177,0 9.1772203,48.9853543,0 9.1712566,48.98817869999999,0 9.1761853,48.9989532,0 9.173147999999999,49.00303,0 9.1631485,49.0067292,0 9.152189999999999,49.00138200000001,0 9.147564600000001,49.0043788,0 9.157951199999999,49.0100197,0 9.160697300000001,49.0154823,0 9.1515003,49.0266724,0 9.1507196,49.0487248,0 9.157007399999999,49.04978640000001,0 9.160046899999999,49.0437558,0 9.167316599999999,49.0413267,0 9.1787709,49.0592657,0 9.1551977,49.0772894,0 9.1728658,49.07944429999999,0 9.177690800000001,49.0830047,0 9.177761500000001,49.0874797,0 9.156575699999999,49.0953169,0 9.153093399999999,49.10534369999999,0 9.1615474,49.1157879,0 9.191618200000001,49.12124639999999,0 9.1973746,49.12624530000001,0 9.206084799999999,49.16381290000001,0 9.203583200000001,49.17925919999999,0 9.2170665,49.1847922,0 9.2167472,49.20780670000001,0 9.1903051,49.2324155,0 9.1677701,49.2307083,0 9.160221099999999,49.2341728,0 9.157231700000001,49.2414193,0 9.159082,49.2563914,0 9.1494385,49.2708778,0 9.1545658,49.2849006,0 9.135919899999999,49.2864461,0 9.130248699999999,49.2921045,0 9.1339621,49.2963789,0 9.147843399999999,49.2931153,0 9.1533415,49.2983694,0 9.1525499,49.3041501,0 9.1400975,49.3132567,0 9.1169853,49.3201116,0 9.098699,49.33032130000001,0 9.0970374,49.3352706,0 9.102444999999999,49.3601548,0 9.083804000000001,49.3685346,0 9.0568613,49.363834,0 9.048992500000001,49.3663961,0 9.051329600000001,49.3709815,0 9.066217399999999,49.37605849999999,0 9.0806629,49.3855344,0 9.081369,49.39024310000001,0 9.0690948,49.3946947,0 9.0608109,49.404019,0 9.0423565,49.4058416,0 9.039994500000001,49.4178205,0 9.0364466,49.4199367,0 9.014057599999999,49.4150564,0 9.0026264,49.4166432,0 9.0008819,49.4225605,0 9.005490200000001,49.4369846,0 9.0046985,49.4447355,0 8.9887522,49.4580208,0 8.974564000000001,49.46442249999999,0 8.941608199999999,49.4503193,0 8.9265665,49.4486675,0 8.9242837,49.4414686,0 8.913525,49.4378981,0 8.9047073,49.44130440000001,0 8.912496300000001,49.450196,0 8.910994799999999,49.45329359999999,0 8.905905300000001,49.4533069,0 8.899811700000001,49.44578210000001,0 8.891959999999999,49.4218128,0 8.8735035,49.41278250000001,0 8.8633933,49.402162,0 8.851499199999999,49.3954156,0 8.8310792,49.4079563,0 8.8271178,49.4066546,0 8.8243709,49.39831920000001,0 8.8186084,49.3928373,0 8.808773,49.3922788,0 8.7938761,49.3970355,0 8.7775242,49.3938028,0 8.775426,49.3960029,0 8.778810500000001,49.4057322,0 8.772672699999999,49.4142392,0 8.731616000000001,49.4193887,0 8.715698700000001,49.4143724,0 8.6676628,49.410787,0 8.657065599999999,49.4143017,0 8.651380400000001,49.4306624,0 8.6436885,49.439017,0 8.6145,49.4483822,0 8.600498699999999,49.4715708,0 8.5777263,49.47767640000001,0 8.573158899999999,49.47386269999999,0 8.5737752,49.46539850000001,0 8.569307,49.46371649999999,0 8.557521400000001,49.4760654,0 8.529781099999999,49.47698290000001,0 8.4705651,49.4945033,0 8.4469802,49.5049143,0 8.4349612,49.51371870000001,0 
			</coordinates>
		</LineString>
	</Placemark>
	<Placemark id="Rivers.50">
		<name>77e92219-Niederrhein</name>
		<LineString>
			<coordinates>
				5.7893634,51.9606669,0 5.8034359,51.9627185,0 5.830669500000001,51.97340740000001,0 5.8624828,51.969986,0 5.8800321,51.98139689999999,0 5.894848099999999,51.982239,0 5.9306143,51.9677429,0 5.9385751,51.9572616,0 5.9591,51.9455,0 5.966318000000001,51.930035,0 5.9916,51.91,0 6.019000000000001,51.8988,0 6.03,51.8808,0 6.036210744326839,51.87247374925261,0 
			</coordinates>
		</LineString>
	</Placemark>
	<Placemark id="Rivers.51">
		<name>a2e005d8-Niers</name>
		<LineString>
			<coordinates>
				6.392467299999999,51.0808717,0 6.4050111,51.0858122,0 6.4099886,51.0929153,0 6.4094143,51.098473,0 6.4158424,51.1041644,0 6.4167514,51.10986820000001,0 6.4099298,51.11439429999999,0 6.409980600000001,51.12170940000001,0 6.4142514,51.12777739999999,0 6.4209195,51.1316488,0 6.4391898,51.13074139999999,0 6.4499177,51.1343106,0 6.453568300000001,51.1409371,0 6.4518193,51.14961469999999,0 6.458605799999999,51.1591754,0 6.46665,51.16222590000001,0 6.464357999999999,51.1623883,0 6.465875800000001,51.1649587,0 6.4611289,51.1640402,0 6.4780163,51.17433599999999,0 6.491627,51.1901382,0 6.4932197,51.1978263,0 6.487849,51.21002789999999,0 6.490734700000001,51.22837210000001,0 6.3897485,51.2847375,0 6.3817012,51.2927188,0 6.3691422,51.3321335,0 6.351512800000001,51.3533329,0 6.356054,51.3587479,0 6.3506617,51.3703576,0 6.3573677,51.3751023,0 6.3577878,51.3788173,0 6.3475323,51.38819939999999,0 6.3447332,51.3987605,0 6.3387854,51.4024662,0 6.337262800000001,51.4081431,0 6.3235686,51.4144422,0 6.320863200000001,51.4191654,0 6.323715300000001,51.4216046,0 6.309263899999999,51.4319789,0 6.305024,51.4525138,0 6.3005073,51.4573103,0 6.2950238,51.4735761,0 6.3030521,51.4891033,0 6.303806100000001,51.4969866,0 6.314837,51.5143033,0 6.3134452,51.51841699999999,0 6.3176013,51.521781,0 6.3180057,51.5317463,0 6.309593,51.54237049999999,0 6.3147862,51.5460848,0 6.3132642,51.5571984,0 6.2965414,51.5665369,0 6.2941558,51.5742902,0 6.2833388,51.57359719999999,0 6.2777737,51.5767261,0 6.2781532,51.58048130000001,0 6.2864104,51.5838817,0 6.2845306,51.5875153,0 6.258007899999999,51.5867013,0 6.252291,51.5890216,0 6.2432769,51.6022277,0 6.247697199999999,51.61025220000001,0 6.246174100000001,51.613332,0 6.2278426,51.61216570000001,0 6.2123863,51.6265439,0 6.2008213,51.6285899,0 6.1995549,51.6352044,0 6.2110277,51.6430685,0 6.2072064,51.6453354,0 6.1991227,51.6416764,0 6.193948499999999,51.64364210000001,0 6.1980619,51.6589831,0 6.195270100000001,51.6649558,0 6.201489999999999,51.6700666,0 6.1922137,51.6837499,0 6.186325400000001,51.6843467,0 6.1728173,51.6770192,0 6.1620037,51.6758905,0 6.153223000000001,51.6803424,0 6.1474813,51.6949835,0 6.1349543,51.7056094,0 6.1051835,51.7083822,0 6.0927134,51.71266020000001,0 6.0756467,51.7115979,0 6.0516171,51.7042908,0 6.0288435,51.7120435,0 6.0260539,51.7086881,0 6.0277656,51.7005492,0 6.0311117,51.6964282,0 6.0317407,51.6921681,0 6.028247800000001,51.6896244,0 6.0137633,51.6934622,0 6.0106426,51.70206619999999,0 6.004709900000001,51.7056032,0 5.9804237,51.6994859,0 5.967643599999999,51.7042939,0 5.9584795,51.7146619,0 5.946708,51.7136204,0 
			</coordinates>
		</LineString>
	</Placemark>
	<Placemark id="Rivers.52">
		<name>68dba4e4-Oder</name>
		<LineString>
			<coordinates>
				15.830907,51.73330600000001,0 15.8239772,51.7359723,0 15.8238221,51.7458952,0 15.8093327,51.7535537,0 15.8034292,51.76467319999999,0 15.7924385,51.7661018,0 15.7858227,51.7599198,0 15.7797491,51.75872680000001,0 15.7581662,51.7650173,0 15.748839,51.7855156,0 15.7498151,51.7936498,0 15.7271519,51.8029351,0 15.7461276,51.8196794,0 15.7655413,51.8458174,0 15.7791033,51.8506623,0 15.7746516,51.8605675,0 15.7866903,51.87488380000001,0 15.788316,51.885275,0 15.7683364,51.89031120000001,0 15.7629141,51.8965075,0 15.7747407,51.908552,0 15.7843043,51.9261837,0 15.7948596,51.9327718,0 15.7955838,51.9363786,0 15.7660388,51.95384120000001,0 15.7698829,51.96725260000001,0 15.7675813,51.97688829999999,0 15.7639842,51.9798216,0 15.7406377,51.9784763,0 15.7250877,51.9718751,0 15.6929281,51.9702697,0 15.6861011,51.97305370000001,0 15.6907329,51.9802962,0 15.6876826,51.9872152,0 15.652461,51.99205679999999,0 15.6334779,52.0170561,0 15.6404949,52.0280719,0 15.636355,52.0326893,0 15.6135673,52.030077,0 15.5937618,52.0346727,0 15.5399488,52.0339391,0 15.5140046,52.0409955,0 15.498554,52.0407436,0 15.4923966,52.0445889,0 15.4649572,52.0417231,0 15.4484513,52.0492951,0 15.4313611,52.04878389999999,0 15.4284429,52.0573343,0 15.4184299,52.0616072,0 15.3546285,52.0477717,0 15.3287059,52.0492585,0 15.3154333,52.0531676,0 15.3022918,52.06473629999999,0 15.2840041,52.0566114,0 15.2772092,52.0587064,0 15.2718986,52.066751,0 15.2603064,52.0669749,0 15.2488584,52.0742322,0 15.2340913,52.0732754,0 15.2192767,52.0780367,0 15.2124247,52.0765422,0 15.2035899,52.0661452,0 15.1852645,52.06412550000001,0 15.1849588,52.05618230000001,0 15.181806,52.053851,0 15.1332321,52.0468006,0 15.0715938,52.0517666,0 15.0442918,52.0664384,0 15.0221847,52.0691942,0 15.0067137,52.0658176,0 14.9792251,52.0512652,0 14.9628112,52.05536889999999,0 14.9424691,52.0462678,0 14.9118282,52.0455984,0 14.8812511,52.055159,0 14.8447485,52.07660839999999,0 14.8175697,52.0764236,0 14.7894883,52.0706271,0 14.7813122,52.079847,0 14.7745694,52.0812946,0 14.7681012,52.0787323,0 14.7647724,52.07125319999999,0 14.7561153,52.0701043,0 14.734304,52.089143,0 14.697758,52.099707,0 14.682429,52.114327,0 14.684104,52.124691,0 14.6795512,52.1423872,0 14.681846,52.147367,0 14.702373,52.164099,0 14.705301,52.172445,0 14.701388,52.180065,0 14.6880224,52.1893776,0 14.685698,52.194764,0 14.7077021,52.2110966,0 14.715467,52.235447,0 14.692623,52.255559,0 14.642263,52.263487,0 14.617798,52.271102,0 14.597139,52.272788,0 14.587161,52.283502,0 14.576625,52.28822,0 14.574578,52.29509400000001,0 14.583585,52.302332,0 14.584429,52.306605,0 14.57576,52.32157100000001,0 14.561636,52.328508,0 14.562538,52.33920200000001,0 14.5525239,52.351995,0 14.55198,52.374546,0 14.5343665,52.3954219,0 14.5462786,52.4132688,0 14.544176,52.424141,0 14.549368,52.433244,0 14.560336,52.439167,0 14.5794754,52.44182960000001,0 14.607971,52.463557,0 14.613112,52.476326,0 14.6293886,52.4859719,0 14.633944,52.49187299999999,0 14.63186,52.501801,0 14.612402,52.511696,0 14.604402,52.531266,0 14.616458,52.554729,0 14.637229,52.566576,0 14.638274,52.574107,0 14.614888,52.585815,0 14.6085502,52.5991962,0 14.596845,52.60990700000001,0 14.5722205,52.6212226,0 14.5127385,52.64056410000001,0 14.4624655,52.6629627,0 14.455463,52.675327,0 14.4328156,52.6818612,0 14.4238,52.695426,0 14.3872363,52.7220864,0 14.37481,52.73553799999999,0 14.3606303,52.7411799,0 14.351278,52.7512857,0 14.2757264,52.7761478,0 14.216099,52.81699100000001,0 14.141894,52.824566,0 14.12955,52.8287383,0 14.125179,52.834,0 14.124512,52.845409,0 14.155979,52.873307,0 14.160793,52.886072,0 14.153025,52.900469,0 14.142883,52.933341,0 14.14326,52.944431,0 14.139496,52.951087,0 14.143216,52.960477,0 14.161616,52.96555300000001,0 14.1731687,52.97532110000001,0 14.256002,53.002124,0 14.3484931,53.055397,0 14.364428,53.07817,0 14.36989,53.091325,0 14.370102,53.10258300000001,0 14.377801,53.111501,0 14.383713,53.135064,0 14.4126115,53.1891,0 14.4394082,53.2187968,0 14.4686165,53.2369426,0 14.4802723,53.2477626,0 14.4824943,53.2679928,0 14.5043778,53.30149220000001,0 14.5078915,53.3119899,0 14.5596131,53.35912900000001,0 14.5766776,53.3618538,0 14.5896809,53.3683225,0 14.6111643,53.3862021,0 14.6140568,53.4040436,0 14.6235926,53.4116722,0 14.6248801,53.42113069999999,0 14.6633189,53.4667222,0 14.6626037,53.516093,0 14.6561174,53.5226352,0 14.6336091,53.52397209999999,0 
			</coordinates>
		</LineString>
	</Placemark>
	<Placemark id="Rivers.53">
		<name>d7263dc9-Regen</name>
		<LineString>
			<coordinates>
				12.12539,49.0214439,0 12.1108886,49.0223939,0 12.1027197,49.02731030000001,0 12.0984688,49.03703729999999,0 12.1001072,49.0447917,0 12.094039,49.04905360000001,0 12.0934276,49.06537389999999,0 12.1052791,49.0775376,0 12.1055281,49.0821353,0 12.118158,49.0862329,0 12.1112234,49.08994009999999,0 12.1123151,49.09339609999999,0 12.1065731,49.0996734,0 12.1127237,49.1017462,0 12.1128186,49.1100897,0 12.1222643,49.11456869999999,0 12.1182592,49.1255633,0 12.1390951,49.13130410000001,0 12.1470497,49.13746640000001,0 12.1462985,49.14381529999999,0 12.1546141,49.146669,0 12.1435643,49.15573620000001,0 12.1519694,49.1617487,0 12.1523816,49.16709050000001,0 12.1575974,49.1681814,0 12.1656288,49.1815118,0 12.1591636,49.1870052,0 12.1677102,49.1938108,0 12.1616381,49.2022236,0 12.1617161,49.2081772,0 12.164867,49.2142313,0 12.1768247,49.2233768,0 12.186606,49.2211813,0 12.1886907,49.2108923,0 12.2048973,49.2150384,0 12.2179621,49.2119124,0 12.2196143,49.20652190000001,0 12.223628,49.2047586,0 12.2465669,49.20094069999999,0 12.2574164,49.20242379999999,0 12.2599816,49.2069489,0 12.2639623,49.2068425,0 12.2697308,49.20404540000001,0 12.2659121,49.2016083,0 12.2682336,49.19913880000001,0 12.2962942,49.1949455,0 12.3048777,49.1983619,0 12.317152,49.1952434,0 12.321552,49.1862323,0 12.3308559,49.1890596,0 12.3414627,49.1852974,0 12.3873894,49.1837418,0 12.4080208,49.17874319999999,0 12.4267788,49.1847582,0 12.4345268,49.1771575,0 12.4454696,49.18216830000001,0 12.4555219,49.1778091,0 12.4701373,49.1799934,0 12.4785115,49.1763638,0 12.4875509,49.18226369999999,0 12.5005362,49.1822567,0 12.4946768,49.1858908,0 12.4959087,49.1934971,0 12.5153521,49.1969183,0 12.5105842,49.2015776,0 12.5156091,49.2011432,0 12.5262,49.2070877,0 12.5288585,49.212737,0 12.5241358,49.22047719999999,0 12.5318921,49.2218416,0 12.5272686,49.2235262,0 12.5320319,49.22787169999999,0 12.5398651,49.22494750000001,0 12.5485401,49.2280263,0 12.5547951,49.2205824,0 12.5916031,49.214136,0 12.6093408,49.2186675,0 12.6029502,49.22081560000001,0 12.6033958,49.2249094,0 12.6137055,49.2223707,0 12.6177661,49.2287746,0 12.6226339,49.223684,0 12.623504,49.22687019999999,0 12.639889,49.2307349,0 12.6414779,49.2293273,0 12.6369839,49.2249873,0 12.6423679,49.2209456,0 12.6501972,49.2234189,0 12.6653001,49.2152255,0 12.6826326,49.2220184,0 12.6877172,49.2176107,0 12.7029852,49.2151993,0 12.7085324,49.2188028,0 12.7118048,49.21341730000001,0 12.7136685,49.2171411,0 12.717503,49.2171546,0 12.7178535,49.2120258,0 12.7226149,49.21493480000001,0 12.7266896,49.2105369,0 12.7487737,49.20615480000001,0 12.7519425,49.1995112,0 12.7343994,49.195308,0 12.7328814,49.18897800000001,0 12.744624,49.1850896,0 12.7479908,49.1796263,0 12.7618637,49.1732778,0 12.7629185,49.1592693,0 12.785627,49.1648284,0 12.8000607,49.1640148,0 12.8212256,49.1572935,0 12.831748,49.15910499999999,0 
			</coordinates>
		</LineString>
	</Placemark>
	<Placemark id="Rivers.54">
		<name>5bfd353f-Mittellandkanal</name>
		<LineString>
			<coordinates>
				7.6047386,52.2768453,0 7.6054236,52.283136,0 7.623861700000001,52.3055881,0 7.627179,52.3273232,0 7.6586533,52.3449402,0 7.720493799999999,52.35643369999999,0 7.8455668,52.3659083,0 7.882667099999999,52.37816110000001,0 7.910691900000001,52.3807826,0 7.9509911,52.3911157,0 8.084092200000001,52.41292069999999,0 8.1335414,52.4121021,0 8.214385800000001,52.3798969,0 8.227895699999999,52.36206960000001,0 8.2383066,52.3554728,0 8.273695999999999,52.3412761,0 8.3185705,52.3342382,0 8.345269500000001,52.323684,0 8.3596454,52.3223713,0 8.4469052,52.3401463,0 8.547009600000001,52.3457571,0 8.623993,52.33419370000001,0 8.6885713,52.3344727,0 8.7998314,52.3159674,0 8.836009000000001,52.3027695,0 8.861427300000001,52.2972599,0 8.9461899,52.3042023,0 8.983182899999999,52.2981873,0 9.001401400000001,52.2922999,0 9.0150062,52.29408889999999,0 9.0750092,52.32011379999999,0 9.0989284,52.3460077,0 9.131135799999999,52.36143549999999,0 9.1778525,52.3741476,0 9.321882199999999,52.38781469999999,0 9.4296898,52.3937575,0 9.4961106,52.40797749999999,0 9.554702600000001,52.3974054,0 9.578441,52.40205310000001,0 9.594966599999999,52.40908490000001,0 9.651935099999999,52.4226057,0 9.6916517,52.4232722,0 9.741949,52.4069497,0 9.7630944,52.4053543,0 9.7909422,52.4063372,0 9.8193552,52.4014617,0 9.8578109,52.3674957,0 9.882080800000001,52.3409483,0 9.9184901,52.318119,0 9.937706199999999,52.3100537,0 9.9575149,52.3063516,0 10.1360074,52.3118824,0 10.165506,52.317771,0 10.2293547,52.3046409,0 10.3033135,52.30896080000001,0 10.3460354,52.3057579,0 10.4592339,52.3113972,0 10.476401,52.31411559999999,0 10.5430914,52.3492887,0 10.5670663,52.3700128,0 10.6214362,52.408126,0 10.6641387,52.4220195,0 10.6821841,52.4253186,0 10.8314437,52.4311845,0 10.8470246,52.4352747,0 10.898139,52.47383660000001,0 10.9307584,52.48572799999999,0 10.9488357,52.4858215,0 10.9879559,52.48394559999999,0 11.0410365,52.4702091,0 11.1449469,52.427751,0 11.2198182,52.4237426,0 11.2644629,52.41426669999999,0 11.2764952,52.4064832,0 11.2889829,52.39169219999999,0 11.313796,52.3769173,0 11.3226118,52.3642995,0 11.3275069,52.34873,0 11.3479686,52.321773,0 11.3618258,52.3073979,0 11.4052571,52.279453,0 11.447118,52.2689787,0 11.5284987,52.2415798,0 11.5764755,52.2301626,0 11.6890944,52.229857,0 11.7211898,52.2335179,0 11.7492442,52.2462669,0 11.7920311,52.2617922,0 11.8102079,52.2715118,0 11.8537774,52.2843343,0 11.8717874,52.3050896,0 11.8940309,52.3064057,0 11.9373197,52.3247154,0 11.9786301,52.3568211,0 11.9909746,52.370745,0 12.0031258,52.3899053,0 12.0161625,52.3978556,0 12.0519424,52.4093882,0 12.1185023,52.4132271,0 12.1709555,52.41090530000001,0 12.1909851,52.4049987,0 12.2604168,52.4017143,0 12.3179382,52.392736,0 12.3914575,52.3934493,0 12.4149545,52.4003115,0 12.4305814548039,52.3972000839671,0 
			</coordinates>
		</LineString>
	</Placemark>
	<Placemark id="Rivers.55">
		<name>c7e0dec4-Rems</name>
		<LineString>
			<coordinates>
				9.274528099999999,48.874071,0 9.276418899999999,48.86675930000001,0 9.286759699999999,48.86765200000001,0 9.2929949,48.8622763,0 9.2995614,48.8702017,0 9.304565999999999,48.86985379999999,0 9.306024000000001,48.86603670000001,0 9.300735599999999,48.8579771,0 9.3108869,48.8608334,0 9.307845500000001,48.8507886,0 9.318924600000001,48.8501245,0 9.3113872,48.8422699,0 9.314524,48.8357855,0 9.319914900000001,48.8335966,0 9.318122600000001,48.8305362,0 9.340755700000001,48.81912460000001,0 9.354661200000001,48.81579609999999,0 9.382536699999999,48.81666969999999,0 9.3921613,48.8114681,0 9.4043627,48.8147305,0 9.422591000000001,48.812943,0 9.4557898,48.80333960000001,0 9.478127000000001,48.80248,0 9.4943136,48.8067079,0 9.4983541,48.80402480000001,0 9.5159927,48.80359219999999,0 9.5191366,48.81097089999999,0 9.5495065,48.8139329,0 9.5544867,48.8071601,0 9.5635929,48.80765110000001,0 9.5736817,48.802566,0 9.582792899999999,48.80194840000001,0 9.5936276,48.79340620000001,0 9.614376699999999,48.7862628,0 9.629381,48.7844356,0 9.6592713,48.7949308,0 9.684434100000001,48.7972194,0 9.6968069,48.79488119999999,0 9.706827499999999,48.7977018,0 9.7253267,48.7900076,0 9.7334169,48.7905925,0 9.7360582,48.7871325,0 9.750418099999999,48.78872250000001,0 9.7610457,48.7855438,0 9.793014100000001,48.8019399,0 9.8354885,48.8019981,0 9.8913461,48.82189799999999,0 9.9347444,48.81988489999999,0 9.9657388,48.8247993,0 9.9867057,48.8192459,0 9.998859299999999,48.8224802,0 10.0183301,48.81708949999999,0 10.0231474,48.80934940000001,0 10.0175223,48.7992388,0 9.995029000000001,48.79278339999999,0 
			</coordinates>
		</LineString>
	</Placemark>
	<Placemark id="Rivers.56">
		<name>c330a5f3-Saar</name>
		<LineString>
			<coordinates>
				7.0128975,48.67702570000001,0 7.0145311,48.68426519999999,0 7.0262769,48.69268069999999,0 7.0212658,48.7082864,0 7.0236285,48.7136106,0 7.0217367,48.7221802,0 7.032324699999999,48.7284827,0 7.048444,48.7320651,0 7.0494499,48.7384739,0 7.0559919,48.74331629999999,0 7.054013799999999,48.7451083,0 7.0645098,48.7482912,0 7.0621042,48.7486256,0 7.065033900000001,48.75188980000001,0 7.0628294,48.754159,0 7.0680876,48.7601042,0 7.0646106,48.7615986,0 7.064451699999999,48.7704799,0 7.0525372,48.7720512,0 7.0519808,48.7789667,0 7.040877,48.7817858,0 7.0362726,48.78862890000001,0 7.0225168,48.78567350000001,0 7.0124964,48.79164219999999,0 7.0032238,48.7926264,0 7.012724100000001,48.8027598,0 7.0054844,48.8140718,0 7.0188582,48.8217895,0 7.0167702,48.8230699,0 7.027710899999999,48.8258028,0 7.0281813,48.8396499,0 7.021757899999999,48.8459094,0 7.0370075,48.85160919999999,0 7.0324903,48.8575651,0 7.0339787,48.8645446,0 7.047782200000001,48.8676564,0 7.06099,48.8659957,0 7.0608797,48.8716598,0 7.0547112,48.8777194,0 7.056878200000001,48.88258319999999,0 7.0610423,48.88781179999999,0 7.0750721,48.8907525,0 7.066041499999999,48.90451439999999,0 7.084421100000001,48.9130143,0 7.0842758,48.9195189,0 7.078877,48.92817550000001,0 7.0829202,48.9375888,0 7.081114399999999,48.9413494,0 7.073649900000001,48.94115249999999,0 7.0619446,48.9352284,0 7.0401787,48.9407872,0 7.0426433,48.94653420000001,0 7.0378158,48.94702410000001,0 7.0396915,48.94906619999999,0 7.033912,48.95207899999999,0 7.038342399999999,48.95334450000001,0 7.0348473,48.9539041,0 7.0364649,48.95627279999999,0 7.033448199999999,48.9572528,0 7.036022699999999,48.9591842,0 7.0330817,48.9591427,0 7.0318301,48.964019,0 7.0415069,48.96647260000001,0 7.0393815,48.9735275,0 7.0353126,48.97381849999999,0 7.0413923,48.9772361,0 7.0322617,48.98313379999999,0 7.0300151,48.9971033,0 7.034908699999999,49.0056117,0 7.0490083,49.0063988,0 7.048044900000001,49.0094207,0 7.0543316,49.0097507,0 7.054015399999999,49.0124326,0 7.079317899999999,49.013815,0 7.083643,49.0204644,0 7.1015687,49.0303829,0 7.1153413,49.0332108,0 7.122691,49.0398325,0 7.1500798,49.0512995,0 7.1498784,49.0546181,0 7.1148107,49.0614125,0 7.115429600000001,49.0666726,0 7.1390772,49.07493689999999,0 7.129825899999999,49.08764290000001,0 7.103469,49.0874825,0 7.0827199,49.097582,0 7.0689417,49.1131684,0 7.0666026,49.11428149999999,0 7.0573806,49.1119687,0 7.0520348,49.1129465,0 7.0475024,49.11568260000001,0 7.0443027,49.1201972,0 7.0468186,49.1369703,0 7.0416814,49.1465717,0 7.0322326,49.15670500000001,0 7.0332945,49.16367110000001,0 7.027756,49.1702834,0 7.0284802,49.1754985,0 7.0333301,49.1808873,0 7.0333544,49.1877135,0 7.035031399999999,49.1914361,0 7.0184298,49.2048674,0 7.023408799999999,49.21176029999999,0 7.0176827,49.22141629999999,0 6.994499599999999,49.23031099999999,0 6.989832300000001,49.2367151,0 6.9533994,49.2339147,0 6.8799726,49.251597,0 6.8643664,49.24863909999999,0 6.8568327,49.2419587,0 6.845602099999999,49.2424858,0 6.8396152,49.2467659,0 6.8398101,49.2552026,0 6.8230786,49.26872680000001,0 6.7778055,49.27555039999999,0 6.7677845,49.2834852,0 6.7657595,49.2886536,0 6.7658693,49.3031137,0 6.773373299999999,49.3160277,0 6.7724598,49.3197862,0 6.745632,49.3235845,0 6.7040716,49.3449172,0 6.6977637,49.3625005,0 6.697582800000001,49.3793624,0 6.671876499999999,49.38900080000001,0 6.658608799999999,49.402084,0 6.6416568,49.4123162,0 6.629872700000001,49.43263229999999,0 6.6320699,49.447478,0 6.6289942,49.4528602,0 6.6170465,49.4587093,0 6.598084400000001,49.4768479,0 6.5807818,49.4791679,0 6.5448025,49.4986294,0 6.5505272,49.5023266,0 6.556487799999999,49.4982189,0 6.565551000000001,49.4977348,0 6.5737652,49.4915476,0 6.583760999999999,49.4911449,0 6.594962389944071,49.4976245411184,0 6.58937331817561,49.5017674798544,0 6.590143463873821,49.505667040133,0 6.6107369315756,49.5212525519181,0 6.59723527243451,49.5415176988767,0 6.606526841725819,49.5483498589253,0 6.59667824637534,49.5567894896036,0 6.61101468516167,49.5668577962203,0 6.60357421365219,49.5693346160662,0 6.586587199999999,49.5653006,0 6.577214,49.566823,0 6.564372299999999,49.5775751,0 6.5684024,49.5840939,0 6.5676847,49.5894464,0 6.5505392,49.6045202,0 6.5606844,49.6114038,0 6.5625543,49.61957520000001,0 6.5755268,49.626549,0 6.5693062,49.6504825,0 6.555496899999999,49.6637452,0 6.5660105,49.6821672,0 6.569715099999999,49.70215600000001,0 
			</coordinates>
		</LineString>
	</Placemark>
	<Placemark id="Rivers.57">
		<name>f8bf6c6c-Ruhr</name>
		<LineString>
			<coordinates>
				6.7213155,51.4525161,0 6.725695099999999,51.447427,0 6.7385955,51.4436877,0 6.754474100000001,51.4440141,0 6.7825129,51.45032880000001,0 6.801389099999999,51.4487507,0 6.8168409,51.4570471,0 6.8246641,51.4527161,0 6.8278314,51.44311149999999,0 6.844457900000001,51.44329170000001,0 6.8635666,51.4383887,0 6.876118299999999,51.43047780000001,0 6.8775032,51.4136232,0 6.8939209,51.4074127,0 6.8955916,51.4018637,0 6.8929738,51.3936704,0 6.9026393,51.3808833,0 6.9413155,51.35818799999999,0 6.9489532,51.358709,0 6.9588796,51.3649589,0 6.9636082,51.3748652,0 6.997965700000001,51.38084820000001,0 6.9997766,51.3855442,0 6.997119800000001,51.3908904,0 7.002976299999999,51.3985917,0 7.026517400000001,51.4070538,0 7.0484454,51.4035191,0 7.0629365,51.3884037,0 7.0727755,51.3876116,0 7.0822685,51.4018732,0 7.0807295,51.40919989999999,0 7.056518400000001,51.427242,0 7.0610365,51.43750179999999,0 7.0761107,51.4430885,0 7.0832085,51.44150810000001,0 7.0890495,51.4303703,0 7.1240532,51.4309712,0 7.1465945,51.4215814,0 7.1492223,51.4185033,0 7.146483000000001,51.4114822,0 7.148253199999999,51.3988118,0 7.1583342,51.3872754,0 7.163295600000001,51.3912691,0 7.1614486,51.40420300000001,0 7.17664,51.4071068,0 7.1867392,51.4183333,0 7.2014654,51.4187889,0 7.229148,51.4105222,0 7.248005199999999,51.4112218,0 7.275739799999999,51.4313792,0 7.2852484,51.43036310000001,0 7.293946,51.4216854,0 7.2990107,51.4205881,0 7.304756,51.4324531,0 7.3296435,51.4297515,0 7.350808700000001,51.4246608,0 7.3520629,51.41084409999999,0 7.3482467,51.4064968,0 7.3495277,51.4021957,0 7.379114600000001,51.39083710000001,0 7.3829605,51.3807189,0 7.394666,51.37515549999999,0 7.4045907,51.3827758,0 7.3990706,51.39407820000001,0 7.4137024,51.401188,0 7.4415116,51.39442660000001,0 7.451775,51.3997043,0 7.451579899999999,51.4081961,0 7.4640404,51.4166852,0 7.4871942,51.41770710000001,0 7.516924,51.41106259999999,0 7.5223513,51.41653500000001,0 7.5426425,51.4136768,0 7.549071900000001,51.41920999999999,0 7.558581799999999,51.419368,0 7.558851500000001,51.4243944,0 7.5687514,51.4347192,0 7.6016246,51.44110770000001,0 7.6204616,51.4507198,0 7.6347828,51.4523694,0 7.641588,51.4573339,0 7.652558,51.4592112,0 7.656648400000001,51.4660148,0 7.6990636,51.4741369,0 7.7279379,51.472288,0 7.7362092,51.4665501,0 7.7508488,51.4726456,0 7.763046,51.4683755,0 7.7873817,51.47121749999999,0 7.797900500000001,51.46800020000001,0 7.806542100000001,51.4742963,0 7.820774899999999,51.47231920000001,0 7.8337007,51.4781032,0 7.8496221,51.48051770000001,0 7.850527,51.4860438,0 7.879252799999999,51.4899117,0 7.8851737,51.4932828,0 7.8826631,51.496942,0 7.885009400000001,51.50211029999999,0 7.8910289,51.504614,0 7.9091254,51.50523159999999,0 7.9229118,51.4940261,0 7.924365700000001,51.4855148,0 7.915726799999999,51.4799998,0 7.919190299999999,51.4752711,0 7.948234299999999,51.4688729,0 7.9555178,51.4643985,0 7.9510717,51.4506981,0 7.955162399999999,51.4454607,0 7.9663726,51.4395059,0 7.9837885,51.4397892,0 8.004128400000001,51.4261078,0 8.035614499999999,51.4156794,0 8.0483142,51.4145024,0 8.059276300000001,51.4009704,0 8.0564695,51.3962072,0 8.0614545,51.3837113,0 8.0723178,51.3867603,0 8.0670746,51.39290070000001,0 8.064902699999999,51.4056355,0 8.071932500000001,51.40884270000001,0 8.0783456,51.407729,0 8.079508499999999,51.40048299999999,0 8.088133900000001,51.39425060000001,0 8.110991200000001,51.39662299999999,0 8.1243724,51.3870869,0 8.130511,51.3888444,0 8.1282785,51.3966526,0 8.1327769,51.3991387,0 8.153114,51.39306389999999,0 8.1690661,51.3973968,0 8.1769637,51.3959688,0 8.178274200000001,51.3891401,0 8.1613995,51.3884212,0 8.160788699999999,51.3825364,0 8.1778856,51.37689610000001,0 8.1792853,51.3723846,0 8.169423699999999,51.37203340000001,0 8.1643525,51.3684787,0 8.1737152,51.35858460000001,0 8.1785526,51.3578694,0 8.1770288,51.3553364,0 8.1828442,51.3492298,0 8.1954154,51.3474566,0 8.196757099999999,51.3445203,0 8.2164883,51.3482031,0 8.2274438,51.3444695,0 8.246123300000001,51.3521755,0 8.2789854,51.3476576,0 8.317043399999999,51.3519741,0 8.330999,51.3506505,0 8.3639797,51.3583249,0 8.382753900000001,51.3581775,0 8.4113769,51.368598,0 8.429201300000001,51.36759910000001,0 8.4351851,51.3633333,0 8.452105599999999,51.3671352,0 8.4583932,51.3587615,0 8.480927299999999,51.35860739999999,0 8.488508899999999,51.3526327,0 8.4881235,51.33164390000001,0 8.5033917,51.3118874,0 8.4993184,51.29858610000001,0 8.5016701,51.29122940000001,0 8.512008,51.2846975,0 8.5194419,51.2694766,0 8.523263,51.2681556,0 8.522694400000001,51.2629861,0 8.529348199999999,51.2578126,0 8.5265714,51.2397922,0 8.530714400000001,51.23708250000001,0 8.5293844,51.2314939,0 8.5418073,51.21859450000001,0 8.557648800000001,51.2133425,0 
			</coordinates>
		</LineString>
	</Placemark>
	<Placemark id="Rivers.58">
		<name>69fd957b-Rur</name>
		<LineString>
			<coordinates>
				6.102701400000001,50.5085841,0 6.1122399,50.5112567,0 6.1208278,50.50913690000001,0 6.1287081,50.50084770000001,0 6.1290417,50.4954627,0 6.1410006,50.4890081,0 6.169203599999999,50.49170060000001,0 6.1778013,50.50054360000001,0 6.192965600000001,50.505586,0 6.2082858,50.52276839999999,0 6.2033183,50.52371109999999,0 6.1974648,50.5313811,0 6.202162200000001,50.54194710000001,0 6.2087149,50.5449716,0 6.213419,50.55212889999999,0 6.229193800000001,50.5482841,0 6.236127,50.5534968,0 6.2420152,50.55219579999999,0 6.2420058,50.5553415,0 6.2476157,50.5538971,0 6.246953900000001,50.5519014,0 6.2625972,50.5556914,0 6.2683611,50.5541182,0 6.284423199999999,50.55954679999999,0 6.285256799999999,50.5633321,0 6.3084642,50.5635634,0 6.3112389,50.56061519999999,0 6.3147058,50.5656391,0 6.3199695,50.5640274,0 6.320708700000001,50.5592898,0 6.331482800000001,50.5643434,0 6.336169800000001,50.561948,0 6.335060700000001,50.57011129999999,0 6.342496,50.56989569999999,0 6.343102199999999,50.5799862,0 6.3523543,50.5824025,0 6.354788200000001,50.5892657,0 6.361989999999999,50.5887594,0 6.3620119,50.5851113,0 6.3576855,50.5840234,0 6.3646099,50.5814876,0 6.3606005,50.5793545,0 6.361268399999999,50.5754941,0 6.3770792,50.57858619999999,0 6.3777325,50.5850757,0 6.3837038,50.5894557,0 6.3800227,50.5931484,0 6.3958853,50.6046262,0 6.3864774,50.6068096,0 6.3870969,50.6100363,0 6.395150300000001,50.61394429999999,0 6.3953522,50.61843660000001,0 6.391835,50.62092910000001,0 6.3828886,50.6191995,0 6.381513400000001,50.6230644,0 6.395878,50.6246263,0 6.396784800000001,50.6280264,0 6.3924415,50.6327928,0 6.394359,50.63377089999999,0 6.4080922,50.6285574,0 6.4102923,50.63323369999999,0 6.4060486,50.6405681,0 6.4082366,50.6420656,0 6.413339200000001,50.641033,0 6.4168062,50.635921,0 6.424435600000001,50.6366819,0 6.4172461,50.646999,0 6.4201577,50.6490838,0 6.4490873,50.6377021,0 6.4541999,50.6282238,0 6.4796288,50.62870170000001,0 6.480208300000001,50.6318363,0 6.4733252,50.6341169,0 6.471284099999999,50.6387252,0 6.464819100000001,50.6391445,0 6.4787438,50.6431765,0 6.4761443,50.6518503,0 6.4838991,50.6510825,0 6.4963957,50.656123,0 6.4651227,50.66303169999999,0 6.4780977,50.6720387,0 6.4645842,50.6775514,0 6.4730799,50.6840308,0 6.471074900000001,50.68944359999999,0 6.452788199999999,50.69164820000001,0 6.4538278,50.6974827,0 6.4634931,50.6962633,0 6.4653688,50.69862999999999,0 6.4422998,50.7009607,0 6.4374785,50.70847799999999,0 6.4549817,50.719514,0 6.4589414,50.7272567,0 6.4642704,50.72833259999999,0 6.4742866,50.72445390000001,0 6.4888413,50.7327876,0 6.4873029,50.74003320000001,0 6.480708699999999,50.7445525,0 6.486639300000001,50.7676156,0 6.4792862,50.7920622,0 6.4675033,50.8010569,0 6.4565855,50.814882,0 6.457270500000001,50.8204708,0 6.4402159,50.83983,0 6.4386047,50.8498212,0 6.4329148,50.8550756,0 6.4324967,50.8631971,0 6.417806,50.8692484,0 6.4038908,50.8819922,0 6.3808606,50.8906012,0 6.3656806,50.9008434,0 6.3587935,50.90125949999999,0 6.344485000000001,50.9374545,0 6.331516,50.9459124,0 6.326010700000001,50.9454041,0 6.3214136,50.9504468,0 6.3099374,50.9495529,0 6.308842599999999,50.952147,0 6.304496200000001,50.9516607,0 6.303072299999999,50.955729,0 6.3005322,50.95317479999999,0 6.2922329,50.9561257,0 6.280508,50.9662869,0 6.2788901,50.9751452,0 6.2720141,50.985845,0 6.2695117,51.0053432,0 6.2598003,51.0076068,0 6.252189,51.0136438,0 6.254805300000001,51.021694,0 6.2366209,51.02884250000001,0 6.223999600000001,51.04297639999999,0 6.213115499999999,51.04160490000001,0 6.2038943,51.0507545,0 6.1937456,51.0487284,0 6.1910051,51.0533712,0 6.1794286,51.0568796,0 6.1685375,51.0554013,0 6.153218799999999,51.068632,0 6.1545275,51.0800402,0 6.1244736,51.0896374,0 6.1175425,51.0965429,0 6.102414800000001,51.097941,0 6.093008099999999,51.1034944,0 6.0915175,51.1113232,0 6.0799558,51.1244732,0 6.0848495,51.1282701,0 6.0816561,51.1293682,0 6.0869795,51.13119619999999,0 6.0817458,51.1347981,0 6.0870675,51.1369054,0 6.0801489,51.1408765,0 6.074934399999999,51.1381684,0 6.073988099999999,51.14296820000001,0 6.076767099999999,51.1442059,0 6.0666091,51.1418873,0 6.0537144,51.1470953,0 6.044008199999999,51.143954,0 6.0433469,51.1506276,0 6.032845500000001,51.1475906,0 6.025382100000001,51.1501545,0 6.0072211,51.1471442,0 5.9990622,51.1492121,0 6.0019298,51.1526819,0 5.9987053,51.1539346,0 6.0033508,51.1573434,0 5.9967811,51.15925699999999,0 6.002352600000001,51.1621776,0 5.998603700000001,51.1624358,0 5.9975303,51.1683445,0 5.9942258,51.1660152,0 5.9913621,51.1705871,0 5.9857857,51.16965029999999,0 5.988879500000001,51.1733867,0 5.987798,51.1782705,0 5.994853,51.1798098,0 5.9916813,51.1853957,0 5.9804684,51.1872898,0 5.9836859,51.1952203,0 5.9805679,51.1982848,0 
			</coordinates>
		</LineString>
	</Placemark>
	<Placemark id="Rivers.59">
		<name>207b5508-Saale</name>
		<LineString>
			<coordinates>
				11.8286098,50.11910099999999,0 11.8166603,50.1231123,0 11.81387,50.1283869,0 11.8182915,50.1341364,0 11.8175374,50.141252,0 11.831358,50.1528005,0 11.8329048,50.1625965,0 11.8290351,50.1724042,0 11.8462523,50.1756178,0 11.8440506,50.1845018,0 11.8498895,50.18986189999999,0 11.8370496,50.2050062,0 11.8449587,50.21137050000001,0 11.8712414,50.2114354,0 11.8754457,50.20283539999999,0 11.8973589,50.19939,0 11.9032495,50.2008687,0 11.9069854,50.20892779999999,0 11.9148563,50.2090626,0 11.9326959,50.2189079,0 11.9356738,50.2246982,0 11.9349449,50.2308703,0 11.9397099,50.2358146,0 11.9363612,50.2412462,0 11.9395336,50.2515202,0 11.9242668,50.2764624,0 11.9269631,50.2822466,0 11.9345174,50.2831007,0 11.9360614,50.29493309999999,0 11.9332607,50.2974286,0 11.9385207,50.3036798,0 11.9194693,50.3161265,0 11.9228131,50.32577040000001,0 11.9113925,50.3246709,0 11.906116,50.3359224,0 11.8941507,50.3374536,0 11.8913466,50.3430606,0 11.8783383,50.3470706,0 11.8689292,50.35520720000001,0 11.8602036,50.35557880000001,0 11.8592722,50.3656974,0 11.8450096,50.3637968,0 11.8406571,50.3691266,0 11.8393732,50.3779151,0 11.8272383,50.3734346,0 11.82585,50.37699889999999,0 11.8438295,50.3847666,0 11.8340007,50.3879283,0 11.8334217,50.3952603,0 11.8239557,50.3896851,0 11.819935,50.3906539,0 11.8190646,50.3954004,0 11.8278945,50.3999563,0 11.8257595,50.4039408,0 11.8170512,50.400669,0 11.7980583,50.4171219,0 11.7928702,50.4183848,0 11.7866911,50.4151898,0 11.7801126,50.41879209999999,0 11.7722025,50.41117509999999,0 11.7531925,50.41611,0 11.7509632,50.4133283,0 11.7634296,50.4063042,0 11.7410023,50.40991890000001,0 11.7285002,50.4009872,0 11.7139172,50.3966055,0 11.7092732,50.40367340000001,0 11.7022887,50.4023685,0 11.7054345,50.4070114,0 11.6935424,50.40984490000001,0 11.6898774,50.41405429999999,0 11.6903272,50.4199928,0 11.6831909,50.4215876,0 11.686782,50.4272559,0 11.6803152,50.4269939,0 11.679125,50.4310702,0 11.6956211,50.4442862,0 11.7056969,50.4474855,0 11.6933841,50.4490316,0 11.6901704,50.452439,0 11.701965,50.4593628,0 11.6820198,50.46397619999999,0 11.6814591,50.4671563,0 11.7008905,50.46742269999999,0 11.6993172,50.4752521,0 11.7026729,50.47783500000001,0 11.7094932,50.474155,0 11.7199201,50.4737343,0 11.722292,50.47927729999999,0 11.7139604,50.480395,0 11.7120668,50.4856136,0 11.7355113,50.4942724,0 11.715631,50.5053968,0 11.7151083,50.51115620000001,0 11.7199369,50.5151072,0 11.7129544,50.5222783,0 11.7158372,50.52608750000001,0 11.7220684,50.5259187,0 11.7280275,50.5371852,0 11.7378194,50.5399381,0 11.7220443,50.5496681,0 11.7226754,50.5546531,0 11.7174903,50.5527032,0 11.7194052,50.5474913,0 11.7138981,50.546347,0 11.7115796,50.56042,0 11.7004111,50.5563406,0 11.6991224,50.5602801,0 11.7076353,50.5680962,0 11.7080673,50.57359249999999,0 11.7023159,50.5743683,0 11.6944965,50.5682446,0 11.6800129,50.57842249999999,0 11.6623375,50.57842389999999,0 11.6683967,50.589318,0 11.6537704,50.5927692,0 11.661635,50.5996166,0 11.648347,50.60138080000001,0 11.6464185,50.60539109999999,0 11.6496333,50.6101253,0 11.6471672,50.6121956,0 11.6436995,50.61007310000001,0 11.643178,50.6000853,0 11.6491037,50.5956057,0 11.636716,50.5910464,0 11.6329599,50.5920833,0 11.6337228,50.5977553,0 11.6278049,50.6034018,0 11.6327207,50.6121511,0 11.6250024,50.6111138,0 11.6149552,50.6037303,0 11.602096,50.6051314,0 11.5958959,50.5969517,0 11.5827634,50.60567439999999,0 11.5791781,50.60280410000001,0 11.5866538,50.5977547,0 11.5832203,50.5966568,0 11.5632993,50.6097924,0 11.5503791,50.60725169999999,0 11.5467423,50.6124638,0 11.5433439,50.6063872,0 11.5302099,50.6072622,0 11.5282484,50.61355989999999,0 11.5390067,50.6199097,0 11.5360174,50.6220038,0 11.5144223,50.6164585,0 11.5134974,50.6116443,0 11.5042062,50.60982070000001,0 11.5048016,50.60410640000001,0 11.5017846,50.6012192,0 11.4946428,50.60363820000001,0 11.4982598,50.6100891,0 11.4946893,50.6145232,0 11.4886339,50.6135366,0 11.4864239,50.6075245,0 11.4790959,50.6034151,0 11.4561517,50.6136722,0 11.426801,50.6150863,0 11.4238754,50.6187483,0 11.4292341,50.6254559,0 11.4243316,50.6283867,0 11.4089797,50.6265814,0 11.4029916,50.6160423,0 11.3961376,50.6186356,0 11.3909312,50.61098559999999,0 11.3826362,50.6115293,0 11.3856553,50.6180066,0 11.3789563,50.6259884,0 11.3811346,50.6311639,0 11.3734756,50.6359483,0 11.3721334,50.643912,0 11.3621108,50.65375679999999,0 11.3628163,50.6643993,0 11.3542866,50.6718871,0 11.3224189,50.6786011,0 11.3245737,50.6851356,0 11.3370528,50.685588,0 11.3376324,50.69223620000001,0 11.3317664,50.7040505,0 11.321797,50.7128416,0 11.3279761,50.7160426,0 11.3656619,50.7209453,0 11.3973139,50.71804159999999,0 11.4061454,50.723795,0 11.4224665,50.7253907,0 11.4284286,50.7296923,0 11.4379714,50.7265894,0 11.4488347,50.7336864,0 11.4464745,50.73958129999999,0 11.4533287,50.7420817,0 11.4618262,50.7415107,0 11.4655068,50.7369668,0 11.48337,50.7442202,0 11.4871947,50.7438611,0 11.489054,50.739536,0 11.4994829,50.74034019999999,0 11.5046833,50.7430916,0 11.5041756,50.75132570000001,0 11.5152283,50.7583449,0 11.5090867,50.7586598,0 11.5113593,50.7626274,0 11.5204714,50.7655047,0 11.5192269,50.7718014,0 11.5286966,50.7745243,0 11.5571912,50.774097,0 11.5666647,50.7842435,0 11.5694862,50.79410779999999,0 11.5736868,50.7950764,0 11.576914,50.79131,0 11.5865222,50.7950087,0 11.5960292,50.8036551,0 11.5931708,50.80981770000001,0 11.5853635,50.8129907,0 11.5836284,50.8172856,0 11.5993045,50.8257695,0 11.5991573,50.84486139999999,0 11.6217855,50.8528942,0 11.6116917,50.86012030000001,0 11.6047393,50.87134999999999,0 11.5950502,50.8767617,0 11.6025094,50.88633930000001,0 11.5963417,50.8921886,0 11.5984171,50.9009647,0 11.5761976,50.9124898,0 11.5856559,50.92312980000001,0 11.5960827,50.92811940000001,0 11.5952327,50.9353395,0 11.625573,50.9488262,0 11.6340461,50.95619799999999,0 11.6344728,50.9667093,0 11.6436019,50.96466860000001,0 11.6476374,50.97125560000001,0 11.6625586,50.9738077,0 11.6586229,50.9762296,0 11.6620368,50.982023,0 11.6705457,50.9847726,0 11.6694794,50.9895657,0 11.6747309,50.9919919,0 11.66692,51.00138089999999,0 11.6738404,51.0006927,0 11.67028,51.00569419999999,0 11.682168,51.0103659,0 11.6914577,51.0189869,0 11.6889805,51.0245438,0 11.6918493,51.0295539,0 11.6834797,51.0338901,0 11.6858845,51.041618,0 11.6769788,51.0460527,0 11.7002647,51.0458683,0 11.7090643,51.0532965,0 11.7086229,51.0583874,0 11.6989917,51.0619626,0 11.6925761,51.0689541,0 11.6956127,51.07502890000001,0 11.7014457,51.0780634,0 11.6953124,51.0893502,0 11.6970905,51.0913556,0 11.687431,51.09162160000001,0 11.6839017,51.096164,0 11.6772098,51.0966507,0 11.6659349,51.1084936,0 11.6816019,51.111654,0 11.6942488,51.1068961,0 11.6987065,51.1166618,0 11.7096258,51.1103998,0 11.7152866,51.11529019999999,0 11.7141354,51.1225091,0 11.7228688,51.1302951,0 11.7175718,51.138219,0 11.7196571,51.14283379999999,0 11.7311852,51.150438,0 11.7536712,51.1479439,0 11.7619337,51.149801,0 11.7675092,51.1535346,0 11.7684221,51.15906439999999,0 11.7790351,51.1571389,0 11.7822393,51.1664383,0 11.7987255,51.1705115,0 11.8028337,51.17624990000001,0 11.8282319,51.17166569999999,0 11.8318153,51.1677786,0 11.8289281,51.1628847,0 11.8301225,51.1575124,0 11.8406451,51.15366789999999,0 11.8573273,51.15485219999999,0 11.8680878,51.1625149,0 11.8615207,51.17871360000001,0 11.8630468,51.1859081,0 11.9072198,51.1871991,0 11.918865,51.1919602,0 11.9170542,51.1984583,0 11.9248108,51.2045278,0 11.9314226,51.2029181,0 11.9383004,51.2076737,0 11.9449883,51.2055277,0 11.957728,51.2072623,0 11.9639795,51.20233439999999,0 11.9783194,51.2043931,0 11.9809324,51.2069356,0 11.9776652,51.21065430000001,0 11.9869606,51.2148866,0 11.9889918,51.22271869999999,0 12.0194663,51.2337303,0 12.024172,51.23913630000001,0 12.0238012,51.2445244,0 12.0388342,51.24691480000001,0 12.0373788,51.25542490000001,0 12.0458198,51.2588833,0 12.0422698,51.2620106,0 12.0604433,51.2697789,0 12.0529678,51.2717319,0 12.0530375,51.2754729,0 12.0478151,51.2779973,0 12.0620217,51.2869411,0 12.0600036,51.29536339999999,0 12.0499515,51.30036989999999,0 12.0496833,51.3109714,0 12.0551514,51.3166233,0 12.0470197,51.3177879,0 12.0398456,51.3146405,0 12.0415558,51.3259285,0 12.0281941,51.3285423,0 12.0225757,51.3344722,0 12.0156054,51.33224020000001,0 12.0047178,51.3366113,0 12.0046808,51.3429696,0 11.9997984,51.3447268,0 12.0020147,51.351718,0 12.0092612,51.3535638,0 12.0032758,51.3547415,0 12.0019878,51.36057619999999,0 12.0053529,51.36439940000001,0 11.9953228,51.3788349,0 11.9939782,51.3941513,0 11.9830979,51.3989174,0 11.9759597,51.4074507,0 11.9665245,51.4097212,0 11.9512661,51.4081264,0 11.9553043,51.4197333,0 11.9501711,51.4343944,0 11.9148591,51.4426893,0 11.9155608,51.4464903,0 11.9216405,51.4498446,0 11.9380886,51.4530251,0 11.9596379,51.4768491,0 11.9602878,51.4852468,0 11.9520729,51.49026969999999,0 11.9482605,51.5012779,0 11.9567534,51.5065599,0 11.9509669,51.52006360000001,0 11.9397717,51.52044,0 11.925981,51.5262644,0 11.9158301,51.5243075,0 11.9083931,51.5303282,0 11.8943389,51.5351977,0 11.8570688,51.5323003,0 11.8425747,51.5277363,0 11.8222193,51.5318681,0 11.8193603,51.5364546,0 11.8238339,51.5478817,0 11.820438,51.55510120000001,0 11.8286877,51.5606429,0 11.8319687,51.5682912,0 11.8303923,51.5716218,0 11.8161766,51.5807278,0 11.8025358,51.58386590000001,0 11.7926325,51.5842196,0 11.7834233,51.57995919999999,0 11.7619771,51.582365,0 11.7559506,51.5901498,0 11.7553089,51.5967167,0 11.7635018,51.6033113,0 11.7638928,51.608944,0 11.7489702,51.6190618,0 11.7525988,51.6361574,0 11.745132,51.6421764,0 11.752748,51.6503351,0 11.7516014,51.65511170000001,0 11.7430748,51.6669486,0 11.733356,51.6701072,0 11.728697,51.67836990000001,0 11.7139626,51.68329399999999,0 11.7079927,51.6911918,0 11.6940864,51.6935062,0 11.6852972,51.6984041,0 11.6685132,51.716209,0 11.6738709,51.7232441,0 11.6844884,51.7233302,0 11.7025639,51.73191299999999,0 11.7115723,51.7447342,0 11.7096994,51.75842990000001,0 11.6976642,51.7607296,0 11.6914351,51.76580380000001,0 11.6993438,51.7715536,0 11.7005822,51.7785455,0 11.7464728,51.80248459999999,0 11.7535363,51.80369,0 11.7690536,51.7995412,0 11.7808485,51.80353509999999,0 11.783497,51.8173443,0 11.7883725,51.82465070000001,0 11.7818395,51.829087,0 11.7784206,51.8378598,0 11.7711386,51.841345,0 11.7636195,51.8537921,0 11.765339,51.86821849999999,0 11.7753321,51.8903024,0 11.7861264,51.8966767,0 11.7765614,51.901456,0 11.8012069,51.916469,0 11.8163834,51.9148169,0 11.815659,51.90580069999999,0 11.8232262,51.9046419,0 11.8286987,51.9186077,0 11.8357385,51.92345869999999,0 11.8500802,51.9132771,0 11.8687819,51.91705919999999,0 11.8826026,51.9159003,0 11.883422,51.9209715,0 11.8673323,51.9240927,0 11.8645995,51.93188090000001,0 11.8685679,51.933942,0 11.8838018,51.930565,0 11.8988922,51.9341381,0 11.9001558,51.9366184,0 11.8958104,51.9415759,0 11.8975286,51.94455789999999,0 11.9166628,51.9482497,0 11.9125836,51.956185,0 
			</coordinates>
		</LineString>
	</Placemark>
	<Placemark id="Rivers.60">
		<name>fc54f6bd-Mosel</name>
		<LineString>
			<coordinates>
				6.1900628,49.1910516,0 6.2005933,49.2003821,0 6.1989297,49.21199419999999,0 6.201104800000001,49.21742260000001,0 6.1871404,49.2337632,0 6.190028000000001,49.2471723,0 6.1836144,49.2537915,0 6.1997973,49.26598679999999,0 6.187672600000001,49.273058,0 6.188897400000001,49.2812328,0 6.1807816,49.2923821,0 6.1618851,49.3060037,0 6.1627086,49.3106377,0 6.173509,49.31755,0 6.1687948,49.3249969,0 6.1713557,49.3428772,0 6.162728,49.3480399,0 6.1621245,49.3518432,0 6.179772,49.3620276,0 6.2046396,49.370302,0 6.207245300000001,49.3760299,0 6.2036383,49.38339030000001,0 6.2072238,49.3881495,0 6.2273047,49.386979,0 6.253093,49.3949647,0 6.257317,49.3977478,0 6.2571654,49.4036982,0 6.2602041,49.4062971,0 6.2691078,49.4019861,0 6.2803765,49.4030478,0 6.284005,49.4063128,0 6.2819485,49.41579819999999,0 6.292058899999999,49.4195736,0 6.3004251,49.42949759999999,0 6.3065267,49.4285528,0 6.3124502,49.4224844,0 6.320040000000001,49.4237071,0 6.3203497,49.4388979,0 6.3312285,49.451265,0 6.343007,49.451925,0 6.3562908,49.4423939,0 6.3707647,49.4513972,0 6.3714405,49.45614669999999,0 6.3666821,49.46959879999999,0 6.3687077,49.4886379,0 6.366556200000001,49.494669,0 6.3673115,49.5038776,0 6.3558331,49.5307369,0 6.360509900000001,49.5368023,0 6.3778782,49.5494099,0 6.3817616,49.55654719999999,0 6.380117399999999,49.5587254,0 6.358366,49.569788,0 6.3569508,49.5732746,0 6.3610249,49.5766773,0 6.3683796,49.57923319999999,0 6.3775959,49.5767994,0 6.3812847,49.5772877,0 6.3818302,49.5808163,0 6.3741665,49.5875225,0 6.3752804,49.5925541,0 6.384340300000001,49.5997295,0 6.3985577,49.60233119999999,0 6.409132,49.6127605,0 6.418371199999999,49.61742210000001,0 6.421132999999999,49.62084010000001,0 6.427053500000001,49.6349201,0 6.4398708,49.65614129999999,0 6.4369259,49.6598034,0 6.4260006,49.66073039999999,0 6.425268200000001,49.6638851,0 6.4274845,49.6671123,0 6.4463482,49.678175,0 6.457952500000001,49.6908588,0 6.4796848,49.6972523,0 6.4981174,49.71157649999999,0 6.5062656,49.7135029,0 6.513615599999999,49.71112229999999,0 6.5313506,49.71382169999999,0 6.564189599999999,49.7008674,0 6.6132042,49.7200677,0 6.6261956,49.7344865,0 6.6265784,49.7542844,0 6.633109599999999,49.76563269999999,0 6.6456328,49.77167850000001,0 6.6954603,49.7790692,0 6.7030603,49.7829123,0 6.7043773,49.7906528,0 6.6997495,49.7993188,0 6.7109677,49.82123529999999,0 6.7254426,49.8207085,0 6.7446666,49.8126874,0 6.765743100000001,49.814226,0 6.787797499999999,49.8014651,0 6.812701,49.7935047,0 6.822368299999999,49.7924891,0 6.8365741,49.7978263,0 6.8438681,49.790172,0 6.8494532,49.7897017,0 6.8539384,49.8015231,0 6.8342954,49.8350485,0 6.870286,49.8434265,0 6.8805368,49.8356386,0 6.8881297,49.8186316,0 6.8958887,49.8151301,0 6.9031545,49.8172944,0 6.904464999999999,49.8252063,0 6.890401500000001,49.8508798,0 6.896036500000001,49.86289859999999,0 6.8941194,49.8749558,0 6.9029104,49.8829829,0 6.9218029,49.8858829,0 6.9298208,49.8841932,0 6.9336458,49.8786045,0 6.926903,49.8660228,0 6.938769500000001,49.8625843,0 6.946853199999999,49.8688624,0 6.9460281,49.8867821,0 6.9498636,49.8943894,0 6.9767898,49.9078798,0 7.0206617,49.91570839999999,0 7.0354732,49.9151562,0 7.0531651,49.9068611,0 7.0679124,49.9102984,0 7.073031,49.9166327,0 7.062946800000001,49.93117709999999,0 7.0454863,49.94293389999999,0 7.0031928,49.956383,0 6.9989496,49.96041859999999,0 7.000002100000001,49.968865,0 7.0073238,49.9774437,0 7.0178971,49.981386,0 7.0770082,49.9675244,0 7.0831804,49.9696554,0 7.0933875,49.9816508,0 7.1001152,49.9834701,0 7.107511499999999,49.9771448,0 7.1006449,49.9618186,0 7.1025604,49.9562637,0 7.1195306,49.9487306,0 7.1302616,49.9534147,0 7.1326428,49.96796680000001,0 7.1146609,49.9917275,0 7.1161409,50.0044781,0 7.122502399999999,50.01369689999999,0 7.1141836,50.0296245,0 7.116981499999999,50.0418858,0 7.1254197,50.0452499,0 7.136527600000001,50.04057050000001,0 7.1490967,50.0316346,0 7.1536898,50.01848260000001,0 7.1595339,50.0144319,0 7.1754555,50.0140919,0 7.181083599999999,50.0216522,0 7.1751414,50.0359434,0 7.1407455,50.0446479,0 7.1297191,50.05204929999999,0 7.1360773,50.0943092,0 7.1202956,50.1003858,0 7.1184298,50.103749,0 7.1298138,50.10475720000001,0 7.1674077,50.0879087,0 7.1982335,50.0791447,0 7.2056765,50.0861125,0 7.1922216,50.099253,0 7.1905598,50.10457580000001,0 7.1944308,50.1094392,0 7.2060397,50.1134442,0 7.2271363,50.10574489999999,0 7.2343923,50.1075485,0 7.237832799999999,50.1119948,0 7.2310207,50.11984949999999,0 7.2263032,50.12827189999999,0 7.2310207,50.11984949999999,0 7.2263972,50.1300767,0 7.2359006,50.13821630000001,0 7.234118299999999,50.1443138,0 7.2256335,50.1464352,0 7.2103743,50.1410544,0 7.1729837,50.1396686,0 7.1683053,50.1475005,0 7.1732422,50.1590537,0 7.1815628,50.161862,0 7.196839100000001,50.1605182,0 7.2186605,50.1683881,0 7.278522999999999,50.1685554,0 7.2949439,50.1734852,0 7.3091232,50.1859123,0 7.3380343,50.18263219999999,0 7.369069500000001,50.1890245,0 7.3903579,50.2170038,0 7.4176336,50.2258299,0 7.4406168,50.2264909,0 7.446160500000001,50.23002020000001,0 7.443169500000001,50.24041170000001,0 7.445070800000001,50.249376,0 7.4409104,50.25719629999999,0 7.456793799999999,50.2736373,0 7.4563768,50.286204,0 7.462884700000001,50.2937228,0 7.4620609,50.3092355,0 7.466266300000001,50.315771,0 7.475033800000001,50.3202061,0 7.484101299999999,50.3205348,0 7.501253899999999,50.3086242,0 7.5139013,50.3084131,0 7.5343625,50.3224296,0 7.5558395,50.3266855,0 7.558094,50.3355391,0 7.5526966,50.3503596,0 7.569675199999999,50.3671737,0 7.577238399999999,50.3692822,0 7.589507600000001,50.3647679,0 7.603338,50.3641052,0 7.6086903,50.36643070000001,0 
			</coordinates>
		</LineString>
	</Placemark>
	<Placemark id="Rivers.61">
		<name>57fae847-Sauer</name>
		<LineString>
			<coordinates>
				5.5147189,49.9178369,0 5.5456695,49.92139499999999,0 5.562971,49.9126631,0 5.5952303,49.90795779999999,0 5.5975772,49.89944280000001,0 5.5930765,49.89607180000001,0 5.5965955,49.8907741,0 5.5920787,49.8888665,0 5.6053734,49.883846,0 5.6119637,49.8767463,0 5.616514,49.88029029999999,0 5.6230368,49.877726,0 5.640524199999999,49.8853929,0 5.6532277,49.8869756,0 5.664774500000001,49.88321059999999,0 5.664114800000001,49.87966489999999,0 5.673140400000001,49.8814521,0 5.676332600000001,49.8797986,0 5.676155199999999,49.8744138,0 5.685472200000001,49.87274790000001,0 5.6867545,49.8704704,0 5.683729699999999,49.86839109999999,0 5.6998014,49.8547941,0 5.6958,49.8487274,0 5.726419300000001,49.8428256,0 5.7188754,49.8364676,0 5.7292703,49.8355787,0 5.7294039,49.8299633,0 5.733175699999999,49.8294537,0 5.738806199999999,49.8322682,0 5.741079,49.83895519999999,0 5.750270099999999,49.8396425,0 5.748462300000001,49.8466735,0 5.7581623,49.84637729999999,0 5.754811999999999,49.8517682,0 5.7457172,49.853623,0 5.7607305,49.8564689,0 5.7548326,49.8610932,0 5.7569722,49.8651314,0 5.7526356,49.8684674,0 5.755170199999999,49.8727564,0 5.764914,49.8693551,0 5.7708488,49.87232899999999,0 5.774566700000001,49.8673264,0 5.778127100000001,49.8721962,0 5.7839715,49.87269489999999,0 5.7788052,49.8770186,0 5.7880825,49.8734263,0 5.7943922,49.88077190000001,0 5.7973199,49.8775098,0 5.7951701,49.87223090000001,0 5.8064766,49.8698976,0 5.8029351,49.863604,0 5.8086039,49.86833170000001,0 5.824837999999999,49.8666435,0 5.8345127,49.8699196,0 5.838815,49.8743657,0 5.846288700000001,49.8751621,0 5.8430666,49.8785993,0 5.8364112,49.87807149999999,0 5.8348238,49.88690679999999,0 5.8464539,49.8835057,0 5.852676600000001,49.8850265,0 5.848192,49.8903422,0 5.8420202,49.8907658,0 5.8508256,49.89509819999999,0 5.8454615,49.9006263,0 5.8556968,49.9006055,0 5.8535886,49.9076504,0 5.861603,49.9025543,0 5.859650399999999,49.8982213,0 5.8623218,49.8974196,0 5.8678687,49.9026234,0 5.8779108,49.9020913,0 5.888875699999999,49.9111016,0 5.8980221,49.9137166,0 5.9023404,49.908635,0 5.911685200000001,49.91068019999999,0 5.9167759,49.9040003,0 5.9197246,49.9046744,0 5.9191096,49.9116751,0 5.9293441,49.90705060000001,0 5.934221100000001,49.9128979,0 5.939783599999999,49.90567,0 5.9488349,49.9086266,0 5.9464949,49.9041851,0 5.948336000000001,49.9010186,0 5.9585861,49.90673050000001,0 5.9642002,49.904484,0 5.9692776,49.9084206,0 5.975488,49.90833810000001,0 5.9762259,49.911378,0 5.9805241,49.91003929999999,0 5.979585499999999,49.90521139999999,0 5.9825277,49.9040452,0 5.9879852,49.90674330000001,0 5.9864066,49.9134425,0 6.0030386,49.91355950000001,0 6.001887900000001,49.9212431,0 6.009266700000001,49.9260852,0 6.0284475,49.9181689,0 6.034654899999999,49.9214342,0 6.0392725,49.9190896,0 6.0404836,49.9261382,0 6.0600499,49.9193278,0 6.06911,49.92715179999999,0 6.069686099999999,49.9320489,0 6.076651799999999,49.9278412,0 6.0692808,49.92025720000001,0 6.079715999999999,49.9143315,0 6.078186,49.90820490000001,0 6.085655999999999,49.9140724,0 6.0897732,49.91299290000001,0 6.084070100000001,49.9020992,0 6.097407,49.8910425,0 6.094512600000001,49.8877743,0 6.1010655,49.8876001,0 6.107535500000001,49.8969646,0 6.116468,49.8965743,0 6.108074000000001,49.8899344,0 6.1115814,49.8833527,0 6.1043319,49.87929449999999,0 6.1122102,49.87090239999999,0 6.1103404,49.8602065,0 6.1070472,49.85740760000001,0 6.1124548,49.8482079,0 6.129344700000001,49.84851110000001,0 6.152247,49.8634753,0 6.1648143,49.86789469999999,0 6.1940209,49.871561,0 6.207738900000001,49.8693661,0 6.2338212,49.8757474,0 6.2369023,49.87474869999999,0 6.241828499999999,49.8625754,0 6.2464466,49.86047229999999,0 6.268813700000001,49.8717547,0 6.2805014,49.8699938,0 6.2865505,49.875021,0 6.2912769,49.8746128,0 6.292181,49.8701839,0 6.296281800000001,49.8664455,0 6.3003216,49.8663425,0 6.3076038,49.8695965,0 6.311735199999999,49.8691311,0 6.314287199999999,49.8653164,0 6.313875200000001,49.86028859999999,0 6.322549799999999,49.8515148,0 6.3195133,49.8429699,0 6.3214245,49.8384533,0 6.327165600000001,49.8359394,0 6.330843,49.8363018,0 6.337415699999999,49.8395329,0 6.341077799999999,49.8484936,0 6.3499699,49.8503971,0 6.3639431,49.8507175,0 6.397493399999999,49.822073,0 6.408834500000001,49.81775470000001,0 6.425195699999999,49.8159237,0 6.4265728,49.8122349,0 6.4296436,49.810545,0 6.4413548,49.814188,0 6.4434032,49.8114071,0 6.4543324,49.8113575,0 6.463983500000001,49.81931879999999,0 6.4709873,49.8223248,0 6.4801655,49.8186131,0 6.484510399999999,49.8134518,0 6.488504399999999,49.8116665,0 6.4957066,49.8122349,0 6.505415000000001,49.8091373,0 6.510663999999999,49.80148119999999,0 6.516366999999999,49.8048458,0 6.5190907,49.8119526,0 6.5208721,49.8131008,0 6.5272274,49.8108234,0 6.530897099999999,49.8060093,0 6.5207043,49.7967663,0 6.507369799999999,49.7919464,0 6.5056095,49.7896366,0 6.507139200000001,49.7871113,0 6.516900999999999,49.7825794,0 6.510576200000001,49.77700610000001,0 6.509572999999999,49.77379800000001,0 6.5174427,49.76853369999999,0 6.5181522,49.7621059,0 6.514513,49.7586956,0 6.503858600000001,49.75527,0 6.500322299999999,49.7523823,0 6.5002422,49.7486553,0 6.5023518,49.7457867,0 6.5015812,49.7329845,0 6.505701099999999,49.7292042,0 6.517149,49.7234707,0 6.510953899999999,49.7212696,0 6.5028057,49.72691540000001,0 6.4954777,49.7260838,0 6.495454799999999,49.7232761,0 6.506094,49.71631429999999,0 6.50626640048876,49.71350343154231,0 
			</coordinates>
		</LineString>
	</Placemark>
	<Placemark id="Rivers.62">
		<name>a7be4b6f-Schwarzer_Regen</name>
		<LineString>
			<coordinates>
				12.831748,49.15910499999999,0 12.834946,49.1568838,0 12.8381401,49.13636770000001,0 12.8432666,49.1318601,0 12.8553691,49.1323289,0 12.8673343,49.127599,0 12.872782,49.12113680000001,0 12.8648163,49.1135249,0 12.8743853,49.1068802,0 12.874076,49.1004152,0 12.8805226,49.09822479999999,0 12.877458,49.0921476,0 12.8957727,49.0912708,0 12.896678,49.0873392,0 12.89083,49.0846861,0 12.8899403,49.0810318,0 12.904926,49.0718637,0 12.909574,49.0697302,0 12.9175632,49.0724556,0 12.9407136,49.06424140000001,0 12.9650715,49.0712697,0 12.9912458,49.069185,0 12.9999737,49.0730632,0 13.005674,49.0651563,0 13.0104884,49.0645219,0 13.0152352,49.0519396,0 12.9968783,49.0474779,0 12.9934765,49.0420306,0 13.0078603,49.0443469,0 13.0165001,49.03891029999999,0 13.0196561,49.0333437,0 13.0176158,49.0297728,0 13.0308562,49.035963,0 13.0393483,49.0340167,0 13.0397933,49.0300771,0 13.0451771,49.0304816,0 13.0592059,49.0190762,0 13.0629699,49.02257269999999,0 13.0692693,49.01780729999999,0 13.0808599,49.0236821,0 13.0886337,49.01454569999999,0 13.0986604,49.0120684,0 13.0937856,49.0069995,0 13.0971703,49.0001776,0 13.1045113,48.999538,0 13.1037089,48.993883,0 13.09802,48.989999,0 13.1064225,48.9822841,0 13.0994796,48.9762031,0 13.1066786,48.9670475,0 13.126741,48.9683846,0 13.1329668,48.97346390000001,0 13.1441798,48.9729861,0 13.1602692,48.9816816,0 13.15866,48.9922407,0 13.1676384,48.9927471,0 13.1699573,48.9994297,0 13.1821983,48.9963504,0 13.1885161,49.0054884,0 13.2028027,49.0078184,0 13.2062707,49.0119086,0 13.2181676,49.00937930000001,0 13.2270265,49.0130322,0 
			</coordinates>
		</LineString>
	</Placemark>
	<Placemark id="Rivers.63">
		<name>845c165a-Seseke</name>
		<LineString>
			<coordinates>
				7.5295379,51.6111679,0 7.5296334,51.6064905,0 7.5414526,51.6032242,0 7.5800265,51.60284800000001,0 7.5828705,51.5957863,0 7.6372553,51.586904,0 7.6729947,51.59215660000001,0 7.741884299999999,51.5852737,0 7.757490100000001,51.58864,0 7.7628216,51.5872236,0 7.7667438,51.58155669999999,0 7.7752809,51.5796226,0 7.7944559,51.5801646,0 7.802917500000001,51.5860733,0 7.8208382,51.5915477,0 7.8457106,51.5899666,0 7.8529118,51.5858794,0 7.8479936,51.5810196,0 7.8463412,51.5728818,0 7.8332439,51.5635632,0 7.8312757,51.5580422,0 
			</coordinates>
		</LineString>
	</Placemark>
	<Placemark id="Rivers.64">
		<name>d41393f2-Sieg</name>
		<LineString>
			<coordinates>
				8.2464855,50.9180724,0 8.2166389,50.9109114,0 8.213581700000001,50.9048625,0 8.1913804,50.89495190000001,0 8.181399600000001,50.88708,0 8.160743699999999,50.8835498,0 8.1490823,50.8848673,0 8.1420522,50.88171620000001,0 8.1252634,50.8887811,0 8.1144587,50.90544830000001,0 8.098293399999999,50.9131067,0 8.083921699999999,50.91314560000001,0 8.0682337,50.9084957,0 8.039315999999999,50.91465,0 8.036125999999999,50.9133411,0 8.035345,50.9026169,0 8.0233946,50.8932868,0 8.024755300000001,50.8796971,0 8.018466099999999,50.8739821,0 8.0037924,50.86937139999999,0 8.0078823,50.8585885,0 7.9881043,50.8504249,0 7.9836243,50.84393430000001,0 7.9845251,50.8350989,0 7.9800909,50.8353596,0 7.9787127,50.8411059,0 7.969386,50.8483863,0 7.9666822,50.8461766,0 7.96781,50.8387117,0 7.951695,50.83252710000001,0 7.949521200000001,50.8218029,0 7.934153000000001,50.81963679999999,0 7.9375608,50.81630990000001,0 7.9365002,50.8130596,0 7.9298159,50.8153263,0 7.9233781,50.8243052,0 7.9179735,50.8226463,0 7.9195933,50.8180655,0 7.915473500000001,50.8134855,0 7.909075200000001,50.8216902,0 7.903699700000001,50.82084009999999,0 7.903562699999999,50.8149328,0 7.899396100000001,50.81411880000001,0 7.888076300000001,50.81752379999999,0 7.8858018,50.8237053,0 7.8789254,50.8237821,0 7.8844982,50.8126872,0 7.8764892,50.80790090000001,0 7.884051199999999,50.8032167,0 7.8770507,50.7978933,0 7.877708299999999,50.7910595,0 7.871532,50.78938260000001,0 7.857829199999999,50.8005774,0 7.851195899999999,50.8020021,0 7.8420539,50.7936534,0 7.832416200000001,50.7911045,0 7.8350636,50.78152459999999,0 7.824873800000001,50.7846677,0 7.8305464,50.7931638,0 7.8220918,50.7999517,0 7.815487700000001,50.8014715,0 7.803862500000001,50.7961258,0 7.7985559,50.7989882,0 7.7968394,50.8040791,0 7.7915187,50.80495259999999,0 7.7868347,50.8014306,0 7.7938117,50.7910253,0 7.7926436,50.7855874,0 7.7830935,50.7848096,0 7.774352,50.7894757,0 7.753142499999999,50.789306,0 7.7520481,50.7869085,0 7.7575511,50.7816511,0 7.756389700000001,50.77786150000001,0 7.7484673,50.7777414,0 7.741594699999999,50.7840435,0 7.735583,50.7849877,0 7.722991,50.78090850000001,0 7.7176314,50.7839129,0 7.715500600000001,50.78162449999999,0 7.719645900000001,50.7761354,0 7.7047683,50.77582700000001,0 7.6887795,50.7835221,0 7.6822725,50.7820745,0 7.679675900000001,50.7763524,0 7.6681686,50.7865007,0 7.6620843,50.7861197,0 7.658723300000001,50.7847649,0 7.6627441,50.7726636,0 7.6561608,50.7697413,0 7.6409202,50.7746544,0 7.631043799999999,50.7735355,0 7.628286199999999,50.780741,0 7.618025399999999,50.78537070000001,0 7.6222873,50.7964676,0 7.6050784,50.7961029,0 7.607083800000001,50.8095181,0 7.6031686,50.81161569999999,0 7.5943664,50.8043529,0 7.589229,50.8055806,0 7.5857376,50.7999794,0 7.5764531,50.80182600000001,0 7.575934,50.79657630000001,0 7.5690554,50.7994796,0 7.556619200000001,50.79849719999999,0 7.556462800000001,50.80675729999999,0 7.5524039,50.8096623,0 7.5398521,50.8048697,0 7.5375544,50.79407629999999,0 7.515174,50.8020503,0 7.513146900000001,50.80020259999999,0 7.5187589,50.78788790000001,0 7.5163967,50.7813141,0 7.5045936,50.7776578,0 7.5230671,50.77216109999999,0 7.5274499,50.7603334,0 7.5216102,50.75792610000001,0 7.5094228,50.7586578,0 7.5018711,50.76687069999999,0 7.4755953,50.77150679999999,0 7.4664973,50.7763209,0 7.4564705,50.77309,0 7.434425600000001,50.779859,0 7.3986481,50.7734066,0 7.3998248,50.7626222,0 7.3952985,50.7607186,0 7.3817791,50.769974,0 7.382666,50.77528010000001,0 7.377604599999999,50.7786719,0 7.3636793,50.7761604,0 7.368485000000001,50.7673833,0 7.3648262,50.76516300000001,0 7.3480284,50.77118970000001,0 7.3449281,50.77586180000001,0 7.324083100000001,50.77229519999999,0 7.3129099,50.7824571,0 7.291364,50.7734558,0 7.2858091,50.776969,0 7.289229399999999,50.7845209,0 7.2613144,50.79793359999999,0 7.2440498,50.7903309,0 7.2318789,50.7915801,0 7.2193027,50.7797287,0 7.1996409,50.7900051,0 7.189079000000001,50.79144170000001,0 7.1759916,50.80050549999999,0 7.147207100000001,50.7956984,0 7.144264699999999,50.78740220000001,0 7.131948000000001,50.7837936,0 7.125422500000001,50.7743765,0 7.1104474,50.7700079,0 7.1039672,50.7620277,0 7.0734363,50.76808,0 
			</coordinates>
		</LineString>
	</Placemark>
	<Placemark id="Rivers.65">
		<name>fdcd08a7-Spree</name>
		<LineString>
			<coordinates>
				14.649588,51.0097083,0 14.6347167,51.0104782,0 14.620498,51.0049877,0 14.6032966,51.00461869999999,0 14.5958218,51.0091473,0 14.5824386,51.00863620000001,0 14.5820959,51.01327319999999,0 14.570307,51.0174275,0 14.5600145,51.0256354,0 14.5562122,51.0341688,0 14.5512506,51.0345191,0 14.5406491,51.0283468,0 14.5389613,51.0301802,0 14.5424801,51.03701960000001,0 14.5180042,51.0430524,0 14.5061246,51.04289560000001,0 14.5001883,51.04656030000001,0 14.487532,51.0432048,0 14.4765,51.04611309999999,0 14.4625243,51.04346870000001,0 14.44392,51.04555719999999,0 14.4364361,51.0512469,0 14.4397277,51.05603309999999,0 14.4341402,51.0584562,0 14.4350163,51.0658104,0 14.4299186,51.0719247,0 14.4365173,51.0804389,0 14.4271906,51.0833057,0 14.4334167,51.0876964,0 14.4278804,51.0893321,0 14.4313006,51.0946027,0 14.4411908,51.0929748,0 14.4481006,51.09972669999999,0 14.4479094,51.1065006,0 14.4563782,51.1101641,0 14.4438253,51.1179129,0 14.4375227,51.1177432,0 14.4379943,51.1242299,0 14.4118803,51.1280681,0 14.4098541,51.1330803,0 14.3988995,51.1386239,0 14.4006116,51.14159449999999,0 14.3941287,51.1424088,0 14.3928884,51.1464324,0 14.3822291,51.15034990000001,0 14.3889438,51.1553109,0 14.3870832,51.1587425,0 14.3940591,51.16060509999999,0 14.3951248,51.1657179,0 14.4103635,51.1642055,0 14.408679,51.1690401,0 14.4113173,51.1737965,0 14.4216128,51.1769834,0 14.4179193,51.1840067,0 14.4222846,51.18474499999999,0 14.4192818,51.187811,0 14.4249381,51.1882525,0 14.42328,51.1917933,0 14.4456057,51.19603130000001,0 14.4448142,51.2019584,0 14.4659801,51.21579,0 14.4725292,51.2159763,0 14.5073784,51.25284820000001,0 14.5145299,51.2533442,0 14.5193353,51.2607762,0 14.5266624,51.2615825,0 14.5342646,51.2704564,0 14.5571855,51.2751541,0 14.5660052,51.2815415,0 14.5615292,51.2846546,0 14.5633591,51.28625920000001,0 14.5581778,51.286831,0 14.5618956,51.29298349999999,0 14.5542949,51.3046221,0 14.5488352,51.3037371,0 14.554753,51.3096371,0 14.5424582,51.3100231,0 14.5434682,51.3127645,0 14.539631,51.3147619,0 14.5426831,51.31738210000001,0 14.5297525,51.323741,0 14.5345815,51.3276699,0 14.5208062,51.3371368,0 14.524039,51.3391721,0 14.520729,51.34419290000001,0 14.5282736,51.3505005,0 14.5160124,51.3529433,0 14.5182128,51.3544091,0 14.5137995,51.3677512,0 14.5086104,51.3703962,0 14.4990195,51.36743740000001,0 14.4906711,51.3698441,0 14.4984992,51.3867865,0 14.5088744,51.3909949,0 14.5174182,51.4013617,0 14.5275632,51.40262509999999,0 14.5222812,51.4052388,0 14.5169781,51.4139521,0 14.520687,51.4202012,0 14.5263555,51.4227592,0 14.523126,51.42517320000001,0 14.523858,51.42985830000001,0 14.5153438,51.4331489,0 14.5150923,51.44130060000001,0 14.5041664,51.45559949999999,0 14.4919807,51.46205260000001,0 14.4880369,51.4681391,0 14.4607446,51.4799184,0 14.458296,51.4864485,0 14.4229832,51.49628659999999,0 14.4178846,51.4946908,0 14.4048675,51.5037257,0 14.4065464,51.5143523,0 14.3973426,51.5302714,0 14.3858649,51.5344121,0 14.3886572,51.5431994,0 14.387831,51.5575297,0 14.3671142,51.5809499,0 14.3667666,51.58509119999999,0 14.3720924,51.5898294,0 14.3864618,51.5960554,0 14.384194,51.6051313,0 14.3912428,51.61052829999999,0 14.3889758,51.6182577,0 14.3932153,51.61978250000001,0 14.3932027,51.6344231,0 14.3896806,51.6589825,0 14.3976503,51.6659653,0 14.4067463,51.6650636,0 14.4101676,51.6709223,0 14.4061057,51.68519799999999,0 14.4012124,51.6900551,0 14.3797557,51.6954678,0 14.3728384,51.7015029,0 14.3772977,51.7079816,0 14.3574298,51.7159089,0 14.3513753,51.727326,0 14.3570107,51.73652180000001,0 14.3438223,51.74275359999999,0 14.3458038,51.7496649,0 14.3420247,51.7526764,0 14.3388264,51.7658611,0 14.3546617,51.7683434,0 14.3579915,51.7801523,0 14.3701501,51.7845541,0 14.3588177,51.79731869999999,0 14.3595894,51.8053558,0 14.3532375,51.8179431,0 14.3545564,51.82138609999999,0 14.3469068,51.83453169999999,0 14.332427,51.8466761,0 14.3172813,51.84731909999999,0 14.3092273,51.8511411,0 14.2906249,51.8449855,0 14.2652976,51.84639200000001,0 14.234126,51.8403382,0 14.2104571,51.8420116,0 14.1868455,51.83703,0 14.1484517,51.8372379,0 14.14015,51.8424076,0 14.1210897,51.8460106,0 14.103493,51.8435107,0 14.0824691,51.8354194,0 14.0668351,51.8399563,0 14.0378259,51.85765500000001,0 13.9919032,51.859238,0 13.9789049,51.86729369999999,0 13.9719893,51.8681233,0 13.9727286,51.8748025,0 13.9628222,51.8838348,0 13.9373138,51.8934401,0 13.9144258,51.9203949,0 13.9156972,51.9235408,0 13.9115222,51.9286643,0 13.9036855,51.9313142,0 13.8941629,51.94063320000001,0 13.8973379,51.9451589,0 13.8947265,51.9477579,0 13.8958725,51.9571241,0 13.899996,51.961019,0 13.8951651,51.9666611,0 13.8951305,51.9727307,0 13.8886556,51.978978,0 13.8930409,51.9831842,0 13.89222,51.9872912,0 13.883348,51.991213,0 13.8734178,52.0092394,0 13.8741863,52.01499820000001,0 13.8895854,52.0277043,0 13.8871665,52.03577540000001,0 13.8943594,52.05276369999999,0 13.8845187,52.06405740000001,0 13.8774525,52.088009,0 13.8900036,52.0984447,0 13.9242796,52.1177148,0 13.9392951,52.12189540000001,0 13.9673511,52.1144671,0 13.9780639,52.11919439999999,0 13.9937681,52.1204213,0 14.0051099,52.1175569,0 14.0098966,52.1104898,0 14.0281094,52.1106305,0 14.0507113,52.1191637,0 14.0623994,52.11799259999999,0 14.0668595,52.1122909,0 14.0639571,52.1061774,0 14.0658253,52.1039657,0 14.0792373,52.1027902,0 14.1061383,52.1089952,0 14.1407639,52.1008754,0 14.1643388,52.08521810000001,0 14.1930041,52.0855219,0 14.1983818,52.0914186,0 14.1977893,52.0964876,0 14.193606,52.0996942,0 14.2111569,52.1070742,0 14.2047563,52.1216027,0 14.2077016,52.12855,0 14.2245199,52.1426781,0 14.221614,52.1510693,0 14.2333045,52.15489729999999,0 14.2459335,52.1669841,0 14.2538664,52.16913769999999,0 14.2570001,52.1757196,0 14.2683074,52.1808144,0 14.2656962,52.1852545,0 14.2760077,52.20329720000001,0 14.2761457,52.207739,0 14.271624,52.2096866,0 14.2761178,52.2137874,0 14.2722909,52.2205762,0 14.2770309,52.22414989999999,0 14.2637801,52.23949260000001,0 14.2638305,52.2452434,0 14.2550745,52.2487864,0 14.2612064,52.25676239999999,0 14.2802005,52.2573268,0 14.2863679,52.2605935,0 14.2701402,52.26820499999999,0 14.2735426,52.2725444,0 14.2678086,52.2762309,0 14.2701889,52.2794023,0 14.2681529,52.2821272,0 14.2756577,52.2838451,0 14.2816524,52.29318500000001,0 14.2741371,52.29698250000001,0 14.2580445,52.29466349999999,0 14.2524795,52.2996611,0 14.242416,52.2952879,0 14.2394979,52.289488,0 14.2328817,52.2899044,0 14.2307981,52.3013019,0 14.2264681,52.3042484,0 14.2047935,52.30637610000001,0 14.1874874,52.3198877,0 14.170728,52.32697459999999,0 14.1583139,52.341816,0 14.144047,52.34745989999999,0 14.1184042,52.3470101,0 14.076662,52.3520992,0 14.0578334,52.3562796,0 14.0493485,52.36344680000001,0 13.9987171,52.3669003,0 13.996985,52.3748647,0 13.9783118,52.37465839999999,0 13.9601327,52.3796045,0 13.9482453,52.38512649999999,0 13.9472325,52.3882696,0 13.9336026,52.3876463,0 13.9334487,52.39392759999999,0 13.9221353,52.3895057,0 13.914175,52.39992969999999,0 13.9081447,52.3978306,0 13.9076485,52.3936323,0 13.8982411,52.3938637,0 13.8925044,52.3899931,0 13.8959572,52.3872913,0 13.8903392,52.38164789999999,0 13.8852949,52.3819008,0 13.885251,52.3782921,0 13.8799324,52.3815117,0 13.8809872,52.3746681,0 13.8753986,52.3766747,0 13.8655302,52.370174,0 13.8548416,52.36858939999999,0 13.8387199,52.3562205,0 13.817237,52.358365,0 13.8038844,52.3684154,0 13.7942198,52.3693902,0 13.795121,52.3737292,0 13.7882117,52.3827359,0 13.781573,52.3826511,0 13.7647012,52.3914628,0 13.7447925,52.3912417,0 13.7475362,52.3963796,0 13.7442237,52.4009166,0 13.745812,52.404376,0 13.7295752,52.4158212,0 13.7351375,52.4218111,0 13.7219862,52.4207187,0 13.7140023,52.4258682,0 13.6833926,52.42912299999999,0 13.6739571,52.4352202,0 13.6179661,52.444172,0 13.6026192,52.4493402,0 13.5821272,52.4465123,0 13.5699525,52.44924779999999,0 13.5636177,52.4543142,0 13.539724,52.4563809,0 13.5255882,52.45381079999999,0 13.5030687,52.4641674,0 13.4958469,52.4734491,0 13.4962722,52.4812627,0 13.4924036,52.4875971,0 13.4797976,52.488576,0 13.4226498,52.5125934,0 13.4070379,52.5151272,0 13.3990601,52.52138179999999,0 13.3891755,52.5223109,0 13.3795705,52.519178,0 13.371581,52.5230399,0 13.3570788,52.51726229999999,0 13.3426204,52.52284680000001,0 13.3326866,52.51692139999999,0 13.3242917,52.52486460000001,0 13.3161518,52.520132,0 13.2981411,52.5222996,0 13.2932992,52.53069870000001,0 13.2516099,52.5274629,0 13.2316447,52.5343011,0 13.2072617,52.5356042,0 
			</coordinates>
		</LineString>
	</Placemark>
	<Placemark id="Rivers.66">
		<name>be58c950-Trave</name>
		<LineString>
			<coordinates>
				10.5978262,54.0519937,0 10.5896339,54.05059399999999,0 10.5646274,54.0549992,0 10.556363,54.05369569999999,0 10.558215,54.04734440000001,0 10.5532372,54.0473678,0 10.5510512,54.0504133,0 10.5177991,54.05429890000001,0 10.5097432,54.0423474,0 10.5118432,54.0284599,0 10.4796596,54.0179633,0 10.4647558,54.0223405,0 10.4554036,54.0201904,0 10.4587877,54.0182207,0 10.4530296,54.0139447,0 10.4688895,54.0036465,0 10.4479891,53.9863411,0 10.4089312,53.9755161,0 10.3909166,53.9753675,0 10.3764373,53.9827797,0 10.3689021,53.9808158,0 10.36413,53.9749569,0 10.3490524,53.9767075,0 10.3472205,53.9747703,0 10.3497568,53.9732152,0 10.3457281,53.9717339,0 10.3344225,53.9687132,0 10.3248173,53.9703289,0 10.3187585,53.9666819,0 10.3117633,53.97069410000001,0 10.3047385,53.9682471,0 10.2899682,53.9734112,0 10.2842653,53.9713884,0 10.280337,53.9549255,0 10.2855655,53.9524852,0 10.2858182,53.9464237,0 10.2926223,53.9386608,0 10.2803877,53.9309306,0 10.2877533,53.9236254,0 10.2868517,53.9184599,0 10.2986124,53.91976420000001,0 10.3029825,53.91569699999999,0 10.3018881,53.907551,0 10.3074657,53.9056721,0 10.3021376,53.90424850000001,0 10.3035511,53.9000956,0 10.3101391,53.8969806,0 10.3167688,53.88739690000001,0 10.3267067,53.8833349,0 10.3289832,53.8767389,0 10.3261279,53.8745238,0 10.3307596,53.87220970000001,0 10.3204263,53.8697345,0 10.3174313,53.8647655,0 10.3174284,53.8507263,0 10.3245275,53.8453747,0 10.3213382,53.8436036,0 10.3215079,53.8381158,0 10.329959,53.8292302,0 10.3420671,53.82649139999999,0 10.3421772,53.8215108,0 10.3728217,53.8128813,0 10.3700941,53.8102596,0 10.3724801,53.80872430000001,0 10.3940644,53.8137781,0 10.4043424,53.8143083,0 10.4092535,53.8109923,0 10.421696,53.815044,0 10.4259564,53.8132256,0 10.4470219,53.8203334,0 10.4562199,53.8176559,0 10.4755618,53.8193153,0 10.4880102,53.8137015,0 10.4870253,53.8086837,0 10.490193,53.80751289999999,0 10.5078317,53.8059161,0 10.5158715,53.8110189,0 10.5342338,53.8101471,0 10.5572026,53.8213085,0 10.5546519,53.8270888,0 10.5646307,53.8304306,0 10.5663232,53.8353872,0 10.6054746,53.83954989999999,0 10.6288579,53.8499298,0 10.6607006,53.84560820000001,0 10.6889013,53.85772910000001,0 10.6972639,53.8689761,0 10.6896181,53.87554,0 10.6900421,53.88099800000001,0 10.7014538,53.88868,0 10.7014615,53.9001974,0 10.7128813,53.90531120000001,0 10.7483527,53.90881420000001,0 10.7576507,53.9078211,0 10.7865688,53.8955866,0 10.812006,53.89465370000001,0 10.8276808,53.89741639999999,0 10.8675384,53.9160931,0 10.8712291,53.9202128,0 10.8703708,53.9309274,0 10.8605862,53.9468677,0 10.8639335,53.95255019999999,0 10.883624,53.95967859999999,0 
			</coordinates>
		</LineString>
	</Placemark>
	<Placemark id="Rivers.67">
		<name>5a94b86f-Unstrut</name>
		<LineString>
			<coordinates>
				10.2764618,51.3162279,0 10.2951162,51.3121245,0 10.3096835,51.31542610000001,0 10.3325647,51.3123685,0 10.3471393,51.30434290000001,0 10.3526728,51.295863,0 10.3727003,51.288653,0 10.3769649,51.284336,0 10.4016585,51.27963820000001,0 10.4123009,51.2741543,0 10.4346439,51.2721964,0 10.446649,51.26339720000001,0 10.4550656,51.26435969999999,0 10.4601307,51.2581693,0 10.4710974,51.25938109999999,0 10.4728315,51.25732909999999,0 10.466507,51.2520413,0 10.4651745,51.24930510000001,0 10.4679169,51.24758010000001,0 10.4651827,51.2428092,0 10.4463159,51.23321420000001,0 10.4455363,51.2266547,0 10.4498737,51.22467710000001,0 10.4524345,51.2163894,0 10.4678345,51.2119127,0 10.4951502,51.2122141,0 10.5058162,51.2058645,0 10.5259321,51.2001983,0 10.529163,51.1977948,0 10.5268199,51.1911242,0 10.529737,51.18393649999999,0 10.5263037,51.1784552,0 10.5342308,51.1667709,0 10.5608944,51.1621378,0 10.570888,51.1641312,0 10.5876176,51.1585648,0 10.6003674,51.1502658,0 10.6147302,51.1460459,0 10.6251476,51.1362434,0 10.6600463,51.1294324,0 10.6715987,51.11816269999999,0 10.7070519,51.1066694,0 10.7260853,51.1075728,0 10.7337905,51.111857,0 10.7616826,51.106148,0 10.7698848,51.1100664,0 10.7700992,51.1170326,0 10.773277,51.11890320000001,0 10.794587,51.1100267,0 10.802868,51.1192476,0 10.814806,51.12317869999999,0 10.8447197,51.1215445,0 10.884951,51.1281949,0 10.9009396,51.1250179,0 10.9197966,51.1285599,0 10.9293812,51.1265758,0 10.9568905,51.141537,0 10.9736142,51.1450411,0 10.9821855,51.152097,0 11.0042146,51.156589,0 11.0296701,51.15367169999999,0 11.0423217,51.1451682,0 11.0689012,51.1411541,0 11.1091347,51.14768429999999,0 11.1119912,51.1519316,0 11.1094971,51.15655350000001,0 11.11036,51.168034,0 11.1231568,51.17650129999999,0 11.1259764,51.1836187,0 11.1249173,51.1920804,0 11.138552,51.2003344,0 11.1422405,51.2076587,0 11.1249149,51.228646,0 11.1129418,51.234286,0 11.1138959,51.2395877,0 11.1268543,51.2488001,0 11.1478448,51.25628750000001,0 11.1647649,51.268861,0 11.1752311,51.281902,0 11.1661383,51.2895857,0 11.1678081,51.2961329,0 11.1810619,51.30262079999999,0 11.1823059,51.3122044,0 11.213121,51.32316650000001,0 11.2186294,51.3324583,0 11.2321896,51.341936,0 11.2477142,51.3465072,0 11.2534909,51.35962030000001,0 11.2616433,51.3618949,0 11.2722823,51.3589153,0 11.2850329,51.3621579,0 11.2985342,51.35758779999999,0 11.3015381,51.3611395,0 11.3071321,51.36069190000001,0 11.3226954,51.35108339999999,0 11.3244024,51.3441124,0 11.3410387,51.33085,0 11.3729263,51.3201528,0 11.396099,51.3029352,0 11.4183019,51.29723319999999,0 11.4569422,51.2770411,0 11.4801357,51.2730564,0 11.4839615,51.26709569999999,0 11.5002553,51.2678429,0 11.5165252,51.2762524,0 11.5239512,51.27509480000001,0 11.5336862,51.268033,0 11.5676298,51.2762309,0 11.5722205,51.2806951,0 11.5735213,51.2884733,0 11.5673579,51.2948135,0 11.5728233,51.29764520000001,0 11.5883371,51.29808250000001,0 11.6087338,51.2855273,0 11.6357809,51.2869525,0 11.6452228,51.28248979999999,0 11.6512829,51.27456979999999,0 11.6471538,51.2690394,0 11.6290944,51.2627488,0 11.6282413,51.2527622,0 11.634315,51.24482620000001,0 11.6482023,51.2427948,0 11.6641347,51.2529375,0 11.6723872,51.2537989,0 11.6821974,51.2436607,0 11.6799813,51.2362666,0 11.6708926,51.2325137,0 11.6729409,51.2277425,0 11.6991913,51.2258666,0 11.7029419,51.2225266,0 11.7025113,51.2155877,0 11.7267421,51.20964570000001,0 11.7374209,51.20888170000001,0 11.7523636,51.2135904,0 11.7687205,51.2100522,0 11.7744139,51.2036366,0 11.7771285,51.191697,0 11.7876737,51.1862935,0 11.7888362,51.1786804,0 11.8022735,51.1759085,0 
			</coordinates>
		</LineString>
	</Placemark>
	<Placemark id="Rivers.68">
		<name>574f9ce3-Weisse_Elster</name>
		<LineString>
			<coordinates>
				12.2712763,50.19772,0 12.2428059,50.2100358,0 12.2387511,50.21518289999999,0 12.2396248,50.2208438,0 12.233635,50.2239756,0 12.2316809,50.2306276,0 12.2369072,50.2352754,0 12.2246031,50.24810089999999,0 12.2269158,50.2562559,0 12.2431134,50.2607128,0 12.2422886,50.2649094,0 12.2485411,50.2691981,0 12.2373859,50.2784981,0 12.244867,50.2931338,0 12.2551679,50.3010078,0 12.2536581,50.310073,0 12.2592849,50.3270281,0 12.2518083,50.33879049999999,0 12.2385362,50.3451309,0 12.2353859,50.3502178,0 12.225479,50.3524408,0 12.2219242,50.3640859,0 12.2143789,50.36526569999999,0 12.2133874,50.3685806,0 12.2012781,50.3746555,0 12.1907754,50.3903622,0 12.1855575,50.3929048,0 12.1854068,50.3996456,0 12.1703948,50.412283,0 12.1636818,50.4125952,0 12.1548286,50.4185132,0 12.1217361,50.4221431,0 12.1077092,50.4287211,0 12.0798412,50.42523589999999,0 12.0491765,50.4351898,0 12.0722206,50.4590128,0 12.0766659,50.4705296,0 12.0970986,50.4763266,0 12.103644,50.4838217,0 12.1133035,50.4811139,0 12.1209763,50.4870072,0 12.1468837,50.4933028,0 12.1567203,50.503392,0 12.1550324,50.51096540000001,0 12.1677079,50.5159323,0 12.1634362,50.5215868,0 12.1701293,50.5263817,0 12.1673854,50.53118610000001,0 12.1737929,50.5352534,0 12.1718527,50.538328,0 12.1670538,50.5377181,0 12.169578,50.5413126,0 12.1682948,50.551735,0 12.1581074,50.5619084,0 12.1662546,50.5670709,0 12.1588009,50.5709667,0 12.1574363,50.5773163,0 12.1610203,50.57992490000001,0 12.1579328,50.5833283,0 12.1628533,50.58560079999999,0 12.1677981,50.59778630000001,0 12.1589488,50.6041218,0 12.1742486,50.6084288,0 12.1652361,50.6144295,0 12.1767949,50.6252989,0 12.183183,50.6274264,0 12.1787903,50.633255,0 12.194527,50.6343514,0 12.1911885,50.6389055,0 12.198316,50.6429921,0 12.2013778,50.6523271,0 12.1904868,50.6587249,0 12.1936353,50.6714119,0 12.1782363,50.6793996,0 12.1879442,50.69269,0 12.1836395,50.6940901,0 12.180692,50.68942530000001,0 12.1742117,50.69020939999999,0 12.1752274,50.7020751,0 12.1645165,50.7037228,0 12.1670517,50.7106157,0 12.1596915,50.7155319,0 12.1666273,50.7168503,0 12.1689145,50.7212724,0 12.1604446,50.7231881,0 12.1542058,50.7172637,0 12.1529535,50.7203526,0 12.1577518,50.72787450000001,0 12.1479519,50.7337126,0 12.153972,50.7408842,0 12.1403847,50.7410726,0 12.1402158,50.7439901,0 12.1538746,50.747726,0 12.1575622,50.7516026,0 12.1448528,50.7510063,0 12.1429398,50.75729380000001,0 12.1338572,50.7581053,0 12.1285217,50.76345490000001,0 12.1007297,50.7693906,0 12.1012996,50.7736079,0 12.1082063,50.77529249999999,0 12.1034472,50.7803649,0 12.1044301,50.78713880000001,0 12.0923452,50.79257749999999,0 12.0893884,50.7958606,0 12.0924315,50.8003006,0 12.0897269,50.8050161,0 12.0797157,50.80777119999999,0 12.0752753,50.8133828,0 12.0837728,50.820623,0 12.0774834,50.83600750000001,0 12.0836865,50.84797950000001,0 12.0781852,50.85225849999999,0 12.0788891,50.8655987,0 12.065043,50.8799914,0 12.0653618,50.8943192,0 12.0552309,50.9066114,0 12.0184888,50.92880610000001,0 12.0136139,50.93534020000001,0 12.0139909,50.9430722,0 11.9972527,50.951383,0 11.9928731,50.9589104,0 11.9955278,50.9634427,0 11.993715,50.9694416,0 11.9843156,50.9735481,0 11.9855661,50.9797011,0 11.9934274,50.9807082,0 11.9943483,50.9882537,0 11.9910162,50.9902554,0 11.9953137,50.9918442,0 11.991756,50.99392129999999,0 11.9937035,50.9984316,0 12.004752,51.0035772,0 12.0178914,51.0018769,0 12.0282162,51.01017629999999,0 12.0283979,51.01644589999999,0 12.0431067,51.0186013,0 12.0516432,51.0258236,0 12.0653446,51.02593790000001,0 12.0768618,51.0308072,0 12.1005233,51.0313306,0 12.1043385,51.04163250000001,0 12.120913,51.05495650000001,0 12.1501108,51.0564795,0 12.1566825,51.0612432,0 12.1666857,51.0628835,0 12.1704377,51.0711334,0 12.1607826,51.0773141,0 12.1802467,51.0879881,0 12.1829999,51.0971258,0 12.190002,51.097833,0 12.1942321,51.1019826,0 12.2032887,51.0986903,0 12.2068557,51.1017768,0 12.2049228,51.1046065,0 12.2086817,51.10458899999999,0 12.2055503,51.10910990000001,0 12.2097232,51.1106401,0 12.213735,51.1073998,0 12.2116629,51.1109931,0 12.2156304,51.1096242,0 12.2192823,51.11320500000001,0 12.2129407,51.1146281,0 12.2131852,51.1175452,0 12.218035,51.11662890000001,0 12.2164194,51.11931429999999,0 12.2261782,51.1255443,0 12.2351692,51.1234089,0 12.2344503,51.1306895,0 12.2490375,51.13432470000001,0 12.2504145,51.1399789,0 12.262804,51.15426720000001,0 12.2582528,51.1633733,0 12.2613326,51.1663064,0 12.2599665,51.1695487,0 12.2689886,51.1787678,0 12.2958458,51.18553779999999,0 12.304931,51.202416,0 12.2992969,51.2084244,0 12.277149,51.21652170000001,0 12.2664548,51.2291077,0 12.2666375,51.2362916,0 12.2836895,51.25383889999999,0 12.3119121,51.2600739,0 12.3128481,51.2668174,0 12.3199922,51.27237539999999,0 12.320014,51.27958470000001,0 12.3269451,51.2825538,0 12.3219833,51.285816,0 12.3313191,51.29111170000001,0 12.3318385,51.30028039999999,0 12.3389897,51.30039020000001,0 12.342983,51.30687290000001,0 12.3375312,51.3227085,0 12.3480042,51.33021400000001,0 12.3497935,51.33500739999999,0 12.3390974,51.3542275,0 12.3413743,51.3645673,0 12.3269849,51.3719644,0 12.2786998,51.3776902,0 12.2685519,51.3832309,0 12.2479007,51.38217900000001,0 12.2419805,51.3881363,0 12.2295757,51.3894774,0 12.22818,51.39220599999999,0 12.2197697,51.38700979999999,0 12.1988148,51.3918639,0 12.1866573,51.3827354,0 12.1807401,51.381972,0 12.1585112,51.3877831,0 12.1394929,51.38340929999999,0 12.1229639,51.39125409999999,0 12.0932068,51.3889151,0 12.0683868,51.3907207,0 12.0260116,51.4018545,0 12.0238044,51.4077171,0 11.9946913,51.42119810000001,0 11.9897402,51.4186625,0 11.972908,51.4296666,0 11.9651567,51.42743879999999,0 11.9524207,51.4327578,0 
			</coordinates>
		</LineString>
	</Placemark>
	<Placemark id="Rivers.69">
		<name>1e7834ce-Weisser_Regen</name>
		<LineString>
			<coordinates>
				13.1198173,49.12852969999999,0 13.1190842,49.15499509999999,0 13.100107,49.1616703,0 13.0936889,49.17071150000001,0 13.0690855,49.180372,0 13.0590479,49.1904592,0 13.0231847,49.1919271,0 13.0023563,49.2001793,0 12.9619193,49.2023574,0 12.9482584,49.2078874,0 12.9292413,49.2051689,0 12.8858386,49.2082426,0 12.8769181,49.2052199,0 12.8674919,49.1950753,0 12.8696119,49.1900631,0 12.8614692,49.18435860000001,0 12.8647787,49.1803403,0 12.8579939,49.17566000000001,0 12.8587579,49.17178520000001,0 12.8492206,49.16854800000001,0 12.8384997,49.1732251,0 12.8315893,49.1640161,0 12.831748,49.15910499999999,0 
			</coordinates>
		</LineString>
	</Placemark>
	<Placemark id="Rivers.70">
		<name>4b8ec22b-Westoder</name>
		<LineString>
			<coordinates>
				14.5925034,53.5964347,0 14.597016,53.5831557,0 14.5991623,53.5585956,0 14.6242074,53.5447243,0 14.6301974,53.5381303,0 14.6333812,53.51364610000001,0 14.6161754,53.4821344,0 14.5874427,53.44934039999999,0 14.5830671,53.43791329999999,0 14.5477094,53.4131466,0 14.5503035,53.4021085,0 14.545256,53.3914645,0 14.5344284,53.38170740000001,0 14.5309482,53.37020589999999,0 14.510478,53.3574898,0 14.499908,53.34736259999999,0 14.496473,53.3362841,0 14.4800617,53.32736,0 14.4669532,53.313422,0 14.4626305,53.30007340000001,0 14.4442165,53.273281,0 14.4493492,53.2646998,0 14.4489188,53.25907060000001,0 14.435082,53.2483355,0 14.4305278,53.2391186,0 14.4094315,53.2239066,0 14.404364,53.2094883,0 14.3767937,53.20021349999999,0 14.3670728,53.1696579,0 14.372242,53.1558356,0 14.3873927,53.14198140000001,0 
			</coordinates>
		</LineString>
	</Placemark>
	<Placemark id="Rivers.71">
		<name>ed5dfb51-Wupper</name>
		<LineString>
			<coordinates>
				7.4171342,51.11874150000001,0 7.4066782,51.1235564,0 7.3878724,51.1169563,0 7.3800669,51.1228399,0 7.365596599999999,51.1244554,0 7.359130999999999,51.12933149999999,0 7.350547700000001,51.1306892,0 7.3472599,51.13893170000001,0 7.3529264,51.1411141,0 7.352119300000001,51.14652800000001,0 7.341643499999999,51.1550644,0 7.3287486,51.15592079999999,0 7.3275967,51.1604475,0 7.331184500000001,51.1637373,0 7.3254615,51.1635381,0 7.3219907,51.16943149999999,0 7.314496600000001,51.1704742,0 7.319930800000001,51.1782601,0 7.327888700000001,51.180089,0 7.315618100000001,51.1803911,0 7.3154689,51.1768752,0 7.3125688,51.1771352,0 7.307147500000001,51.1796574,0 7.3074346,51.18668999999999,0 7.300179300000001,51.18669750000001,0 7.3068381,51.1940403,0 7.2994894,51.2005727,0 7.3065855,51.2045078,0 7.302357,51.2085109,0 7.3124263,51.20873040000001,0 7.3073109,51.2114305,0 7.3091533,51.21574110000001,0 7.303907100000001,51.221574,0 7.311433999999999,51.22435659999999,0 7.315399,51.2199553,0 7.3181426,51.2219107,0 7.317408399999999,51.2264268,0 7.322319199999999,51.2266037,0 7.3189789,51.2351908,0 7.308757399999999,51.237607,0 7.2965721,51.2476112,0 7.3064646,51.2517915,0 7.2834413,51.2497607,0 7.2738571,51.25970689999999,0 7.269540699999999,51.25304789999999,0 7.2587772,51.2555344,0 7.236874499999999,51.2545092,0 7.2302132,51.2580793,0 7.235857599999999,51.2670628,0 7.2333609,51.2699504,0 7.224402,51.2746063,0 7.2092267,51.273767,0 7.1902923,51.2672256,0 7.1795546,51.2669848,0 7.1568357,51.2547187,0 7.1513614,51.2568352,0 7.1240976,51.2481696,0 7.1089404,51.2479173,0 7.1036082,51.2431466,0 7.1027999,51.2370678,0 7.0906142,51.2364317,0 7.097318300000001,51.2306615,0 7.110469100000001,51.2265414,0 7.1057563,51.221393,0 7.1048654,51.2147942,0 7.1077325,51.2111029,0 7.1036585,51.20625780000001,0 7.107883900000001,51.20243730000001,0 7.106562699999999,51.1957136,0 7.113937600000001,51.1874856,0 7.1136696,51.1840559,0 7.1256779,51.18261010000001,0 7.1217565,51.1765148,0 7.12837,51.1742517,0 7.133355899999999,51.1663339,0 7.1386903,51.16402389999999,0 7.131016699999999,51.1582027,0 7.1360624,51.1566115,0 7.1344811,51.14943749999999,0 7.1383484,51.14748370000001,0 7.141547299999999,51.1390032,0 7.1490862,51.1354736,0 7.138744000000001,51.1328958,0 7.1312445,51.13857969999999,0 7.1237264,51.1397252,0 7.1233643,51.1351294,0 7.119931000000001,51.1334362,0 7.097673900000001,51.1384954,0 7.095270099999999,51.1334466,0 7.0826119,51.138219,0 7.075077,51.1352933,0 7.0773837,51.1279731,0 7.0744171,51.12609230000001,0 7.062311000000001,51.1274067,0 7.0565416,51.1250264,0 7.043292700000001,51.1322232,0 7.021080700000001,51.1288431,0 7.0087908,51.12336460000001,0 7.012654199999999,51.1178763,0 7.008710699999999,51.1140854,0 7.0155064,51.1018883,0 7.0136001,51.0954001,0 7.022839,51.08578120000001,0 7.011766499999999,51.08169890000001,0 7.0035739,51.0848252,0 7.0015921,51.08257820000001,0 7.0042378,51.0781737,0 7.0008948,51.0746536,0 6.983949,51.06655709999999,0 6.9774996,51.05996,0 6.9645453,51.0583811,0 6.9678911,51.0531529,0 6.961746900000001,51.0492218,0 6.9456457,51.0448737,0 6.9365663,51.0457414,0 
			</coordinates>
		</LineString>
	</Placemark>
	<Placemark id="Rivers.72">
		<name>09b7f6a4-Zschopau</name>
		<LineString>
			<coordinates>
				13.0517796,51.1296168,0 13.0499482,51.1256065,0 13.0156564,51.1209786,0 13.0182978,51.1178247,0 13.0418295,51.1169091,0 13.0446443,51.1142545,0 13.0431981,51.1065363,0 13.0252429,51.1027292,0 13.0231057,51.0949443,0 13.0272558,51.08867889999999,0 13.0153045,51.0824666,0 13.0280479,51.07736510000001,0 13.0213821,51.0713519,0 13.0204829,51.0535701,0 13.0138637,51.0500142,0 13.0201291,51.0417269,0 13.0153552,51.0420465,0 13.0139942,51.03463249999999,0 13.0019097,51.0347672,0 13.0021833,51.0301707,0 12.9828126,51.0293499,0 12.9799741,51.0188952,0 12.9832503,51.0113472,0 12.9804049,51.0072433,0 12.989007,51.0071621,0 12.9835375,51.0013982,0 12.9929798,50.9993261,0 12.9949428,51.0043561,0 13.0085634,51.0025977,0 13.0048335,50.9974515,0 13.0109558,50.99179529999999,0 12.9919403,50.9849196,0 13.0006336,50.98035190000001,0 13.0001776,50.9762147,0 13.0065453,50.9699187,0 12.9934813,50.95729200000001,0 13.0029933,50.9582869,0 13.0028942,50.9521003,0 12.9986577,50.9464066,0 13.0123427,50.944451,0 13.0123536,50.9377565,0 13.0284616,50.93172640000001,0 13.0324469,50.9260187,0 13.0258666,50.9111335,0 13.0122416,50.8998464,0 13.0125184,50.8961577,0 13.0235523,50.888296,0 13.0071549,50.8792274,0 13.0133922,50.8735131,0 13.033083,50.8747278,0 13.0424673,50.8718616,0 13.0804807,50.8460197,0 13.0730448,50.8394638,0 13.0823319,50.8319969,0 13.0829066,50.8190005,0 13.071939,50.8140636,0 13.0697726,50.8095916,0 13.0854133,50.802665,0 13.0681998,50.7921996,0 13.0775246,50.78529,0 13.0878166,50.7831984,0 13.085062,50.77872169999999,0 13.0885469,50.7764906,0 13.0874612,50.7726715,0 13.0933174,50.77090880000001,0 13.0907964,50.7670517,0 13.0940635,50.7634612,0 13.0874305,50.7581542,0 13.0920071,50.7538749,0 13.0829214,50.7517658,0 13.0874411,50.7486175,0 13.0836351,50.7436767,0 13.0770903,50.74107059999999,0 13.0734725,50.74475249999999,0 13.0620726,50.7427381,0 13.0623875,50.7352124,0 13.0544523,50.73071280000001,0 13.0601042,50.7278269,0 13.0550367,50.7239105,0 13.0593737,50.7220564,0 13.0615621,50.7145212,0 13.0553751,50.71307110000001,0 13.0565916,50.7065674,0 13.0478874,50.7032696,0 13.0504179,50.70085409999999,0 13.0527031,50.7045797,0 13.0591874,50.70061810000001,0 13.0625374,50.6937708,0 13.0528897,50.6869068,0 13.0576654,50.67353090000001,0 13.0662008,50.670302,0 13.0560191,50.66766639999999,0 13.0616082,50.6640865,0 13.0570461,50.6596809,0 13.0620792,50.6571982,0 13.0601951,50.65394439999999,0 13.0672304,50.6520509,0 13.0672234,50.6485483,0 13.0616176,50.6450433,0 13.068053,50.6430674,0 13.0700192,50.6380906,0 13.0680115,50.6319508,0 13.0566858,50.63024990000001,0 13.0611098,50.6241072,0 13.0558624,50.6247027,0 13.0500729,50.6196917,0 13.0391375,50.6235582,0 13.039814,50.6181605,0 13.0364355,50.6164118,0 13.0320956,50.618102,0 13.0335511,50.6223812,0 13.0283778,50.6189234,0 13.0202683,50.6190348,0 13.0229672,50.6161254,0 13.0219421,50.6101053,0 13.0027687,50.6128463,0 12.993951,50.6047539,0 12.9870423,50.6065192,0 12.9805638,50.6032336,0 12.9619666,50.6104444,0 12.9489162,50.6059186,0 12.9509313,50.5992635,0 12.9469459,50.5972854,0 12.9458297,50.5812621,0 12.9484734,50.5758593,0 12.9447183,50.57255540000001,0 12.9621718,50.551542,0 12.9589776,50.5475362,0 12.9609357,50.5439569,0 12.945521,50.5373607,0 12.9463391,50.5328286,0 12.9429702,50.5288048,0 12.9466478,50.5182585,0 12.935452,50.5079234,0 12.9459078,50.4905661,0 12.9369621,50.4843638,0 12.9321341,50.4704354,0 12.9446925,50.44138599999999,0 12.9531847,50.43501920000001,0 
			</coordinates>
		</LineString>
	</Placemark>
	<Placemark id="Rivers.73">
		<name>7a6b9c03-Zwickauer_Mulde</name>
		<LineString>
			<coordinates>
				12.4033139,50.4113138,0 12.4005469,50.4228258,0 12.4030473,50.42795890000001,0 12.4228933,50.44446570000001,0 12.4379067,50.4498835,0 12.4386799,50.4534359,0 12.4759897,50.450701,0 12.4893357,50.458068,0 12.493889,50.46651249999999,0 12.501519,50.469021,0 12.504786,50.464996,0 12.5094225,50.4660317,0 12.5087487,50.469031,0 12.5139624,50.4695507,0 12.5161962,50.4745328,0 12.5100128,50.4789918,0 12.5197009,50.48264360000001,0 12.5304157,50.4802047,0 12.5342878,50.4842338,0 12.5416972,50.4836505,0 12.5462878,50.4894882,0 12.542857,50.494061,0 12.5493536,50.4964592,0 12.5538535,50.50348000000001,0 12.5730216,50.5038127,0 12.5670826,50.50768000000001,0 12.5689798,50.5116361,0 12.5894354,50.5147122,0 12.5902571,50.52830139999999,0 12.5955493,50.53030680000001,0 12.6059024,50.5296663,0 12.6047553,50.52579609999999,0 12.6137476,50.5179818,0 12.635951,50.5158514,0 12.6352034,50.5222199,0 12.6418369,50.5223991,0 12.6588392,50.54262420000001,0 12.669105,50.5467726,0 12.6714985,50.5550366,0 12.6796188,50.55670049999999,0 12.6826117,50.55150019999999,0 12.6849034,50.5566967,0 12.6902213,50.5583576,0 12.6923284,50.56966449999999,0 12.6884691,50.57156410000001,0 12.6905813,50.5754446,0 12.6868039,50.57979819999999,0 12.6961453,50.5810263,0 12.7020361,50.5883958,0 12.6920209,50.5949995,0 12.6949808,50.6084799,0 12.6901671,50.61384829999999,0 12.6936547,50.6187007,0 12.6857783,50.6166822,0 12.6768997,50.6211508,0 12.6815493,50.6267163,0 12.6873187,50.62534290000001,0 12.6883937,50.62749419999999,0 12.67898,50.63177,0 12.679515,50.6356099,0 12.6689244,50.637089,0 12.6643833,50.64185090000001,0 12.6636346,50.6513548,0 12.6415378,50.6509977,0 12.6330429,50.64342520000001,0 12.6287452,50.6458282,0 12.6271246,50.65375179999999,0 12.6219553,50.6544262,0 12.6140517,50.6460016,0 12.6013326,50.6456487,0 12.5875029,50.6513613,0 12.5692215,50.6517731,0 12.5610122,50.656705,0 12.559553,50.6620204,0 12.5540574,50.6659457,0 12.5491722,50.6663301,0 12.5443295,50.6602441,0 12.5324115,50.67196280000001,0 12.5047481,50.6776945,0 12.4955226,50.68822509999999,0 12.4942863,50.6940914,0 12.5061618,50.70883060000001,0 12.5016588,50.71413789999999,0 12.5028829,50.7218114,0 12.4977037,50.7265302,0 12.4990598,50.7382363,0 12.4904767,50.74206740000001,0 12.4945098,50.7490724,0 12.4797979,50.757225,0 12.4780822,50.7624785,0 12.4835325,50.7669658,0 12.4792356,50.7714051,0 12.4856085,50.7733914,0 12.4836102,50.7761612,0 12.4870515,50.7777912,0 12.4864963,50.78168509999999,0 12.4951363,50.7846028,0 12.4997576,50.781384,0 12.5049685,50.7848233,0 12.5112829,50.7916136,0 12.5044545,50.7971791,0 12.5075082,50.7994906,0 12.5125012,50.7976233,0 12.5091785,50.8028434,0 12.5148054,50.80445349999999,0 12.515211,50.8079784,0 12.5105758,50.80982649999999,0 12.5169059,50.8113058,0 12.5157281,50.8151824,0 12.5244257,50.812635,0 12.5389729,50.8222082,0 12.5409901,50.82994570000001,0 12.5504965,50.8347481,0 12.5448509,50.83819890000001,0 12.546138,50.84217089999999,0 12.555919,50.8400738,0 12.5587013,50.8429516,0 12.5558472,50.8506433,0 12.5701044,50.8535147,0 12.5794679,50.8599359,0 12.5916051,50.8609313,0 12.5849408,50.8653633,0 12.589588,50.8684551,0 12.6239105,50.8755171,0 12.6236984,50.882789,0 12.6288669,50.88716529999999,0 12.6254471,50.8908525,0 12.6288553,50.8929427,0 12.6335003,50.8914993,0 12.6484847,50.89539389999999,0 12.6590848,50.9016822,0 12.662206,50.8994888,0 12.6653257,50.90249110000001,0 12.679449,50.9015398,0 12.6730265,50.9088125,0 12.6746252,50.9122471,0 12.6882505,50.9179165,0 12.6874007,50.92978200000001,0 12.69895,50.931001,0 12.7077422,50.9359267,0 12.7214129,50.92731380000001,0 12.7264187,50.93176620000001,0 12.7439327,50.9329186,0 12.7557714,50.9386117,0 12.7520272,50.9416983,0 12.7618346,50.9454676,0 12.7620869,50.9424909,0 12.7749023,50.9445498,0 12.772886,50.9502877,0 12.7553397,50.9546725,0 12.7580727,50.9584616,0 12.757002,50.9657217,0 12.7630256,50.9707043,0 12.7591245,50.9770772,0 12.7672822,50.9798429,0 12.7743856,50.98757510000001,0 12.7733759,50.9989087,0 12.7658601,51.0089313,0 12.7774721,51.0061771,0 12.7832482,51.0087311,0 12.7750178,51.0165619,0 12.7957417,51.0232802,0 12.7888768,51.03430789999999,0 12.7902003,51.0423067,0 12.7940248,51.0448552,0 12.8018231,51.0423945,0 12.8097894,51.0453686,0 12.8118635,51.0498027,0 12.8017029,51.0513496,0 12.7973744,51.06039,0 12.7863888,51.0664015,0 12.7938455,51.0753801,0 12.8018179,51.0787632,0 12.8022971,51.0877422,0 12.8115198,51.0910569,0 12.8028526,51.0988284,0 12.8148237,51.1130854,0 12.7994852,51.1270804,0 12.805612,51.1335769,0 12.7971291,51.13946159999999,0 12.7955548,51.1478907,0 12.7865793,51.1436824,0 12.78401,51.1452168,0 12.7880677,51.152682,0 12.7980016,51.1605594,0 
			</coordinates>
		</LineString>
	</Placemark>
	<Placemark id="Rivers.74">
		<name>d7e07dfc-Werra</name>
		<LineString>
			<coordinates>
				10.9679738888889,50.50203194444439,0 10.964275,50.5000111111111,0 10.9645538888889,50.49772888888889,0 10.9602230555556,50.49299694444439,0 10.9618130555556,50.4911180555555,0 10.9721819444444,50.4885438888889,0 10.9757161111111,50.4862338888889,0 10.9736169444444,50.4792030555556,0 10.9761830555556,50.47731611111109,0 10.97647,50.4754480555556,0 10.9747861111111,50.4727669444444,0 10.9705080555556,50.4705230555556,0 10.9691588888889,50.4682538888889,0 10.9702638888889,50.45870805555559,0 10.96755,50.4533411111111,0 10.9622680555556,50.4496538888889,0 10.9508230555556,50.4468461111111,0 10.9455680555556,50.4444011111111,0 10.9341780555556,50.4442861111111,0 10.9219238888889,50.4371538888889,0 10.9135680555556,50.4364269444444,0 10.9100230555556,50.4351088888889,0 10.90714,50.432945,0 10.8993880555556,50.421795,0 10.8937969444444,50.41847388888889,0 10.8834530555556,50.41615111111109,0 10.8804069444444,50.413155,0 10.8725261111111,50.40930000000001,0 10.8589719444444,50.41096,0 10.846145,50.4151130555555,0 10.8422588888889,50.41713388888891,0 10.8389861111111,50.4216869444444,0 10.83268,50.42187805555551,0 10.8186838888889,50.4140411111111,0 10.8058488888889,50.41134,0 10.8011580555556,50.4120230555555,0 10.7913038888889,50.416095,0 10.7737661111111,50.418935,0 10.75795,50.4165411111111,0 10.7534319444444,50.41681111111111,0 10.7438388888889,50.4218369444444,0 10.7325511111111,50.42303,0 10.71549,50.42955888888891,0 10.712875,50.4310969444444,0 10.7094519444444,50.4374438888889,0 10.7064688888889,50.4396238888889,0 10.6985869444444,50.44205805555551,0 10.6959780555556,50.44407611111109,0 10.6884011111111,50.44558305555551,0 10.6791511111111,50.4521580555556,0 10.67713,50.456045,0 10.673295,50.4575788888889,0 10.6633719444444,50.458865,0 10.661735,50.45849611111111,0 10.6613819444444,50.4545288888889,0 10.6589711111111,50.4518019444444,0 10.6542169444444,50.4513561111111,0 10.6509738888889,50.4527919444444,0 10.6432388888889,50.46219111111111,0 10.64973,50.4701869444444,0 10.6506561111111,50.4727338888889,0 10.6496438888889,50.4747238888889,0 10.6430211111111,50.478825,0 10.6342711111111,50.479345,0 10.6299961111111,50.48154194444449,0 10.6302730555556,50.48416,0 10.6357488888889,50.4866869444445,0 10.6365019444444,50.4896530555556,0 10.6260919444444,50.4912761111111,0 10.6266061111111,50.4945069444444,0 10.6148230555556,50.5016130555555,0 10.60322,50.5135188888889,0 10.5989061111111,50.5158088888889,0 10.5889438888889,50.51751,0 10.585505,50.5172380555556,0 10.5801030555556,50.51443611111111,0 10.5699811111111,50.5136611111111,0 10.5623738888889,50.5226061111111,0 10.5537669444444,50.52949305555549,0 10.5475288888889,50.52841000000001,0 10.53347,50.5306188888889,0 10.5130261111111,50.5314119444444,0 10.5025780555556,50.5307161111111,0 10.496985,50.5291311111111,0 10.4877938888889,50.5307788888889,0 10.4654730555556,50.5267461111111,0 10.4439580555556,50.5266238888889,0 10.4329269444444,50.53280999999999,0 10.4219669444444,50.5342530555555,0 10.4093130555556,50.54073111111111,0 10.40706,50.54271888888891,0 10.407145,50.5449869444444,0 10.4101561111111,50.5481511111111,0 10.4115561111111,50.552435,0 10.4116319444444,50.5610961111111,0 10.4150330555556,50.56411888888891,0 10.4115169444444,50.57028388888891,0 10.4125811111111,50.5731669444444,0 10.4157838888889,50.5757130555556,0 10.4156119444444,50.5783119444445,0 10.411245,50.58360611111111,0 10.4103719444444,50.5876919444444,0 10.4105561111111,50.5939180555556,0 10.4090730555556,50.59507805555559,0 10.4085761111111,50.59771888888889,0 10.4106819444444,50.6008461111111,0 10.399985,50.61065694444441,0 10.3984,50.6152819444444,0 10.3927038888889,50.61769305555551,0 10.3864180555556,50.61816694444439,0 10.37702,50.6208380555556,0 10.3710188888889,50.6261361111111,0 10.3717888888889,50.63302,0 10.3784361111111,50.64343305555549,0 10.3760511111111,50.64583194444451,0 10.3679411111111,50.6621230555556,0 10.3641261111111,50.66699388888891,0 10.3603361111111,50.66861388888889,0 10.3488111111111,50.67009611111111,0 10.3461680555556,50.6727561111111,0 10.3449311111111,50.67694,0 10.3544061111111,50.684255,0 10.3549261111111,50.6908169444444,0 10.3530388888889,50.6929130555555,0 10.3477319444444,50.6955811111111,0 10.34701,50.6982038888889,0 10.351215,50.70336805555561,0 10.3520061111111,50.7072238888889,0 10.3505038888889,50.7099619444444,0 10.3505280555556,50.71317694444449,0 10.3520630555556,50.7148611111111,0 10.358545,50.71628805555561,0 10.3602669444444,50.7188769444445,0 10.3618338888889,50.73131000000001,0 10.3509630555556,50.7373238888889,0 10.3455361111111,50.7416811111111,0 10.3418111111111,50.7531869444444,0 10.3434011111111,50.75567805555549,0 10.3389311111111,50.75953,0 10.3280461111111,50.7623219444444,0 10.3160980555556,50.7632269444444,0 10.3099011111111,50.76718305555559,0 10.3064919444444,50.77438,0 10.30685,50.7770530555555,0 10.302535,50.78453499999999,0 10.2956161111111,50.79033305555549,0 10.29522,50.7988138888889,0 10.2929988888889,50.8035638888889,0 10.287355,50.8065555555555,0 10.2856380555556,50.809155,0 10.2835969444444,50.8101088888889,0 10.2764330555556,50.81004000000001,0 10.2677238888889,50.8142438888889,0 10.2560619444444,50.81539194444439,0 10.2493780555556,50.8184688888889,0 10.2428930555556,50.8180511111111,0 10.2342361111111,50.81992388888891,0 10.22809,50.8191588888889,0 10.2200438888889,50.8204261111111,0 10.21205,50.8183269444444,0 10.20721,50.8194569444444,0 10.2040888888889,50.82364694444439,0 10.1905119444444,50.8247911111111,0 10.1873069444444,50.8292911111111,0 10.1672488888889,50.83523,0 10.162345,50.83821305555559,0 10.1628361111111,50.8420519444444,0 10.1597,50.84335,0 10.1386511111111,50.8366480555555,0 10.1240361111111,50.82915888888889,0 10.12069,50.8288611111111,0 10.117145,50.8305469444444,0 10.1106530555556,50.8396,0 10.1081461111111,50.8409069444444,0 10.0951030555556,50.8397969444445,0 10.0873280555556,50.843685,0 10.0838461111111,50.8439038888889,0 10.0632911111111,50.84163,0 10.0531411111111,50.8371061111111,0 10.0255580555556,50.8321980555555,0 10.0128630555556,50.83742,0 10.0081130555556,50.8412238888889,0 9.988176111111111,50.8447611111111,0 9.96313888888889,50.85265805555561,0 9.96156694444444,50.85382194444441,0 9.96211111111111,50.8564961111111,0 9.959988888888891,50.8620169444445,0 9.96271888888889,50.8646319444444,0 9.96558805555556,50.8648480555555,0 9.976586111111111,50.863945,0 9.981299999999999,50.86153,0 9.98826694444444,50.8623511111111,0 9.99188694444444,50.8608419444444,0 9.99538388888889,50.86166111111109,0 9.99709194444444,50.863645,0 9.995861111111109,50.8717119444444,0 9.99715888888889,50.8783538888889,0 9.995654999999999,50.88353888888891,0 9.996611944444441,50.885005,0 10.0035830555556,50.88604,0 10.0050180555556,50.887205,0 10.0046769444444,50.89225194444441,0 10.0094611111111,50.89395888888891,0 10.0118619444444,50.8999911111111,0 10.0191730555556,50.9077088888889,0 10.0199580555556,50.91357,0 10.0165788888889,50.92013194444441,0 10.0174,50.92177111111109,0 10.0204930555556,50.92317500000001,0 10.0298811111111,50.93190499999999,0 10.0333019444444,50.9327669444444,0 10.037065,50.9326788888889,0 10.0489638888889,50.9288361111111,0 10.0501269444444,50.9295261111111,0 10.0506119444444,50.9353480555555,0 10.0520669444444,50.9368919444444,0 10.0592388888889,50.9407361111111,0 10.0669761111111,50.9419388888889,0 10.069545,50.9434788888889,0 10.0707119444444,50.9470238888889,0 10.0701761111111,50.95607888888889,0 10.0746530555556,50.96458611111111,0 10.0886811111111,50.970395,0 10.0933988888889,50.97432194444441,0 10.10365,50.9791838888889,0 10.1061019444444,50.98161,0 10.1057788888889,50.986225,0 10.1032461111111,50.9902061111111,0 10.1057019444444,50.9939030555556,0 10.1043080555556,50.99983888888891,0 10.1064630555556,51.0054238888889,0 10.1125988888889,51.0117769444444,0 10.12252,51.0130388888889,0 10.1255180555556,51.0124569444444,0 10.1342530555556,51.00593500000001,0 10.1318611111111,51.0041269444444,0 10.1326430555556,50.9993088888889,0 10.140895,50.995985,0 10.1511088888889,50.9943161111111,0 10.1701838888889,51.0022661111111,0 10.1728788888889,51.0015888888889,0 10.1723119444444,50.99910000000001,0 10.1731930555556,50.99848388888891,0 10.1786980555556,50.9995519444444,0 10.181425,50.9985888888889,0 10.1856169444444,51.0002811111111,0 10.19733,50.99675,0 10.2081380555556,50.9980919444444,0 10.2128480555556,50.99976388888889,0 10.21393,51.0028511111111,0 10.2134369444444,51.0062930555556,0 10.2150969444444,51.00797,0 10.2302430555556,51.0116219444444,0 10.2362580555556,51.0196130555556,0 10.235405,51.02681694444441,0 10.2312438888889,51.0340269444444,0 10.2212330555556,51.0417280555556,0 10.2202269444444,51.04413111111109,0 10.2217588888889,51.0452480555556,0 10.2338711111111,51.0504261111111,0 10.2393438888889,51.05081500000001,0 10.2453161111111,51.04944305555561,0 10.2497780555556,51.0511138888889,0 10.2538619444444,51.0533461111111,0 10.2542611111111,51.0563861111111,0 10.25276,51.06119,0 10.2558230555556,51.0627038888889,0 10.25799,51.06334,0 10.2693011111111,51.0606730555556,0 10.2735030555556,51.0610638888889,0 10.2751561111111,51.0629580555556,0 10.271365,51.06736694444439,0 10.26877,51.0725730555556,0 10.2695738888889,51.0740111111111,0 10.27372,51.0757019444444,0 10.2811219444444,51.0763338888889,0 10.2917711111111,51.0746580555556,0 10.3087011111111,51.079965,0 10.318895,51.0815880555556,0 10.3340138888889,51.0820861111111,0 10.3367338888889,51.0841280555556,0 10.3362730555556,51.08637888888891,0 10.3319911111111,51.0883919444444,0 10.3082,51.0883069444444,0 10.29965,51.0949788888889,0 10.2838669444444,51.0908180555556,0 10.2808461111111,51.091125,0 10.2742611111111,51.0943911111111,0 10.2741919444444,51.0961911111111,0 10.27587,51.0973380555556,0 10.2881488888889,51.1011580555556,0 10.29238,51.1030969444444,0 10.2953430555556,51.10599,0 10.296075,51.10838805555559,0 10.29388,51.1136938888889,0 10.29023,51.11570305555549,0 10.2856169444444,51.1163738888889,0 10.2784488888889,51.1160419444444,0 10.2747780555556,51.1145,0 10.2690269444444,51.1139638888889,0 10.253825,51.11469694444439,0 10.2525569444444,51.11575,0 10.2514669444444,51.12025305555561,0 10.2464661111111,51.1229930555555,0 10.2484969444444,51.13053888888891,0 10.2391230555556,51.1351088888889,0 10.2325111111111,51.1348219444444,0 10.2250138888889,51.13283694444441,0 10.2156188888889,51.13340388888891,0 10.2127419444444,51.13115999999999,0 10.2092438888889,51.1256161111111,0 10.2067719444444,51.12477000000001,0 10.1930861111111,51.1272430555555,0 10.1860788888889,51.127305,0 10.1821030555556,51.12886111111109,0 10.177815,51.13206805555559,0 10.1770288888889,51.13481888888891,0 10.1801761111111,51.13834305555561,0 10.1768419444444,51.1482988888889,0 10.1729061111111,51.152615,0 10.1638419444444,51.15802805555549,0 10.1645669444444,51.16007694444439,0 10.1702419444444,51.16472,0 10.1655030555556,51.1767061111111,0 10.165365,51.18260694444451,0 10.1629111111111,51.1875611111111,0 10.1542611111111,51.1928519444444,0 10.14557,51.1932130555556,0 10.137665,51.1900230555555,0 10.1178011111111,51.18654388888889,0 10.0967288888889,51.1917130555555,0 10.060925,51.19258694444441,0 10.0509211111111,51.1963519444444,0 10.0455011111111,51.199605,0 10.0419938888889,51.20250611111111,0 10.0401630555556,51.2065069444444,0 10.032055,51.2129288888889,0 10.0285461111111,51.21423,0 10.0198488888889,51.2135319444444,0 10.0139461111111,51.2150830555556,0 10.0089988888889,51.2148330555556,0 10.0022169444444,51.21808388888891,0 9.992083888888891,51.2193330555555,0 9.99048694444445,51.2222830555556,0 10.0061288888889,51.2357138888889,0 10.0055711111111,51.2379638888889,0 10.0015,51.2392638888889,0 9.996869999999999,51.23911388888891,0 9.98824888888889,51.2370630555556,0 9.98377805555555,51.2400630555556,0 9.98505388888889,51.24531305555561,0 10.0021,51.2523280555556,0 10.0131588888889,51.2526830555556,0 10.0165130555556,51.2557330555555,0 10.015955,51.25873305555551,0 10.01396,51.2622830555555,0 10.011085,51.2642338888889,0 10.0067419444444,51.2648630555556,0 9.99607,51.2634338888889,0 9.98281111111111,51.2650830555556,0 9.979595,51.2662380555556,0 9.970745000000001,51.2737811111111,0 9.96632611111111,51.2810169444444,0 9.969939999999999,51.2860480555555,0 9.97425888888889,51.28862694444441,0 9.976016111111109,51.292525,0 9.972205000000001,51.29553,0 9.969036111111111,51.3013761111111,0 9.96381694444444,51.3041288888889,0 9.957884999999999,51.3057930555556,0 9.94602388888889,51.30519111111109,0 9.94034111111111,51.3080180555556,0 9.94064,51.3101869444444,0 9.94874305555556,51.31776805555559,0 9.94888388888889,51.3193280555556,0 9.94730194444444,51.3208311111111,0 9.943965,51.3224430555555,0 9.94011805555556,51.32262,0 9.931823055555549,51.3144638888889,0 9.92648194444444,51.3138369444444,0 9.920348055555561,51.31815305555551,0 9.913426944444449,51.3261430555556,0 9.91043,51.3268769444444,0 9.89826305555555,51.3193838888889,0 9.89299388888889,51.318265,0 9.88850305555555,51.31954388888889,0 9.88194,51.32287888888889,0 9.880368055555561,51.3248369444445,0 9.87928111111111,51.331785,0 9.873876944444451,51.33528,0 9.880710000000001,51.33844999999999,0 9.88177388888889,51.3402330555556,0 9.871013888888889,51.3499319444445,0 9.86459888888889,51.34952388888891,0 9.85798111111111,51.34604194444441,0 9.848358055555559,51.346075,0 9.84365,51.3471369444444,0 9.84264888888889,51.3480269444444,0 9.84591611111111,51.35146111111111,0 9.84273611111111,51.3550119444445,0 9.830533055555559,51.355075,0 9.81847,51.3589330555555,0 9.79437305555556,51.37736111111111,0 9.79264694444444,51.3804319444444,0 9.793060000000001,51.3839069444444,0 9.787265,51.38746,0 9.760261944444441,51.3874080555555,0 9.73658194444444,51.392445,0 9.72894611111111,51.39265,0 9.72685111111111,51.39343194444439,0 9.724853888888889,51.3969169444444,0 9.72397,51.40154694444441,0 9.72009305555556,51.4052619444444,0 9.714811111111111,51.40533888888889,0 9.704353055555551,51.4112819444444,0 9.696288055555559,51.4111280555555,0 9.689196944444451,51.4093719444444,0 9.685404999999999,51.4106538888889,0 9.67916194444444,51.4153588888889,0 9.671793055555559,51.417655,0 9.64784744288008,51.4215571325221,0 
			</coordinates>
		</LineString>
	</Placemark>
	<Placemark id="Rivers.75">
		<name>237ca381-Main-Donau-Kanal</name>
		<LineString>
			<coordinates>
				10.828838,49.9143803,0 10.8464729,49.90778160000001,0 10.8596817,49.9071642,0 10.877515,49.9028504,0 10.9027985,49.8888391,0 10.9160093,49.8697245,0 10.9874913,49.8128132,0 11.0025116,49.8056475,0 11.0258204,49.7716917,0 11.0446435,49.7501166,0 11.0515877,49.7365937,0 11.0536386,49.73060819999999,0 11.0505654,49.7179794,0 11.0534737,49.7015408,0 11.0470039,49.6919094,0 11.0370179,49.6846869,0 11.0212946,49.6682681,0 11.0099036,49.6506112,0 10.9901652,49.6354838,0 10.9790736,49.6221444,0 10.972738,49.6112602,0 10.9691554,49.5385807,0 10.9581167,49.5231474,0 10.9592551,49.511319,0 10.9569639,49.50473089999999,0 10.9440757,49.4933928,0 10.9429153,49.4791652,0 10.9517068,49.4693863,0 10.9816643,49.4538226,0 10.9960835,49.4485792,0 11.0079804,49.4339568,0 11.0568838,49.415611,0 11.0693531,49.4053804,0 11.0600543,49.3698364,0 11.061089,49.3604029,0 11.0796153,49.3410386,0 11.0892871,49.31180620000001,0 11.1397245,49.26851409999999,0 11.1510064,49.2274667,0 11.1764778,49.2110861,0 11.202069,49.1987639,0 11.3080189,49.1819063,0 11.3463586,49.1659813,0 11.393034,49.1612958,0 11.4167976,49.1619687,0 11.4350182,49.15337830000001,0 11.4429202,49.1420387,0 11.437186,49.113331,0 11.4377871,49.0989333,0 11.4490791,49.0859519,0 11.4588988,49.0690114,0 11.465593,49.0469851,0 11.4758202,49.0405882,0 11.5004472,49.0409701,0 11.5273601,49.0345101,0 11.5589071,49.0332773,0 11.5804709,49.0272195,0 11.5989183,49.015935,0 11.6226648,49.006675,0 11.6310164,48.9931814,0 11.6322228,48.98666179999999,0 11.6365579,48.9808661,0 11.6470017,48.9760598,0 11.6594499,48.9757114,0 11.6674624,48.9796557,0 11.6737609,48.9895326,0 11.6832442,48.9917231,0 11.6933427,48.9870794,0 11.6931614,48.9788454,0 11.6842158,48.9720951,0 11.6824673,48.96574059999999,0 11.6904257,48.959614,0 11.7316811,48.9514418,0 11.7520178,48.9404852,0 11.7807259,48.9382627,0 11.7989296,48.9252097,0 11.8583822,48.92374119999999,0 11.8743338,48.9203794,0 11.8878357,48.9107488,0 11.9101884,48.9105699,0 
			</coordinates>
		</LineString>
	</Placemark>
	<Placemark id="Rivers.76">
		<name>58215296-Elbe-Seitenkanal</name>
		<LineString>
			<coordinates>
				10.4988644,53.3738613,0 10.5021183,53.36735,0 10.5026966,53.3619397,0 10.4907663,53.3082073,0 10.485376,53.2613356,0 10.4887787,53.2338618,0 10.5033433,53.1838164,0 10.5105832,53.1760147,0 10.5352527,53.1638254,0 10.5551224,53.1488216,0 10.5745237,53.1289301,0 10.5807186,53.1055352,0 10.601305,53.08180059999999,0 10.6032298,53.07206620000001,0 10.599046,53.0564667,0 10.5919601,53.04351869999999,0 10.5725711,53.01552089999999,0 10.5679561,53.0001169,0 10.5694673,52.9918292,0 10.5827721,52.9722064,0 10.6143305,52.9125103,0 10.6171456,52.9041188,0 10.6273595,52.8872751,0 10.6559212,52.8696399,0 10.6627293,52.8600671,0 10.6767682,52.7945483,0 10.6627952,52.71428689999999,0 10.6461563,52.6524786,0 10.6473367,52.6440646,0 10.6737107,52.6229296,0 10.6803952,52.61069860000001,0 10.6763045,52.5780112,0 10.6650465,52.56256270000001,0 10.6607366,52.5540342,0 10.6573084,52.5290967,0 10.6760476,52.49862029999999,0 10.675474,52.488227,0 10.6645989,52.4738145,0 10.6580731,52.4681043,0 10.6094668,52.4374834,0 10.6053501,52.4297591,0 10.6062092,52.4212385,0 10.6214362,52.408126,0 
			</coordinates>
		</LineString>
	</Placemark>
	<Placemark id="Rivers.77">
		<name>96b4d3ba-Dortmund-Ems-Kanal</name>
		<LineString>
			<coordinates>
				7.296318611744841,51.5965487235848,0 7.3268376,51.622261,0 7.3662961,51.6618637,0 7.386288800000001,51.67448880000001,0 7.3986478,51.68571969999999,0 7.4283093,51.7276366,0 7.4315001,51.734861,0 7.426125,51.7577142,0 7.4034986,51.7893502,0 7.4031968,51.8002714,0 7.4344187,51.83487949999999,0 7.4718808,51.8488618,0 7.5099023,51.8558222,0 7.5620455,51.8719225,0 7.5943696,51.8872554,0 7.631649600000001,51.8907633,0 7.655261700000001,51.89004809999999,0 7.6614415,51.8953768,0 7.6599652,51.9010809,0 7.6380863,51.9359995,0 7.6394811,51.942015,0 7.6644501,51.96121479999999,0 7.6608622,51.9843599,0 7.6597966,52.0068688,0 7.6698384,52.0340064,0 7.6786606,52.0405386,0 7.6804291,52.04448429999999,0 7.6815343,52.0439699,0 7.679476499999999,52.04147179999999,0 7.6877545,52.0504343,0 7.696293599999999,52.0880333,0 7.7098465,52.1088028,0 7.7083238,52.13110069999999,0 7.7133197,52.15107149999999,0 7.6792076,52.21644580000001,0 7.671373400000001,52.2419657,0 7.660205,52.24845240000001,0 7.6376785,52.25419290000001,0 7.6185643,52.2707464,0 7.6047386,52.2768453,0 7.542965899999999,52.28281940000001,0 7.4766535,52.3047652,0 7.4118584,52.3680415,0 7.3736114,52.41064449999999,0 7.3573823,52.420241,0 7.3546383,52.43343400000001,0 7.3483184,52.4487817,0 7.339302700000001,52.4540859,0 7.3280797,52.45691900000001,0 7.3222297,52.4631525,0 7.3087119,52.4692867,0 7.3030363,52.4739086,0 7.296776299999999,52.4840873,0 7.2958348,52.4947219,0 7.3132135,52.5104037,0 7.3091741,52.5184198,0 7.307238899999999,52.5278267,0 7.2964251,52.5386393,0 7.2941741,52.5429771,0 7.2946979,52.5548089,0 7.3000056,52.5601132,0 7.3018972,52.56459270000001,0 7.3090182,52.5690857,0 7.311134400000001,52.5769292,0 7.3041567,52.66862010000001,0 7.3054027,52.6781324,0 7.2956514,52.6918961,0 7.291042,52.6957055,0 
			</coordinates>
		</LineString>
	</Placemark>
</Document>
</kml>
