<?xml version="1.0" encoding="UTF-8"?>
<kml xmlns="http://www.opengis.net/kml/2.2" xmlns:gx="http://www.google.com/kml/ext/2.2" xmlns:kml="http://www.opengis.net/kml/2.2" xmlns:atom="http://www.w3.org/2005/Atom">
<Document id="root_doc">
	<name>Urban_Areas</name>
	<open>1</open>
	<atom:link rel="app" href="https://www.google.com/earth/about/versions/#earth-pro" title="Google Earth Pro 7.3.6.10201"></atom:link>
	<Placemark>
		<name>01955bd7-655b-71e5-a1c1-5b3881543455</name>
		<Style>
			<LineStyle>
				<color>ff0000ff</color>
			</LineStyle>
			<PolyStyle>
				<fill>0</fill>
			</PolyStyle>
		</Style>
		<Polygon>
			<outerBoundaryIs>
				<LinearRing>
					<coordinates>
						5.76543351461243,50.9375265986441,0 5.765764577598151,50.9374428755892,0 5.76555969525725,50.9373939425116,0 5.76543351461243,50.9375265986441,0 
					</coordinates>
				</LinearRing>
			</outerBoundaryIs>
		</Polygon>
	</Placemark>
	<Placemark>
		<name>01955bd7-655b-7b19-a6a8-15f5866c2dc9</name>
		<Style>
			<LineStyle>
				<color>ff0000ff</color>
			</LineStyle>
			<PolyStyle>
				<fill>0</fill>
			</PolyStyle>
		</Style>
		<Polygon>
			<outerBoundaryIs>
				<LinearRing>
					<coordinates>
						6.16626115766401,50.7339039704803,0 6.18546258767361,50.7327734932794,0 6.19117094362933,50.7266561449917,0 6.16770824609246,50.7239597540888,0 6.16626115766401,50.7339039704803,0 
					</coordinates>
				</LinearRing>
			</outerBoundaryIs>
		</Polygon>
	</Placemark>
	<Placemark>
		<name>01955bd7-655b-7cf9-bf4c-0b1344fd093c</name>
		<Style>
			<LineStyle>
				<color>ff0000ff</color>
			</LineStyle>
			<PolyStyle>
				<fill>0</fill>
			</PolyStyle>
		</Style>
		<Polygon>
			<outerBoundaryIs>
				<LinearRing>
					<coordinates>
						6.16372633321097,50.7223249329429,0 6.165835369625249,50.7152470012531,0 6.11311364598552,50.7099597966316,0 6.1136085991415,50.7194276699485,0 6.13756028234233,50.7217932057275,0 6.13923232864088,50.7278593497084,0 6.12814165782632,50.726035824478,0 6.126038891729049,50.7299773699155,0 6.131971582699999,50.7346041376371,0 6.16372633321097,50.7223249329429,0 
					</coordinates>
				</LinearRing>
			</outerBoundaryIs>
		</Polygon>
	</Placemark>
	<Placemark>
		<name>01955bd7-655b-72eb-a9f0-14c10e59b5c1</name>
		<Style>
			<LineStyle>
				<color>ff0000ff</color>
			</LineStyle>
			<PolyStyle>
				<fill>0</fill>
			</PolyStyle>
		</Style>
		<Polygon>
			<outerBoundaryIs>
				<LinearRing>
					<coordinates>
						6.17313301721749,50.7114660530055,0 6.19353891087416,50.71416146134469,0 6.2025805782006,50.709541804466,0 6.18548381352098,50.7056834324604,0 6.18250702373859,50.6943278042037,0 6.16653916252687,50.7040932537478,0 6.17313301721749,50.7114660530055,0 
					</coordinates>
				</LinearRing>
			</outerBoundaryIs>
		</Polygon>
	</Placemark>
	<Placemark>
		<name>01955bd7-655b-7629-887f-93970cefaab0</name>
		<Style>
			<LineStyle>
				<color>ff0000ff</color>
			</LineStyle>
			<PolyStyle>
				<fill>0</fill>
			</PolyStyle>
		</Style>
		<Polygon>
			<outerBoundaryIs>
				<LinearRing>
					<coordinates>
						6.16636024046581,50.69573143461,0 6.16927573814501,50.68756762330349,0 6.1478447979623,50.69375874185241,0 6.14819365396519,50.69732708925311,0 6.16636024046581,50.69573143461,0 
					</coordinates>
				</LinearRing>
			</outerBoundaryIs>
		</Polygon>
	</Placemark>
	<Placemark>
		<name>01955bd7-655b-73be-8497-d0d328a09827</name>
		<Style>
			<LineStyle>
				<color>ff0000ff</color>
			</LineStyle>
			<PolyStyle>
				<fill>0</fill>
			</PolyStyle>
		</Style>
		<Polygon>
			<outerBoundaryIs>
				<LinearRing>
					<coordinates>
						6.14362360686405,50.86240797970461,0 6.15199674784033,50.8687478405682,0 6.146559586041149,50.8766906978673,0 6.15183272532701,50.8818253934902,0 6.17649359197153,50.8902879461143,0 6.17402422601576,50.8832205544535,0 6.18891484455198,50.87947326068709,0 6.19110012752922,50.867889055245,0 6.217954713854049,50.88059331913249,0 6.22101397474544,50.8578638450354,0 6.185633845910409,50.8442417540208,0 6.18206427008968,50.8379878566689,0 6.17538616261209,50.85000268632551,0 6.18629332144278,50.8687266366282,0 6.15272449065575,50.8537120237195,0 6.14362360686405,50.86240797970461,0 
					</coordinates>
				</LinearRing>
			</outerBoundaryIs>
		</Polygon>
	</Placemark>
	<Placemark>
		<name>01955bd7-655b-7a5c-b147-5e12fc9640ba</name>
		<Style>
			<LineStyle>
				<color>ff0000ff</color>
			</LineStyle>
			<PolyStyle>
				<fill>0</fill>
			</PolyStyle>
		</Style>
		<Polygon>
			<outerBoundaryIs>
				<LinearRing>
					<coordinates>
						6.227396348820891,50.853175207365,0 6.23466066698533,50.851550217143,0 6.23678501024752,50.83712509224309,0 6.22300278691216,50.8442283026627,0 6.227396348820891,50.853175207365,0 
					</coordinates>
				</LinearRing>
			</outerBoundaryIs>
		</Polygon>
	</Placemark>
	<Placemark>
		<name>01955bd7-655b-7bc5-8d71-4e0c4aba17e7</name>
		<Style>
			<LineStyle>
				<color>ff0000ff</color>
			</LineStyle>
			<PolyStyle>
				<fill>0</fill>
			</PolyStyle>
		</Style>
		<Polygon>
			<outerBoundaryIs>
				<LinearRing>
					<coordinates>
						6.180475659313429,50.8928366978843,0 6.16685853705707,50.9061844126407,0 6.1648688082722,50.9270485966101,0 6.18861929385045,50.9189802987456,0 6.19067499321414,50.9324558530515,0 6.20816684638681,50.9300124041584,0 6.212609349814309,50.9211637519499,0 6.19213440509799,50.9067739634278,0 6.19135977604896,50.8944543867903,0 6.180475659313429,50.8928366978843,0 
					</coordinates>
				</LinearRing>
			</outerBoundaryIs>
		</Polygon>
	</Placemark>
	<Placemark>
		<name>01955bd7-655b-77c6-a1be-df64cf622aa2</name>
		<Style>
			<LineStyle>
				<color>ff0000ff</color>
			</LineStyle>
			<PolyStyle>
				<fill>0</fill>
			</PolyStyle>
		</Style>
		<Polygon>
			<outerBoundaryIs>
				<LinearRing>
					<coordinates>
						6.138830365406639,50.9733015583104,0 6.151670552669499,50.9799116691766,0 6.153855912953961,50.97858265801139,0 6.148696653952461,50.9727319922378,0 6.138830365406639,50.9733015583104,0 
					</coordinates>
				</LinearRing>
			</outerBoundaryIs>
		</Polygon>
	</Placemark>
	<Placemark>
		<name>01955bd7-655b-7982-b4b1-411d113f5bf2</name>
		<Style>
			<LineStyle>
				<color>ff0000ff</color>
			</LineStyle>
			<PolyStyle>
				<fill>0</fill>
			</PolyStyle>
		</Style>
		<Polygon>
			<outerBoundaryIs>
				<LinearRing>
					<coordinates>
						5.735560926511381,51.0299989804124,0 5.699096589678641,51.0334110177598,0 5.69007462438655,51.04575434969431,0 5.69497096406912,51.0514093451613,0 5.71105114698624,51.0547694256697,0 5.7046212156853,51.04429960690559,0 5.71845355761062,51.04596995213591,0 5.73168359449017,51.04043703675829,0 5.735560926511381,51.0299989804124,0 
					</coordinates>
				</LinearRing>
			</outerBoundaryIs>
		</Polygon>
	</Placemark>
	<Placemark>
		<name>01955bd7-655b-7dbf-899a-db3a0a4efd0c</name>
		<Style>
			<LineStyle>
				<color>ff0000ff</color>
			</LineStyle>
			<PolyStyle>
				<fill>0</fill>
			</PolyStyle>
		</Style>
		<Polygon>
			<outerBoundaryIs>
				<LinearRing>
					<coordinates>
						7.25826950001751,51.2044150534463,0 7.242645074940559,51.1989407838249,0 7.23989875025461,51.2040701836023,0 7.21916263718556,51.19847700572531,0 7.22648359277538,51.2094485917224,0 7.22037511929062,51.21780264870301,0 7.20523279769987,51.2111409315206,0 7.19617843671603,51.2149111832056,0 7.186598696608159,51.2423059747186,0 7.155959340152121,51.2295411178585,0 7.16393749605883,51.2166384232521,0 7.15998928056026,51.20386701376201,0 7.137044464376521,51.1989185120556,0 7.144586691909791,51.1840424538025,0 7.16034591557115,51.2036041657084,0 7.20404469743212,51.20090257814621,0 7.20373942446768,51.1861937396907,0 7.23715715866414,51.1847699871383,0 7.24580909755779,51.1748340279572,0 7.23030845863267,51.1640478698603,0 7.22835741668707,51.1524523662192,0 7.24858029060774,51.1468450663696,0 7.220947420961769,51.1271371253135,0 7.20187785569493,51.1233486873903,0 7.197196371302659,51.1167005013323,0 7.18637131470021,51.1167270433323,0 7.18313078556985,51.1250622018686,0 7.19614531527096,51.13213980267259,0 7.1763998126199,51.1397005385288,0 7.202919740259811,51.1393970952382,0 7.20797926075953,51.148621811214,0 7.22096109682783,51.1500039382213,0 7.217412282691579,51.16269070989039,0 7.17318468150742,51.1548008091669,0 7.158189763786029,51.1568055737229,0 7.16067095955323,51.13846219418819,0 7.142329737907319,51.1359651762997,0 7.14246538549472,51.1564855272829,0 7.15221047669843,51.1699549864491,0 7.13209205858417,51.1771244178819,0 7.12824370101788,51.1883131543129,0 7.11324879757431,51.1826286118248,0 7.112878674583181,51.17350512655779,0 7.12924339770227,51.16266013395159,0 7.12407023948845,51.1536025286138,0 7.11134322021898,51.1531517793204,0 7.11218977458511,51.1416841350683,0 7.10226128443701,51.1393281678254,0 7.092310917016071,51.1489994643122,0 7.074803815538339,51.13909777766651,0 7.068661526851799,51.12784674267559,0 7.04269158878723,51.13544352961819,0 7.03814876177175,51.1422019782459,0 7.01457428875744,51.1329439339506,0 7.02611288418524,51.1224544231703,0 7.0405448666762,51.1198054579717,0 7.03193117727614,51.1116729262571,0 7.03193850323616,51.0843337132048,0 7.04964562335668,51.0927484166574,0 7.06908533158053,51.0950624199742,0 7.0668113018638,51.10334528945099,0 7.09390372412989,51.1279510969518,0 7.11298914589358,51.1256498027882,0 7.16240552405826,51.1060148713779,0 7.14107574507066,51.09575413070271,0 7.129659414227261,51.098381221816,0 7.136210148584589,51.1052950135202,0 7.12513145358053,51.1120610807288,0 7.10501245634766,51.1118196223929,0 7.07575316182956,51.1018727262013,0 7.07094001931062,51.0912375880606,0 7.04742459730712,51.0874245112501,0 7.06452559998553,51.0721438387183,0 7.06428046873059,51.0602359652727,0 7.084897877792849,51.04988899944941,0 7.08283428982018,51.0402770819792,0 7.06173784608243,51.0327014738049,0 7.05741907974366,51.0192352320488,0 7.021887446146841,51.0216056319956,0 7.001648455819789,51.0177526802512,0 7.00145308285147,50.9903820759833,0 7.02334759599138,50.9904418959762,0 7.02801309026037,51.0062517219935,0 7.05109688805542,50.9995055121133,0 7.04323187336457,50.98728410024501,0 7.05005843813123,50.97994567979081,0 7.06540299244785,50.9874438215069,0 7.08013458967768,50.9859743549422,0 7.088050662731761,51.00224148605301,0 7.069824804973621,51.0065771053119,0 7.07291300294221,51.0213680603697,0 7.08821648478912,51.02221340828871,0 7.097087263329391,51.0072298171881,0 7.1142834465685,51.0055036479352,0 7.11891901092625,51.0090666824646,0 7.11039096116112,51.0174502476073,0 7.12052805598847,51.02102471306161,0 7.121522193625441,51.00665283129261,0 7.15142883783624,50.9994310967101,0 7.159518021364349,50.9919004160076,0 7.14871896471948,50.97324445403551,0 7.17398289281318,50.968475904231,0 7.19420587724233,50.9720347400097,0 7.22794600715909,50.95979340389351,0 7.236138818954521,50.9654403816085,0 7.24667681038161,50.9643235757936,0 7.24769089210251,50.9567610535037,0 7.265010862752039,50.9442156652836,0 7.26138516176048,50.93500893005711,0 7.241432209886969,50.9367610531498,0 7.22341511971677,50.9271657564693,0 7.21938759743609,50.9408687699736,0 7.209148432254371,50.945613200267,0 7.217738232908521,50.9560929978651,0 7.20827946672606,50.9640591593747,0 7.19594022476115,50.9568143104012,0 7.16013027252755,50.9553714903928,0 7.11642298057754,50.9431529357559,0 7.09507367522225,50.9466185963637,0 7.065965081318261,50.93590604053009,0 7.06841829565811,50.9256988949491,0 7.10190674872239,50.92721576047649,0 7.09854474595624,50.91519715711221,0 7.07271102276387,50.9125763909271,0 7.089001290093451,50.8975039822568,0 7.08784280570793,50.8893244076329,0 7.120336424313061,50.883560281884,0 7.13694437723572,50.8693929403108,0 7.120111641225719,50.86812027956041,0 7.11828864397793,50.8576303406339,0 7.127712720468999,50.853077879469,0 7.11766954753683,50.8470666162205,0 7.126008246840499,50.83519209697219,0 7.16550744091146,50.8221434030136,0 7.18550202867236,50.8223030499465,0 7.18925678299435,50.8142570586795,0 7.23410815914306,50.8120626324207,0 7.242974465682301,50.8064865395196,0 7.26114600301221,50.8083975731722,0 7.27821791701578,50.7999623382298,0 7.278754082980199,50.7913113983201,0 7.28989412034061,50.7853339192104,0 7.30396672172071,50.7840540153719,0 7.32703771992276,50.7935261044852,0 7.34418860932768,50.78498410348709,0 7.34448190675541,50.7804129745265,0 7.32339114988949,50.7712518762899,0 7.324209517218389,50.7650526169681,0 7.3146134876945,50.7604887458588,0 7.265913719480259,50.7656217460386,0 7.223227830734449,50.775868192393,0 7.2140866187673,50.76248099144479,0 7.2036937301124,50.7639998880781,0 7.17874410322905,50.7513633652629,0 7.204098162815901,50.741444952371,0 7.19009570793449,50.7293649713086,0 7.1808952477275,50.73070389922601,0 7.17822629705805,50.7405568831058,0 7.15215733432517,50.7356794862912,0 7.19464954179523,50.6988405577684,0 7.197929532978221,50.6613452688273,0 7.21835349640338,50.66028861599071,0 7.24461220322345,50.6419091406684,0 7.244517361289139,50.6286601709319,0 7.223579184508891,50.59972815847879,0 7.22961870546033,50.5928848609677,0 7.24261489736875,50.59176067266,0 7.24515111015858,50.5802196589688,0 7.25404947891575,50.57577000125921,0 7.249241356469691,50.5625264214656,0 7.22067365081112,50.5775643819811,0 7.22383390327768,50.5850593209334,0 7.21282889397957,50.5933204203404,0 7.21296126356143,50.6024515181964,0 7.19708677875002,50.6104005126103,0 7.204603769644371,50.6170249375813,0 7.213744949762521,50.610180943546,0 7.22073869358645,50.61178422830161,0 7.21416143235712,50.6378957090023,0 7.19283426805383,50.649783409421,0 7.18392814760228,50.64095228103771,0 7.169983031300351,50.6384729925022,0 7.17878479307868,50.65701643447959,0 7.145965924645629,50.65806134133561,0 7.14528728004164,50.6692243068218,0 7.128810443937449,50.682159026602,0 7.12736502497835,50.6902973994669,0 7.1124127986274,50.69642654425021,0 7.095448999355161,50.69509897958909,0 7.07205091272252,50.6693766313914,0 7.06600539310086,50.6705263112202,0 7.06677359284052,50.6861161211673,0 7.04236734118932,50.6941786772344,0 7.01725401291463,50.6760418900932,0 7.01145497187913,50.72156083885421,0 6.996724661604431,50.7340636151144,0 7.000406842685561,50.7436588068522,0 6.99356890731384,50.7533872935344,0 6.96667398311622,50.7507015386843,0 6.91277773533254,50.76415512144879,0 6.90878388464729,50.7744516520584,0 6.91710467525479,50.7848732027717,0 6.92859132020405,50.7806998678352,0 6.93348746064504,50.7708667967844,0 6.960390828958521,50.7646732544996,0 6.98386431498078,50.76999354597731,0 7.0001703274975,50.7683730021785,0 7.01590867836229,50.7591895326139,0 7.027353318721551,50.7656870183808,0 7.027123189451559,50.7511330841084,0 7.03410378282766,50.7498001255088,0 7.04536252364796,50.761112212114,0 7.01584273269967,50.8002793272253,0 6.96167178698112,50.8052725668496,0 6.95883708868326,50.8237357226516,0 6.93796388163364,50.828175828212,0 6.92969651506476,50.82440740863461,0 6.92442296881455,50.82834849116389,0 6.90785967939044,50.8240570663473,0 6.90599895591091,50.8120874936423,0 6.92132718401436,50.80396884459841,0 6.91524840079024,50.7886431324193,0 6.89807940995074,50.79762242064079,0 6.88134673934514,50.79708297777681,0 6.87669670116311,50.7999310018632,0 6.88164910350934,50.8185721596397,0 6.87138837284529,50.8240967961377,0 6.868680221458209,50.8379891479756,0 6.8917564661502,50.8517228235969,0 6.88086401565706,50.8575245678878,0 6.841429573740671,50.8548540610813,0 6.822258960182559,50.8641148008834,0 6.85258613008136,50.8639647000747,0 6.862882420225931,50.8778017791151,0 6.82320942524866,50.88473682152349,0 6.80429785273891,50.8979282893339,0 6.78975171104143,50.8959543200789,0 6.78666278309949,50.9081743649411,0 6.7991780788563,50.9203329606488,0 6.78577514217505,50.92906368051671,0 6.76990566375982,50.9286563513644,0 6.754512122032321,50.9345363425035,0 6.75363639716609,50.943830098778,0 6.78493081831164,50.9436825180793,0 6.792964509771301,50.9314478811979,0 6.8185188712895,50.92620420013271,0 6.80841057308834,50.9392905370959,0 6.82412489864847,50.9601146097139,0 6.80050118922125,50.9537357975606,0 6.765857361001589,50.9546984756884,0 6.7628530996315,50.9583827354585,0 6.779801430300621,50.9669238299264,0 6.806064918905829,50.9649136198083,0 6.83772378556584,50.974638229347,0 6.86482770616585,50.99013381104,0 6.867228925350111,51.0041180543651,0 6.86056405458616,51.00712116750141,0 6.8562528027264,51.00063699255431,0 6.846082204872989,51.00021561042111,0 6.84748777928049,51.0130506869962,0 6.856036942730239,51.0158272469269,0 6.86631684879617,51.006692409716,0 6.88396571894566,51.01014039080611,0 6.875681038523,51.0230770183749,0 6.884046615266141,51.0295490834082,0 6.883512134107941,51.04138843524589,0 6.90903233478283,51.0407157692939,0 6.91266670861171,51.0499481339633,0 6.93603934953008,51.0406169523631,0 6.93716003129096,51.0337812706977,0 6.95637723733462,51.0293156978378,0 6.96800658745321,51.01367900016749,0 6.962021912718419,50.9939942415632,0 6.972424296089961,50.9810933511875,0 6.987436177578231,50.9756501128251,0 6.99054874806341,50.9654704749229,0 6.99815291587756,50.9665616751546,0 6.99753457137354,50.9785724129564,0 6.97847551844038,50.9889222217446,0 6.972324447549451,50.99891724437769,0 6.97605265531279,51.01560062453251,0 6.95640577949903,51.0448473128613,0 6.94282711764968,51.0470132500983,0 6.88514484966849,51.07497795343519,0 6.87797539883641,51.0926304268181,0 6.8852302482987,51.1086508347788,0 6.87601622690345,51.1190347760475,0 6.89422602054404,51.1297617919205,0 6.89260473614044,51.1388035408892,0 6.86192459154613,51.1448201399712,0 6.8481651850629,51.1622451583791,0 6.79915952216657,51.16576114434501,0 6.784846261208821,51.14757272050601,0 6.758666532719739,51.1493774481449,0 6.75390841921656,51.1339587856399,0 6.720832333244369,51.1184090641917,0 6.71512864227529,51.122766566024,0 6.72287098555397,51.13050996746961,0 6.71824842228567,51.1385683135804,0 6.69301261636502,51.1406205372712,0 6.68449501266638,51.1582741032005,0 6.66406907135689,51.1557287066439,0 6.64645279258053,51.170745021506,0 6.62866488749357,51.17081656476859,0 6.63124592386412,51.1792182517943,0 6.640652192403451,51.177659942745,0 6.66168313667571,51.1847295785742,0 6.66134825802158,51.1937203949501,0 6.64696938351698,51.1968797736347,0 6.65929044211855,51.2065786277933,0 6.59735522211415,51.21718491676419,0 6.59369729028663,51.2139314935373,0 6.60046696117925,51.20601182453921,0 6.62367944622077,51.200492211732,0 6.62557121383947,51.1958707181734,0 6.61466869796997,51.1906548818051,0 6.598259225369649,51.1907392716996,0 6.59414073892843,51.20355367376651,0 6.5724746991948,51.20681562000251,0 6.566449813259,51.19141329756501,0 6.5580222631726,51.1867562479945,0 6.54173699521568,51.1969665487231,0 6.57218206255336,51.21782217423419,0 6.581818794897431,51.2186462507641,0 6.593796834943141,51.2353018652929,0 6.64102067464558,51.2410989191204,0 6.64297055354145,51.2335023590391,0 6.66481896564803,51.2278256571828,0 6.68543588917709,51.232938788978,0 6.663364131630831,51.2583303946032,0 6.667642020021891,51.2663467731353,0 6.750901435409751,51.2484804486633,0 6.71865650322709,51.26916443419351,0 6.72607783851701,51.2737523804753,0 6.72301132700437,51.2852308611836,0 6.74215255538231,51.3124348417676,0 6.71949273454056,51.3361660375248,0 6.73104668988826,51.3362816451504,0 6.7582967605996,51.3157892376944,0 6.76240611644337,51.2964094045883,0 6.745063603040139,51.29172231769029,0 6.75388054943422,51.2757822259973,0 6.78468704777204,51.292082554218,0 6.802489751008731,51.29381433238461,0 6.82345738073771,51.315914928662,0 6.84314966801943,51.3064936250702,0 6.87552588065419,51.3066520951787,0 6.884001033158991,51.2978001180074,0 6.89975682635225,51.2983239460488,0 6.88134905425239,51.29069592593071,0 6.87573176433673,51.2829964350339,0 6.83930458634781,51.2746844487896,0 6.8244857210286,51.2579946396682,0 6.83568594749212,51.2427175931565,0 6.8576375080289,51.2492733231506,0 6.86035608257548,51.25936987463581,0 6.87198195146259,51.2618350146711,0 6.86859166176404,51.2696103152286,0 6.886717056657799,51.2626205925837,0 6.88050199353986,51.2540095244557,0 6.86425191439432,51.2505697654414,0 6.87305653049196,51.22258152681571,0 6.86033267214516,51.2014542018591,0 6.86938392642455,51.19274972348411,0 6.88107288903992,51.194095389184,0 6.87419749195634,51.1870828531936,0 6.893113546917229,51.16573074872349,0 6.911473182654831,51.1897647250517,0 6.90464630849038,51.1962632830448,0 6.88713409940819,51.197357181847,0 6.88006561783214,51.2101300575756,0 6.90606172594299,51.2051635324962,0 6.93631194766586,51.2068008340327,0 6.93257608867399,51.2192917904868,0 6.94124392277152,51.2218830928005,0 6.977813680550209,51.2158791320449,0 6.98382783734746,51.2105908437134,0 6.979587972472769,51.19932266409461,0 6.9924685450766,51.1969867165283,0 7.00517928532279,51.20648262287201,0 6.99953911259288,51.2295563023329,0 7.015622522565151,51.2256622632635,0 7.028085486773231,51.20998795040389,0 7.04366298669094,51.2184199411914,0 7.07367778172317,51.25433069046,0 7.08361997537207,51.2558422751198,0 7.07714485318075,51.2592449327211,0 7.05597498717543,51.2561794087803,0 7.044373927395579,51.2714511112096,0 7.02398533715876,51.270158720426,0 7.01292555327309,51.276884896919,0 7.02147483571985,51.29014350868799,0 7.05028778509665,51.29316639448081,0 7.057202916829321,51.3012618943547,0 7.049859305301091,51.3075617520475,0 7.054181670541599,51.3211945105703,0 7.02304773910979,51.3238523466611,0 7.01218932168014,51.31726584619489,0 6.99484416487384,51.3260625129685,0 6.951791145757939,51.313347824455,0 6.9377790283551,51.3324243490467,0 7.001979428858031,51.3385062163285,0 7.00298898337004,51.3510511016383,0 7.03717912195942,51.36084405319821,0 7.05803316067252,51.3514943654838,0 7.07213815333149,51.35492178459209,0 7.08223913493991,51.3524579817817,0 7.081345592319429,51.3397430919027,0 7.065337284335869,51.3228040710919,0 7.0769585992692,51.315086145453,0 7.11390112311245,51.311102211999,0 7.117237811738111,51.30664628941139,0 7.09443210111854,51.29425006815161,0 7.07041065081514,51.3049739048901,0 7.057064956156889,51.2916403654566,0 7.06474249151554,51.284851975335,0 7.046549839255969,51.27234695075789,0 7.06190249044361,51.2635758374322,0 7.07212512580368,51.2672130233087,0 7.08740223306289,51.26140388224,0 7.10190103412837,51.2641388579472,0 7.105265400688829,51.2830270369806,0 7.11624633349834,51.28948442262839,0 7.1378677192857,51.28181864462061,0 7.15123690800484,51.2885973115393,0 7.15599442638593,51.3043649952712,0 7.17194094075035,51.3032545848391,0 7.17494280640102,51.2964739601253,0 7.18478527418976,51.2999180550003,0 7.19560139246204,51.29693774341749,0 7.20060004719037,51.3130061182146,0 7.20779424934912,51.3155546434122,0 7.22650725132496,51.29540166265931,0 7.23341919714225,51.2947369491299,0 7.24614113440848,51.30267406331421,0 7.23599053400982,51.3090262068167,0 7.25629438075367,51.3331951697043,0 7.25409118436042,51.3397600097558,0 7.23460427476647,51.3412876875398,0 7.235134077103309,51.34783087337221,0 7.2514336744214,51.3506801140499,0 7.27749023966349,51.3393495701665,0 7.28422264885602,51.34107490311511,0 7.28038596372668,51.3576727642578,0 7.29721192573374,51.3569485355574,0 7.30241026136938,51.3496563278141,0 7.29063332773744,51.3299068493797,0 7.294145265884459,51.3261545018896,0 7.32372986686948,51.334213536132,0 7.352345317981659,51.328771626055,0 7.379499621066939,51.34514317064891,0 7.359995239314821,51.3590738513232,0 7.360495179293379,51.3791161524062,0 7.342379916858419,51.37911577889479,0 7.35331265334956,51.3843868367068,0 7.36597070515009,51.382795056412,0 7.364822844130181,51.3905589833175,0 7.35141366362939,51.3911064368408,0 7.36040063232651,51.3953747182115,0 7.36457902013723,51.3916748238097,0 7.39254146953878,51.3953477642219,0 7.40025974378513,51.3912416232232,0 7.40090646495444,51.38321571589449,0 7.39126287651229,51.3753133819154,0 7.409702144739669,51.3720497046273,0 7.39052645181624,51.3668430643861,0 7.385245948816691,51.34503332066849,0 7.416974374534731,51.3627121048416,0 7.45362078517619,51.3683331676511,0 7.44667429970804,51.3802737914851,0 7.41687623315044,51.3737724313861,0 7.411993246839579,51.3829789590961,0 7.42851089263153,51.393819967533,0 7.41665203967119,51.3978778481542,0 7.41908060129155,51.4101883695145,0 7.43519538225629,51.41216785560591,0 7.44511636744104,51.4094246067866,0 7.45066587274315,51.4026630245681,0 7.468420276669889,51.4046331016776,0 7.47655362079539,51.4124975758203,0 7.48947945376401,51.4122014754624,0 7.51333342412084,51.3946166182285,0 7.50687683468633,51.4111601777721,0 7.51358817162126,51.4175448699949,0 7.520137724381151,51.4136528513883,0 7.51805254666103,51.4135128523108,0 7.514829385331551,51.40694374873179,0 7.52311869811896,51.39997123776639,0 7.515183955048951,51.3927170759784,0 7.54203826893593,51.3901390210067,0 7.54081812056717,51.37947233346591,0 7.57766544894917,51.3688065564125,0 7.5999293906342,51.372732622455,0 7.600842357404331,51.3812702322952,0 7.61513440104237,51.3736935266648,0 7.65548975180371,51.3790130768225,0 7.65881369930804,51.3886155505031,0 7.678736150894201,51.3943819056069,0 7.69306286703965,51.4061068808951,0 7.71055613581724,51.4013472708106,0 7.699000182552211,51.39268504561451,0 7.72824401937329,51.3880727743857,0 7.73172561911526,51.3795237155458,0 7.74461391611171,51.3773432644782,0 7.753450885492769,51.39709377456529,0 7.746807801587121,51.4026464545407,0 7.75596598270092,51.4069138266479,0 7.76533211432102,51.3962999283416,0 7.78655905427768,51.3985944822418,0 7.782582403234461,51.3778038304938,0 7.799755798647869,51.3858488136164,0 7.808448543794471,51.3851151500848,0 7.80664653769936,51.37461265889531,0 7.68041009668404,51.3678247822785,0 7.66081420093829,51.3623544409648,0 7.64881400067185,51.3700924056953,0 7.64073151387777,51.3592299390885,0 7.58728087375695,51.3601554956243,0 7.576731124516741,51.3515727230718,0 7.59659591175168,51.3472649973283,0 7.57508030742658,51.3413896597789,0 7.56183368673663,51.3428583746122,0 7.55628871052001,51.3523701563057,0 7.54739997702375,51.35207693255239,0 7.552543727740791,51.361150445214,0 7.53837893692225,51.3708513455995,0 7.51682885039932,51.3620027439658,0 7.52890564242993,51.3473462722618,0 7.51583987543491,51.34735314488861,0 7.5121121270683,51.33762051104,0 7.48386457986401,51.3410070086032,0 7.4679849673922,51.34927635840779,0 7.44976136333707,51.3457273077854,0 7.43119465808147,51.3330712264844,0 7.42008498255353,51.3393827001631,0 7.36917369551225,51.3281789303642,0 7.34258086528741,51.31426703993321,0 7.34930084899322,51.30451330876429,0 7.388179682766619,51.3171876935722,0 7.397456545285981,51.3088115504632,0 7.393806337045379,51.297203688179,0 7.37590407116992,51.2994812378748,0 7.362327520326289,51.29073941217731,0 7.362514999460119,51.284328604552,0 7.33535524319059,51.2879381574931,0 7.31204583842595,51.283823024297,0 7.30572031209811,51.2749677063865,0 7.284610929419671,51.2715327757668,0 7.268007859755739,51.2744321476996,0 7.239625043933051,51.2600354203872,0 7.24064521857238,51.252025362919,0 7.219641146921639,51.2535082950419,0 7.21555131304466,51.2608719898733,0 7.202762287898801,51.2601523170698,0 7.203448968347411,51.2384469267611,0 7.235394443807619,51.2385558073761,0 7.233475874857789,51.2317803152365,0 7.250977161679359,51.2201029645003,0 7.25826950001751,51.2044150534463,0 
					</coordinates>
				</LinearRing>
			</outerBoundaryIs>
		</Polygon>
	</Placemark>
	<Placemark>
		<name>01955bd7-655b-7caf-b660-8d3e85ccb9f8</name>
		<Style>
			<LineStyle>
				<color>ff0000ff</color>
			</LineStyle>
			<PolyStyle>
				<fill>0</fill>
			</PolyStyle>
		</Style>
		<Polygon>
			<outerBoundaryIs>
				<LinearRing>
					<coordinates>
						6.09874260872,51.4107691098392,0 6.095787347737389,51.40109842220289,0 6.11526193528293,51.38968653889041,0 6.07854602823111,51.3923189643747,0 6.07213098768225,51.3980871004803,0 6.07374221565448,51.4045742790172,0 6.09874260872,51.4107691098392,0 
					</coordinates>
				</LinearRing>
			</outerBoundaryIs>
		</Polygon>
	</Placemark>
	<Placemark>
		<name>01955bd7-655b-7042-8625-f19aa1d372c2</name>
		<Style>
			<LineStyle>
				<color>ff0000ff</color>
			</LineStyle>
			<PolyStyle>
				<fill>0</fill>
			</PolyStyle>
		</Style>
		<Polygon>
			<outerBoundaryIs>
				<LinearRing>
					<coordinates>
						6.10789729137625,51.4126545720574,0 6.111876935197991,51.41649616688431,0 6.13021604240626,51.4166917568806,0 6.13182349547104,51.4272653999874,0 6.14768198724021,51.4277594225613,0 6.157052465106929,51.4179524898653,0 6.16301879567365,51.4264432838407,0 6.175180000133639,51.42645436725369,0 6.17373347201311,51.4003762872931,0 6.1945306709887,51.3939699218415,0 6.21661658860079,51.3956521786915,0 6.218391828463221,51.3779583007762,0 6.20030485398035,51.3727781959963,0 6.206848676397041,51.3603830470777,0 6.20022941001319,51.34469486719689,0 6.23550671933467,51.3382899522511,0 6.233851961749769,51.3338501991825,0 6.215093400431519,51.333009081476,0 6.21263635884328,51.3153738127114,0 6.20054031098627,51.3071399226741,0 6.205308585466041,51.2771890041682,0 6.23064014731445,51.28337609391719,0 6.23311323873341,51.29255604506291,0 6.22146522498978,51.2965006300384,0 6.23952345766429,51.3019792627075,0 6.23395695616403,51.31126437087019,0 6.24944283678721,51.3119494754846,0 6.252397769935409,51.319453837512,0 6.26678781283688,51.319436340965,0 6.27075456174301,51.3391152279651,0 6.26486818619968,51.3409508500927,0 6.25990292548178,51.3330647180506,0 6.25500433617796,51.334774755107,0 6.259185854506109,51.3452253232775,0 6.281578661704569,51.3436121185456,0 6.29454923462225,51.3275211471444,0 6.2828843728555,51.32649458748381,0 6.27874432626588,51.320060972895,0 6.302213631657181,51.3086220510442,0 6.27902451705322,51.28993705457731,0 6.31439989913954,51.28713711120999,0 6.319437962010201,51.2956362753244,0 6.328943806759909,51.2926956204933,0 6.325269954203369,51.281408108845,0 6.281909303111749,51.282805451651,0 6.27506116051567,51.2657304657143,0 6.266600185635021,51.2680379044933,0 6.262913264728931,51.27682276528041,0 6.25323799501382,51.26680402441171,0 6.22765663289276,51.27550245415581,0 6.201365921219029,51.26872296515599,0 6.1989978011133,51.265000022357,0 6.21933886272599,51.2506306752157,0 6.234426366305281,51.2498553426987,0 6.19895604760298,51.24016548362479,0 6.19259143093504,51.2318271498211,0 6.16702272315199,51.2343775928626,0 6.1584983461589,51.2189504558874,0 6.19046929453712,51.2186370571815,0 6.203130742067769,51.2093031290953,0 6.208641659282941,51.2188829329903,0 6.22298207242743,51.2258194848484,0 6.228376904275441,51.2188848181925,0 6.22041245497958,51.20724900721141,0 6.2357056136216,51.189475480716,0 6.22723833018812,51.1789016406744,0 6.220715910724741,51.1918343954529,0 6.19636094981905,51.1905288192535,0 6.1976995298931,51.1991637634755,0 6.18533014339974,51.20859366058109,0 6.15780391521987,51.2026679127381,0 6.118715571646461,51.2012960253987,0 6.101869899461031,51.2057135520474,0 6.139465504105639,51.2171953017073,0 6.12770318158769,51.23273305512189,0 6.13955875473185,51.23467282321811,0 6.14937433219988,51.2266918355124,0 6.156346216518829,51.2448247388543,0 6.17169716868737,51.2476566359959,0 6.1822581272334,51.2615573305781,0 6.1975957458479,51.26518214319379,0 6.16826895769802,51.2786357358318,0 6.17294452878409,51.2908126764771,0 6.1979648184675,51.3011144065195,0 6.17735074927517,51.31123846316021,0 6.17699353137863,51.3274561978962,0 6.19137840256091,51.33053523706,0 6.1815485953843,51.3499086539844,0 6.16186225786652,51.34731272630621,0 6.165909830298601,51.33247313428869,0 6.143204061610299,51.3264282274199,0 6.12488353647879,51.3052604794817,0 6.12480431368148,51.2963512323843,0 6.106420136334449,51.3080639940269,0 6.11710865068114,51.3240499811005,0 6.12080159336602,51.34846452662491,0 6.109341626794089,51.3746276670101,0 6.12359075243283,51.3916085657804,0 6.12038280560988,51.4070514493328,0 6.10789729137625,51.4126545720574,0 
					</coordinates>
				</LinearRing>
			</outerBoundaryIs>
		</Polygon>
	</Placemark>
	<Placemark>
		<name>01955bd7-655b-7d01-a8d2-e9e5d42b87f3</name>
		<Style>
			<LineStyle>
				<color>ff0000ff</color>
			</LineStyle>
			<PolyStyle>
				<fill>0</fill>
			</PolyStyle>
		</Style>
		<Polygon>
			<outerBoundaryIs>
				<LinearRing>
					<coordinates>
						6.23805393048586,51.1803325113109,0 6.25093339427353,51.1923761167414,0 6.269801152738659,51.1835287780435,0 6.24558175743561,51.1678465604938,0 6.23805393048586,51.1803325113109,0 
					</coordinates>
				</LinearRing>
			</outerBoundaryIs>
		</Polygon>
	</Placemark>
	<Placemark>
		<name>01955bd7-655b-7f1e-a8bf-9c44291a4d80</name>
		<Style>
			<LineStyle>
				<color>ff0000ff</color>
			</LineStyle>
			<PolyStyle>
				<fill>0</fill>
			</PolyStyle>
		</Style>
		<Polygon>
			<outerBoundaryIs>
				<LinearRing>
					<coordinates>
						6.329766074259591,51.2805066253733,0 6.33826411131559,51.2803486757285,0 6.36428168794128,51.26118144452359,0 6.370700259806431,51.2619232641526,0 6.374267643301,51.2723870243882,0 6.35195309011966,51.2811564797987,0 6.34374406761453,51.3043761543646,0 6.352649197787369,51.3177398155755,0 6.38021884777864,51.2913432576399,0 6.396070964085121,51.293640715995,0 6.39316435581019,51.2808329895971,0 6.430417607796221,51.2507981318423,0 6.42522536705637,51.24240687866821,0 6.4444110436308,51.2321918568823,0 6.4595054906125,51.23310402014181,0 6.460516058747701,51.2416062776005,0 6.47262834868179,51.2469702841924,0 6.44441913590642,51.25444230276939,0 6.42714912563854,51.2647511403463,0 6.4322437424605,51.27150734107781,0 6.43630947692783,51.265168849798,0 6.44527116670455,51.2681165183796,0 6.436044130224591,51.279828055039,0 6.44527149011745,51.2869790703431,0 6.465224595412661,51.2889162420716,0 6.48263958132077,51.26103829838281,0 6.51387300008587,51.2512529722432,0 6.518188482587211,51.26156536144029,0 6.49568343194364,51.2646314437182,0 6.492250361451929,51.2717905771913,0 6.5152478517427,51.2809034862552,0 6.5403779333182,51.2742621691838,0 6.5495106379213,51.28413727431499,0 6.548665216236769,51.2920956408713,0 6.529857241297061,51.304437142273,0 6.51192695258516,51.3041611256428,0 6.50022743561442,51.2953913335002,0 6.491706008224661,51.30744092489419,0 6.45982276020456,51.3175040512001,0 6.47187772138816,51.3291805095652,0 6.50107486744582,51.3333791772488,0 6.49625373675101,51.3415146320489,0 6.51929631322455,51.3402154066502,0 6.52356889841346,51.356604443981,0 6.491303230350969,51.3747421144798,0 6.50302418467572,51.381247546729,0 6.500601887654591,51.387617495737,0 6.50774166810958,51.3872934366835,0 6.528182947857059,51.3631371488316,0 6.54859178679805,51.3542216707933,0 6.56675812499636,51.36073516924809,0 6.56330828736462,51.3719459011214,0 6.59409077581441,51.3664926553296,0 6.58619383380637,51.3782327802211,0 6.605054579576741,51.3877982062022,0 6.60538614774862,51.3727614499637,0 6.64616366784911,51.3827512435668,0 6.60391798727225,51.3994345572114,0 6.58346896966072,51.421415812593,0 6.59842367938819,51.4315919951889,0 6.60679197173584,51.4620602209185,0 6.62144223763952,51.466659880306,0 6.61744342247356,51.4754495313611,0 6.56772110553467,51.4899196040485,0 6.542440898329459,51.4810590472777,0 6.51147041970914,51.4953351621913,0 6.514385720418341,51.5036330766867,0 6.526132132494431,51.5086730367767,0 6.52687822656727,51.517439287401,0 6.54882246568899,51.51775093909709,0 6.58207794585192,51.5321833698958,0 6.58390689985094,51.5107289093658,0 6.5726799445,51.51001474212259,0 6.5813551189498,51.515096323825,0 6.565018533833459,51.52365792014379,0 6.553015415396941,51.5080042469575,0 6.57664962282523,51.50050811669661,0 6.58303311168569,51.4940117653036,0 6.61096575608988,51.4960815927384,0 6.62166933773483,51.4867662840574,0 6.63751711711603,51.4875770297923,0 6.642121605330451,51.47669815333541,0 6.654857016065561,51.46886222988861,0 6.66695892644339,51.4717767321244,0 6.67532412134558,51.4600633685179,0 6.69118282286487,51.46533271023809,0 6.71917324807739,51.4550114308842,0 6.7020754847742,51.43139966656459,0 6.732627046725989,51.4101676643409,0 6.73374555692694,51.39374045452891,0 6.704792970194661,51.38230191808591,0 6.68834205750283,51.39518851233229,0 6.68777180868398,51.4050329030896,0 6.67362854524545,51.4097538310249,0 6.66969772505525,51.4060976635867,0 6.68151901305311,51.3954367366184,0 6.6568880000384,51.38830647076031,0 6.669725696894141,51.3723215477278,0 6.65313220904803,51.3544590635014,0 6.69669359032736,51.3295751273011,0 6.67188803458981,51.32336656219799,0 6.66334821181864,51.3260596843715,0 6.65995132489341,51.3341020254818,0 6.646751154140669,51.3334507627953,0 6.63434824363342,51.3271944849461,0 6.635335031737021,51.3014519451722,0 6.62384735362845,51.3017506056928,0 6.62850797455603,51.31452368011751,0 6.623324912565721,51.31703808606689,0 6.6009933206686,51.309173869216,0 6.61376722747588,51.2997752415859,0 6.59581245859268,51.2910305986022,0 6.5658291290127,51.29517108346761,0 6.57024834864653,51.28530880511481,0 6.56053409884586,51.27728828564,0 6.570524087533069,51.26169301019191,0 6.55368620167404,51.2470811775562,0 6.56224007313519,51.23627912005361,0 6.55201334089909,51.230683243703,0 6.54245003987166,51.2338677742516,0 6.531257603376631,51.22793582022871,0 6.491254380042429,51.240883380287,0 6.512635122942169,51.2093375330262,0 6.50454905677868,51.20610950514861,0 6.50457827845367,51.2167476795434,0 6.49703315041775,51.2179081472425,0 6.49071946368628,51.1976950734574,0 6.47179362661932,51.18510168938661,0 6.47805590982331,51.1748584683878,0 6.521941971061569,51.153491568075,0 6.463049135989379,51.14644406344929,0 6.46834267088595,51.13388388447181,0 6.46428591561925,51.12173125961499,0 6.45127881661567,51.1178186785121,0 6.447242753613061,51.10991886348361,0 6.42649772012895,51.1160664448754,0 6.41954232643103,51.10920509272599,0 6.40766228779929,51.11319924800739,0 6.40752458954066,51.1200287204848,0 6.39951234982219,51.1240788897082,0 6.40556356509493,51.14833210460411,0 6.377339621681261,51.1654313726755,0 6.38506928772706,51.1892203667265,0 6.36958990163171,51.2081686089345,0 6.396993424689419,51.2092038570421,0 6.41459510363601,51.2197793549388,0 6.39698343977951,51.2317040376278,0 6.356599667829319,51.2337636071297,0 6.37381665521064,51.2411183040438,0 6.37407828219224,51.2517520061032,0 6.356697068156081,51.2532829119301,0 6.33721503315797,51.23684897645259,0 6.34669195337907,51.22713729367631,0 6.323160697046499,51.2244995595022,0 6.30610851915936,51.2313748060701,0 6.322998395902241,51.2447190417513,0 6.2899069142981,51.25333397159589,0 6.2899228966105,51.2598460854652,0 6.3156855084017,51.2558337258738,0 6.320213825992321,51.2650100295717,0 6.33479624448948,51.26670454299771,0 6.329766074259591,51.2805066253733,0 
					</coordinates>
				</LinearRing>
			</outerBoundaryIs>
		</Polygon>
	</Placemark>
	<Placemark>
		<name>01955bd7-655b-7074-a3bd-cc5bbc9d222a</name>
		<Style>
			<LineStyle>
				<color>ff0000ff</color>
			</LineStyle>
			<PolyStyle>
				<fill>0</fill>
			</PolyStyle>
		</Style>
		<Polygon>
			<outerBoundaryIs>
				<LinearRing>
					<coordinates>
						7.13171454183613,51.3770416662513,0 7.14739185846796,51.3752087880026,0 7.12981043867081,51.3541536654818,0 7.13632596177905,51.3423970015328,0 7.11662694248362,51.34041781613639,0 7.09650977903621,51.3514735927327,0 7.10833328997733,51.3588845087154,0 7.1118605637417,51.3688001246461,0 7.12564691416976,51.3698718267328,0 7.13171454183613,51.3770416662513,0 
					</coordinates>
				</LinearRing>
			</outerBoundaryIs>
		</Polygon>
	</Placemark>
	<Placemark>
		<name>01955bd7-655b-7953-9ed8-0e3ff87adb01</name>
		<Style>
			<LineStyle>
				<color>ff0000ff</color>
			</LineStyle>
			<PolyStyle>
				<fill>0</fill>
			</PolyStyle>
		</Style>
		<Polygon>
			<outerBoundaryIs>
				<LinearRing>
					<coordinates>
						6.71907233609888,51.11217057285351,0 6.726923894409089,51.1030178785002,0 6.72104010910876,51.09740048286,0 6.71383001605418,51.10509616329551,0 6.71907233609888,51.11217057285351,0 
					</coordinates>
				</LinearRing>
			</outerBoundaryIs>
		</Polygon>
	</Placemark>
	<Placemark>
		<name>01955bd7-655b-7968-88bf-51182da43195</name>
		<Style>
			<LineStyle>
				<color>ff0000ff</color>
			</LineStyle>
			<PolyStyle>
				<fill>0</fill>
			</PolyStyle>
		</Style>
		<Polygon>
			<outerBoundaryIs>
				<LinearRing>
					<coordinates>
						6.95845782485453,50.8031359826071,0 6.963326919461789,50.7923429831384,0 6.95615763625333,50.7842857019416,0 6.94799744737048,50.7841666986725,0 6.94271749743118,50.7887573931667,0 6.9486219948352,50.8005484391881,0 6.95845782485453,50.8031359826071,0 
					</coordinates>
				</LinearRing>
			</outerBoundaryIs>
		</Polygon>
	</Placemark>
	<Placemark>
		<name>01955bd7-655b-7f9b-950f-62678e26f1ad</name>
		<Style>
			<LineStyle>
				<color>ff0000ff</color>
			</LineStyle>
			<PolyStyle>
				<fill>0</fill>
			</PolyStyle>
		</Style>
		<Polygon>
			<outerBoundaryIs>
				<LinearRing>
					<coordinates>
						7.15601946070544,50.6537166592963,0 7.1631881576524,50.6518701974689,0 7.164648643826729,50.6495429967076,0 7.155938308495711,50.6479587853895,0 7.15601946070544,50.6537166592963,0 
					</coordinates>
				</LinearRing>
			</outerBoundaryIs>
		</Polygon>
	</Placemark>
	<Placemark>
		<name>01955bd7-655b-74e0-b048-6cc8bf889242</name>
		<Style>
			<LineStyle>
				<color>ff0000ff</color>
			</LineStyle>
			<PolyStyle>
				<fill>0</fill>
			</PolyStyle>
		</Style>
		<Polygon>
			<outerBoundaryIs>
				<LinearRing>
					<coordinates>
						7.241451573647371,50.5555815878485,0 7.258865165551,50.5568617600704,0 7.27345030393394,50.5776529123051,0 7.294096393853369,50.5737431350954,0 7.2860564901324,50.5621875764534,0 7.297692921591381,50.5538713274023,0 7.28987419097032,50.543342602382,0 7.27696861323071,50.5609309873683,0 7.26265637489405,50.5554792745243,0 7.27044123041522,50.5484288874383,0 7.268118745309939,50.54177309570001,0 7.24695135317423,50.5307966807344,0 7.22715856425148,50.534458960276,0 7.241451573647371,50.5555815878485,0 
					</coordinates>
				</LinearRing>
			</outerBoundaryIs>
		</Polygon>
	</Placemark>
	<Placemark>
		<name>01955bd7-655b-7f5f-b053-9204d1dffb73</name>
		<Style>
			<LineStyle>
				<color>ff0000ff</color>
			</LineStyle>
			<PolyStyle>
				<fill>0</fill>
			</PolyStyle>
		</Style>
		<Polygon>
			<outerBoundaryIs>
				<LinearRing>
					<coordinates>
						7.21779280899371,50.9198657167675,0 7.20192187319378,50.9109394420679,0 7.202020867454921,50.9023107848959,0 7.18722063084793,50.902746572409,0 7.199888265877259,50.87314476827649,0 7.14307275185546,50.9072086364961,0 7.14681574635363,50.9096900461552,0 7.16295026576069,50.9035863740325,0 7.178328561637,50.9069788643833,0 7.1654296435649,50.9177285447415,0 7.17528872364058,50.9314638626689,0 7.194691363193229,50.9329972728572,0 7.20945685828793,50.9197644488738,0 7.21779280899371,50.9198657167675,0 
					</coordinates>
				</LinearRing>
			</outerBoundaryIs>
		</Polygon>
	</Placemark>
	<Placemark>
		<name>01955bd7-655b-73ff-9853-560eaf577f9b</name>
		<Style>
			<LineStyle>
				<color>ff0000ff</color>
			</LineStyle>
			<PolyStyle>
				<fill>0</fill>
			</PolyStyle>
		</Style>
		<Polygon>
			<outerBoundaryIs>
				<LinearRing>
					<coordinates>
						7.41684494606205,51.60467499843719,0 7.386928976362029,51.6075361042614,0 7.37518909589817,51.62602494143241,0 7.37996899402001,51.6313831134135,0 7.42526262390516,51.6337420908226,0 7.42997298052284,51.6240342489745,0 7.41602510788567,51.6137456481138,0 7.41684494606205,51.60467499843719,0 
					</coordinates>
				</LinearRing>
			</outerBoundaryIs>
		</Polygon>
	</Placemark>
	<Placemark>
		<name>01955bd7-655b-7927-8931-13717be8e592</name>
		<Style>
			<LineStyle>
				<color>ff0000ff</color>
			</LineStyle>
			<PolyStyle>
				<fill>0</fill>
			</PolyStyle>
		</Style>
		<Polygon>
			<outerBoundaryIs>
				<LinearRing>
					<coordinates>
						7.16036580055104,50.6366827097961,0 7.15442885828764,50.6309253756706,0 7.14117285233236,50.63349707433881,0 7.142468748844539,50.63776880672981,0 7.16036580055104,50.6366827097961,0 
					</coordinates>
				</LinearRing>
			</outerBoundaryIs>
		</Polygon>
	</Placemark>
	<Placemark>
		<name>01955bd7-655b-71f8-b03a-e1c012cda213</name>
		<Style>
			<LineStyle>
				<color>ff0000ff</color>
			</LineStyle>
			<PolyStyle>
				<fill>0</fill>
			</PolyStyle>
		</Style>
		<Polygon>
			<outerBoundaryIs>
				<LinearRing>
					<coordinates>
						6.77986426697915,50.9713193535145,0 6.77543660723284,50.97504753072879,0 6.78343541932713,50.9843833801315,0 6.79058996187164,50.9808191496219,0 6.77986426697915,50.9713193535145,0 
					</coordinates>
				</LinearRing>
			</outerBoundaryIs>
		</Polygon>
	</Placemark>
	<Placemark>
		<name>01955bd7-655b-76ea-8c52-aed55bdda5a3</name>
		<Style>
			<LineStyle>
				<color>ff0000ff</color>
			</LineStyle>
			<PolyStyle>
				<fill>0</fill>
			</PolyStyle>
		</Style>
		<Polygon>
			<outerBoundaryIs>
				<LinearRing>
					<coordinates>
						6.687811839021919,51.13904352128241,0 6.68183817804182,51.13030121909819,0 6.69332640100406,51.1199357936659,0 6.68789074499424,51.1154854291346,0 6.66087031921634,51.12134765403069,0 6.65186142612216,51.1310529710887,0 6.63522656153256,51.1270583940253,0 6.637130511362759,51.1128495339256,0 6.61443801697517,51.0937711179502,0 6.64519383825681,51.0745610759257,0 6.62464056222877,51.05885733172271,0 6.61474359722809,51.0762274072643,0 6.58318159713668,51.0632338810447,0 6.58552685497393,51.04266117122501,0 6.61962575924565,51.0371670817851,0 6.61785703020055,51.0344050639396,0 6.597026915096039,51.03573260503821,0 6.56628269463723,51.04551364096159,0 6.557147355905349,51.06694698516711,0 6.56109371590984,51.08095687947641,0 6.549782744523829,51.08390427958339,0 6.57650472261985,51.1087279977501,0 6.59273921467671,51.1070339337269,0 6.5900425719508,51.0957050728804,0 6.595387479722181,51.09339691352281,0 6.62308558413851,51.11329230852459,0 6.60243028183363,51.123272192146,0 6.58748947740608,51.1203331802587,0 6.58787487253447,51.12796870200389,0 6.60762317076584,51.12936939188209,0 6.6160430370393,51.1403614716108,0 6.639958851515981,51.1354144162501,0 6.64988727690663,51.13950784761101,0 6.66959301423964,51.13198913979941,0 6.66136311679201,51.1483394755047,0 6.687811839021919,51.13904352128241,0 
					</coordinates>
				</LinearRing>
			</outerBoundaryIs>
		</Polygon>
	</Placemark>
	<Placemark>
		<name>01955bd7-655b-7301-86c9-8f3d64413918</name>
		<Style>
			<LineStyle>
				<color>ff0000ff</color>
			</LineStyle>
			<PolyStyle>
				<fill>0</fill>
			</PolyStyle>
		</Style>
		<Polygon>
			<outerBoundaryIs>
				<LinearRing>
					<coordinates>
						6.922801700132091,51.2196348708978,0 6.9175753858281,51.2135574286707,0 6.89311709166842,51.2197077329921,0 6.892264771127509,51.22455069461861,0 6.903101511819589,51.23035158931561,0 6.91569369483285,51.2280644514386,0 6.922801700132091,51.2196348708978,0 
					</coordinates>
				</LinearRing>
			</outerBoundaryIs>
		</Polygon>
	</Placemark>
	<Placemark>
		<name>01955bd7-655b-7004-a641-cbb66a79a6c2</name>
		<Style>
			<LineStyle>
				<color>ff0000ff</color>
			</LineStyle>
			<PolyStyle>
				<fill>0</fill>
			</PolyStyle>
		</Style>
		<Polygon>
			<outerBoundaryIs>
				<LinearRing>
					<coordinates>
						7.01961497493123,51.2923847292698,0 7.00698520281155,51.2933490438268,0 7.00947355156835,51.3058155030213,0 7.02111106259645,51.3016740287017,0 7.01961497493123,51.2923847292698,0 
					</coordinates>
				</LinearRing>
			</outerBoundaryIs>
		</Polygon>
	</Placemark>
	<Placemark>
		<name>01955bd7-655b-785d-ba97-8808ba53fdda</name>
		<Style>
			<LineStyle>
				<color>ff0000ff</color>
			</LineStyle>
			<PolyStyle>
				<fill>0</fill>
			</PolyStyle>
		</Style>
		<Polygon>
			<outerBoundaryIs>
				<LinearRing>
					<coordinates>
						7.208844745974961,51.374014727663,0 7.18857768816891,51.36961046044309,0 7.18371849615848,51.3715329906818,0 7.1955704075758,51.3786275582407,0 7.208844745974961,51.374014727663,0 
					</coordinates>
				</LinearRing>
			</outerBoundaryIs>
		</Polygon>
	</Placemark>
	<Placemark>
		<name>01955bd7-655b-7f39-a108-0f8468afd4a2</name>
		<Style>
			<LineStyle>
				<color>ff0000ff</color>
			</LineStyle>
			<PolyStyle>
				<fill>0</fill>
			</PolyStyle>
		</Style>
		<Polygon>
			<outerBoundaryIs>
				<LinearRing>
					<coordinates>
						6.452626343938639,51.1070088584663,0 6.46495443209934,51.1120838997028,0 6.461079991130381,51.0978404591787,0 6.45521774113977,51.09821198843541,0 6.452626343938639,51.1070088584663,0 
					</coordinates>
				</LinearRing>
			</outerBoundaryIs>
		</Polygon>
	</Placemark>
	<Placemark>
		<name>01955bd7-655b-73d5-b801-bfbcaf48d264</name>
		<Style>
			<LineStyle>
				<color>ff0000ff</color>
			</LineStyle>
			<PolyStyle>
				<fill>0</fill>
			</PolyStyle>
		</Style>
		<Polygon>
			<outerBoundaryIs>
				<LinearRing>
					<coordinates>
						6.41982533373683,51.1077229940594,0 6.42711175800426,51.1022520063586,0 6.41885922500145,51.0981832587637,0 6.417822829752229,51.0902032987934,0 6.41133722000515,51.0948506676811,0 6.41982533373683,51.1077229940594,0 
					</coordinates>
				</LinearRing>
			</outerBoundaryIs>
		</Polygon>
	</Placemark>
	<Placemark>
		<name>01955bd7-655b-7f0c-948e-c19686a5852a</name>
		<Style>
			<LineStyle>
				<color>ff0000ff</color>
			</LineStyle>
			<PolyStyle>
				<fill>0</fill>
			</PolyStyle>
		</Style>
		<Polygon>
			<outerBoundaryIs>
				<LinearRing>
					<coordinates>
						6.41691334521068,51.0864134686922,0 6.440963015083169,51.0769537143096,0 6.42718018145749,51.0756506160352,0 6.41825089576643,51.0798752566601,0 6.38674237161863,51.073830251263,0 6.38793900554802,51.0836052581406,0 6.41691334521068,51.0864134686922,0 
					</coordinates>
				</LinearRing>
			</outerBoundaryIs>
		</Polygon>
	</Placemark>
	<Placemark>
		<name>01955bd7-655b-7d84-97dc-90361366ddec</name>
		<Style>
			<LineStyle>
				<color>ff0000ff</color>
			</LineStyle>
			<PolyStyle>
				<fill>0</fill>
			</PolyStyle>
		</Style>
		<Polygon>
			<outerBoundaryIs>
				<LinearRing>
					<coordinates>
						6.58356281059856,51.53341270088891,0 6.57536741190932,51.54387620278781,0 6.58195167009724,51.55282513083729,0 6.566885710360491,51.5583175346105,0 6.57408190920351,51.5730369847117,0 6.58182178583524,51.5739473566018,0 6.58822686960948,51.5711438640942,0 6.588333830261749,51.5573720297879,0 6.61291105723482,51.5376414989389,0 6.59784317195585,51.540086567789,0 6.58356281059856,51.53341270088891,0 
					</coordinates>
				</LinearRing>
			</outerBoundaryIs>
		</Polygon>
	</Placemark>
	<Placemark>
		<name>01955bd7-655b-7fbb-953c-751b07bba646</name>
		<Style>
			<LineStyle>
				<color>ff0000ff</color>
			</LineStyle>
			<PolyStyle>
				<fill>0</fill>
			</PolyStyle>
		</Style>
		<Polygon>
			<outerBoundaryIs>
				<LinearRing>
					<coordinates>
						6.517538482245681,51.2852373881055,0 6.5166261469646,51.29311078859949,0 6.529791463287281,51.2906897001718,0 6.524889442384751,51.28585601674651,0 6.517538482245681,51.2852373881055,0 
					</coordinates>
				</LinearRing>
			</outerBoundaryIs>
		</Polygon>
	</Placemark>
	<Placemark>
		<name>01955bd7-655b-7285-bbf1-f66c91ea0a1e</name>
		<Style>
			<LineStyle>
				<color>ff0000ff</color>
			</LineStyle>
			<PolyStyle>
				<fill>0</fill>
			</PolyStyle>
		</Style>
		<Polygon>
			<outerBoundaryIs>
				<LinearRing>
					<coordinates>
						6.302373068026,51.342734458721,0 6.29076985774776,51.3495754804354,0 6.310302540416391,51.34624634682759,0 6.302373068026,51.342734458721,0 
					</coordinates>
				</LinearRing>
			</outerBoundaryIs>
		</Polygon>
	</Placemark>
	<Placemark>
		<name>01955bd7-655b-7ef4-844c-e5719949e8aa</name>
		<Style>
			<LineStyle>
				<color>ff0000ff</color>
			</LineStyle>
			<PolyStyle>
				<fill>0</fill>
			</PolyStyle>
		</Style>
		<Polygon>
			<outerBoundaryIs>
				<LinearRing>
					<coordinates>
						6.11259327310407,51.3502224972796,0 6.10876516211608,51.3308212928581,0 6.093498768603749,51.31819211507241,0 6.07805429542764,51.3349778988752,0 6.09657161255348,51.3413068581316,0 6.09738419986482,51.3496590803273,0 6.11259327310407,51.3502224972796,0 
					</coordinates>
				</LinearRing>
			</outerBoundaryIs>
		</Polygon>
	</Placemark>
	<Placemark>
		<name>01955bd7-655b-7a2c-ba61-a45be7539275</name>
		<Style>
			<LineStyle>
				<color>ff0000ff</color>
			</LineStyle>
			<PolyStyle>
				<fill>0</fill>
			</PolyStyle>
		</Style>
		<Polygon>
			<outerBoundaryIs>
				<LinearRing>
					<coordinates>
						7.242645074940559,51.1989407838249,0 7.25826950001751,51.2044150534463,0 7.25936852101906,51.2020502806311,0 7.28416165574436,51.2023810904374,0 7.278820545932671,51.1930869164084,0 7.28725961758525,51.18828342162029,0 7.28083985592544,51.1823262465227,0 7.245895536989049,51.174894169977,0 7.24580909755779,51.1748340279572,0 7.23715715866414,51.1847699871383,0 7.24080503632428,51.1846145677411,0 7.24770343995364,51.1894916163669,0 7.242645074940559,51.1989407838249,0 
					</coordinates>
				</LinearRing>
			</outerBoundaryIs>
		</Polygon>
	</Placemark>
	<Placemark>
		<name>01955bd7-655b-7b80-8cb1-4b816bb7921c</name>
		<Style>
			<LineStyle>
				<color>ff0000ff</color>
			</LineStyle>
			<PolyStyle>
				<fill>0</fill>
			</PolyStyle>
		</Style>
		<Polygon>
			<outerBoundaryIs>
				<LinearRing>
					<coordinates>
						6.03664790788461,50.7295039169837,0 6.04727389178192,50.7206489974843,0 6.04109978109137,50.7075794331899,0 6.03109687113211,50.7067676118331,0 6.02342429051495,50.7116094668034,0 5.997769689657729,50.7095471676256,0 6.00211398618485,50.7217970173601,0 5.98757695024443,50.7367800065575,0 5.99004172533578,50.74745110948731,0 6.00170905894103,50.753456635917,0 6.01001202699534,50.75015626371,0 5.9974241407151,50.7360015662617,0 6.00442613542726,50.7284128911169,0 6.03664790788461,50.7295039169837,0 
					</coordinates>
				</LinearRing>
			</outerBoundaryIs>
		</Polygon>
	</Placemark>
	<Placemark>
		<name>01955bd7-655b-7434-aa07-670e6cc94a00</name>
		<Style>
			<LineStyle>
				<color>ff0000ff</color>
			</LineStyle>
			<PolyStyle>
				<fill>0</fill>
			</PolyStyle>
		</Style>
		<Polygon>
			<outerBoundaryIs>
				<LinearRing>
					<coordinates>
						6.041201386265071,50.73381196352021,0 6.04272348363904,50.739659488486,0 6.052949462219251,50.7387241956336,0 6.052741074007731,50.7379416409603,0 6.041201386265071,50.73381196352021,0 
					</coordinates>
				</LinearRing>
			</outerBoundaryIs>
		</Polygon>
	</Placemark>
	<Placemark>
		<name>01955bd7-655b-7716-8157-657e333ba415</name>
		<Style>
			<LineStyle>
				<color>ff0000ff</color>
			</LineStyle>
			<PolyStyle>
				<fill>0</fill>
			</PolyStyle>
		</Style>
		<Polygon>
			<outerBoundaryIs>
				<LinearRing>
					<coordinates>
						5.79015912878784,50.93127328322,0 5.77752707972239,50.9344681395437,0 5.78328259516955,50.9416266012081,0 5.765764577598151,50.9374428755892,0 5.76543351461243,50.9375265986441,0 5.75461548012276,50.9488983988189,0 5.75790128669465,50.9559653148118,0 5.74729471573932,50.9607743701469,0 5.74184036270475,50.9571961091302,0 5.74974130695967,50.9492441887493,0 5.74176678447222,50.9468291121157,0 5.735386410094,50.9493932651996,0 5.73706083681754,50.9648944102303,0 5.76171704564332,50.9827222851202,0 5.77387297139138,51.01089770940489,0 5.780360405919639,50.9945963502143,0 5.817689332147341,50.9948058111528,0 5.82329873925846,51.0073212328018,0 5.81507526663501,51.0114794154485,0 5.82100028862243,51.0197991271552,0 5.85109833336046,51.0174899299564,0 5.85369903509527,51.02412998464051,0 5.845375442544949,51.03297958045981,0 5.82921662964865,51.0373725871368,0 5.81788910417291,51.0243108823727,0 5.79707462325972,51.0288807862222,0 5.79284071389193,51.020277412087,0 5.78487068655431,51.02069267561681,0 5.774022586709899,51.02708095914601,0 5.76702754035656,51.0408368958006,0 5.770759244829151,51.0454888167884,0 5.77863349825881,51.047144371817,0 5.7857124050191,51.0429213525969,0 5.78329826883139,51.03306249660881,0 5.79509551719589,51.0294904276936,0 5.806798728454741,51.0523531405911,0 5.80435161229331,51.0614994641393,0 5.82367473594908,51.0683886562154,0 5.83566618053001,51.0453730013178,0 5.850456507590319,51.0406720295806,0 5.883618436005339,51.0412496387621,0 5.869337815984671,51.031052098954,0 5.884026949919309,51.02601235312209,0 5.88954039174692,51.01752215690251,0 5.911143207895,51.01546054528851,0 5.90785722982935,50.9998642343851,0 5.93596258434615,51.0025355975845,0 5.95377109664944,50.9915361151536,0 5.934136759140519,50.9951733143894,0 5.9080905343689,50.9944930052374,0 5.90074003596271,50.98853902246039,0 5.88108446154195,50.991877978936,0 5.89245575226865,50.970166001851,0 5.87569523351065,50.97195588359961,0 5.84120486519895,50.9602118048899,0 5.85481696502565,50.9562606355639,0 5.862426215161359,50.96053821932419,0 5.883740011957821,50.9479774982581,0 5.89863119240097,50.948804458563,0 5.904239994480751,50.95807220211109,0 5.897353238745039,50.9677234679842,0 5.91711162170449,50.98348535167929,0 5.92327892803027,50.9771952190379,0 5.94147066714921,50.9834850168969,0 5.947708783577921,50.9795067373045,0 5.940770363515071,50.9749901336866,0 5.94382802705216,50.9664428367209,0 5.93821864251367,50.9658543123129,0 5.91747930733407,50.9764133825644,0 5.91349174820556,50.9604317977807,0 5.9310656964452,50.9606605957966,0 5.95196852958343,50.9543633473466,0 5.96868019634472,50.9599642306074,0 5.970231717043969,50.9817215575453,0 5.997894834422051,51.0002103564731,0 6.01211801052736,50.9909263020885,0 6.060488438307851,50.9855972647864,0 6.078128783890521,50.9860882363474,0 6.09510037334817,50.9926340144332,0 6.10737480452405,50.98703312374131,0 6.120385464647859,50.9999431499309,0 6.128341021171131,50.9998944479564,0 6.132317458036161,50.9887579238277,0 6.12189516544576,50.9840763097394,0 6.12247071467462,50.9782017009737,0 6.135816445010749,50.97269835973281,0 6.14257942013441,50.9609507155019,0 6.11943462332233,50.9559154632508,0 6.113477247110611,50.9478779314914,0 6.11788050567252,50.9379339192321,0 6.1069554994441,50.9329814335828,0 6.14624494417833,50.9193642738297,0 6.15234124806482,50.9109800406963,0 6.114244712963039,50.8761661753643,0 6.13880694760198,50.869822937324,0 6.139940969997719,50.8643545258863,0 6.1217463369904,50.8674284840628,0 6.10328684944701,50.8594302427361,0 6.091489019857641,50.8593766136279,0 6.086948544743871,50.849524512306,0 6.10852217691153,50.84752339587829,0 6.115571140782661,50.8547606489801,0 6.121942095777369,50.83719785728779,0 6.14827942405234,50.81971865925651,0 6.17240696038205,50.8327988060014,0 6.17966309720756,50.8247124487512,0 6.16216500127316,50.8157775409057,0 6.17228609668503,50.8089575315256,0 6.1695826180051,50.7872831470296,0 6.18058764657127,50.7787056854445,0 6.166617888154941,50.7688668795005,0 6.17414036130311,50.7583721973906,0 6.18908420029716,50.7535371252063,0 6.16276535086107,50.7370382618475,0 6.144916817916,50.74500385917329,0 6.12499840657302,50.7464515698113,0 6.125681973538611,50.75769371236851,0 6.12034673531253,50.7597428260204,0 6.091241470468129,50.7370950198467,0 6.06080845543976,50.7453244814246,0 6.043926934084401,50.7627877377127,0 5.98801062158821,50.7657067042839,0 6.00004176829674,50.7749768693575,0 5.98910688719738,50.7828463688906,0 5.991222823028549,50.7882543520844,0 6.03030037802025,50.77599756790211,0 6.04089681180615,50.7803293039224,0 6.03922630094004,50.7896642021415,0 6.04917889244976,50.794355144119,0 6.03948305315875,50.81586366584659,0 6.06516655037081,50.8229161538922,0 6.06790430397433,50.8402038890991,0 6.05693098992665,50.8536339320592,0 6.02120368879047,50.84536131545499,0 6.024267495693611,50.81778619241871,0 6.0057794359607,50.8130921822585,0 5.98924810315528,50.81521050465351,0 5.99768498205579,50.8237580106695,0 5.9764360102159,50.8256280450237,0 5.96931527058143,50.8428869979657,0 5.99303571138141,50.86049973768619,0 5.95278614075433,50.8736921446269,0 5.926082334279601,50.8716460569726,0 5.91224832548424,50.8778234836503,0 5.931949049610191,50.8864396544743,0 5.94923745310925,50.8792922550877,0 5.958560632702451,50.88821326783789,0 5.929347909563271,50.8974562698796,0 5.90927938319664,50.9146832305018,0 5.881062257582209,50.9022410596848,0 5.864689948596901,50.9167108011968,0 5.874636445102539,50.9201919699964,0 5.879930094368,50.9316868044624,0 5.85590892124577,50.93836988585869,0 5.83952728125151,50.9325629604758,0 5.82549880502026,50.9465278913434,0 5.80356420340483,50.9337809550007,0 5.78968272929519,50.93225957382629,0 5.79015912878784,50.93127328322,0 
					</coordinates>
				</LinearRing>
			</outerBoundaryIs>
		</Polygon>
	</Placemark>
	<Placemark>
		<name>01955bd7-655b-7fc3-bc5e-adf956d6f919</name>
		<Style>
			<LineStyle>
				<color>ff0000ff</color>
			</LineStyle>
			<PolyStyle>
				<fill>0</fill>
			</PolyStyle>
		</Style>
		<Polygon>
			<outerBoundaryIs>
				<LinearRing>
					<coordinates>
						5.997652205151871,51.0787064090548,0 6.006162400822601,51.0520997023957,0 5.998299347682281,51.0482528866352,0 5.98022674958874,51.06634044935669,0 5.997652205151871,51.0787064090548,0 
					</coordinates>
				</LinearRing>
			</outerBoundaryIs>
		</Polygon>
	</Placemark>
	<Placemark>
		<name>01955bd7-655b-754f-95d8-ac6e984a8862</name>
		<Style>
			<LineStyle>
				<color>ff0000ff</color>
			</LineStyle>
			<PolyStyle>
				<fill>0</fill>
			</PolyStyle>
		</Style>
		<Polygon>
			<outerBoundaryIs>
				<LinearRing>
					<coordinates>
						6.00436590513851,51.0829716859272,0 6.01232848987903,51.0922316531461,0 6.03848484305469,51.09773475107539,0 6.09393922097418,51.0763267477788,0 6.09000805810408,51.0828675850115,0 6.06904048819867,51.0906755905069,0 6.06925577423031,51.0990739529304,0 6.058607118829689,51.1039090907318,0 6.05773796061736,51.1124876691401,0 6.07838662312086,51.112666126048,0 6.08988305540763,51.0988075484649,0 6.10891597471955,51.0936404834119,0 6.10215232653389,51.0745174343725,0 6.120501722299791,51.0798104968156,0 6.13550207581982,51.07816851525131,0 6.13999928194792,51.067101553986,0 6.1743538290816,51.0504909882289,0 6.179686372334269,51.0227473180278,0 6.189446724081331,51.0117561086355,0 6.16976778178464,51.0155359272938,0 6.172767823416021,51.0291968533198,0 6.16399612574771,51.0397946567352,0 6.145532038568479,51.0295652089733,0 6.13451244655793,51.0435984224985,0 6.08202043156415,51.0543249263896,0 6.078968263078891,51.0339991818344,0 6.09580044172924,51.0298684933578,0 6.091087093669499,51.0230012202531,0 6.10164683326259,51.0075583450494,0 6.068307476930221,51.0078551432912,0 6.04840131402646,50.998007464009,0 6.02519335042825,51.001850857975,0 6.02420903420343,51.00608418666929,0 6.04067324585625,51.0060995555305,0 6.04324134958313,51.0102514758176,0 6.02175685878141,51.01683373888591,0 6.00755832758705,51.0125341563369,0 5.97543073579366,51.02681697035631,0 5.99564269370638,51.0346201683672,0 6.00309461706139,51.0245991676242,0 6.03990326339366,51.0217073523334,0 6.05580514274217,51.0130873329567,0 6.066995965484941,51.0148152259651,0 6.06328349734196,51.0233030884257,0 6.08023643874153,51.015812800905,0 6.08601183181827,51.01915430503119,0 6.069329268859461,51.0366311936858,0 6.04775539500221,51.03706410962991,0 6.02242626691705,51.0525051826761,0 6.02919628105718,51.0602143287274,0 6.01216825202788,51.080832331018,0 6.00436590513851,51.0829716859272,0 
					</coordinates>
				</LinearRing>
			</outerBoundaryIs>
		</Polygon>
	</Placemark>
	<Placemark>
		<name>01955bd7-655b-74d6-9950-ffc67569b357</name>
		<Style>
			<LineStyle>
				<color>ff0000ff</color>
			</LineStyle>
			<PolyStyle>
				<fill>0</fill>
			</PolyStyle>
		</Style>
		<Polygon>
			<outerBoundaryIs>
				<LinearRing>
					<coordinates>
						5.79886028510519,51.1147939007507,0 5.82108686591179,51.1020153683582,0 5.80743355846371,51.0997759420877,0 5.79122463409916,51.0874138326349,0 5.77585389976071,51.09097288114229,0 5.76113569170022,51.08389054560121,0 5.76805752516221,51.0954643981841,0 5.7460775746872,51.1023991239491,0 5.74588660212554,51.1077400970125,0 5.76426202351988,51.101327087687,0 5.775184651158849,51.1107193734695,0 5.79886028510519,51.1147939007507,0 
					</coordinates>
				</LinearRing>
			</outerBoundaryIs>
		</Polygon>
	</Placemark>
	<Placemark>
		<name>01955bd7-655b-7ed6-a7f8-dd0bad1b9c08</name>
		<Style>
			<LineStyle>
				<color>ff0000ff</color>
			</LineStyle>
			<PolyStyle>
				<fill>0</fill>
			</PolyStyle>
		</Style>
		<Polygon>
			<outerBoundaryIs>
				<LinearRing>
					<coordinates>
						5.79977102386763,51.1197609565944,0 5.78878328366866,51.1254126902836,0 5.79811130848236,51.13504585149511,0 5.80956786286466,51.1366140030799,0 5.79977102386763,51.1197609565944,0 
					</coordinates>
				</LinearRing>
			</outerBoundaryIs>
		</Polygon>
	</Placemark>
	<Placemark>
		<name>01955bd7-655b-767d-bafb-884ab46c7a52</name>
		<Style>
			<LineStyle>
				<color>ff0000ff</color>
			</LineStyle>
			<PolyStyle>
				<fill>0</fill>
			</PolyStyle>
		</Style>
		<Polygon>
			<outerBoundaryIs>
				<LinearRing>
					<coordinates>
						5.86291620422295,51.1735737224153,0 5.88379779486165,51.1865061299632,0 5.90743812482861,51.1874648484739,0 5.91667878773187,51.1938265510587,0 5.925093594404811,51.1908650762681,0 5.90386840513572,51.175641016319,0 5.88188299511912,51.1713518334442,0 5.8939562804775,51.1581675054274,0 5.91497328998679,51.1549494279948,0 5.91587610634636,51.145709495457,0 5.89858378536684,51.1387251839875,0 5.90682079434811,51.1325995662151,0 5.90713349106972,51.1166831745645,0 5.89639538514612,51.0992128963224,0 5.914931747984341,51.0874549451416,0 5.89548918715159,51.0915270070714,0 5.88401904192162,51.0836683184737,0 5.86286478596965,51.09893746479361,0 5.82947170722934,51.11138627168049,0 5.83105707365962,51.11444891430671,0 5.862284517628799,51.1128755122659,0 5.86642635382889,51.1252721329181,0 5.88069518250964,51.123252597692,0 5.89343191251417,51.1294274879961,0 5.874290278937891,51.13635465999231,0 5.88653106974851,51.1543072079631,0 5.87000907394056,51.1594747537413,0 5.871964464329231,51.1668900999647,0 5.86291620422295,51.1735737224153,0 
					</coordinates>
				</LinearRing>
			</outerBoundaryIs>
		</Polygon>
	</Placemark>
	<Placemark>
		<name>01955bd7-655b-724f-8ba3-60e701a308aa</name>
		<Style>
			<LineStyle>
				<color>ff0000ff</color>
			</LineStyle>
			<PolyStyle>
				<fill>0</fill>
			</PolyStyle>
		</Style>
		<Polygon>
			<outerBoundaryIs>
				<LinearRing>
					<coordinates>
						5.97499531718792,51.1917335011016,0 5.97263548869025,51.2008620200746,0 5.987871559023131,51.2045907418127,0 5.99368735696123,51.21458662809181,0 6.01840095840199,51.2148760360653,0 6.03200739816098,51.1994690726326,0 6.04935268189143,51.19830552798889,0 6.05363618177149,51.19168474970999,0 6.03584448714927,51.1961621928361,0 6.02397549667801,51.1772090857146,0 6.06939255249786,51.1684395644888,0 6.077859461315269,51.1528278806847,0 6.069738918285801,51.1491860150246,0 6.05519306748339,51.15066269372869,0 6.05330467607572,51.16094726459009,0 6.04187268394494,51.16599084025621,0 6.031106901680589,51.16465727957001,0 6.030788532651091,51.157187181891,0 6.00852404917762,51.1552075265136,0 6.00351654956652,51.1671270538272,0 5.98696275961612,51.178838487458,0 5.946529797664111,51.1519230607653,0 5.93117117084633,51.14897836131329,0 5.930280022479861,51.15518510596001,0 5.95400613375191,51.1629352222077,0 5.949607170000249,51.1895455006012,0 5.966448325437151,51.1843291526142,0 5.97499531718792,51.1917335011016,0 
					</coordinates>
				</LinearRing>
			</outerBoundaryIs>
		</Polygon>
	</Placemark>
	<Placemark>
		<name>01955bd7-655b-777f-a844-df96aae75382</name>
		<Style>
			<LineStyle>
				<color>ff0000ff</color>
			</LineStyle>
			<PolyStyle>
				<fill>0</fill>
			</PolyStyle>
		</Style>
		<Polygon>
			<outerBoundaryIs>
				<LinearRing>
					<coordinates>
						5.92520500322732,51.21568925608189,0 5.94365057792958,51.219599825411,0 5.94570533291123,51.2405810511715,0 5.96939088424959,51.24707781521861,0 5.96862703143335,51.2380998476215,0 5.98564763177868,51.2313984500355,0 5.97314844321925,51.2292422834962,0 5.97164993063532,51.21923976615621,0 5.95079422933313,51.21875735821141,0 5.95107019993836,51.20338929822779,0 5.929463988953611,51.2044178093737,0 5.92520500322732,51.21568925608189,0 
					</coordinates>
				</LinearRing>
			</outerBoundaryIs>
		</Polygon>
	</Placemark>
	<Placemark>
		<name>01955bd7-655b-730f-9298-d84f36ead8d7</name>
		<Style>
			<LineStyle>
				<color>ff0000ff</color>
			</LineStyle>
			<PolyStyle>
				<fill>0</fill>
			</PolyStyle>
		</Style>
		<Polygon>
			<outerBoundaryIs>
				<LinearRing>
					<coordinates>
						5.97732134768678,51.2534609762712,0 5.981631654409071,51.2681519770672,0 5.99613318299806,51.26701167982,0 6.00086310404091,51.2572624676397,0 5.97732134768678,51.2534609762712,0 
					</coordinates>
				</LinearRing>
			</outerBoundaryIs>
		</Polygon>
	</Placemark>
	<Placemark>
		<name>01955bd7-655b-7607-9a7d-97c4b0d27e4f</name>
		<Style>
			<LineStyle>
				<color>ff0000ff</color>
			</LineStyle>
			<PolyStyle>
				<fill>0</fill>
			</PolyStyle>
		</Style>
		<Polygon>
			<outerBoundaryIs>
				<LinearRing>
					<coordinates>
						5.86555837061915,51.25056006130179,0 5.834416236627501,51.2458160814161,0 5.83219263348559,51.2465135179696,0 5.838068361847951,51.252324879578,0 5.86555837061915,51.25056006130179,0 
					</coordinates>
				</LinearRing>
			</outerBoundaryIs>
		</Polygon>
	</Placemark>
	<Placemark>
		<name>01955bd7-655b-7754-baa9-721fff212210</name>
		<Style>
			<LineStyle>
				<color>ff0000ff</color>
			</LineStyle>
			<PolyStyle>
				<fill>0</fill>
			</PolyStyle>
		</Style>
		<Polygon>
			<outerBoundaryIs>
				<LinearRing>
					<coordinates>
						5.87319132899073,51.2509804855494,0 5.8773060033291,51.25689233560391,0 5.91298546123491,51.2661898224111,0 5.92624398643233,51.27877185701,0 5.94002654336376,51.2805548419575,0 5.93182041511556,51.2713907043146,0 5.93487087508992,51.25898412965681,0 5.913882071579319,51.2560743748931,0 5.904523440428859,51.24372721120271,0 5.87319132899073,51.2509804855494,0 
					</coordinates>
				</LinearRing>
			</outerBoundaryIs>
		</Polygon>
	</Placemark>
	<Placemark>
		<name>01955bd7-655c-758f-a648-0c6841671744</name>
		<Style>
			<LineStyle>
				<color>ff0000ff</color>
			</LineStyle>
			<PolyStyle>
				<fill>0</fill>
			</PolyStyle>
		</Style>
		<Polygon>
			<outerBoundaryIs>
				<LinearRing>
					<coordinates>
						6.04523430071921,51.279343088006,0 6.04102472593396,51.283622365261,0 6.020583450881079,51.278312971878,0 6.01736788769545,51.2829094727493,0 6.03419896290824,51.2860639110694,0 6.05091896211963,51.29983783611691,0 6.05827432020567,51.2979410159323,0 6.054498981414069,51.2836629914047,0 6.08594492869656,51.293166064847,0 6.10278558112187,51.2806022897263,0 6.07267782039926,51.27349504010701,0 6.05389783785759,51.2771656427885,0 6.04031746035764,51.262291724691,0 6.03275967675027,51.26675726315631,0 6.04523430071921,51.279343088006,0 
					</coordinates>
				</LinearRing>
			</outerBoundaryIs>
		</Polygon>
	</Placemark>
	<Placemark>
		<name>01955bd7-655c-7cb6-a420-e34c92ca63fb</name>
		<Style>
			<LineStyle>
				<color>ff0000ff</color>
			</LineStyle>
			<PolyStyle>
				<fill>0</fill>
			</PolyStyle>
		</Style>
		<Polygon>
			<outerBoundaryIs>
				<LinearRing>
					<coordinates>
						6.017053990370611,51.3384978157195,0 6.00730132039675,51.3316599156133,0 6.01486620407013,51.325885838817,0 6.00642823372042,51.315545383782,0 5.97806445030221,51.30982398931331,0 5.93918397083169,51.3350661159897,0 5.91465664243538,51.33205886777079,0 5.918015657999019,51.3375555055333,0 5.93554299431127,51.3396232063958,0 5.945213139373689,51.3473628609969,0 5.964732607605781,51.3384594486685,0 5.97283007966545,51.34602172621181,0 5.97854666857665,51.3413838507867,0 6.017053990370611,51.3384978157195,0 
					</coordinates>
				</LinearRing>
			</outerBoundaryIs>
		</Polygon>
	</Placemark>
	<Placemark>
		<name>01955bd7-655c-7bd3-868a-2899176fe91c</name>
		<Style>
			<LineStyle>
				<color>ff0000ff</color>
			</LineStyle>
			<PolyStyle>
				<fill>0</fill>
			</PolyStyle>
		</Style>
		<Polygon>
			<outerBoundaryIs>
				<LinearRing>
					<coordinates>
						6.17322042435698,51.69912366129901,0 6.182385564392471,51.69263913346629,0 6.17551364755187,51.6846039206424,0 6.1904330450627,51.6781129629845,0 6.17936985882211,51.6671783797478,0 6.169067522499631,51.664350428517,0 6.14047181602464,51.66873537803851,0 6.1315049687968,51.6873786751988,0 6.15362227412913,51.6963266064362,0 6.15435443650604,51.7060437256837,0 6.169530944787941,51.7207313582017,0 6.17322042435698,51.69912366129901,0 
					</coordinates>
				</LinearRing>
			</outerBoundaryIs>
		</Polygon>
	</Placemark>
	<Placemark>
		<name>01955bd7-655c-7766-b114-108e626cfb53</name>
		<Style>
			<LineStyle>
				<color>ff0000ff</color>
			</LineStyle>
			<PolyStyle>
				<fill>0</fill>
			</PolyStyle>
		</Style>
		<Polygon>
			<outerBoundaryIs>
				<LinearRing>
					<coordinates>
						6.17359276725722,51.80232113701901,0 6.17240474957714,51.7866127860642,0 6.14558609057909,51.7813155015898,0 6.14349379921342,51.77375678574939,0 6.159278428789451,51.7654222615749,0 6.17672097936078,51.77786192390279,0 6.19314783264895,51.7734581354945,0 6.21141081238615,51.7758166026251,0 6.20600644571747,51.75323339847311,0 6.182446159354451,51.7525650714457,0 6.175382879578921,51.7471359058576,0 6.170411908193709,51.75823422416139,0 6.14757837999169,51.7559200887213,0 6.13900295086663,51.7648119356289,0 6.12237923957115,51.7673840469855,0 6.09509203587215,51.756852919178,0 6.09194759726187,51.7783665423395,0 6.10934281892282,51.7915197030867,0 6.12423330258614,51.7929954465439,0 6.12397466350441,51.8142830979683,0 6.145613244991739,51.81361924210181,0 6.17359276725722,51.80232113701901,0 
					</coordinates>
				</LinearRing>
			</outerBoundaryIs>
		</Polygon>
	</Placemark>
	<Placemark>
		<name>01955bd7-655c-7693-b4b7-a42210b03163</name>
		<Style>
			<LineStyle>
				<color>ff0000ff</color>
			</LineStyle>
			<PolyStyle>
				<fill>0</fill>
			</PolyStyle>
		</Style>
		<Polygon>
			<outerBoundaryIs>
				<LinearRing>
					<coordinates>
						6.43539737956988,50.7981808898907,0 6.42379409059815,50.7922973177159,0 6.421512199839629,50.79330815271581,0 6.427662805540219,50.8013419869889,0 6.43539737956988,50.7981808898907,0 
					</coordinates>
				</LinearRing>
			</outerBoundaryIs>
		</Polygon>
	</Placemark>
	<Placemark>
		<name>01955bd7-655c-7eb9-8624-9fa3be7005e0</name>
		<Style>
			<LineStyle>
				<color>ff0000ff</color>
			</LineStyle>
			<PolyStyle>
				<fill>0</fill>
			</PolyStyle>
		</Style>
		<Polygon>
			<outerBoundaryIs>
				<LinearRing>
					<coordinates>
						6.433685739368,50.7871533347717,0 6.46336072653965,50.806049245654,0 6.46085775634523,50.8148114671569,0 6.44560761552623,50.8101686001664,0 6.439359826154,50.8133923024686,0 6.44327243330874,50.8179198450836,0 6.45962177555341,50.8191515255287,0 6.43574705407061,50.831275729118,0 6.44743605692847,50.8428832222723,0 6.44339367996954,50.853497507236,0 6.45563523036509,50.8574692774165,0 6.47500507115685,50.82581699158641,0 6.51735332910011,50.8126978943219,0 6.509504746857719,50.80161938407301,0 6.514545308006739,50.778076611785,0 6.49139751121823,50.7797688937662,0 6.50104235977148,50.7632002442844,0 6.491324278005659,50.75616970439469,0 6.499511259651811,50.74126326714399,0 6.48637861912874,50.7373580928062,0 6.48499271288358,50.72858990458,0 6.47876599826639,50.7268078911607,0 6.486002941263479,50.7589766016947,0 6.47243360993474,50.762756719696,0 6.45773919090408,50.7907640683347,0 6.433685739368,50.7871533347717,0 
					</coordinates>
				</LinearRing>
			</outerBoundaryIs>
		</Polygon>
	</Placemark>
	<Placemark>
		<name>01955bd7-655c-7d98-8e96-0f5445c1f61a</name>
		<Style>
			<LineStyle>
				<color>ff0000ff</color>
			</LineStyle>
			<PolyStyle>
				<fill>0</fill>
			</PolyStyle>
		</Style>
		<Polygon>
			<outerBoundaryIs>
				<LinearRing>
					<coordinates>
						6.45406156740719,50.77572414526699,0 6.44847409184697,50.76836339631,0 6.43846040228887,50.7721209557311,0 6.441227336074169,50.7764052179659,0 6.45406156740719,50.77572414526699,0 
					</coordinates>
				</LinearRing>
			</outerBoundaryIs>
		</Polygon>
	</Placemark>
	<Placemark>
		<name>01955bd7-655c-781d-85b2-e7038dec6385</name>
		<Style>
			<LineStyle>
				<color>ff0000ff</color>
			</LineStyle>
			<PolyStyle>
				<fill>0</fill>
			</PolyStyle>
		</Style>
		<Polygon>
			<outerBoundaryIs>
				<LinearRing>
					<coordinates>
						6.21028068112396,50.75014123026241,0 6.19832742780779,50.7794617992284,0 6.20419556503646,50.7896614197375,0 6.22653794757883,50.7946164301225,0 6.24351535316266,50.81537342799229,0 6.23044946848528,50.82081528931731,0 6.232457769837469,50.8251609124134,0 6.24045171477241,50.8289751804835,0 6.265551371348681,50.82819860705099,0 6.26486442984767,50.83893268519009,0 6.27720936680114,50.8443394706557,0 6.32630084674617,50.8408202333973,0 6.33159901365515,50.8235017312794,0 6.31592960923008,50.8167138894685,0 6.294325096981121,50.8164005719541,0 6.297805682967141,50.8097537962777,0 6.28624025883037,50.8019363999495,0 6.28915603618608,50.7914750090927,0 6.28087781927929,50.7908662092658,0 6.266230038314539,50.8052529816753,0 6.248756450298871,50.8006387713892,0 6.23707081546765,50.7907631449276,0 6.25388417999035,50.7792209109511,0 6.226942696242489,50.7510186894374,0 6.21028068112396,50.75014123026241,0 
					</coordinates>
				</LinearRing>
			</outerBoundaryIs>
		</Polygon>
	</Placemark>
	<Placemark>
		<name>01955bd7-655c-767f-869a-adef4047d024</name>
		<Style>
			<LineStyle>
				<color>ff0000ff</color>
			</LineStyle>
			<PolyStyle>
				<fill>0</fill>
			</PolyStyle>
		</Style>
		<Polygon>
			<outerBoundaryIs>
				<LinearRing>
					<coordinates>
						6.22742523414923,51.0990143214544,0 6.222698532591319,51.09247436962289,0 6.20980611970738,51.0911423926159,0 6.200557475546061,51.0955292499392,0 6.188730121105191,51.0920831498602,0 6.16782848779116,51.0996102832391,0 6.16940663190945,51.0757132226254,0 6.17507698056655,51.074142716474,0 6.197536206460441,51.0847184511921,0 6.19217053412372,51.0754169432049,0 6.21425740679139,51.0687369296251,0 6.21612521195023,51.0799894133596,0 6.25952456874201,51.08939333195639,0 6.24397049055387,51.0774939914286,0 6.2562284259277,51.0683141351829,0 6.234348673053901,51.0622481695,0 6.23846769399022,51.0547217412625,0 6.26027596181959,51.0510953779991,0 6.25970872205093,51.03950426105809,0 6.271143387765239,51.0374352796364,0 6.28182486132474,51.0421316146641,0 6.28949112299294,51.03857354943239,0 6.28979634204542,51.03107247314951,0 6.28278677511531,51.0279219028893,0 6.24480897817732,51.027483588838,0 6.24764523723511,51.0364490832361,0 6.231342406918471,51.043170496603,0 6.215111970771541,51.0284699356479,0 6.2064312921475,51.0359695120003,0 6.209469958423299,51.04937280699551,0 6.175211992399989,51.0580936674217,0 6.14476797657455,51.0856936419008,0 6.142784710287071,51.0943646022215,0 6.13162488289419,51.0979757282171,0 6.13522694876746,51.103556130157,0 6.14799507263377,51.106207849372,0 6.14069075624781,51.1126818442098,0 6.14557388509325,51.1274018134748,0 6.15188375652065,51.1274351549995,0 6.16371765969281,51.10884571678699,0 6.18531278220079,51.1103741934838,0 6.196880601413851,51.10405814735209,0 6.21238875895944,51.10776804150769,0 6.22742523414923,51.0990143214544,0 
					</coordinates>
				</LinearRing>
			</outerBoundaryIs>
		</Polygon>
	</Placemark>
	<Placemark>
		<name>01955bd7-655c-7a51-ba0b-e4e5e1fce631</name>
		<Style>
			<LineStyle>
				<color>ff0000ff</color>
			</LineStyle>
			<PolyStyle>
				<fill>0</fill>
			</PolyStyle>
		</Style>
		<Polygon>
			<outerBoundaryIs>
				<LinearRing>
					<coordinates>
						6.24048608008463,51.09751385773971,0 6.23849766548003,51.1054234532617,0 6.24101640359588,51.1047160300438,0 6.24048608008463,51.09751385773971,0 
					</coordinates>
				</LinearRing>
			</outerBoundaryIs>
		</Polygon>
	</Placemark>
	<Placemark>
		<name>01955bd7-655c-7951-b174-ae65c37a756e</name>
		<Style>
			<LineStyle>
				<color>ff0000ff</color>
			</LineStyle>
			<PolyStyle>
				<fill>0</fill>
			</PolyStyle>
		</Style>
		<Polygon>
			<outerBoundaryIs>
				<LinearRing>
					<coordinates>
						6.26655954569788,51.0553297877635,0 6.26846354575253,51.0599368991436,0 6.27883231228458,51.05747732519159,0 6.26655954569788,51.0553297877635,0 
					</coordinates>
				</LinearRing>
			</outerBoundaryIs>
		</Polygon>
	</Placemark>
	<Placemark>
		<name>01955bd7-655c-77f7-96ef-812074cc72c4</name>
		<Style>
			<LineStyle>
				<color>ff0000ff</color>
			</LineStyle>
			<PolyStyle>
				<fill>0</fill>
			</PolyStyle>
		</Style>
		<Polygon>
			<outerBoundaryIs>
				<LinearRing>
					<coordinates>
						6.28768183758876,51.05641330951769,0 6.29839013312922,51.0659814415493,0 6.2978329860546,51.0753164771431,0 6.27875882839177,51.0785518889377,0 6.297979543899139,51.0872325298808,0 6.300304764150461,51.09572505070949,0 6.30955511825066,51.09223111674479,0 6.32997961057611,51.0963224702576,0 6.34375086610592,51.09170582809,0 6.34842760724245,51.074578510723,0 6.33392534133893,51.0685050436229,0 6.357015659014479,51.0603902620895,0 6.34612479737736,51.0563743044724,0 6.32093943451001,51.0606312502943,0 6.315973136738089,51.05210108664571,0 6.30517453012898,51.0569859319893,0 6.29702151642942,51.0496668602245,0 6.28768183758876,51.05641330951769,0 
					</coordinates>
				</LinearRing>
			</outerBoundaryIs>
		</Polygon>
	</Placemark>
	<Placemark>
		<name>01955bd7-655c-784c-95a7-b73d0171b518</name>
		<Style>
			<LineStyle>
				<color>ff0000ff</color>
			</LineStyle>
			<PolyStyle>
				<fill>0</fill>
			</PolyStyle>
		</Style>
		<Polygon>
			<outerBoundaryIs>
				<LinearRing>
					<coordinates>
						6.263022128206399,51.1436494058543,0 6.26692143882821,51.1602668708216,0 6.27821387313627,51.1627954015748,0 6.27686323735639,51.17495501386031,0 6.28704462250563,51.17193612257909,0 6.300474648703669,51.144663806796,0 6.318316415574419,51.1318050825056,0 6.3359643788153,51.12985112474661,0 6.33955386402986,51.109687142722,0 6.311876769573161,51.10800359299689,0 6.30877731575732,51.1111213335336,0 6.325101924843629,51.11397940662989,0 6.325863458725049,51.1183771669169,0 6.30794735562544,51.1278959034873,0 6.30505588675391,51.1183688459873,0 6.29922466257912,51.1179377332814,0 6.28589321252178,51.1218417451735,0 6.27774728611446,51.1307071681859,0 6.25618188708986,51.11736021452549,0 6.246188409247949,51.1166616317827,0 6.26209399469283,51.1309434147087,0 6.23862085932231,51.1317929933906,0 6.23645582996656,51.1356195801123,0 6.263022128206399,51.1436494058543,0 
					</coordinates>
				</LinearRing>
			</outerBoundaryIs>
		</Polygon>
	</Placemark>
	<Placemark>
		<name>01955bd7-655c-75fa-85a4-275cc3a8774c</name>
		<Style>
			<LineStyle>
				<color>ff0000ff</color>
			</LineStyle>
			<PolyStyle>
				<fill>0</fill>
			</PolyStyle>
		</Style>
		<Polygon>
			<outerBoundaryIs>
				<LinearRing>
					<coordinates>
						6.27624762462444,51.2477502108251,0 6.267404212408189,51.2455581606868,0 6.27220291241768,51.2248107757235,0 6.29172703044617,51.2272784826953,0 6.317592922019511,51.2084502480661,0 6.34439175107035,51.2133691662271,0 6.36069847170494,51.1964852305515,0 6.341818916888521,51.1953204465041,0 6.32869203040815,51.2037406549293,0 6.311924965973751,51.1943747725262,0 6.29350841894671,51.2014471301767,0 6.285326324409349,51.19722644042951,0 6.27315851178967,51.20419162502159,0 6.25965900715334,51.2042211243789,0 6.25435833891996,51.2132847452953,0 6.242760825292351,51.2140166316997,0 6.23273796705993,51.2383048230582,0 6.248362805075569,51.2416555600277,0 6.26198490070298,51.25683479189689,0 6.27493229417982,51.2541158585859,0 6.27624762462444,51.2477502108251,0 
					</coordinates>
				</LinearRing>
			</outerBoundaryIs>
		</Polygon>
	</Placemark>
	<Placemark>
		<name>01955bd7-655c-7fdf-99e0-f8f27468577d</name>
		<Style>
			<LineStyle>
				<color>ff0000ff</color>
			</LineStyle>
			<PolyStyle>
				<fill>0</fill>
			</PolyStyle>
		</Style>
		<Polygon>
			<outerBoundaryIs>
				<LinearRing>
					<coordinates>
						6.39155029203409,51.3233191740197,0 6.38373146974167,51.3152192617657,0 6.359706617317,51.33991533209331,0 6.35016922206436,51.3289548996848,0 6.33348651672999,51.3259876729989,0 6.32422578997612,51.3333645648305,0 6.326463273547301,51.35943325950091,0 6.34760509537383,51.3599655770233,0 6.35365393370386,51.3475361065593,0 6.37301663034875,51.34654109972711,0 6.39155029203409,51.3233191740197,0 
					</coordinates>
				</LinearRing>
			</outerBoundaryIs>
		</Polygon>
	</Placemark>
	<Placemark>
		<name>01955bd7-655c-7922-be20-87022a6e6f6d</name>
		<Style>
			<LineStyle>
				<color>ff0000ff</color>
			</LineStyle>
			<PolyStyle>
				<fill>0</fill>
			</PolyStyle>
		</Style>
		<Polygon>
			<outerBoundaryIs>
				<LinearRing>
					<coordinates>
						6.47010747622537,51.3949239890505,0 6.47222408152504,51.38326734832749,0 6.45103170155726,51.3737135711295,0 6.43191747506725,51.34961679813421,0 6.413368622441411,51.3458360283436,0 6.404331240257431,51.3542271292656,0 6.40103786047602,51.37777371813321,0 6.436687220152029,51.3840608211472,0 6.415493801260101,51.3882638078722,0 6.41466410371681,51.3983987973009,0 6.444808528890341,51.3997322968107,0 6.45623253873354,51.397759219339,0 6.46367120774638,51.390215101399,0 6.47010747622537,51.3949239890505,0 
					</coordinates>
				</LinearRing>
			</outerBoundaryIs>
		</Polygon>
	</Placemark>
	<Placemark>
		<name>01955bd7-655c-727b-b504-a77feca3118d</name>
		<Style>
			<LineStyle>
				<color>ff0000ff</color>
			</LineStyle>
			<PolyStyle>
				<fill>0</fill>
			</PolyStyle>
		</Style>
		<Polygon>
			<outerBoundaryIs>
				<LinearRing>
					<coordinates>
						6.25845054543837,51.4807945031083,0 6.255030948300471,51.4598558055044,0 6.29433767391331,51.4512531673106,0 6.28576559401803,51.440885852369,0 6.29449513981335,51.4352823101849,0 6.28472401467851,51.4278434564572,0 6.26681818418737,51.42702803723199,0 6.24359072550992,51.44035198144649,0 6.2503059272819,51.4495725333999,0 6.23163822718158,51.4751295748815,0 6.24468844575545,51.483958675102,0 6.23569633564913,51.49081745461971,0 6.219685489414611,51.4900336858254,0 6.2259197882629,51.5045630584457,0 6.23622774592681,51.50741990933309,0 6.248134757831851,51.5044484863768,0 6.25845054543837,51.4807945031083,0 
					</coordinates>
				</LinearRing>
			</outerBoundaryIs>
		</Polygon>
	</Placemark>
	<Placemark>
		<name>01955bd7-655c-717f-b769-c371391af62c</name>
		<Style>
			<LineStyle>
				<color>ff0000ff</color>
			</LineStyle>
			<PolyStyle>
				<fill>0</fill>
			</PolyStyle>
		</Style>
		<Polygon>
			<outerBoundaryIs>
				<LinearRing>
					<coordinates>
						6.2164621158685,51.8793219464422,0 6.26665712062904,51.8866325811149,0 6.279254782094769,51.87862902307409,0 6.247977599334609,51.86831952373069,0 6.2164621158685,51.8793219464422,0 
					</coordinates>
				</LinearRing>
			</outerBoundaryIs>
		</Polygon>
	</Placemark>
	<Placemark>
		<name>01955bd7-655c-700a-86d2-428269df2f0f</name>
		<Style>
			<LineStyle>
				<color>ff0000ff</color>
			</LineStyle>
			<PolyStyle>
				<fill>0</fill>
			</PolyStyle>
		</Style>
		<Polygon>
			<outerBoundaryIs>
				<LinearRing>
					<coordinates>
						6.24386442707859,51.86259078905711,0 6.243828829731079,51.8545290301593,0 6.25947252409087,51.85689918180431,0 6.27935678001841,51.8455931300632,0 6.278599121336681,51.8277361148349,0 6.236035556407051,51.829273585409,0 6.21600064653827,51.84441041545579,0 6.19647879802676,51.8496991984181,0 6.19615961451894,51.8530932578147,0 6.22051893795882,51.853663487988,0 6.226442635427491,51.8581212811567,0 6.23433895904797,51.8555574611335,0 6.24386442707859,51.86259078905711,0 
					</coordinates>
				</LinearRing>
			</outerBoundaryIs>
		</Polygon>
	</Placemark>
	<Placemark>
		<name>01955bd7-655c-7c7f-9c32-48bbda5ea93b</name>
		<Style>
			<LineStyle>
				<color>ff0000ff</color>
			</LineStyle>
			<PolyStyle>
				<fill>0</fill>
			</PolyStyle>
		</Style>
		<Polygon>
			<outerBoundaryIs>
				<LinearRing>
					<coordinates>
						6.6448338690977,49.0462097745518,0 6.64195828262072,49.04073071991609,0 6.6154874535929,49.04632217975159,0 6.59486989368119,49.0354332215507,0 6.586131039646421,49.04760919794211,0 6.57017117866035,49.0467368074267,0 6.57328742211653,49.0597818737201,0 6.55108308507741,49.0556106729939,0 6.546227998010681,49.05935107483781,0 6.5891460084959,49.07778315119651,0 6.59993098649541,49.0590670016161,0 6.6448338690977,49.0462097745518,0 
					</coordinates>
				</LinearRing>
			</outerBoundaryIs>
		</Polygon>
	</Placemark>
	<Placemark>
		<name>01955bd7-655c-7214-9015-2af1533ba252</name>
		<Style>
			<LineStyle>
				<color>ff0000ff</color>
			</LineStyle>
			<PolyStyle>
				<fill>0</fill>
			</PolyStyle>
		</Style>
		<Polygon>
			<outerBoundaryIs>
				<LinearRing>
					<coordinates>
						6.623050489954109,49.1768567966656,0 6.65653488486384,49.1905043307651,0 6.64613278210808,49.2028521847645,0 6.67376305175595,49.1974095586379,0 6.68437878347487,49.20355030686009,0 6.679531678784241,49.2130470878881,0 6.68693917472058,49.21829551964969,0 6.71479064973698,49.2139645093093,0 6.71577764272869,49.1989748889072,0 6.702489620211729,49.1874300820752,0 6.68303148938595,49.18616300325989,0 6.68481073585089,49.1734141288077,0 6.67099600880976,49.17419367773411,0 6.66424228204035,49.18068471518961,0 6.62750042571831,49.1674865761733,0 6.623050489954109,49.1768567966656,0 
					</coordinates>
				</LinearRing>
			</outerBoundaryIs>
		</Polygon>
	</Placemark>
	<Placemark>
		<name>01955bd7-655c-75ab-b220-9d9c77cd9a49</name>
		<Style>
			<LineStyle>
				<color>ff0000ff</color>
			</LineStyle>
			<PolyStyle>
				<fill>0</fill>
			</PolyStyle>
		</Style>
		<Polygon>
			<outerBoundaryIs>
				<LinearRing>
					<coordinates>
						6.66220538359904,49.45064041279359,0 6.66583178839358,49.4439661123102,0 6.64065985173662,49.438356552672,0 6.63672079703924,49.4197900359191,0 6.630518280711919,49.4182565856648,0 6.62882863816796,49.4340004996042,0 6.612436128982771,49.43291821209701,0 6.60177915672397,49.4528006493664,0 6.61825396006534,49.4453399112995,0 6.63041087813937,49.4507598144364,0 6.60229875907169,49.4775866626461,0 6.6137568511732,49.47919478761661,0 6.62540010497619,49.46242348213099,0 6.64168370204042,49.4583331512238,0 6.644243773198269,49.44925864442771,0 6.66220538359904,49.45064041279359,0 
					</coordinates>
				</LinearRing>
			</outerBoundaryIs>
		</Polygon>
	</Placemark>
	<Placemark>
		<name>01955bd7-655c-7957-91b4-043f1d91e242</name>
		<Style>
			<LineStyle>
				<color>ff0000ff</color>
			</LineStyle>
			<PolyStyle>
				<fill>0</fill>
			</PolyStyle>
		</Style>
		<Polygon>
			<outerBoundaryIs>
				<LinearRing>
					<coordinates>
						6.59618122995828,49.7402195873615,0 6.60709554906508,49.74584557939599,0 6.622492874018189,49.7696809282142,0 6.6457762252845,49.7708349672834,0 6.668545950712059,49.78588255082389,0 6.68282232232505,49.8013050385568,0 6.68321230682396,49.81352621086919,0 6.707194176457,49.82532999364161,0 6.69114891959383,49.8047086769424,0 6.72860853956966,49.805894501504,0 6.72814557893955,49.7995344059578,0 6.7133280516365,49.7937220245792,0 6.72301042388075,49.78720570753281,0 6.71754624043048,49.7795664550396,0 6.74005506379883,49.7714139897695,0 6.721925011616541,49.7711779869561,0 6.71741912582936,49.77936938800791,0 6.70156796734858,49.7834365874707,0 6.66913514697438,49.7618220390534,0 6.70199447252836,49.7454776348758,0 6.711484703868449,49.73341023194379,0 6.6964657142206,49.72169841112279,0 6.683174669521481,49.72397655189819,0 6.68107071697832,49.7326800929907,0 6.66808437594803,49.7375498396427,0 6.65671160524467,49.7272456425743,0 6.60741464295199,49.7192504943449,0 6.599695802331611,49.7088239450822,0 6.60455026004394,49.70145642382469,0 6.569837951631711,49.6849256717261,0 6.56520866182273,49.6724812560126,0 6.5596209859521,49.671774076329,0 6.54855700335455,49.6759042554972,0 6.54853410848667,49.68107397987971,0 6.558839382159581,49.6966122398197,0 6.579133194988471,49.70909506907439,0 6.571726777906319,49.7236584683899,0 6.598953731253439,49.73076143733909,0 6.59618122995828,49.7402195873615,0 
					</coordinates>
				</LinearRing>
			</outerBoundaryIs>
		</Polygon>
	</Placemark>
	<Placemark>
		<name>01955bd7-655c-769d-a4d2-92bfe46a4e3c</name>
		<Style>
			<LineStyle>
				<color>ff0000ff</color>
			</LineStyle>
			<PolyStyle>
				<fill>0</fill>
			</PolyStyle>
		</Style>
		<Polygon>
			<outerBoundaryIs>
				<LinearRing>
					<coordinates>
						6.536362407052409,49.9418367288722,0 6.53736697306851,49.94841572837701,0 6.51439945479389,49.9500956190914,0 6.5125637934678,49.9657389744294,0 6.4983240149776,49.96919162058779,0 6.51723369905802,49.9817969030891,0 6.5411377436754,49.9808964711,0 6.54658622292087,49.97618431309181,0 6.54222567832052,49.9656184833602,0 6.55897033707825,49.9644252528956,0 6.54093483188979,49.9565187659868,0 6.540759303517081,49.9472690459385,0 6.57023299537213,49.9543848539459,0 6.54733608244404,49.9410963557827,0 6.536362407052409,49.9418367288722,0 
					</coordinates>
				</LinearRing>
			</outerBoundaryIs>
		</Polygon>
	</Placemark>
	<Placemark>
		<name>01955bd7-655c-700e-a6e9-40be0aae5f7d</name>
		<Style>
			<LineStyle>
				<color>ff0000ff</color>
			</LineStyle>
			<PolyStyle>
				<fill>0</fill>
			</PolyStyle>
		</Style>
		<Polygon>
			<outerBoundaryIs>
				<LinearRing>
					<coordinates>
						6.73444568116716,50.6519622012961,0 6.762011325821661,50.6572705920585,0 6.76323264607644,50.6727890298772,0 6.78024407672157,50.67056466548221,0 6.79295221466829,50.6798686656762,0 6.80945553500873,50.6688427531438,0 6.81704794096902,50.65390441610091,0 6.83614675714117,50.66317181591491,0 6.84443811194838,50.65909030739261,0 6.83276008148473,50.6467195094129,0 6.81478387791862,50.6435148243001,0 6.81944641288267,50.62289280030541,0 6.80178593515777,50.6192900385354,0 6.79504654999999,50.62274640837629,0 6.80562307123748,50.6285949754502,0 6.803664051618439,50.6428058791241,0 6.78679296018472,50.6416153954047,0 6.76421774769826,50.6514388410342,0 6.73874266217586,50.64714213215989,0 6.73444568116716,50.6519622012961,0 
					</coordinates>
				</LinearRing>
			</outerBoundaryIs>
		</Polygon>
	</Placemark>
	<Placemark>
		<name>01955bd7-655c-7d1e-8b77-9fad64594e3b</name>
		<Style>
			<LineStyle>
				<color>ff0000ff</color>
			</LineStyle>
			<PolyStyle>
				<fill>0</fill>
			</PolyStyle>
		</Style>
		<Polygon>
			<outerBoundaryIs>
				<LinearRing>
					<coordinates>
						6.81468389388854,50.6721538852328,0 6.81168145986132,50.691243913507,0 6.82145525934382,50.6991456900735,0 6.837316724437,50.68466804297479,0 6.83104694840532,50.67418176925721,0 6.81468389388854,50.6721538852328,0 
					</coordinates>
				</LinearRing>
			</outerBoundaryIs>
		</Polygon>
	</Placemark>
	<Placemark>
		<name>01955bd7-655c-7a4a-a7aa-29650168a0ac</name>
		<Style>
			<LineStyle>
				<color>ff0000ff</color>
			</LineStyle>
			<PolyStyle>
				<fill>0</fill>
			</PolyStyle>
		</Style>
		<Polygon>
			<outerBoundaryIs>
				<LinearRing>
					<coordinates>
						6.79115649432937,50.8024810758361,0 6.76569844966397,50.7823610211957,0 6.75669388193707,50.7857091470232,0 6.75395226246529,50.8025841383968,0 6.77140445281043,50.808850406414,0 6.79115649432937,50.8024810758361,0 
					</coordinates>
				</LinearRing>
			</outerBoundaryIs>
		</Polygon>
	</Placemark>
	<Placemark>
		<name>01955bd7-655c-7cf4-b235-2838bf9af65b</name>
		<Style>
			<LineStyle>
				<color>ff0000ff</color>
			</LineStyle>
			<PolyStyle>
				<fill>0</fill>
			</PolyStyle>
		</Style>
		<Polygon>
			<outerBoundaryIs>
				<LinearRing>
					<coordinates>
						6.793919614068,50.8031511453485,0 6.79365134409529,50.8123027973473,0 6.802732846533809,50.8189250440931,0 6.794138963355709,50.829916170278,0 6.73846651656782,50.8649802698379,0 6.74423184929989,50.8748063860835,0 6.75392996152972,50.875321045345,0 6.759164296099149,50.8603481390116,0 6.7932075071088,50.84243553948891,0 6.79514624235254,50.8326092169828,0 6.80920991477258,50.831002081193,0 6.83264761355421,50.8115892483121,0 6.83297580619237,50.8001509254563,0 6.82590835601302,50.7981752696988,0 6.805883847423,50.8046940023584,0 6.793919614068,50.8031511453485,0 
					</coordinates>
				</LinearRing>
			</outerBoundaryIs>
		</Polygon>
	</Placemark>
	<Placemark>
		<name>01955bd7-655c-74d3-9af2-864250585ba0</name>
		<Style>
			<LineStyle>
				<color>ff0000ff</color>
			</LineStyle>
			<PolyStyle>
				<fill>0</fill>
			</PolyStyle>
		</Style>
		<Polygon>
			<outerBoundaryIs>
				<LinearRing>
					<coordinates>
						6.64041119522522,50.8937574679433,0 6.65559127249322,50.8993352409736,0 6.657996136587081,50.907870174344,0 6.674490157365951,50.91677138852491,0 6.69048232819993,50.9124789804311,0 6.686339397194391,50.89838816324511,0 6.69792479304095,50.8950143493981,0 6.689767381339141,50.88960624854451,0 6.64299688019816,50.89025519765361,0 6.64041119522522,50.8937574679433,0 
					</coordinates>
				</LinearRing>
			</outerBoundaryIs>
		</Polygon>
	</Placemark>
	<Placemark>
		<name>01955bd7-655c-7d08-9f2a-6d03dd94d58b</name>
		<Style>
			<LineStyle>
				<color>ff0000ff</color>
			</LineStyle>
			<PolyStyle>
				<fill>0</fill>
			</PolyStyle>
		</Style>
		<Polygon>
			<outerBoundaryIs>
				<LinearRing>
					<coordinates>
						6.69203956074768,50.8842439957515,0 6.70683243852427,50.87517345158679,0 6.70786699465552,50.86627839575961,0 6.657827185633529,50.8667563179423,0 6.657998049905,50.8706871032803,0 6.67486125586474,50.8698890635887,0 6.69203956074768,50.8842439957515,0 
					</coordinates>
				</LinearRing>
			</outerBoundaryIs>
		</Polygon>
	</Placemark>
	<Placemark>
		<name>01955bd7-655c-7ead-aff8-0016b79d5745</name>
		<Style>
			<LineStyle>
				<color>ff0000ff</color>
			</LineStyle>
			<PolyStyle>
				<fill>0</fill>
			</PolyStyle>
		</Style>
		<Polygon>
			<outerBoundaryIs>
				<LinearRing>
					<coordinates>
						6.6694429806742,50.9293669007362,0 6.66224447851509,50.92480886072909,0 6.65534640234099,50.9268365865949,0 6.66336755225279,50.9331877335049,0 6.66390288578565,50.9440753518509,0 6.65163310592516,50.9355714047032,0 6.62654213305307,50.93784128603179,0 6.62018682584205,50.9560489100631,0 6.63860838846293,50.9625333221162,0 6.66945547795605,50.9418099398989,0 6.703864263271919,50.9378221995783,0 6.69802683441517,50.9306568268987,0 6.6694429806742,50.9293669007362,0 
					</coordinates>
				</LinearRing>
			</outerBoundaryIs>
		</Polygon>
	</Placemark>
	<Placemark>
		<name>01955bd7-655c-711a-945d-6725b137c739</name>
		<Style>
			<LineStyle>
				<color>ff0000ff</color>
			</LineStyle>
			<PolyStyle>
				<fill>0</fill>
			</PolyStyle>
		</Style>
		<Polygon>
			<outerBoundaryIs>
				<LinearRing>
					<coordinates>
						6.85914478772913,51.1046740431059,0 6.85137877508371,51.0805168100137,0 6.87237426894202,51.0617556756183,0 6.85670219797981,51.05573600898751,0 6.85374783032548,51.0443831016259,0 6.83976292021178,51.0406100818845,0 6.84552891147292,51.0554436712218,0 6.81793397347852,51.0551034689291,0 6.80389830970244,51.06099210620241,0 6.80607604843356,51.07353941212249,0 6.81939051436868,51.07846177782869,0 6.79700636052504,51.1011287784104,0 6.82172309079626,51.1116501702312,0 6.83895725036344,51.10132840296581,0 6.85914478772913,51.1046740431059,0 
					</coordinates>
				</LinearRing>
			</outerBoundaryIs>
		</Polygon>
	</Placemark>
	<Placemark>
		<name>01955bd7-655c-7848-b02b-084f508f8d84</name>
		<Style>
			<LineStyle>
				<color>ff0000ff</color>
			</LineStyle>
			<PolyStyle>
				<fill>0</fill>
			</PolyStyle>
		</Style>
		<Polygon>
			<outerBoundaryIs>
				<LinearRing>
					<coordinates>
						6.66874689616586,51.28534338183499,0 6.656821110333891,51.2740963479208,0 6.64712539875581,51.27339588029489,0 6.65064591638897,51.2644593204148,0 6.64137084249348,51.26087207390351,0 6.616051799184291,51.26098976011039,0 6.60483026321363,51.2695036374799,0 6.60669152368511,51.2862955151919,0 6.6156991265332,51.2871639888832,0 6.631732234137571,51.280347741023,0 6.63953769497883,51.2937945525928,0 6.66006702144688,51.2928376613596,0 6.66874689616586,51.28534338183499,0 
					</coordinates>
				</LinearRing>
			</outerBoundaryIs>
		</Polygon>
	</Placemark>
	<Placemark>
		<name>01955bd7-655c-7ea3-a4c2-b7bcb078fc2b</name>
		<Style>
			<LineStyle>
				<color>ff0000ff</color>
			</LineStyle>
			<PolyStyle>
				<fill>0</fill>
			</PolyStyle>
		</Style>
		<Polygon>
			<outerBoundaryIs>
				<LinearRing>
					<coordinates>
						6.48512672298522,51.414049707956,0 6.51096737088435,51.42171493408329,0 6.5104497675656,51.42865777282171,0 6.52024640494185,51.4318417972012,0 6.52747726199738,51.446472161161,0 6.55807767512543,51.447210075953,0 6.577109097784849,51.4616715215921,0 6.59164339355965,51.4584312893073,0 6.58123845209131,51.4371581871269,0 6.55990786307862,51.4349773826402,0 6.54448588751198,51.4269017236343,0 6.517890710924751,51.4301020275395,0 6.525186668517531,51.414397688629,0 6.49850842151587,51.40250214015149,0 6.48512672298522,51.414049707956,0 
					</coordinates>
				</LinearRing>
			</outerBoundaryIs>
		</Polygon>
	</Placemark>
	<Placemark>
		<name>01955bd7-655c-7738-b32e-c7db15de81f8</name>
		<Style>
			<LineStyle>
				<color>ff0000ff</color>
			</LineStyle>
			<PolyStyle>
				<fill>0</fill>
			</PolyStyle>
		</Style>
		<Polygon>
			<outerBoundaryIs>
				<LinearRing>
					<coordinates>
						6.58695566840608,51.6819710860757,0 6.56620945863491,51.6768525212782,0 6.563191074533351,51.6775537170521,0 6.56886340174282,51.68617044461921,0 6.58695566840608,51.6819710860757,0 
					</coordinates>
				</LinearRing>
			</outerBoundaryIs>
		</Polygon>
	</Placemark>
	<Placemark>
		<name>01955bd7-655c-7b3d-9d9d-c2b9806b9fb6</name>
		<Style>
			<LineStyle>
				<color>ff0000ff</color>
			</LineStyle>
			<PolyStyle>
				<fill>0</fill>
			</PolyStyle>
		</Style>
		<Polygon>
			<outerBoundaryIs>
				<LinearRing>
					<coordinates>
						6.5938750250936,51.6817712831997,0 6.604991454118001,51.69607699317851,0 6.61117142381866,51.6964286838865,0 6.61240668387031,51.6830624591415,0 6.6295290024977,51.6836980438343,0 6.63577747390783,51.6751593879195,0 6.650307180805999,51.6761218283746,0 6.65863236837754,51.6671244679902,0 6.670942333395429,51.6659950733571,0 6.672357423260511,51.6563372698982,0 6.64522952365262,51.65534609432049,0 6.61099449614082,51.6472638882894,0 6.598884574535459,51.6565463542281,0 6.595267182786849,51.6648046380728,0 6.60608713779514,51.6719008944143,0 6.5938750250936,51.6817712831997,0 
					</coordinates>
				</LinearRing>
			</outerBoundaryIs>
		</Polygon>
	</Placemark>
	<Placemark>
		<name>01955bd7-655c-7dc6-9394-0def17d52339</name>
		<Style>
			<LineStyle>
				<color>ff0000ff</color>
			</LineStyle>
			<PolyStyle>
				<fill>0</fill>
			</PolyStyle>
		</Style>
		<Polygon>
			<outerBoundaryIs>
				<LinearRing>
					<coordinates>
						6.56939017841038,51.83462514449921,0 6.58232232077591,51.8495821086581,0 6.580542219840569,51.8603286165844,0 6.58785532714146,51.86415468309,0 6.60029369114191,51.8568771258998,0 6.61750698789495,51.8579477880476,0 6.6284934448536,51.8643399384899,0 6.644230104680699,51.8563741568868,0 6.64444492847926,51.8486620635151,0 6.65841216421759,51.83662555856651,0 6.611125039127419,51.8011425911667,0 6.58732588888488,51.8250429383869,0 6.56939017841038,51.83462514449921,0 
					</coordinates>
				</LinearRing>
			</outerBoundaryIs>
		</Polygon>
	</Placemark>
	<Placemark>
		<name>01955bd7-655c-729b-8927-fe11cf23432b</name>
		<Style>
			<LineStyle>
				<color>ff0000ff</color>
			</LineStyle>
			<PolyStyle>
				<fill>0</fill>
			</PolyStyle>
		</Style>
		<Polygon>
			<outerBoundaryIs>
				<LinearRing>
					<coordinates>
						6.582889248025829,51.8146127097022,0 6.57411746370532,51.80469685841089,0 6.541620512527779,51.8099380610584,0 6.542644257930039,51.8155742474413,0 6.582889248025829,51.8146127097022,0 
					</coordinates>
				</LinearRing>
			</outerBoundaryIs>
		</Polygon>
	</Placemark>
	<Placemark>
		<name>01955bd7-655c-7a4d-ae20-5704362e45b8</name>
		<Style>
			<LineStyle>
				<color>ff0000ff</color>
			</LineStyle>
			<PolyStyle>
				<fill>0</fill>
			</PolyStyle>
		</Style>
		<Polygon>
			<outerBoundaryIs>
				<LinearRing>
					<coordinates>
						6.85536995814525,52.0421208539617,0 6.855415869104059,52.0319331202105,0 6.836485438256819,52.0265058178959,0 6.82927978480069,52.01931245273521,0 6.80754514364191,52.02009300491609,0 6.796165678376581,52.0151476885198,0 6.7804341917328,52.01937329474691,0 6.802906444392829,52.0250112312,0 6.80000431191287,52.0441477119072,0 6.80591659016658,52.0506615983318,0 6.83911706991624,52.04952998441001,0 6.85536995814525,52.0421208539617,0 
					</coordinates>
				</LinearRing>
			</outerBoundaryIs>
		</Polygon>
	</Placemark>
	<Placemark>
		<name>01955bd7-655c-7c5f-9a56-a1da1dec20c9</name>
		<Style>
			<LineStyle>
				<color>ff0000ff</color>
			</LineStyle>
			<PolyStyle>
				<fill>0</fill>
			</PolyStyle>
		</Style>
		<Polygon>
			<outerBoundaryIs>
				<LinearRing>
					<coordinates>
						6.6739923992659,49.3685747383135,0 6.67368980977045,49.3546100977274,0 6.670455583236149,49.3531155411452,0 6.65676988116596,49.3608461663756,0 6.658021453070351,49.3680666359918,0 6.6739923992659,49.3685747383135,0 
					</coordinates>
				</LinearRing>
			</outerBoundaryIs>
		</Polygon>
	</Placemark>
	<Placemark>
		<name>01955bd7-655c-7d4d-94ab-0beb3269f312</name>
		<Style>
			<LineStyle>
				<color>ff0000ff</color>
			</LineStyle>
			<PolyStyle>
				<fill>0</fill>
			</PolyStyle>
		</Style>
		<Polygon>
			<outerBoundaryIs>
				<LinearRing>
					<coordinates>
						6.67538467163291,49.37049036933939,0 6.66861512449424,49.3955572059123,0 6.68578122718953,49.3870555260543,0 6.71106237070227,49.3989532620023,0 6.71204939852959,49.3866196516882,0 6.697378326821591,49.38043591706401,0 6.70082275969757,49.37074286837,0 6.72501801765067,49.37402976685659,0 6.72590173739083,49.3641850392071,0 6.73219506946745,49.3626869587028,0 6.752804257545299,49.3700330750458,0 6.75947835774922,49.384734007131,0 6.7701674524254,49.354368036953,0 6.77935253962007,49.36412629913111,0 6.79633321217926,49.3602657293083,0 6.796305165634021,49.3675572263983,0 6.81273590273751,49.3592529581185,0 6.81748683914213,49.3496457382576,0 6.80948191068291,49.3460317174291,0 6.79187123767857,49.35042158744659,0 6.77797244304527,49.3436621157452,0 6.790560178439,49.33222211484621,0 6.78206919695775,49.3259761134711,0 6.789996111564299,49.30522202527271,0 6.782172225345551,49.29699752733899,0 6.78737979640009,49.28805737514029,0 6.817124598056989,49.2813576448123,0 6.822953217075469,49.2740392100253,0 6.837118144851801,49.2717172815191,0 6.841583301857701,49.264314262699,0 6.86742541103132,49.2662282912939,0 6.877105762646501,49.260415634415,0 6.88943653539329,49.2611954327874,0 6.89633287174904,49.2518684268607,0 6.90795232885376,49.26317408126209,0 6.9255789629053,49.2660019072459,0 6.9254879502738,49.252808548752,0 6.975711456382611,49.2616777145377,0 6.98763335697823,49.252339226768,0 7.00962678578927,49.27666594511899,0 7.02442218177821,49.2840282084435,0 7.02499284638832,49.3090651445641,0 7.03982872924564,49.3025082639788,0 7.051538744581709,49.3058919505882,0 7.03935618450778,49.319207600874,0 7.05078822990033,49.3381301169726,0 7.01826505239517,49.3410493469395,0 6.991446351883511,49.3250283664521,0 6.98232522151416,49.33009570278501,0 6.99904777128916,49.3360928218546,0 7.00054326561245,49.3430516597332,0 7.013748338769971,49.3437118137843,0 7.01122013301001,49.3518062055748,0 6.995922639290819,49.3521367213874,0 7.00747053460024,49.3608890718875,0 7.016697706623,49.38375997147771,0 7.02247208348962,49.3814088220016,0 7.017033032294951,49.3661273857365,0 7.02332011812039,49.3466256262535,0 7.04721062418352,49.35246887132151,0 7.040065141531859,49.36742811890829,0 7.04424987067076,49.37672389611121,0 7.05769725751887,49.3775234997566,0 7.05986101724277,49.3655033641656,0 7.07268516125709,49.366660915193,0 7.07390882430535,49.37986699716151,0 7.06435414735828,49.3924728176103,0 7.0962823393885,49.3767045767848,0 7.09179687743106,49.3634679692693,0 7.09703952826538,49.3608785526672,0 7.117247918007591,49.3645346232425,0 7.11248983274237,49.3715035308734,0 7.11942880953897,49.3781385585951,0 7.102968134677889,49.3870001218981,0 7.10222193930417,49.39245848583239,0 7.117693325223229,49.3940432947409,0 7.11974322685744,49.3853685646412,0 7.137573089908561,49.37113739393601,0 7.13984773543868,49.3567042231701,0 7.15534601616783,49.3509231538258,0 7.16824912454575,49.3592775005995,0 7.158380650394341,49.3721004406974,0 7.18216126203518,49.3864831855864,0 7.19616695327523,49.3828398821128,0 7.2105360683458,49.3867334712667,0 7.21921670906156,49.3826411403354,0 7.219797988770171,49.3768904709559,0 7.20842037509553,49.3740285098154,0 7.19094691917738,49.3574008076722,0 7.224205278824749,49.357441305301,0 7.232068673966829,49.3661896437558,0 7.24373267464471,49.3645463392444,0 7.26391957400084,49.3698592238795,0 7.24922764212164,49.3845720651536,0 7.27069096920122,49.3937528249661,0 7.278587238688181,49.3868791597686,0 7.2613561050706,49.38335394667631,0 7.28025843477925,49.3455610729602,0 7.2628618763147,49.330180760228,0 7.255673179445221,49.3416118142603,0 7.19889304979993,49.33635871598651,0 7.20232019014002,49.3274879877598,0 7.16603131254155,49.3242236799439,0 7.16043307916982,49.313202687803,0 7.13854732590864,49.3063324255486,0 7.124180449206379,49.30892193588819,0 7.10713088192589,49.3213192247231,0 7.08852345639631,49.3148510539415,0 7.08386212525486,49.3057058952536,0 7.06498424173189,49.295555251541,0 7.04776561193318,49.290946313627,0 7.056454913687901,49.2714701664673,0 7.04712139704617,49.25335052259379,0 7.03640963970244,49.2525031191867,0 7.04103031644189,49.2620427146007,0 7.02343636020246,49.268645903947,0 7.00460436595667,49.2564374306607,0 7.0338607390338,49.2391568155418,0 7.05070827475716,49.24054560585149,0 7.051122380647051,49.25150838216929,0 7.06284696915659,49.2513085848952,0 7.070261749891721,49.24477320575,0 7.06157876161811,49.2362485684686,0 7.07573028422722,49.2209738932635,0 7.0630457336909,49.2082554113396,0 7.075326478366241,49.1986258784808,0 7.06572340543946,49.1934787531238,0 7.04321504663411,49.20216277696569,0 7.04990814132562,49.1780085167349,0 7.04507868087578,49.1739051498545,0 7.03557714769932,49.1745658874812,0 7.03090196963751,49.1888276169035,0 7.01223601347513,49.1890275330957,0 7.01827842839846,49.206450733785,0 7.01351262516114,49.20914388710611,0 6.970261979223351,49.206220839834,0 6.97809153609211,49.1853286227038,0 6.96417978190309,49.1739615319652,0 6.9720062821477,49.1633190301813,0 6.94809493614675,49.1442182390344,0 6.9424070695114,49.1460299325741,0 6.95603451789256,49.1615484316733,0 6.9346986516548,49.1603704941616,0 6.92110850187573,49.1525076303482,0 6.91214939284692,49.1648877201575,0 6.88827304770458,49.17365671322879,0 6.87316139034266,49.1605251476101,0 6.85673997724056,49.158774455053,0 6.858835457655529,49.13926802529579,0 6.84057937282666,49.1453678723997,0 6.83773078393623,49.1326377825993,0 6.81867980445954,49.1345427379295,0 6.82609774563696,49.1199963092722,0 6.84845016743721,49.1141884463094,0 6.88527853844957,49.1320910529823,0 6.8949796629063,49.1322533109065,0 6.90043573963554,49.1272257905329,0 6.88696944669447,49.1128693338463,0 6.860636008595939,49.1112071508456,0 6.8621051530767,49.106194954705,0 6.87743985776386,49.1057615556847,0 6.8764499827982,49.1014960124453,0 6.85155893443902,49.092448875816,0 6.844985459565821,49.1012685212326,0 6.826603126271619,49.1085903954742,0 6.82382151168912,49.1208133882973,0 6.813583829627919,49.12277914003519,0 6.80635115836872,49.1351146366035,0 6.78086780569797,49.1208572074479,0 6.76387037258502,49.12527394116739,0 6.76005690262921,49.1347066378067,0 6.7711424672236,49.139405052819,0 6.771333391351891,49.14764791428,0 6.741820917363741,49.1548652827841,0 6.71163670542076,49.1280037646225,0 6.72436749258903,49.12277648868299,0 6.72928258111165,49.11159803376021,0 6.74367826982521,49.1088492248662,0 6.75196020561478,49.0956585367287,0 6.73363963655482,49.094983975641,0 6.72462758823287,49.08491782596311,0 6.70785859340951,49.0861459141277,0 6.69064151530068,49.0674964132694,0 6.67823134624928,49.06769226384309,0 6.67281411157755,49.0862204322208,0 6.68861949203583,49.08371181286931,0 6.701596362453989,49.0930407572777,0 6.6877346976483,49.1064252888832,0 6.70145693640889,49.1216847338996,0 6.69425905994234,49.1310893469301,0 6.697297242322139,49.1370834300048,0 6.68777679496303,49.1422785082691,0 6.689415897978719,49.1528915974545,0 6.70742883371079,49.158370543033,0 6.70605889721629,49.1698001327496,0 6.714083497140701,49.1779627897863,0 6.72891910363695,49.17715778891021,0 6.7321437857161,49.1866813102048,0 6.74491358819276,49.18341666857739,0 6.73440186282888,49.16845546244549,0 6.75772414620351,49.1593048247077,0 6.773397724671239,49.1622749891119,0 6.77625732961452,49.1475178156093,0 6.79335795344686,49.150679426559,0 6.801699977267471,49.1606503089974,0 6.83090802982445,49.1547693662864,0 6.83735556733601,49.1613980515376,0 6.85852735068537,49.16666104702599,0 6.853992119471101,49.1823043346319,0 6.869101532377661,49.1922208063823,0 6.83293749514154,49.1920903061089,0 6.83154732368257,49.215715683035,0 6.84718498269857,49.21459690609011,0 6.8668351004516,49.220891708472,0 6.87869228886931,49.2115958362699,0 6.86081926671844,49.2013143818665,0 6.8890926614843,49.1981658380221,0 6.923576395758211,49.2104225189266,0 6.91400733156303,49.2153402859647,0 6.91342087665998,49.2239245435824,0 6.8821405130846,49.2230355495557,0 6.88165700974878,49.23347694525031,0 6.85348640351298,49.2406863656022,0 6.83974113317337,49.2297836975775,0 6.824954528846431,49.22968542633661,0 6.82546117638434,49.2406362542218,0 6.78680090027493,49.26147307265961,0 6.778048770146949,49.2838106650023,0 6.76235598322763,49.2849378328221,0 6.75286399248189,49.2994664520068,0 6.73867232362956,49.2978760762947,0 6.73119661719791,49.28381516374,0 6.72484954741306,49.2838601170595,0 6.72853349827665,49.2929942326005,0 6.71999116724955,49.2998807065178,0 6.730002380791769,49.30921756230259,0 6.71862195175515,49.3096666730614,0 6.722671361181229,49.3191881824358,0 6.69926593480037,49.3280320477242,0 6.71514840962891,49.3353262270085,0 6.70136912831496,49.3480819381228,0 6.70958442414217,49.3621328848565,0 6.67538467163291,49.37049036933939,0 
					</coordinates>
				</LinearRing>
			</outerBoundaryIs>
		</Polygon>
	</Placemark>
	<Placemark>
		<name>01955bd7-655c-7e12-a693-ba5d9ed5c73d</name>
		<Style>
			<LineStyle>
				<color>ff0000ff</color>
			</LineStyle>
			<PolyStyle>
				<fill>0</fill>
			</PolyStyle>
		</Style>
		<Polygon>
			<outerBoundaryIs>
				<LinearRing>
					<coordinates>
						6.77580548663704,49.3756325254268,0 6.78026389744046,49.3818536670279,0 6.79609893589853,49.3833527898756,0 6.79475885221077,49.3687270123074,0 6.77580548663704,49.3756325254268,0 
					</coordinates>
				</LinearRing>
			</outerBoundaryIs>
		</Polygon>
	</Placemark>
	<Placemark>
		<name>01955bd7-655c-7439-a169-b58e0991962d</name>
		<Style>
			<LineStyle>
				<color>ff0000ff</color>
			</LineStyle>
			<PolyStyle>
				<fill>0</fill>
			</PolyStyle>
		</Style>
		<Polygon>
			<outerBoundaryIs>
				<LinearRing>
					<coordinates>
						7.00560777822118,49.3814521297644,0 6.99408398413251,49.3857791477005,0 6.99562726444165,49.3950322363824,0 7.00722154581089,49.3935090513461,0 7.00560777822118,49.3814521297644,0 
					</coordinates>
				</LinearRing>
			</outerBoundaryIs>
		</Polygon>
	</Placemark>
	<Placemark>
		<name>01955bd7-655c-7f30-b94e-1e21c09c774a</name>
		<Style>
			<LineStyle>
				<color>ff0000ff</color>
			</LineStyle>
			<PolyStyle>
				<fill>0</fill>
			</PolyStyle>
		</Style>
		<Polygon>
			<outerBoundaryIs>
				<LinearRing>
					<coordinates>
						7.09633391619866,49.3952496099564,0 7.08620760401952,49.3949489354636,0 7.07402181926583,49.4024145486838,0 7.09524293214018,49.3991507473749,0 7.09633391619866,49.3952496099564,0 
					</coordinates>
				</LinearRing>
			</outerBoundaryIs>
		</Polygon>
	</Placemark>
	<Placemark>
		<name>01955bd7-655c-719a-8ab4-b3f6ca46be1c</name>
		<Style>
			<LineStyle>
				<color>ff0000ff</color>
			</LineStyle>
			<PolyStyle>
				<fill>0</fill>
			</PolyStyle>
		</Style>
		<Polygon>
			<outerBoundaryIs>
				<LinearRing>
					<coordinates>
						7.28634458545684,49.3461765088336,0 7.29800516548991,49.3492178168459,0 7.31026226246443,49.3373884742323,0 7.324448543691801,49.3428876979911,0 7.32129265446563,49.350784631186,0 7.32877946946386,49.3552736458873,0 7.36815410383382,49.3472879973843,0 7.368927911437981,49.3397088458925,0 7.35565797106829,49.339404767122,0 7.351067499775531,49.3342538391468,0 7.34748797304564,49.3061304578961,0 7.3099061026933,49.30311888889401,0 7.3216104667732,49.32230181149289,0 7.315316039168761,49.32968453410059,0 7.30339138929696,49.3311604230024,0 7.30373752070816,49.3397304279904,0 7.28634458545684,49.3461765088336,0 
					</coordinates>
				</LinearRing>
			</outerBoundaryIs>
		</Polygon>
	</Placemark>
	<Placemark>
		<name>01955bd7-655c-71fb-bd19-9af253878c83</name>
		<Style>
			<LineStyle>
				<color>ff0000ff</color>
			</LineStyle>
			<PolyStyle>
				<fill>0</fill>
			</PolyStyle>
		</Style>
		<Polygon>
			<outerBoundaryIs>
				<LinearRing>
					<coordinates>
						7.32285388947628,49.2980588827306,0 7.32724415475912,49.2915374517596,0 7.32013706659079,49.2803018396715,0 7.33850431560412,49.26317679438311,0 7.35438370431972,49.2611353548898,0 7.36446908875081,49.2652903511604,0 7.36937236380979,49.2610388863243,0 7.390720292081839,49.2618748766871,0 7.40460103422927,49.2573919450337,0 7.38882567330389,49.2474830494971,0 7.393311831120299,49.2362634597345,0 7.3641752624261,49.226951819509,0 7.34346429927795,49.235433988389,0 7.32691521336635,49.26428752306041,0 7.310097151740991,49.2690370886613,0 7.31241683376463,49.2854249612988,0 7.32285388947628,49.2980588827306,0 
					</coordinates>
				</LinearRing>
			</outerBoundaryIs>
		</Polygon>
	</Placemark>
	<Placemark>
		<name>01955bd7-655c-7042-8846-bb3867a1cfbc</name>
		<Style>
			<LineStyle>
				<color>ff0000ff</color>
			</LineStyle>
			<PolyStyle>
				<fill>0</fill>
			</PolyStyle>
		</Style>
		<Polygon>
			<outerBoundaryIs>
				<LinearRing>
					<coordinates>
						7.39381546309836,49.2359568554888,0 7.4065647818029,49.2312434691372,0 7.39982015151577,49.2242139262278,0 7.393030148997399,49.22806112004929,0 7.39381546309836,49.2359568554888,0 
					</coordinates>
				</LinearRing>
			</outerBoundaryIs>
		</Polygon>
	</Placemark>
	<Placemark>
		<name>01955bd7-655c-7e25-ac61-db1e4e74d8e6</name>
		<Style>
			<LineStyle>
				<color>ff0000ff</color>
			</LineStyle>
			<PolyStyle>
				<fill>0</fill>
			</PolyStyle>
		</Style>
		<Polygon>
			<outerBoundaryIs>
				<LinearRing>
					<coordinates>
						7.20528547323882,49.3266324157513,0 7.23111579003132,49.3314319411042,0 7.24570053591571,49.32457632993619,0 7.24879276372431,49.313757564699,0 7.20950087646426,49.3200897236199,0 7.20528547323882,49.3266324157513,0 
					</coordinates>
				</LinearRing>
			</outerBoundaryIs>
		</Polygon>
	</Placemark>
	<Placemark>
		<name>01955bd7-655c-70e5-8905-ab13bd526693</name>
		<Style>
			<LineStyle>
				<color>ff0000ff</color>
			</LineStyle>
			<PolyStyle>
				<fill>0</fill>
			</PolyStyle>
		</Style>
		<Polygon>
			<outerBoundaryIs>
				<LinearRing>
					<coordinates>
						7.24881646362237,49.3137360466198,0 7.25433013821596,49.3130475899402,0 7.28958248084401,49.32545867608971,0 7.29039299226891,49.306440642279,0 7.26747964146232,49.3021509772953,0 7.26404488769808,49.3086615785611,0 7.251921460290171,49.30934800220489,0 7.24881646362237,49.3137360466198,0 
					</coordinates>
				</LinearRing>
			</outerBoundaryIs>
		</Polygon>
	</Placemark>
	<Placemark>
		<name>01955bd7-655c-7800-8874-a927cca77478</name>
		<Style>
			<LineStyle>
				<color>ff0000ff</color>
			</LineStyle>
			<PolyStyle>
				<fill>0</fill>
			</PolyStyle>
		</Style>
		<Polygon>
			<outerBoundaryIs>
				<LinearRing>
					<coordinates>
						7.02094580181259,49.1683469348384,0 7.043466028042231,49.1663489863337,0 7.047321309875801,49.1522004474501,0 7.06192288252398,49.1417556925794,0 7.0449814881503,49.1331012444078,0 7.038385716456879,49.144258929465,0 7.02246678114594,49.14856708831151,0 7.01410953043581,49.1565974385165,0 7.02094580181259,49.1683469348384,0 
					</coordinates>
				</LinearRing>
			</outerBoundaryIs>
		</Polygon>
	</Placemark>
	<Placemark>
		<name>01955bd7-655c-7f91-bf68-f61e06f2ab43</name>
		<Style>
			<LineStyle>
				<color>ff0000ff</color>
			</LineStyle>
			<PolyStyle>
				<fill>0</fill>
			</PolyStyle>
		</Style>
		<Polygon>
			<outerBoundaryIs>
				<LinearRing>
					<coordinates>
						7.06431892687686,49.1343996758709,0 7.07209966275171,49.1340262761915,0 7.075099092106729,49.12760716115979,0 7.09038337759788,49.1301462938276,0 7.10425351510272,49.1267767380512,0 7.11948716302275,49.1421508179214,0 7.09677331646289,49.1529341000395,0 7.11114179498494,49.1561374678416,0 7.149220986171269,49.1231413396473,0 7.107880905957141,49.11905146711659,0 7.10704220528371,49.0999789044426,0 7.13752957619862,49.0815617722679,0 7.1368424628747,49.0751287834717,0 7.12141615092927,49.0866524566715,0 7.09619073515779,49.0857194669443,0 7.08846110647529,49.0777717722866,0 7.061833262584929,49.07077188067029,0 7.044613695516501,49.07405713448241,0 7.0559855331002,49.03622559146249,0 7.04610878569643,49.0326657557497,0 7.047047499721339,49.0245129013789,0 7.037645831484529,49.01949678988041,0 7.02807095376922,49.03253742268921,0 7.042264280983589,49.0378341157605,0 7.027338253854239,49.0422491861207,0 7.02956239418444,49.0515125518455,0 7.021893670411199,49.0606882826488,0 7.03722496718299,49.07039766565019,0 7.030635676142989,49.0778996695367,0 7.037612031395229,49.0834673200564,0 7.05751538641254,49.0805058731704,0 7.06816018802092,49.0838674621099,0 7.07555353748953,49.08019380249169,0 7.08041452644114,49.08378148210689,0 7.07295350546681,49.09920369738671,0 7.03937392017668,49.0935657774067,0 7.02474844732816,49.1225196886384,0 7.045633660128871,49.12809515868609,0 7.06424439297445,49.12106575548441,0 7.06431892687686,49.1343996758709,0 
					</coordinates>
				</LinearRing>
			</outerBoundaryIs>
		</Polygon>
	</Placemark>
	<Placemark>
		<name>01955bd7-655c-7cce-8537-f9e43fbc4f0e</name>
		<Style>
			<LineStyle>
				<color>ff0000ff</color>
			</LineStyle>
			<PolyStyle>
				<fill>0</fill>
			</PolyStyle>
		</Style>
		<Polygon>
			<outerBoundaryIs>
				<LinearRing>
					<coordinates>
						7.0353439461156,49.0144663755832,0 7.04587773876349,49.00176499895731,0 7.017008781637921,48.9692432287139,0 7.002922693226811,48.9864561965262,0 7.01750094056579,49.00568780846969,0 7.0353439461156,49.0144663755832,0 
					</coordinates>
				</LinearRing>
			</outerBoundaryIs>
		</Polygon>
	</Placemark>
	<Placemark>
		<name>01955bd7-655c-71fb-b3b3-dfe1163cc2e7</name>
		<Style>
			<LineStyle>
				<color>ff0000ff</color>
			</LineStyle>
			<PolyStyle>
				<fill>0</fill>
			</PolyStyle>
		</Style>
		<Polygon>
			<outerBoundaryIs>
				<LinearRing>
					<coordinates>
						6.98457915157499,49.18437775665979,0 6.994187823630251,49.18628089362571,0 7.01390560326894,49.1797246466373,0 7.013832076946871,49.17418572422449,0 6.99897343838868,49.17245138578289,0 6.98457915157499,49.18437775665979,0 
					</coordinates>
				</LinearRing>
			</outerBoundaryIs>
		</Polygon>
	</Placemark>
	<Placemark>
		<name>01955bd7-655c-74e2-bbad-8d06eb452b1f</name>
		<Style>
			<LineStyle>
				<color>ff0000ff</color>
			</LineStyle>
			<PolyStyle>
				<fill>0</fill>
			</PolyStyle>
		</Style>
		<Polygon>
			<outerBoundaryIs>
				<LinearRing>
					<coordinates>
						6.81824839459769,49.2257016070133,0 6.81717547223823,49.218494069989,0 6.795258577363471,49.21275087478341,0 6.79983046264897,49.22793352748909,0 6.80937812423039,49.2309534361553,0 6.81824839459769,49.2257016070133,0 
					</coordinates>
				</LinearRing>
			</outerBoundaryIs>
		</Polygon>
	</Placemark>
	<Placemark>
		<name>01955bd7-655c-77ad-adf1-92220040aa91</name>
		<Style>
			<LineStyle>
				<color>ff0000ff</color>
			</LineStyle>
			<PolyStyle>
				<fill>0</fill>
			</PolyStyle>
		</Style>
		<Polygon>
			<outerBoundaryIs>
				<LinearRing>
					<coordinates>
						6.798636902123411,49.3857292975389,0 6.800336740480781,49.3947887759803,0 6.81368092141799,49.3914349026082,0 6.813685639515,49.3904666011974,0 6.798636902123411,49.3857292975389,0 
					</coordinates>
				</LinearRing>
			</outerBoundaryIs>
		</Polygon>
	</Placemark>
	<Placemark>
		<name>01955bd7-655c-7a96-a1a3-df4704e6387a</name>
		<Style>
			<LineStyle>
				<color>ff0000ff</color>
			</LineStyle>
			<PolyStyle>
				<fill>0</fill>
			</PolyStyle>
		</Style>
		<Polygon>
			<outerBoundaryIs>
				<LinearRing>
					<coordinates>
						7.13341127359063,49.28974498080721,0 7.13452606603689,49.2759642233085,0 7.16170916752887,49.2916572893878,0 7.18263665765817,49.2789516718509,0 7.170220017938519,49.2723009320713,0 7.16814516254682,49.26212638431689,0 7.1520944241082,49.2720593182495,0 7.11368861617932,49.2637794464952,0 7.09921862565486,49.25369968704619,0 7.09528766900286,49.270434898276,0 7.07973353342008,49.2606803403345,0 7.0944436791463,49.2877210283697,0 7.13341127359063,49.28974498080721,0 
					</coordinates>
				</LinearRing>
			</outerBoundaryIs>
		</Polygon>
	</Placemark>
	<Placemark>
		<name>01955bd7-655c-7655-a49f-5c7fd680d1a4</name>
		<Style>
			<LineStyle>
				<color>ff0000ff</color>
			</LineStyle>
			<PolyStyle>
				<fill>0</fill>
			</PolyStyle>
		</Style>
		<Polygon>
			<outerBoundaryIs>
				<LinearRing>
					<coordinates>
						6.91426002483718,49.3402105978316,0 6.934802083305289,49.3396783502801,0 6.93645957690926,49.3301051243045,0 6.925309844604399,49.3248693216151,0 6.955386092491691,49.316383415683,0 6.95309775341494,49.2965177788666,0 6.92717756972897,49.292738646379,0 6.92697800829832,49.31535177784579,0 6.92131349586716,49.3181612721974,0 6.91727097649219,49.3100553783817,0 6.905546975087021,49.3062772234249,0 6.91152480003648,49.2952440869793,0 6.90235094170732,49.2865448241979,0 6.91297137785437,49.2800315258252,0 6.90158747564596,49.27604333472251,0 6.87004838369247,49.277304868931,0 6.8674558260342,49.28500664499019,0 6.87592203295034,49.295311723016,0 6.90493172564496,49.3101634799203,0 6.91426002483718,49.3402105978316,0 
					</coordinates>
				</LinearRing>
			</outerBoundaryIs>
		</Polygon>
	</Placemark>
	<Placemark>
		<name>01955bd7-655c-710c-8f55-e3111e8b5642</name>
		<Style>
			<LineStyle>
				<color>ff0000ff</color>
			</LineStyle>
			<PolyStyle>
				<fill>0</fill>
			</PolyStyle>
		</Style>
		<Polygon>
			<outerBoundaryIs>
				<LinearRing>
					<coordinates>
						7.13941540416541,49.4703888455433,0 7.18165974432362,49.4843776385817,0 7.19099412941727,49.4648924648976,0 7.17826863815786,49.4525867581908,0 7.16132970926605,49.4543924803886,0 7.15794026517729,49.4480467772183,0 7.15016005464624,49.44726080989449,0 7.13870615851995,49.4517911984519,0 7.13941540416541,49.4703888455433,0 
					</coordinates>
				</LinearRing>
			</outerBoundaryIs>
		</Polygon>
	</Placemark>
	<Placemark>
		<name>01955bd7-655c-77f5-be93-cb4dfadd63a2</name>
		<Style>
			<LineStyle>
				<color>ff0000ff</color>
			</LineStyle>
			<PolyStyle>
				<fill>0</fill>
			</PolyStyle>
		</Style>
		<Polygon>
			<outerBoundaryIs>
				<LinearRing>
					<coordinates>
						7.063220194454211,49.9345125036465,0 7.07834622045288,49.91338640541719,0 7.04961809764646,49.90464304709659,0 7.021646461972759,49.9109309779646,0 7.01063959260234,49.9086613893294,0 7.00716967333061,49.9205139877889,0 6.98308452579047,49.92705706067661,0 6.98402196186333,49.9314222790697,0 6.994988881252631,49.9333736896959,0 7.00820604868615,49.92215452785559,0 7.0196472419179,49.92476387775329,0 7.02962872595589,49.9131795203655,0 7.04987823068352,49.9095157962909,0 7.054142848275371,49.9126716100007,0 7.04645868076891,49.9242542903165,0 7.063220194454211,49.9345125036465,0 
					</coordinates>
				</LinearRing>
			</outerBoundaryIs>
		</Polygon>
	</Placemark>
	<Placemark>
		<name>01955bd7-655c-7675-823f-b14c9122799a</name>
		<Style>
			<LineStyle>
				<color>ff0000ff</color>
			</LineStyle>
			<PolyStyle>
				<fill>0</fill>
			</PolyStyle>
		</Style>
		<Polygon>
			<outerBoundaryIs>
				<LinearRing>
					<coordinates>
						7.11260179046796,50.5644560904746,0 7.11476904186054,50.5548844770702,0 7.14976068376776,50.5497114678893,0 7.16643396576033,50.55706044962981,0 7.1863309445626,50.54347173625129,0 7.11668237700527,50.5391219546525,0 7.07959539155532,50.5308610698402,0 7.08272044954712,50.5381208964431,0 7.107212104628131,50.54854806968069,0 7.101970902904539,50.555970828722,0 7.11260179046796,50.5644560904746,0 
					</coordinates>
				</LinearRing>
			</outerBoundaryIs>
		</Polygon>
	</Placemark>
	<Placemark>
		<name>01955bd7-655c-7b16-8a8d-e3bbe69d13cc</name>
		<Style>
			<LineStyle>
				<color>ff0000ff</color>
			</LineStyle>
			<PolyStyle>
				<fill>0</fill>
			</PolyStyle>
		</Style>
		<Polygon>
			<outerBoundaryIs>
				<LinearRing>
					<coordinates>
						7.05362953767909,50.6202379963443,0 7.030421448088219,50.61362516840511,0 7.013115729220409,50.6189419922224,0 7.009368182721851,50.6292194388809,0 7.016762920404091,50.64001033913699,0 6.99928051013896,50.6480540718717,0 7.00024424773659,50.6517105763203,0 7.02291772567939,50.65046230116549,0 7.03132849220093,50.63979239014969,0 7.05132923977727,50.64048161625399,0 7.06201695319942,50.6288128575708,0 7.05362953767909,50.6202379963443,0 
					</coordinates>
				</LinearRing>
			</outerBoundaryIs>
		</Polygon>
	</Placemark>
	<Placemark>
		<name>01955bd7-655c-79cf-95a3-f4904f848108</name>
		<Style>
			<LineStyle>
				<color>ff0000ff</color>
			</LineStyle>
			<PolyStyle>
				<fill>0</fill>
			</PolyStyle>
		</Style>
		<Polygon>
			<outerBoundaryIs>
				<LinearRing>
					<coordinates>
						7.05673155618689,50.61721810792869,0 7.0648390674025,50.6170116540872,0 7.06600199673928,50.6133445033606,0 7.055733191763071,50.6122588910023,0 7.05673155618689,50.61721810792869,0 
					</coordinates>
				</LinearRing>
			</outerBoundaryIs>
		</Polygon>
	</Placemark>
	<Placemark>
		<name>01955bd7-655c-7ac4-83af-8b23494ceeea</name>
		<Style>
			<LineStyle>
				<color>ff0000ff</color>
			</LineStyle>
			<PolyStyle>
				<fill>0</fill>
			</PolyStyle>
		</Style>
		<Polygon>
			<outerBoundaryIs>
				<LinearRing>
					<coordinates>
						7.520137724381151,51.4136528513883,0 7.51358817162126,51.4175448699949,0 7.526167118629759,51.4295091904583,0 7.522499475424051,51.4397981392746,0 7.50303294954518,51.44541728616689,0 7.48227364844004,51.4397637340991,0 7.48440117130641,51.4508519027298,0 7.47639466183185,51.4546421260039,0 7.47033896597376,51.4514981333474,0 7.47284165465148,51.44366200010809,0 7.46425648347994,51.43906200527379,0 7.4681401842671,51.4327968441746,0 7.458268106912061,51.4230287645832,0 7.43214051390891,51.41710476465381,0 7.43112986484454,51.4132919631363,0 7.43519538225629,51.41216785560591,0 7.41908060129155,51.4101883695145,0 7.41919530195289,51.4107697119466,0 7.39516592314617,51.4117226848587,0 7.39417614253257,51.42246185365509,0 7.40340545925084,51.4299775663604,0 7.39945719687126,51.4426251473928,0 7.37559023508216,51.4267435115116,0 7.351682037822709,51.4318124607497,0 7.344520209195771,51.4094338448508,0 7.36040063232651,51.3953747182115,0 7.35141366362939,51.3911064368408,0 7.33608279374734,51.3917323387079,0 7.32867030089777,51.3994056747626,0 7.312361582242129,51.401519721504,0 7.30932805269043,51.4111473353542,0 7.32452687496296,51.4184190720148,0 7.31886784619496,51.4297930988546,0 7.29984487288803,51.4236414155433,0 7.29670931156885,51.4119975820835,0 7.287581744728029,51.40762294308081,0 7.2898304641239,51.4000685803767,0 7.30571653825359,51.39275576988209,0 7.30333556170738,51.3869306742151,0 7.283972736648809,51.38422092725321,0 7.26586967929293,51.388859436148,0 7.27836929081866,51.3580122362893,0 7.268314814008109,51.3569659039,0 7.259350021206891,51.36167275648301,0 7.24978179073467,51.3513983315147,0 7.2514336744214,51.3506801140499,0 7.235134077103309,51.34783087337221,0 7.23666085428486,51.36668171264339,0 7.22168878899179,51.3677596317323,0 7.20658543905967,51.38773372165051,0 7.16802574260572,51.3849933249231,0 7.15447759442363,51.40051530729521,0 7.15557969294169,51.4114734694475,0 7.14202214641435,51.42219929686841,0 7.13627899962475,51.4188350766851,0 7.15206915053145,51.3888853874221,0 7.139414662691059,51.3825809449737,0 7.11288591977871,51.37993228179959,0 7.10960868688619,51.3929971863895,0 7.09750164900132,51.3882703073156,0 7.10495528432732,51.383246648797,0 7.076151708067941,51.3779919724336,0 7.06631790425465,51.3809018181931,0 7.07203033650309,51.388884594702,0 7.05367673593858,51.4006819608152,0 7.05369624068388,51.4130757698986,0 7.07072670251092,51.4169522708482,0 7.06264672398406,51.4362339467943,0 7.04850086431021,51.4174790194597,0 7.03792184135652,51.4172239040704,0 7.03084006953281,51.4114473412547,0 7.01221574465243,51.4174927641928,0 6.99151647503034,51.4047011530462,0 6.998419781588611,51.3978817850217,0 7.010779274615071,51.40370633779529,0 7.01709493019023,51.3964376561044,0 7.03256929264383,51.3980514446859,0 7.044259838636859,51.3860344871526,0 7.04290481207356,51.3794761072502,0 7.03097576378116,51.38277900934379,0 7.01621299795979,51.3666695774445,0 7.00669241090104,51.3752775774641,0 6.978294919953981,51.3816035122641,0 6.99348000286041,51.3927218712171,0 6.9740246035655,51.4033319168841,0 6.95484890223929,51.3958896397267,0 6.94577982580203,51.408100575089,0 6.92661781086892,51.4063744160722,0 6.92749727542695,51.4113819363744,0 6.944463794051579,51.4108194757099,0 6.94492318759146,51.4220159497976,0 6.93020869251912,51.42462483616971,0 6.9156451385603,51.4215642325109,0 6.903105922133941,51.39851794953,0 6.8807452751767,51.4118791087958,0 6.88614944608464,51.3972606232838,0 6.86692959873089,51.37989318059109,0 6.867299564396951,51.36299073759929,0 6.87304840431461,51.36125511980621,0 6.89438057724117,51.3713435680014,0 6.89819171353207,51.3782626330413,0 6.90341291657125,51.36786068044101,0 6.866280333514779,51.3468968224598,0 6.85122911632617,51.34451773776109,0 6.847970876288869,51.3353763289726,0 6.8289234343726,51.3234198646006,0 6.817952317186871,51.3302772696545,0 6.81991808440239,51.34923275213111,0 6.849227247671231,51.3439990116113,0 6.86146597377276,51.3580115253763,0 6.850288614987929,51.3741116493476,0 6.857576673709549,51.3859713789258,0 6.84222504290576,51.4046970680069,0 6.81995031919122,51.41526184907139,0 6.81177612280408,51.4311304820913,0 6.7982684708893,51.4186065219819,0 6.80376854252756,51.4017169242194,0 6.81550343460959,51.3949246639512,0 6.813707261561799,51.38221057892061,0 6.80126769436438,51.387907850964,0 6.78670127768304,51.3852787365992,0 6.791747239968839,51.3527603677617,0 6.78724501241841,51.3414182517946,0 6.793861256083201,51.3308711218078,0 6.78644283086533,51.3233221523836,0 6.77647738709514,51.3220731382116,0 6.77220317776999,51.32815300846,0 6.785603131510489,51.3418652558572,0 6.773092361433181,51.3470403466652,0 6.76672541117473,51.36446960539849,0 6.74795894779202,51.3583572670566,0 6.74523482840761,51.351771970296,0 6.72429357127361,51.35211296200801,0 6.70841317119142,51.3466560234751,0 6.70803806309921,51.35558040660191,0 6.68296563442275,51.3545506613026,0 6.68566552802131,51.36196131148181,0 6.74585410739579,51.3931441625266,0 6.74588750140112,51.41087981613051,0 6.7201584066109,51.4359098732833,0 6.73003539056766,51.4492676455371,0 6.718533110455849,51.4733830541456,0 6.7008327422715,51.4729970983219,0 6.69091931072044,51.4798985279274,0 6.72526480444502,51.4963228201138,0 6.72353537960434,51.5109087545654,0 6.70834697272706,51.52352671163529,0 6.70479478894907,51.5350931530354,0 6.71270494419563,51.5475213661614,0 6.728249274874089,51.55317938478959,0 6.70290235265595,51.5661499092038,0 6.71407195366987,51.5733863388946,0 6.719061413380341,51.586410536645,0 6.754821057511901,51.5887970005372,0 6.750434331997641,51.604903639097,0 6.75825348399754,51.603095564317,0 6.76873593444606,51.58274734385609,0 6.7820739009213,51.5773063325826,0 6.78488422912016,51.56462668335219,0 6.84893853672854,51.5575794855479,0 6.87388755815057,51.5448791794461,0 6.88563876033731,51.545301635,0 6.90435344180579,51.53786338369879,0 6.91659665251394,51.5530603523974,0 6.95558228331903,51.5628331743242,0 6.94482387335264,51.56925253169049,0 6.93032234211197,51.5664207764416,0 6.93391530792609,51.57303469564031,0 6.94982386807614,51.5759196191264,0 6.95561189442927,51.5914203476576,0 6.96832353859121,51.5988978200593,0 6.995601247450029,51.5983321138205,0 7.00351795743483,51.6066303447712,0 7.02467021324747,51.6148463169252,0 7.04254356315597,51.61113572313509,0 7.05486345338464,51.61414341546959,0 7.05561020893528,51.6179750883127,0 7.03940269621993,51.6253384457785,0 7.055939544652881,51.6360680301576,0 7.06509161016545,51.6282713671195,0 7.06139064601092,51.6156744134058,0 7.07956893280448,51.6213406903341,0 7.09742429306358,51.610317794697,0 7.10807810356727,51.618483526841,0 7.124462394505531,51.62187485182189,0 7.12897326962271,51.62948025379201,0 7.149062747641829,51.6270964081816,0 7.15730142972228,51.6178138493614,0 7.166523538537391,51.62585710699791,0 7.19007292310572,51.63377837048289,0 7.23905935692968,51.62739994303939,0 7.24501647976173,51.6398196427448,0 7.23285059101883,51.6456714198314,0 7.234444962299009,51.6570262649616,0 7.21945554844755,51.6596810253486,0 7.1956760620319,51.6740145487417,0 7.19051856026914,51.66272857375871,0 7.17224005429828,51.66526974578821,0 7.146041403666541,51.6531352120889,0 7.13260565499724,51.6560523802872,0 7.11798374700506,51.645583521225,0 7.10611341103534,51.64643533840831,0 7.10035186844857,51.638824519287,0 7.06956310730615,51.6417896938571,0 7.05977388429356,51.65087332568999,0 7.0651528350447,51.6625436798877,0 7.09080362831117,51.669424266524,0 7.07954952735986,51.6717936339176,0 7.06948589336473,51.6890731667076,0 7.08182964873944,51.6976643617998,0 7.12456483282284,51.70419113659781,0 7.128573623554099,51.68994837531411,0 7.1406603685788,51.6787617081512,0 7.116354254802109,51.6752371908672,0 7.11499026594617,51.6714467630188,0 7.1502841929064,51.6695302086578,0 7.15537872588237,51.67884474802321,0 7.146282658780181,51.7075780363685,0 7.17177880901599,51.7168099620044,0 7.18441243285032,51.7292350637679,0 7.17989662294387,51.732716941122,0 7.16536034714338,51.7295887483189,0 7.158512006543831,51.7378074306881,0 7.172777800828229,51.75285126926,0 7.21183107715628,51.7570752555679,0 7.20201447147849,51.7391946424894,0 7.23087443904814,51.7342404980993,0 7.21603253622307,51.7226873856702,0 7.23540244018673,51.7202388368086,0 7.246946595278401,51.7062438239514,0 7.25753386600392,51.7057120640487,0 7.27215006514971,51.7155140307486,0 7.297012948342589,51.7024467964333,0 7.311851100247511,51.7013397562808,0 7.312742771690929,51.6953860131509,0 7.298255107459491,51.6958930857375,0 7.282305606380671,51.6848396113857,0 7.27126145020243,51.6689026046031,0 7.27533307257869,51.6625147185861,0 7.262919675092281,51.65555117196271,0 7.264429276557509,51.64608025185759,0 7.28481964320893,51.6509515837795,0 7.285700299548029,51.6371879593155,0 7.314036886896959,51.6299229093963,0 7.31640835026305,51.65619835382751,0 7.34734243099447,51.66972276051231,0 7.35701074731021,51.6681686578717,0 7.36360114251092,51.6580580903897,0 7.34829166539803,51.6488401797866,0 7.34649500263,51.6317704644682,0 7.328633880499541,51.6240370090634,0 7.33733977501138,51.61791267220229,0 7.31858605095331,51.61061942117161,0 7.33463807154606,51.6008205802604,0 7.356642182225711,51.5996128821883,0 7.36196239588801,51.5882701917713,0 7.41932754798605,51.58704522144399,0 7.43212042056763,51.6087174918237,0 7.45822645603248,51.60725897832069,0 7.461831984754009,51.6221434432062,0 7.511637849694181,51.61680445280581,0 7.511120807029431,51.6216435967504,0 7.4830229890738,51.624390945823,0 7.48075391340832,51.6298788026934,0 7.48687489188004,51.6341072750471,0 7.50396522921058,51.6302007175186,0 7.52648664282088,51.63698163853701,0 7.55488060486874,51.6309693828229,0 7.56092238512025,51.6187521291495,0 7.57399077518563,51.62378143033259,0 7.59908861850377,51.6247688624026,0 7.604749880369969,51.6180713650452,0 7.59491744790078,51.6012048567516,0 7.56830668814302,51.6076081754557,0 7.56082481370585,51.5983914759147,0 7.60851619621073,51.5892853530258,0 7.62811498488058,51.5764465832677,0 7.62276106736738,51.5663579033464,0 7.63867004243398,51.5553651086854,0 7.633966182538769,51.5487718226608,0 7.630310921145661,51.5567877672389,0 7.608873933424601,51.5621623101495,0 7.60362863324774,51.5524801716141,0 7.582261711903879,51.5471794320373,0 7.57849679330493,51.55747498138679,0 7.598876761636429,51.5681009875747,0 7.58882209823531,51.586728795439,0 7.57238366708151,51.5890513391974,0 7.574305202002309,51.5769234374633,0 7.56818250183832,51.5708521496742,0 7.55265936364356,51.5780535367158,0 7.52947331165853,51.5771067401393,0 7.553388826867379,51.5642562489513,0 7.551937495798791,51.54147090155869,0 7.59589041099404,51.5343226615489,0 7.61018209603473,51.5429368917165,0 7.638659514543061,51.5391036767205,0 7.663640040579971,51.5502968645164,0 7.67654383745396,51.5628757151747,0 7.662324272758909,51.5728423087958,0 7.64580487213912,51.57349115302879,0 7.63815443874468,51.58641449661079,0 7.61192925996263,51.5926840934785,0 7.61044675936599,51.6079114328361,0 7.62097099847793,51.6121140433118,0 7.63392901745292,51.63169549105631,0 7.671897945844809,51.6254630422374,0 7.66442812105147,51.6071727139644,0 7.688306261127539,51.6014760908428,0 7.681565477065391,51.5958298625614,0 7.67748365639552,51.5655994222623,0 7.70121444426971,51.5701257281693,0 7.70805302155433,51.5831514690147,0 7.7291857815156,51.5833803120813,0 7.70202707749215,51.5508741493727,0 7.711422932209479,51.54039881573851,0 7.7381200399572,51.5443128833382,0 7.739961462854919,51.5390281982767,0 7.7309924808637,51.5384557518857,0 7.729562957577081,51.5297914411106,0 7.70917079728117,51.52223237877269,0 7.65664258697694,51.5204459285274,0 7.63908406432414,51.5291677152122,0 7.574070366601351,51.52036851194809,0 7.569149138086751,51.5092502010129,0 7.58806200864818,51.5066117050384,0 7.62557075817838,51.52105355831971,0 7.63345363447807,51.5182665265222,0 7.6364178939645,51.50501442838681,0 7.62904427213336,51.4925395085203,0 7.64571289845042,51.4880637367784,0 7.60851103835433,51.4763906254571,0 7.58415745489977,51.4605215386142,0 7.632901009606621,51.4590165027931,0 7.588005922445391,51.4430005497249,0 7.60259746518852,51.4319711454235,0 7.572074800522461,51.4089421006773,0 7.55144937251237,51.4096891150024,0 7.56497894352368,51.4205342287663,0 7.56087118513541,51.42430623538989,0 7.542218596589279,51.42076774260279,0 7.535238306572519,51.4146666934592,0 7.520137724381151,51.4136528513883,0 
					</coordinates>
				</LinearRing>
			</outerBoundaryIs>
		</Polygon>
	</Placemark>
	<Placemark>
		<name>01955bd7-655c-7efb-ba34-a84c7f868517</name>
		<Style>
			<LineStyle>
				<color>ff0000ff</color>
			</LineStyle>
			<PolyStyle>
				<fill>0</fill>
			</PolyStyle>
		</Style>
		<Polygon>
			<outerBoundaryIs>
				<LinearRing>
					<coordinates>
						6.92145974508493,51.68516326611541,0 6.959363963897549,51.6909180593073,0 6.98639268543434,51.6760430724044,0 6.99408922129375,51.68247691277459,0 7.020479548713179,51.67929733150719,0 7.0236087601205,51.6734017979359,0 7.01201626206149,51.6659948096422,0 7.02631412870226,51.66376204411381,0 7.02942580394724,51.65752762880069,0 6.99188994277616,51.6639909987649,0 6.98974581503393,51.6366744008679,0 6.973299493288081,51.6420315543773,0 6.958246969770321,51.63939659188021,0 6.94224188199413,51.6508671147689,0 6.91580093518233,51.6474198632395,0 6.903368030352811,51.6592228661777,0 6.92553198069337,51.6589227636245,0 6.943107616077279,51.66729367089021,0 6.930048028251411,51.6709612859534,0 6.92145974508493,51.68516326611541,0 
					</coordinates>
				</LinearRing>
			</outerBoundaryIs>
		</Polygon>
	</Placemark>
	<Placemark>
		<name>01955bd7-655c-7204-95b9-2f0985200d86</name>
		<Style>
			<LineStyle>
				<color>ff0000ff</color>
			</LineStyle>
			<PolyStyle>
				<fill>0</fill>
			</PolyStyle>
		</Style>
		<Polygon>
			<outerBoundaryIs>
				<LinearRing>
					<coordinates>
						6.89032826881592,51.8033444945386,0 6.888464771239661,51.8204999402661,0 6.919700756803429,51.81586485906641,0 6.91638036482143,51.8258155287617,0 6.92263041713729,51.8324285594485,0 6.93456494893682,51.83471905721691,0 6.94900740943875,51.8309065280977,0 6.95258774300456,51.8165542238918,0 6.94162823945109,51.8104298080352,0 6.93658769492456,51.8171520098493,0 6.9250732551053,51.8173165310519,0 6.9194757936446,51.8102724956189,0 6.89834833565098,51.80891003229719,0 6.89032826881592,51.8033444945386,0 
					</coordinates>
				</LinearRing>
			</outerBoundaryIs>
		</Polygon>
	</Placemark>
	<Placemark>
		<name>01955bd7-655c-7801-b262-c36e0148761c</name>
		<Style>
			<LineStyle>
				<color>ff0000ff</color>
			</LineStyle>
			<PolyStyle>
				<fill>0</fill>
			</PolyStyle>
		</Style>
		<Polygon>
			<outerBoundaryIs>
				<LinearRing>
					<coordinates>
						6.939241495460159,51.80835540591399,0 6.93852561746968,51.8002680888642,0 6.93676479443535,51.8001805117083,0 6.9307986909983,51.8047887261511,0 6.939241495460159,51.80835540591399,0 
					</coordinates>
				</LinearRing>
			</outerBoundaryIs>
		</Polygon>
	</Placemark>
	<Placemark>
		<name>01955bd7-655c-7e34-833f-dcfa31049e78</name>
		<Style>
			<LineStyle>
				<color>ff0000ff</color>
			</LineStyle>
			<PolyStyle>
				<fill>0</fill>
			</PolyStyle>
		</Style>
		<Polygon>
			<outerBoundaryIs>
				<LinearRing>
					<coordinates>
						6.89694974723429,51.8472903999218,0 6.884366856235279,51.8353907879047,0 6.86928794888954,51.83329774796199,0 6.85801011238168,51.8248970992978,0 6.82199591524515,51.82883708353959,0 6.83968289179399,51.8642366352841,0 6.851252904721901,51.86962405645069,0 6.85981737910616,51.8698270346652,0 6.890630585062009,51.8552761143611,0 6.89694974723429,51.8472903999218,0 
					</coordinates>
				</LinearRing>
			</outerBoundaryIs>
		</Polygon>
	</Placemark>
	<Placemark>
		<name>01955bd7-655c-76c7-8e23-73c200f8f291</name>
		<Style>
			<LineStyle>
				<color>ff0000ff</color>
			</LineStyle>
			<PolyStyle>
				<fill>0</fill>
			</PolyStyle>
		</Style>
		<Polygon>
			<outerBoundaryIs>
				<LinearRing>
					<coordinates>
						7.142383088893141,51.9505736684848,0 7.15831116256741,51.9560107810725,0 7.1625233905558,51.9629989507572,0 7.190739440228549,51.9565792839534,0 7.18487207678331,51.944501231391,0 7.19812481184584,51.9320075080121,0 7.182689861848681,51.925664787665,0 7.18235674738495,51.9159441787665,0 7.163749668312271,51.919626528366,0 7.13869066605595,51.932877496052,0 7.12210405545883,51.93027528731971,0 7.12098133870299,51.9345688523464,0 7.14307249013993,51.9455115332339,0 7.142383088893141,51.9505736684848,0 
					</coordinates>
				</LinearRing>
			</outerBoundaryIs>
		</Polygon>
	</Placemark>
	<Placemark>
		<name>01955bd7-655c-754e-b808-a44630adb765</name>
		<Style>
			<LineStyle>
				<color>ff0000ff</color>
			</LineStyle>
			<PolyStyle>
				<fill>0</fill>
			</PolyStyle>
		</Style>
		<Polygon>
			<outerBoundaryIs>
				<LinearRing>
					<coordinates>
						6.93564239015814,51.9952327346941,0 6.951447498501869,51.9831657444863,0 6.94687458960557,51.97882059085791,0 6.902418964397301,51.9808393252677,0 6.87222225450362,51.9968665638685,0 6.87784769457922,52.00160385674009,0 6.90012945963633,51.9975909906924,0 6.91380607339908,52.00787787784099,0 6.936973552299619,52.00052709279409,0 6.93564239015814,51.9952327346941,0 
					</coordinates>
				</LinearRing>
			</outerBoundaryIs>
		</Polygon>
	</Placemark>
	<Placemark>
		<name>01955bd7-655c-72f9-8b27-f7bf38fa5374</name>
		<Style>
			<LineStyle>
				<color>ff0000ff</color>
			</LineStyle>
			<PolyStyle>
				<fill>0</fill>
			</PolyStyle>
		</Style>
		<Polygon>
			<outerBoundaryIs>
				<LinearRing>
					<coordinates>
						6.98112809738784,52.1052517510246,0 6.99169034226215,52.09529951126531,0 7.03171164119828,52.09525921752011,0 7.04571859516375,52.0843338293878,0 7.02213996549906,52.0664146159319,0 6.99105326475725,52.06701579484901,0 6.96931008858124,52.0597949465808,0 6.958540421719509,52.0707405504656,0 6.974870325342,52.0798866385891,0 6.96533744697682,52.09063239164409,0 6.98112809738784,52.1052517510246,0 
					</coordinates>
				</LinearRing>
			</outerBoundaryIs>
		</Polygon>
	</Placemark>
	<Placemark>
		<name>01955bd7-655c-739b-9f15-c086d9f5ec4f</name>
		<Style>
			<LineStyle>
				<color>ff0000ff</color>
			</LineStyle>
			<PolyStyle>
				<fill>0</fill>
			</PolyStyle>
		</Style>
		<Polygon>
			<outerBoundaryIs>
				<LinearRing>
					<coordinates>
						7.183708977032919,52.3042281554778,0 7.17484584119313,52.2940176000106,0 7.180110300983269,52.2872045365573,0 7.16160286161055,52.29259560746971,0 7.114506993119181,52.28558606983911,0 7.08362434907263,52.2989255938841,0 7.08531928444464,52.3049742110288,0 7.09916811437142,52.3103919894925,0 7.11726408074992,52.30804978143631,0 7.122383753092711,52.2997130284689,0 7.13859638575427,52.3046288168076,0 7.13793430045986,52.31243595563131,0 7.15932060301259,52.3119399870354,0 7.183708977032919,52.3042281554778,0 
					</coordinates>
				</LinearRing>
			</outerBoundaryIs>
		</Polygon>
	</Placemark>
	<Placemark>
		<name>01955bd7-655c-7baf-aa11-4a99c728fde9</name>
		<Style>
			<LineStyle>
				<color>ff0000ff</color>
			</LineStyle>
			<PolyStyle>
				<fill>0</fill>
			</PolyStyle>
		</Style>
		<Polygon>
			<outerBoundaryIs>
				<LinearRing>
					<coordinates>
						7.04982711571255,52.4431290775084,0 7.039760434369571,52.4552147058039,0 7.05702548837914,52.46300696942,0 7.1148055131388,52.4393841564033,0 7.10352039635429,52.4239196362254,0 7.08937746141234,52.4230840979438,0 7.0895533996551,52.40666338986509,0 7.071162821326829,52.3953487926949,0 7.02602579773064,52.4204165094649,0 7.02481386225204,52.4263330387686,0 7.04982711571255,52.4431290775084,0 
					</coordinates>
				</LinearRing>
			</outerBoundaryIs>
		</Polygon>
	</Placemark>
	<Placemark>
		<name>01955bd7-655c-73a0-8677-e442ec33b6e7</name>
		<Style>
			<LineStyle>
				<color>ff0000ff</color>
			</LineStyle>
			<PolyStyle>
				<fill>0</fill>
			</PolyStyle>
		</Style>
		<Polygon>
			<outerBoundaryIs>
				<LinearRing>
					<coordinates>
						7.33873872410847,49.7222727049505,0 7.31062889635572,49.7177436301665,0 7.31723673405818,49.7090480151897,0 7.34670324642254,49.7033266647184,0 7.339022993221791,49.696132171911,0 7.32625797055692,49.6950275000148,0 7.30706489571179,49.7085824288975,0 7.29377291414296,49.7072663665413,0 7.281461004699671,49.71290961826719,0 7.30267430139103,49.7339411574965,0 7.323822835849281,49.72388832441061,0 7.33839598389553,49.726151801674,0 7.33873872410847,49.7222727049505,0 
					</coordinates>
				</LinearRing>
			</outerBoundaryIs>
		</Polygon>
	</Placemark>
	<Placemark>
		<name>01955bd7-655c-7c07-bd24-7d8f83bd536d</name>
		<Style>
			<LineStyle>
				<color>ff0000ff</color>
			</LineStyle>
			<PolyStyle>
				<fill>0</fill>
			</PolyStyle>
		</Style>
		<Polygon>
			<outerBoundaryIs>
				<LinearRing>
					<coordinates>
						7.360046390888,50.3952245907503,0 7.34114666850127,50.3813468884639,0 7.32527441137303,50.3806522893221,0 7.340522156075829,50.3983408229556,0 7.360046390888,50.3952245907503,0 
					</coordinates>
				</LinearRing>
			</outerBoundaryIs>
		</Polygon>
	</Placemark>
	<Placemark>
		<name>01955bd7-655c-7697-aefd-068b7ac3f71d</name>
		<Style>
			<LineStyle>
				<color>ff0000ff</color>
			</LineStyle>
			<PolyStyle>
				<fill>0</fill>
			</PolyStyle>
		</Style>
		<Polygon>
			<outerBoundaryIs>
				<LinearRing>
					<coordinates>
						7.367477999598479,50.39747613514629,0 7.37323283210085,50.40207262502239,0 7.38868290020619,50.396707362531,0 7.410421337478941,50.4058767888144,0 7.41589542483263,50.4027828418185,0 7.405845576819069,50.3868550400191,0 7.42329588343671,50.3794138430006,0 7.41987528532286,50.3762411600349,0 7.4094229191215,50.3785777032111,0 7.40304476233211,50.38435969592621,0 7.38561074193098,50.3788848039571,0 7.377702714837659,50.3941897728596,0 7.367477999598479,50.39747613514629,0 
					</coordinates>
				</LinearRing>
			</outerBoundaryIs>
		</Polygon>
	</Placemark>
	<Placemark>
		<name>01955bd7-655c-7f6b-8a12-1f368a64c31d</name>
		<Style>
			<LineStyle>
				<color>ff0000ff</color>
			</LineStyle>
			<PolyStyle>
				<fill>0</fill>
			</PolyStyle>
		</Style>
		<Polygon>
			<outerBoundaryIs>
				<LinearRing>
					<coordinates>
						7.336694972299,50.5011482460948,0 7.33203989630522,50.4812633690191,0 7.31988009767655,50.4879417202936,0 7.323183483603271,50.4998859327194,0 7.3111980382802,50.5097337340174,0 7.29899825966077,50.4983738652014,0 7.272654505670479,50.498244605609,0 7.27436306943584,50.5039847198142,0 7.29082402817846,50.5096621294683,0 7.28896996515811,50.5196369084389,0 7.32178893492772,50.5227943866243,0 7.336694972299,50.5011482460948,0 
					</coordinates>
				</LinearRing>
			</outerBoundaryIs>
		</Polygon>
	</Placemark>
	<Placemark>
		<name>01955bd7-655c-78d1-b576-eecd2866d69f</name>
		<Style>
			<LineStyle>
				<color>ff0000ff</color>
			</LineStyle>
			<PolyStyle>
				<fill>0</fill>
			</PolyStyle>
		</Style>
		<Polygon>
			<outerBoundaryIs>
				<LinearRing>
					<coordinates>
						7.23128419958719,50.7029994185848,0 7.27168750848435,50.713209586585,0 7.27647753818537,50.7210648154792,0 7.30805393763562,50.71700579650889,0 7.315380221388641,50.71155084630401,0 7.28448644036769,50.7102795378421,0 7.27722994081081,50.68237840207961,0 7.255936130186629,50.67345035743929,0 7.26720272711994,50.6984638887374,0 7.237109228421539,50.6892982676313,0 7.22618106719068,50.6961697558639,0 7.23128419958719,50.7029994185848,0 
					</coordinates>
				</LinearRing>
			</outerBoundaryIs>
		</Polygon>
	</Placemark>
	<Placemark>
		<name>01955bd7-655c-7922-907b-72cad221bff0</name>
		<Style>
			<LineStyle>
				<color>ff0000ff</color>
			</LineStyle>
			<PolyStyle>
				<fill>0</fill>
			</PolyStyle>
		</Style>
		<Polygon>
			<outerBoundaryIs>
				<LinearRing>
					<coordinates>
						7.25919024426231,51.8146877603208,0 7.25697789121327,51.80845986594959,0 7.24615351942145,51.8086533426225,0 7.246261379874971,51.8118103824261,0 7.25919024426231,51.8146877603208,0 
					</coordinates>
				</LinearRing>
			</outerBoundaryIs>
		</Polygon>
	</Placemark>
	<Placemark>
		<name>01955bd7-655c-79fc-a8e2-93b899d44545</name>
		<Style>
			<LineStyle>
				<color>ff0000ff</color>
			</LineStyle>
			<PolyStyle>
				<fill>0</fill>
			</PolyStyle>
		</Style>
		<Polygon>
			<outerBoundaryIs>
				<LinearRing>
					<coordinates>
						7.259489655093119,51.8148627797602,0 7.265221834706659,51.8259526889515,0 7.25444020103191,51.8423066213311,0 7.26982135626602,51.8467820288453,0 7.297972800448159,51.84562912675251,0 7.306920424658231,51.83383827388931,0 7.30286730904963,51.8261316496955,0 7.322656073794331,51.8259814043817,0 7.31582958714607,51.81579741644639,0 7.29551276179437,51.8107880839598,0 7.2802961338495,51.81934395403,0 7.259489655093119,51.8148627797602,0 
					</coordinates>
				</LinearRing>
			</outerBoundaryIs>
		</Polygon>
	</Placemark>
	<Placemark>
		<name>01955bd7-655c-751e-bbfe-f7953bd219fb</name>
		<Style>
			<LineStyle>
				<color>ff0000ff</color>
			</LineStyle>
			<PolyStyle>
				<fill>0</fill>
			</PolyStyle>
		</Style>
		<Polygon>
			<outerBoundaryIs>
				<LinearRing>
					<coordinates>
						7.16538590146635,52.21676672751001,0 7.19723414453572,52.22218859839269,0 7.20024150990023,52.21369907619,0 7.22194538841608,52.2105987250143,0 7.22410378277521,52.2017012027034,0 7.18169862053134,52.191434985258,0 7.15454657628462,52.1919279985372,0 7.16280196269417,52.19988696839071,0 7.16538590146635,52.21676672751001,0 
					</coordinates>
				</LinearRing>
			</outerBoundaryIs>
		</Polygon>
	</Placemark>
	<Placemark>
		<name>01955bd7-655c-787e-9025-e8b16c8782f7</name>
		<Style>
			<LineStyle>
				<color>ff0000ff</color>
			</LineStyle>
			<PolyStyle>
				<fill>0</fill>
			</PolyStyle>
		</Style>
		<Polygon>
			<outerBoundaryIs>
				<LinearRing>
					<coordinates>
						7.29531134196132,52.5390045765654,0 7.301469188794759,52.5440247758909,0 7.314780786903099,52.5398490258573,0 7.34316153287017,52.540706381703,0 7.359302282932361,52.5586927852166,0 7.36814806296342,52.5593654683935,0 7.37335652333974,52.5485499337825,0 7.34765825788564,52.5319939184606,0 7.35214941778508,52.5245594698841,0 7.3455163550119,52.5101145643308,0 7.332148607992841,52.5042779942094,0 7.33373124422657,52.4842367875928,0 7.30807691943916,52.488653538322,0 7.32205612979671,52.4949490562397,0 7.301467033264631,52.4959982239602,0 7.30380193286734,52.50787020937909,0 7.28184756913957,52.5065967612584,0 7.30042980503393,52.5284811812643,0 7.29531134196132,52.5390045765654,0 
					</coordinates>
				</LinearRing>
			</outerBoundaryIs>
		</Polygon>
	</Placemark>
	<Placemark>
		<name>01955bd7-655c-70b6-bf90-9e2b271d52ba</name>
		<Style>
			<LineStyle>
				<color>ff0000ff</color>
			</LineStyle>
			<PolyStyle>
				<fill>0</fill>
			</PolyStyle>
		</Style>
		<Polygon>
			<outerBoundaryIs>
				<LinearRing>
					<coordinates>
						7.36186469878106,52.52417843979121,0 7.37229007982214,52.5291914416126,0 7.375480389298761,52.52476490860771,0 7.367041832770049,52.5201467637543,0 7.36186469878106,52.52417843979121,0 
					</coordinates>
				</LinearRing>
			</outerBoundaryIs>
		</Polygon>
	</Placemark>
	<Placemark>
		<name>01955bd7-655c-7b0c-b2f1-1c4ca5a7a1b3</name>
		<Style>
			<LineStyle>
				<color>ff0000ff</color>
			</LineStyle>
			<PolyStyle>
				<fill>0</fill>
			</PolyStyle>
		</Style>
		<Polygon>
			<outerBoundaryIs>
				<LinearRing>
					<coordinates>
						7.31761576847729,52.70718523101729,0 7.318893225618311,52.6782106067335,0 7.30266191804833,52.6665546504383,0 7.28772898314017,52.6683241926123,0 7.28186870584522,52.6886069151047,0 7.2483584575688,52.69555394977321,0 7.26569984416322,52.70492934149949,0 7.28668474335863,52.70590945555261,0 7.29397602250004,52.71503660427171,0 7.31761576847729,52.70718523101729,0 
					</coordinates>
				</LinearRing>
			</outerBoundaryIs>
		</Polygon>
	</Placemark>
	<Placemark>
		<name>01955bd7-655c-73ca-811e-16a2659e44bc</name>
		<Style>
			<LineStyle>
				<color>ff0000ff</color>
			</LineStyle>
			<PolyStyle>
				<fill>0</fill>
			</PolyStyle>
		</Style>
		<Polygon>
			<outerBoundaryIs>
				<LinearRing>
					<coordinates>
						7.17086008987621,53.3756295867667,0 7.186759094033671,53.3739341693758,0 7.18493142953254,53.3865004909747,0 7.201319810542341,53.3925338353321,0 7.1860861493496,53.4196787150756,0 7.20637314376981,53.4206574971649,0 7.200217972772119,53.4124170510969,0 7.21613620704089,53.399602944419,0 7.216989361743249,53.3893664019327,0 7.23842674740006,53.3783904892205,0 7.25895379095083,53.37908204716561,0 7.23199453268501,53.3652044967592,0 7.22568296315017,53.352741615414,0 7.23765001160769,53.34975372259889,0 7.24736677552099,53.3390533727038,0 7.277481216642179,53.3354261407313,0 7.211698899877909,53.3338333697769,0 7.19484546157416,53.3422240588085,0 7.188002412032101,53.337346271855,0 7.16895701878159,53.33521158450111,0 7.142783049519651,53.3443640572576,0 7.146701383808631,53.3587361383776,0 7.13698701244998,53.36292165570881,0 7.17086008987621,53.3756295867667,0 
					</coordinates>
				</LinearRing>
			</outerBoundaryIs>
		</Polygon>
	</Placemark>
	<Placemark>
		<name>01955bd7-655c-74b7-a693-61d6546ee100</name>
		<Style>
			<LineStyle>
				<color>ff0000ff</color>
			</LineStyle>
			<PolyStyle>
				<fill>0</fill>
			</PolyStyle>
		</Style>
		<Polygon>
			<outerBoundaryIs>
				<LinearRing>
					<coordinates>
						7.34741240152148,53.4860933583463,0 7.32000016195084,53.47196728440301,0 7.31562869843853,53.473224643687,0 7.32455614187704,53.4793251603095,0 7.34741240152148,53.4860933583463,0 
					</coordinates>
				</LinearRing>
			</outerBoundaryIs>
		</Polygon>
	</Placemark>
	<Placemark>
		<name>01955bd7-655c-79e0-85c0-858ae2c9ed38</name>
		<Style>
			<LineStyle>
				<color>ff0000ff</color>
			</LineStyle>
			<PolyStyle>
				<fill>0</fill>
			</PolyStyle>
		</Style>
		<Polygon>
			<outerBoundaryIs>
				<LinearRing>
					<coordinates>
						7.34910596610206,53.4867034848327,0 7.3533634713321,53.49388536893059,0 7.36008685375248,53.4934207714481,0 7.37741168704349,53.4838356006479,0 7.3959602473352,53.4868533500949,0 7.41328877910148,53.4796618305316,0 7.409322926532839,53.4722997784741,0 7.377107732348541,53.460547042475,0 7.34910596610206,53.4867034848327,0 
					</coordinates>
				</LinearRing>
			</outerBoundaryIs>
		</Polygon>
	</Placemark>
	<Placemark>
		<name>01955bd7-655c-703d-9896-d259f1bcd4c4</name>
		<Style>
			<LineStyle>
				<color>ff0000ff</color>
			</LineStyle>
			<PolyStyle>
				<fill>0</fill>
			</PolyStyle>
		</Style>
		<Polygon>
			<outerBoundaryIs>
				<LinearRing>
					<coordinates>
						7.18955613149785,53.614152970879,0 7.222923909492821,53.60627435093579,0 7.22673302759203,53.5990263292249,0 7.249257082316141,53.601323395363,0 7.228162553390971,53.5908037162664,0 7.22574080737624,53.575735695594,0 7.17971065659171,53.58990624747431,0 7.174168964510939,53.60602857542101,0 7.14916976168879,53.6115669904806,0 7.162559162942591,53.625536602847,0 7.172768863069221,53.6110644110519,0 7.18955613149785,53.614152970879,0 
					</coordinates>
				</LinearRing>
			</outerBoundaryIs>
		</Polygon>
	</Placemark>
	<Placemark>
		<name>01955bd7-655c-7679-ba7d-a11e7f74309f</name>
		<Style>
			<LineStyle>
				<color>ff0000ff</color>
			</LineStyle>
			<PolyStyle>
				<fill>0</fill>
			</PolyStyle>
		</Style>
		<Polygon>
			<outerBoundaryIs>
				<LinearRing>
					<coordinates>
						7.48591877225684,47.55443903705871,0 7.47944816232445,47.546832768056,0 7.47383222914604,47.550056642038,0 7.47637992984476,47.556833260834,0 7.48591877225684,47.55443903705871,0 
					</coordinates>
				</LinearRing>
			</outerBoundaryIs>
		</Polygon>
	</Placemark>
	<Placemark>
		<name>01955bd7-655c-7886-b845-9ec9644244cd</name>
		<Style>
			<LineStyle>
				<color>ff0000ff</color>
			</LineStyle>
			<PolyStyle>
				<fill>0</fill>
			</PolyStyle>
		</Style>
		<Polygon>
			<outerBoundaryIs>
				<LinearRing>
					<coordinates>
						7.49727620351283,47.55737057775989,0 7.50667727941092,47.5639384089854,0 7.51302770925443,47.5846462348529,0 7.54408512645714,47.58364682710069,0 7.521550617341091,47.6071024464504,0 7.53126603549802,47.6331216917888,0 7.52452444660809,47.6375577086391,0 7.498809310797979,47.63516759858291,0 7.48442085932321,47.6255745465723,0 7.46847372718894,47.62996187312929,0 7.437252644325881,47.61460523649919,0 7.42326419480568,47.622633467735,0 7.42785587636821,47.6272263948659,0 7.45032020765138,47.6230416836705,0 7.46597219830133,47.6304596448551,0 7.47067223870846,47.6401446079566,0 7.50361975794746,47.6395764428557,0 7.50012030956125,47.6637145072868,0 7.5146911453702,47.6594278894595,0 7.51795487579785,47.6390093324948,0 7.53074536904598,47.64362898983699,0 7.546148222120899,47.63467642717111,0 7.54496558152839,47.6290428007769,0 7.53272308451799,47.625204142025,0 7.549727531217091,47.60483251199171,0 7.56112007242143,47.6143377603332,0 7.57631400727129,47.6157429870283,0 7.57610411591981,47.6245018014459,0 7.58809403982771,47.63823085209601,0 7.608327479578701,47.62786518564119,0 7.6133918767213,47.63472592849341,0 7.63254390800924,47.6359528781346,0 7.623937527785979,47.6156672622721,0 7.63835745909373,47.5992513784955,0 7.64849884093178,47.6192408457813,0 7.63708589358712,47.63783201436581,0 7.64249204061061,47.6446731491206,0 7.65129832593352,47.6332234927562,0 7.69924436521788,47.6474507478372,0 7.70748179980205,47.6386518071175,0 7.7047826642998,47.6307974289199,0 7.68587560882681,47.6274990765245,0 7.68182581363483,47.6211471669704,0 7.69007984081568,47.6047491916922,0 7.67462402773617,47.60086469040741,0 7.66752120732039,47.5921543885745,0 7.68797523215771,47.5926828856632,0 7.69994808183892,47.5869815279087,0 7.663270539844069,47.5801871582519,0 7.66361154243505,47.5697840035887,0 7.65352055423557,47.5697695708754,0 7.6466941823202,47.5608020150436,0 7.67317448635,47.5629720300827,0 7.67079899374346,47.55536240851059,0 7.70740339246332,47.5482723455362,0 7.713809874665081,47.5397749688102,0 7.73188877774311,47.54441127491059,0 7.72518816388246,47.5541735611711,0 7.73915019010584,47.560585388467,0 7.74981692480809,47.5422461439103,0 7.73944147269211,47.5296357947664,0 7.74871869979253,47.52282421880221,0 7.741211269881521,47.52030561719539,0 7.73389209388198,47.5284427361231,0 7.72074973893726,47.52416194829159,0 7.73545782137712,47.5074793661262,0 7.734615735299609,47.4915429343411,0 7.77279794015519,47.4722926634152,0 7.813387194934369,47.4725820181009,0 7.82963762219427,47.4625031432358,0 7.84819480562113,47.47198146275689,0 7.874071557723811,47.47581883078419,0 7.88103898645509,47.4697991965519,0 7.86836240737314,47.4658466556433,0 7.86256780132072,47.4576325430643,0 7.83574436544442,47.4625762183856,0 7.8303593541093,47.4539942163624,0 7.815290765848779,47.4585998118414,0 7.81453750165993,47.4382871853464,0 7.808203819074079,47.4336930462486,0 7.79807514045908,47.4478280153646,0 7.79954537995465,47.4629459741551,0 7.78415368266205,47.46469075250261,0 7.77578843334654,47.4713829244237,0 7.75902703706987,47.4680180683256,0 7.749444580094299,47.47285050903861,0 7.731007242135591,47.47060290120169,0 7.71379525393396,47.4974858761758,0 7.70467306637336,47.5021545686093,0 7.71057415338039,47.5157170657987,0 7.6912247876011,47.5108857332752,0 7.66435320344728,47.524530729796,0 7.64847362127746,47.5172313768963,0 7.62861101244608,47.5273626303577,0 7.62404953158177,47.52409380344109,0 7.62882007495234,47.4828680464481,0 7.622836095595959,47.4729585408376,0 7.599233074070999,47.4614006571549,0 7.609035718411099,47.4542689221747,0 7.601662136322669,47.450176974686,0 7.5995308653561,47.4559693758614,0 7.58578359073672,47.4598267169659,0 7.58876593691063,47.4817564875212,0 7.57111188525376,47.4934129334484,0 7.55684217785825,47.4909599082024,0 7.54696138100705,47.4773030529037,0 7.52849941411636,47.48266691006461,0 7.5223090005601,47.4736899442397,0 7.50917243623481,47.4724354576854,0 7.502633804688251,47.4804011730489,0 7.489565373960449,47.4763974926996,0 7.486989559059309,47.4881111377348,0 7.47653250147285,47.4907879745256,0 7.48365073851805,47.50293579953981,0 7.49436091248724,47.4987601690948,0 7.49408615863343,47.4898227481057,0 7.520497973603959,47.4929327475353,0 7.538155856667821,47.4837305247645,0 7.54759279459726,47.4902526125655,0 7.54490808976923,47.5136295654142,0 7.55779567094948,47.5253143242309,0 7.55629523037387,47.5367015545287,0 7.52816265921674,47.5562904066326,0 7.49727620351283,47.55737057775989,0 
					</coordinates>
				</LinearRing>
			</outerBoundaryIs>
		</Polygon>
	</Placemark>
	<Placemark>
		<name>01955bd7-655c-726d-a04a-e4c1e3c8b834</name>
		<Style>
			<LineStyle>
				<color>ff0000ff</color>
			</LineStyle>
			<PolyStyle>
				<fill>0</fill>
			</PolyStyle>
		</Style>
		<Polygon>
			<outerBoundaryIs>
				<LinearRing>
					<coordinates>
						7.72879996775706,47.46891052461,0 7.72128111182545,47.45947426270009,0 7.71305342345613,47.4587771848711,0 7.71308786944787,47.46071638584759,0 7.72879996775706,47.46891052461,0 
					</coordinates>
				</LinearRing>
			</outerBoundaryIs>
		</Polygon>
	</Placemark>
	<Placemark>
		<name>01955bd7-655c-72f7-9d87-528c57663871</name>
		<Style>
			<LineStyle>
				<color>ff0000ff</color>
			</LineStyle>
			<PolyStyle>
				<fill>0</fill>
			</PolyStyle>
		</Style>
		<Polygon>
			<outerBoundaryIs>
				<LinearRing>
					<coordinates>
						7.752599825316089,47.5428218841622,0 7.7591655565002,47.55554094410219,0 7.770551433689841,47.5602690993466,0 7.77102789724673,47.5735524093517,0 7.797269345404129,47.5812687900783,0 7.78547851123133,47.58879660274789,0 7.779976752230751,47.6076077835398,0 7.78653170068517,47.6085765536901,0 7.81315163727985,47.58673681009059,0 7.80723881756471,47.54997949186979,0 7.80141805862603,47.5446051712479,0 7.752599825316089,47.5428218841622,0 
					</coordinates>
				</LinearRing>
			</outerBoundaryIs>
		</Polygon>
	</Placemark>
	<Placemark>
		<name>01955bd7-655c-7ce5-9d01-a555a74848ef</name>
		<Style>
			<LineStyle>
				<color>ff0000ff</color>
			</LineStyle>
			<PolyStyle>
				<fill>0</fill>
			</PolyStyle>
		</Style>
		<Polygon>
			<outerBoundaryIs>
				<LinearRing>
					<coordinates>
						7.50131267868482,47.790160847827,0 7.52717138632429,47.8019829790551,0 7.524084807092691,47.8120106954358,0 7.538155473146671,47.8240428431436,0 7.550935595045731,47.81956720905641,0 7.563300570984921,47.8303998875048,0 7.572845604639681,47.8263232801105,0 7.57474260378234,47.809797478795,0 7.55223749742868,47.79950959975309,0 7.54765494870473,47.81093093387251,0 7.54030454632603,47.8111339171359,0 7.516974460932379,47.7728718167708,0 7.50007115536684,47.78401360589001,0 7.50131267868482,47.790160847827,0 
					</coordinates>
				</LinearRing>
			</outerBoundaryIs>
		</Polygon>
	</Placemark>
	<Placemark>
		<name>01955bd7-655c-77d5-ad9a-0d06fa18b454</name>
		<Style>
			<LineStyle>
				<color>ff0000ff</color>
			</LineStyle>
			<PolyStyle>
				<fill>0</fill>
			</PolyStyle>
		</Style>
		<Polygon>
			<outerBoundaryIs>
				<LinearRing>
					<coordinates>
						7.58007157369358,47.8092466476638,0 7.63151671296633,47.8171458516183,0 7.662668536342909,47.8066293356249,0 7.67800096523882,47.80939760931851,0 7.68539227227068,47.8037220876248,0 7.66643656031885,47.7951997926155,0 7.64182946699261,47.8049020843706,0 7.62075486936028,47.7891266049514,0 7.617006106683471,47.805207582206,0 7.59680041962189,47.804174098161,0 7.58007157369358,47.8092466476638,0 
					</coordinates>
				</LinearRing>
			</outerBoundaryIs>
		</Polygon>
	</Placemark>
	<Placemark>
		<name>01955bd7-655c-7267-9e8d-a408828c08ab</name>
		<Style>
			<LineStyle>
				<color>ff0000ff</color>
			</LineStyle>
			<PolyStyle>
				<fill>0</fill>
			</PolyStyle>
		</Style>
		<Polygon>
			<outerBoundaryIs>
				<LinearRing>
					<coordinates>
						7.57053193515198,48.01829901110531,0 7.57504860595658,48.02324779852841,0 7.53598790100126,48.04085914971151,0 7.5402136225142,48.04580671282891,0 7.55627185952623,48.0453953507379,0 7.56295422024755,48.05459917101949,0 7.59039523513491,48.0449057671772,0 7.59407497104676,48.0369155217075,0 7.6056629204701,48.0327049810289,0 7.59112114988503,48.0222551027848,0 7.57736982650282,48.0197937811312,0 7.57683711821503,48.0082219048593,0 7.56064132780498,48.00170737538111,0 7.5219386459357,48.015737031772,0 7.521237085368561,48.02114603280339,0 7.53122871302513,48.0259327552384,0 7.57053193515198,48.01829901110531,0 
					</coordinates>
				</LinearRing>
			</outerBoundaryIs>
		</Polygon>
	</Placemark>
	<Placemark>
		<name>01955bd7-655c-7e2a-aaba-108c39a22514</name>
		<Style>
			<LineStyle>
				<color>ff0000ff</color>
			</LineStyle>
			<PolyStyle>
				<fill>0</fill>
			</PolyStyle>
		</Style>
		<Polygon>
			<outerBoundaryIs>
				<LinearRing>
					<coordinates>
						7.53314866772082,50.37062343263209,0 7.52035462046317,50.3658229562635,0 7.508316056272111,50.367127633434,0 7.51901447343676,50.37494093350501,0 7.53314866772082,50.37062343263209,0 
					</coordinates>
				</LinearRing>
			</outerBoundaryIs>
		</Polygon>
	</Placemark>
	<Placemark>
		<name>01955bd7-655c-75d2-81f1-ad3959301f78</name>
		<Style>
			<LineStyle>
				<color>ff0000ff</color>
			</LineStyle>
			<PolyStyle>
				<fill>0</fill>
			</PolyStyle>
		</Style>
		<Polygon>
			<outerBoundaryIs>
				<LinearRing>
					<coordinates>
						7.53888692526138,50.3696237216731,0 7.56349538479524,50.3731805800505,0 7.565041744508749,50.3771508751501,0 7.546453064298171,50.3791289079643,0 7.54483621240135,50.387540831603,0 7.53437685314799,50.3903333267912,0 7.52016478532694,50.39086414560279,0 7.49619581352592,50.3816678371357,0 7.47928145848813,50.3887328695754,0 7.49720731753913,50.39592312520779,0 7.500031979779599,50.4111017229997,0 7.52529460008344,50.4163781486673,0 7.50466692551663,50.4061544197278,0 7.56335749969648,50.39237350084561,0 7.58127431873671,50.4019828846615,0 7.6023239374457,50.3922952220173,0 7.6054650077428,50.4033564054182,0 7.58209411663988,50.41015103675149,0 7.57069980833995,50.4063266816022,0 7.55878660164343,50.4103692247957,0 7.55473864822338,50.41997367977891,0 7.534589658749251,50.4272253764045,0 7.54308879205358,50.43651080818961,0 7.554994716238351,50.4331105612353,0 7.557592073808441,50.440171608215,0 7.55202257346874,50.4425161460292,0 7.543298373917041,50.43841753119981,0 7.53094275343901,50.4544745142077,0 7.5161028349,50.4554286560529,0 7.51796400855994,50.4650999373497,0 7.53219908074902,50.4565470698425,0 7.5464441542522,50.458011220852,0 7.55816596275953,50.4437165505302,0 7.579984049702341,50.44119969775409,0 7.5776541991873,50.43270297947381,0 7.59046670530844,50.41671045693221,0 7.60174888542445,50.4153219829744,0 7.60759726350364,50.406338347283,0 7.63279619088939,50.4044501178628,0 7.6322661291944,50.3759005941114,0 7.65894124118615,50.3726374954645,0 7.649892201662689,50.3634092415045,0 7.622178850917661,50.3644692496396,0 7.63431925974183,50.3545324301696,0 7.62613537206473,50.3494524134768,0 7.61149818355052,50.31902112748511,0 7.626568330551951,50.31368290038401,0 7.62138553946626,50.3088498355079,0 7.626672423545639,50.2893822679809,0 7.637604648279459,50.28835060049961,0 7.64231474967337,50.2792189971848,0 7.65607667206732,50.2745633255829,0 7.64434229684896,50.2524370994456,0 7.643042305909509,50.2713036188634,0 7.62376463108141,50.2706177502357,0 7.6076747729203,50.2786665382873,0 7.59158536485849,50.32907247482229,0 7.554176231111939,50.3298674906177,0 7.54290001374483,50.337300310057,0 7.53692613878583,50.3456132238047,0 7.555981307335119,50.3539851447063,0 7.53888692526138,50.3696237216731,0 
					</coordinates>
				</LinearRing>
			</outerBoundaryIs>
		</Polygon>
	</Placemark>
	<Placemark>
		<name>01955bd7-655c-7e3d-8d97-a6c129f5e264</name>
		<Style>
			<LineStyle>
				<color>ff0000ff</color>
			</LineStyle>
			<PolyStyle>
				<fill>0</fill>
			</PolyStyle>
		</Style>
		<Polygon>
			<outerBoundaryIs>
				<LinearRing>
					<coordinates>
						7.45148075262645,50.4601015268102,0 7.45625585680354,50.4699336520009,0 7.48240208007469,50.4667762202951,0 7.49157075847254,50.4764105643995,0 7.50499340198703,50.47760250145389,0 7.506387790698299,50.470617807541,0 7.49251876679476,50.4666877953767,0 7.48904095518398,50.4581040166135,0 7.470324939439979,50.4522247242119,0 7.48147249766548,50.4462304245312,0 7.496624570821369,50.4501908314192,0 7.51620769269262,50.4350063073235,0 7.49791648175237,50.4380078089886,0 7.483710814259029,50.4252884492336,0 7.47629186592587,50.40577173454299,0 7.45734044827198,50.3931698914085,0 7.46122213046766,50.40417200151109,0 7.44371556941646,50.4105236218892,0 7.435264128797809,50.4285069291484,0 7.40731523808749,50.4146610898029,0 7.38987825449816,50.4219085274235,0 7.38258818289312,50.4309163237369,0 7.393646224943041,50.44143611431241,0 7.412424130631459,50.44266280620981,0 7.41198005055575,50.4511197751449,0 7.42340876772143,50.4564487171267,0 7.460333395758119,50.44831400566849,0 7.45148075262645,50.4601015268102,0 
					</coordinates>
				</LinearRing>
			</outerBoundaryIs>
		</Polygon>
	</Placemark>
	<Placemark>
		<name>01955bd7-655c-7876-bdbc-26eb4c8ec9e9</name>
		<Style>
			<LineStyle>
				<color>ff0000ff</color>
			</LineStyle>
			<PolyStyle>
				<fill>0</fill>
			</PolyStyle>
		</Style>
		<Polygon>
			<outerBoundaryIs>
				<LinearRing>
					<coordinates>
						7.4917903714745,51.6935308069797,0 7.47274101724667,51.6736116812764,0 7.49040674592167,51.6640320436377,0 7.47608690247839,51.6581237601024,0 7.478645756675289,51.6506480540503,0 7.44714227323214,51.6723863578576,0 7.46660999932091,51.6786809830605,0 7.444180756740341,51.69225942684229,0 7.44689790005314,51.7059534157874,0 7.454477367073749,51.7108212363644,0 7.481918822746709,51.7018650200557,0 7.4917903714745,51.6935308069797,0 
					</coordinates>
				</LinearRing>
			</outerBoundaryIs>
		</Polygon>
	</Placemark>
	<Placemark>
		<name>01955bd7-655c-758b-ba18-cae88a8b815d</name>
		<Style>
			<LineStyle>
				<color>ff0000ff</color>
			</LineStyle>
			<PolyStyle>
				<fill>0</fill>
			</PolyStyle>
		</Style>
		<Polygon>
			<outerBoundaryIs>
				<LinearRing>
					<coordinates>
						7.445741548571109,51.7803176934288,0 7.4615711081416,51.78138632549209,0 7.46665313191746,51.77749243359389,0 7.467185642911469,51.76610705680011,0 7.457848649953801,51.7555468189882,0 7.43007719506412,51.7511598213489,0 7.42172568823642,51.7616098233794,0 7.40654121792669,51.7641381073343,0 7.390770236144419,51.7547572330935,0 7.38182385655787,51.7593194601206,0 7.38602248464691,51.7679558081028,0 7.40503881351712,51.7643949401476,0 7.445741548571109,51.7803176934288,0 
					</coordinates>
				</LinearRing>
			</outerBoundaryIs>
		</Polygon>
	</Placemark>
	<Placemark>
		<name>01955bd7-655c-7cd4-9b57-60cde6ddd534</name>
		<Style>
			<LineStyle>
				<color>ff0000ff</color>
			</LineStyle>
			<PolyStyle>
				<fill>0</fill>
			</PolyStyle>
		</Style>
		<Polygon>
			<outerBoundaryIs>
				<LinearRing>
					<coordinates>
						7.53375758488917,52.1907796934258,0 7.54097064087023,52.1814406780518,0 7.57064371282721,52.1648500687599,0 7.56152912153022,52.14374663041491,0 7.540411281430461,52.1549803916733,0 7.52198143233615,52.15084759829049,0 7.49562849376242,52.1701286811726,0 7.49430304909823,52.17755552331369,0 7.510566165687131,52.198308489624,0 7.51904335102456,52.1981172595834,0 7.52061126683289,52.1902007316649,0 7.53375758488917,52.1907796934258,0 
					</coordinates>
				</LinearRing>
			</outerBoundaryIs>
		</Polygon>
	</Placemark>
	<Placemark>
		<name>01955bd7-655c-74c4-8536-39442bc4bdb1</name>
		<Style>
			<LineStyle>
				<color>ff0000ff</color>
			</LineStyle>
			<PolyStyle>
				<fill>0</fill>
			</PolyStyle>
		</Style>
		<Polygon>
			<outerBoundaryIs>
				<LinearRing>
					<coordinates>
						7.55076179515943,52.1845326695987,0 7.54918285301168,52.1969869165819,0 7.55299896019812,52.19707266195961,0 7.558114730384999,52.1864434294303,0 7.55076179515943,52.1845326695987,0 
					</coordinates>
				</LinearRing>
			</outerBoundaryIs>
		</Polygon>
	</Placemark>
	<Placemark>
		<name>01955bd7-655c-7983-a4e6-2cf6565a905f</name>
		<Style>
			<LineStyle>
				<color>ff0000ff</color>
			</LineStyle>
			<PolyStyle>
				<fill>0</fill>
			</PolyStyle>
		</Style>
		<Polygon>
			<outerBoundaryIs>
				<LinearRing>
					<coordinates>
						7.52477609220466,52.2807663485239,0 7.52027781193807,52.2879518845648,0 7.49368373135554,52.2888281423929,0 7.47389670249452,52.2684467948371,0 7.483125072052279,52.2540751910642,0 7.460021486172639,52.26087854300451,0 7.45335067422899,52.2573060396962,0 7.434331524665449,52.2602221078369,0 7.42051889033975,52.25636295379491,0 7.41086671029884,52.26389731239661,0 7.397024487751991,52.2640622887818,0 7.3933480120067,52.2813873248895,0 7.40442573347347,52.28745578080431,0 7.40565853079614,52.297201215377,0 7.43421915864305,52.29862166986301,0 7.41948293264111,52.33285905092679,0 7.439781248030209,52.3197256169548,0 7.45634825535593,52.3200002635853,0 7.460570636150581,52.3097122958787,0 7.490039882167889,52.2944676863868,0 7.510675762305751,52.29744775505701,0 7.52090594129019,52.2878517439859,0 7.53351560889443,52.2886122855834,0 7.54458221222696,52.2837512877104,0 7.52477609220466,52.2807663485239,0 
					</coordinates>
				</LinearRing>
			</outerBoundaryIs>
		</Polygon>
	</Placemark>
	<Placemark>
		<name>01955bd7-655c-753b-b903-712c892045e0</name>
		<Style>
			<LineStyle>
				<color>ff0000ff</color>
			</LineStyle>
			<PolyStyle>
				<fill>0</fill>
			</PolyStyle>
		</Style>
		<Polygon>
			<outerBoundaryIs>
				<LinearRing>
					<coordinates>
						7.435404969658981,53.08089132321381,0 7.45635358366458,53.07849390476089,0 7.45829100446541,53.0724355505403,0 7.43809900009828,53.0618857307598,0 7.42319551239922,53.067589396607,0 7.40974685608623,53.06315835814339,0 7.38480054480105,53.0703542590521,0 7.369053957220931,53.0685535528364,0 7.383687425462451,53.0797671556586,0 7.355207925676031,53.09791372389169,0 7.379568168158809,53.09880452104821,0 7.387801394759871,53.1042115418056,0 7.407173327784101,53.10129184217161,0 7.41997094257142,53.1128052927224,0 7.42616295098974,53.10685706525399,0 7.4111589807193,53.0904815598373,0 7.435404969658981,53.08089132321381,0 
					</coordinates>
				</LinearRing>
			</outerBoundaryIs>
		</Polygon>
	</Placemark>
	<Placemark>
		<name>01955bd7-655c-726b-b930-f88dd4df7fe2</name>
		<Style>
			<LineStyle>
				<color>ff0000ff</color>
			</LineStyle>
			<PolyStyle>
				<fill>0</fill>
			</PolyStyle>
		</Style>
		<Polygon>
			<outerBoundaryIs>
				<LinearRing>
					<coordinates>
						7.41841876079241,53.2179716997053,0 7.41138108848764,53.2182999214461,0 7.412399750060789,53.2243210449071,0 7.41492135297183,53.2237367177458,0 7.41841876079241,53.2179716997053,0 
					</coordinates>
				</LinearRing>
			</outerBoundaryIs>
		</Polygon>
	</Placemark>
	<Placemark>
		<name>01955bd7-655c-781c-b8e4-0978bc690de4</name>
		<Style>
			<LineStyle>
				<color>ff0000ff</color>
			</LineStyle>
			<PolyStyle>
				<fill>0</fill>
			</PolyStyle>
		</Style>
		<Polygon>
			<outerBoundaryIs>
				<LinearRing>
					<coordinates>
						7.427509153647091,53.21540114201381,0 7.43268207482996,53.2199801087943,0 7.42637587344625,53.2338499759712,0 7.44678799559911,53.2409446462322,0 7.4571854771077,53.26739436948041,0 7.473054309074301,53.252501572204,0 7.48886404357728,53.2543701221769,0 7.49215609389281,53.24787678184761,0 7.50767458128527,53.246346518297,0 7.52497344210252,53.250169579706,0 7.523321049987771,53.24282413040899,0 7.48316917977309,53.2297291900564,0 7.47603647523538,53.21963232102631,0 7.458232332551389,53.21440136825,0 7.427509153647091,53.21540114201381,0 
					</coordinates>
				</LinearRing>
			</outerBoundaryIs>
		</Polygon>
	</Placemark>
	<Placemark>
		<name>01955bd7-655c-77f4-995b-3cc6af900bd5</name>
		<Style>
			<LineStyle>
				<color>ff0000ff</color>
			</LineStyle>
			<PolyStyle>
				<fill>0</fill>
			</PolyStyle>
		</Style>
		<Polygon>
			<outerBoundaryIs>
				<LinearRing>
					<coordinates>
						7.508428263402869,53.31549762354769,0 7.52486077425502,53.3224628992306,0 7.53289213964912,53.3169760128701,0 7.52264209399002,53.3173248212561,0 7.52075524425477,53.3104580821825,0 7.53098947827906,53.3121292448879,0 7.5330598936132,53.3168613988164,0 7.53624253007118,53.3146868770397,0 7.53322246801559,53.30203832842461,0 7.51218005578663,53.2993416109345,0 7.50001846500616,53.2895672203926,0 7.48225099074293,53.28721386138489,0 7.46951805392487,53.3074691648921,0 7.45852293210035,53.311187110759,0 7.46810894317802,53.31729474625419,0 7.46810701681845,53.3258800671277,0 7.47967532391019,53.3274170414503,0 7.508428263402869,53.31549762354769,0 
					</coordinates>
				</LinearRing>
			</outerBoundaryIs>
		</Polygon>
	</Placemark>
	<Placemark>
		<name>01955bd7-655c-71ab-af5f-f032c3743396</name>
		<Style>
			<LineStyle>
				<color>ff0000ff</color>
			</LineStyle>
			<PolyStyle>
				<fill>0</fill>
			</PolyStyle>
		</Style>
		<Polygon>
			<outerBoundaryIs>
				<LinearRing>
					<coordinates>
						7.53453951094715,53.476721439447,0 7.503433816904879,53.452677041142,0 7.47338069404387,53.4615211895337,0 7.45140974763066,53.455856324814,0 7.4453337930172,53.4637065934808,0 7.44673379690686,53.4716125342721,0 7.479839109502111,53.4852002456158,0 7.492885102730009,53.4855317150652,0 7.50147098804297,53.4783409013827,0 7.509977312425839,53.4851213926811,0 7.53453951094715,53.476721439447,0 
					</coordinates>
				</LinearRing>
			</outerBoundaryIs>
		</Polygon>
	</Placemark>
	<Placemark>
		<name>01955bd7-655c-7f16-ad93-974e066ff27c</name>
		<Style>
			<LineStyle>
				<color>ff0000ff</color>
			</LineStyle>
			<PolyStyle>
				<fill>0</fill>
			</PolyStyle>
		</Style>
		<Polygon>
			<outerBoundaryIs>
				<LinearRing>
					<coordinates>
						7.75707925983052,47.6445485819136,0 7.79558611379441,47.648683572309,0 7.80034150445785,47.6642009742336,0 7.808855460136009,47.65119004732979,0 7.82452692231581,47.6545369971406,0 7.83640684344939,47.664917943847,0 7.844253126442481,47.66237086128,0 7.84033477622713,47.6470109744973,0 7.82248566966273,47.642035888864,0 7.81289852021069,47.6314390292171,0 7.7981937768018,47.6471703069703,0 7.77950244114037,47.6388144954748,0 7.76088649480823,47.6405483267527,0 7.74045256660623,47.6306793778003,0 7.72849305208413,47.6396674011707,0 7.73926679220777,47.6497727023863,0 7.75707925983052,47.6445485819136,0 
					</coordinates>
				</LinearRing>
			</outerBoundaryIs>
		</Polygon>
	</Placemark>
	<Placemark>
		<name>01955bd7-655c-7d6b-8d79-ff81a28c87b5</name>
		<Style>
			<LineStyle>
				<color>ff0000ff</color>
			</LineStyle>
			<PolyStyle>
				<fill>0</fill>
			</PolyStyle>
		</Style>
		<Polygon>
			<outerBoundaryIs>
				<LinearRing>
					<coordinates>
						7.70828285126745,47.9243874607442,0 7.71230677748341,47.9062494426547,0 7.70573916771526,47.90341632699081,0 7.66793005172486,47.9249731189576,0 7.67263932772127,47.9285990824355,0 7.70828285126745,47.9243874607442,0 
					</coordinates>
				</LinearRing>
			</outerBoundaryIs>
		</Polygon>
	</Placemark>
	<Placemark>
		<name>01955bd7-655c-7439-892f-e4b0fcf4b35a</name>
		<Style>
			<LineStyle>
				<color>ff0000ff</color>
			</LineStyle>
			<PolyStyle>
				<fill>0</fill>
			</PolyStyle>
		</Style>
		<Polygon>
			<outerBoundaryIs>
				<LinearRing>
					<coordinates>
						7.723739314161819,47.9215084942527,0 7.74438481964063,47.92691664154031,0 7.76079579848352,47.9120582719704,0 7.74842998580675,47.910678481999,0 7.723739314161819,47.9215084942527,0 
					</coordinates>
				</LinearRing>
			</outerBoundaryIs>
		</Polygon>
	</Placemark>
	<Placemark>
		<name>01955bd7-655c-7c8b-a4fa-ab51bfcb4b0b</name>
		<Style>
			<LineStyle>
				<color>ff0000ff</color>
			</LineStyle>
			<PolyStyle>
				<fill>0</fill>
			</PolyStyle>
		</Style>
		<Polygon>
			<outerBoundaryIs>
				<LinearRing>
					<coordinates>
						7.60150545462637,48.3823426603317,0 7.62076525531242,48.39955754502461,0 7.646397990341081,48.4054649301149,0 7.6485186218975,48.4007477996931,0 7.6317701635251,48.39699784362119,0 7.63344156607712,48.386594280159,0 7.57661862312075,48.3549438192259,0 7.569174980717109,48.3602629049848,0 7.576003887211819,48.3719914465998,0 7.56086237499104,48.3778700959425,0 7.56048689247582,48.3824786747796,0 7.57083388827183,48.3842916479136,0 7.583868975143979,48.3774029586322,0 7.60150545462637,48.3823426603317,0 
					</coordinates>
				</LinearRing>
			</outerBoundaryIs>
		</Polygon>
	</Placemark>
	<Placemark>
		<name>01955bd7-655c-7685-841f-332257f865ca</name>
		<Style>
			<LineStyle>
				<color>ff0000ff</color>
			</LineStyle>
			<PolyStyle>
				<fill>0</fill>
			</PolyStyle>
		</Style>
		<Polygon>
			<outerBoundaryIs>
				<LinearRing>
					<coordinates>
						7.58253138222697,48.39444840836101,0 7.59226701077512,48.4117323723288,0 7.62106323435199,48.43318553055621,0 7.64595442652578,48.4255978418632,0 7.65655336488784,48.4302761746436,0 7.68300708080557,48.4282553181825,0 7.6749293917033,48.42569637138101,0 7.66937995568928,48.41022072516461,0 7.646185303436739,48.418767051984,0 7.63166340019018,48.4145222609547,0 7.618710773145909,48.4250671126547,0 7.60327075025974,48.4135204058199,0 7.593192890973839,48.3934111312378,0 7.58253138222697,48.39444840836101,0 
					</coordinates>
				</LinearRing>
			</outerBoundaryIs>
		</Polygon>
	</Placemark>
	<Placemark>
		<name>01955bd7-655c-7879-a3dd-65700a8753dd</name>
		<Style>
			<LineStyle>
				<color>ff0000ff</color>
			</LineStyle>
			<PolyStyle>
				<fill>0</fill>
			</PolyStyle>
		</Style>
		<Polygon>
			<outerBoundaryIs>
				<LinearRing>
					<coordinates>
						7.69728586413763,48.4253437068985,0 7.706082742905011,48.4260851449172,0 7.70760610821308,48.4102892646349,0 7.685936684282471,48.4089949703388,0 7.69728586413763,48.4253437068985,0 
					</coordinates>
				</LinearRing>
			</outerBoundaryIs>
		</Polygon>
	</Placemark>
	<Placemark>
		<name>01955bd7-655c-761f-af3b-cb01fe29ed79</name>
		<Style>
			<LineStyle>
				<color>ff0000ff</color>
			</LineStyle>
			<PolyStyle>
				<fill>0</fill>
			</PolyStyle>
		</Style>
		<Polygon>
			<outerBoundaryIs>
				<LinearRing>
					<coordinates>
						7.68889266256787,48.6469378771209,0 7.7032658852017,48.66041292416669,0 7.690481008167401,48.6856952084113,0 7.70085776677892,48.68568525585,0 7.70928420797835,48.6763154088553,0 7.71897462685642,48.6785571003072,0 7.73159473625665,48.6510625008189,0 7.755632449465031,48.6537281926285,0 7.76096288233803,48.66510137116091,0 7.78607237146075,48.6810749822815,0 7.77443531965118,48.6920040507508,0 7.77610322433683,48.7041781923041,0 7.79298004736943,48.7050114967143,0 7.79275511545791,48.71775549776681,0 7.80491316546257,48.7233892347155,0 7.81204586439271,48.7126851186785,0 7.79368286417566,48.7043675358025,0 7.7973350116422,48.67163445368659,0 7.77847275448039,48.6679133952592,0 7.76838816503822,48.65609281433869,0 7.75708544765373,48.6541174554449,0 7.77356219386733,48.6429527075493,0 7.75674431838141,48.6348888956025,0 7.80113295183139,48.62260267254629,0 7.799841428305139,48.6080414762792,0 7.8127454568066,48.6028368745844,0 7.83972412388409,48.6068571966385,0 7.82487916598625,48.5856452531701,0 7.830543503042741,48.5774424443974,0 7.84817136932861,48.57471884377669,0 7.8548490158022,48.5679597479279,0 7.84424034142618,48.56300843245679,0 7.8369171820387,48.5472805951259,0 7.82755685693351,48.5549984853841,0 7.80226635838109,48.5580522359407,0 7.79495819781895,48.52774860542411,0 7.783965888786069,48.5116487575894,0 7.77568699214745,48.5138373999079,0 7.77323785077693,48.524247636625,0 7.75719223894173,48.526310326214,0 7.74876062720357,48.5415609634218,0 7.74298613646444,48.5209090984679,0 7.71939237381269,48.51039275696741,0 7.71613557056844,48.5042803169386,0 7.70282878900707,48.5041267092189,0 7.70054891206948,48.495597860688,0 7.731817643675001,48.49126867920059,0 7.741833975348671,48.4647260744326,0 7.73749434461763,48.4613968208738,0 7.71871020618722,48.4637048968576,0 7.70157120626615,48.47464171462341,0 7.699188265733941,48.4835958835916,0 7.65762314501149,48.4876543461998,0 7.66350243917356,48.4952510206793,0 7.680924812335719,48.4970660181811,0 7.694841749052639,48.5104110583134,0 7.67490366401432,48.51866176580841,0 7.678428667658849,48.5416657343319,0 7.669731218536689,48.55274980678911,0 7.685053356267371,48.5718120778731,0 7.67777461553598,48.578726916029,0 7.64128753575617,48.5802131239766,0 7.625993077209,48.57405227168151,0 7.59636889200505,48.5795918049175,0 7.59893942012602,48.5838581381641,0 7.638041510305499,48.58514240797449,0 7.64497424820632,48.5915885946091,0 7.662985247952691,48.5952176517666,0 7.68115149618501,48.59427359684389,0 7.67587689013186,48.61062480042339,0 7.70424990664732,48.6299034050304,0 7.69943075729188,48.6444177428333,0 7.68889266256787,48.6469378771209,0 
					</coordinates>
				</LinearRing>
			</outerBoundaryIs>
		</Polygon>
	</Placemark>
	<Placemark>
		<name>01955bd7-655c-78b7-bf7d-83ace9ab0e4e</name>
		<Style>
			<LineStyle>
				<color>ff0000ff</color>
			</LineStyle>
			<PolyStyle>
				<fill>0</fill>
			</PolyStyle>
		</Style>
		<Polygon>
			<outerBoundaryIs>
				<LinearRing>
					<coordinates>
						7.86247485421167,48.5672998513584,0 7.87365931236539,48.57041552354789,0 7.883778284690431,48.5554889977629,0 7.881219662220551,48.5553035583664,0 7.86247485421167,48.5672998513584,0 
					</coordinates>
				</LinearRing>
			</outerBoundaryIs>
		</Polygon>
	</Placemark>
	<Placemark>
		<name>01955bd7-655c-7d61-8d26-2b12174ef0c7</name>
		<Style>
			<LineStyle>
				<color>ff0000ff</color>
			</LineStyle>
			<PolyStyle>
				<fill>0</fill>
			</PolyStyle>
		</Style>
		<Polygon>
			<outerBoundaryIs>
				<LinearRing>
					<coordinates>
						7.67301038900084,48.7499742239646,0 7.639139895541249,48.7531810173101,0 7.63518548204286,48.7448323085568,0 7.62222937847977,48.7477889866307,0 7.6427888545038,48.7655826312775,0 7.67301038900084,48.7499742239646,0 
					</coordinates>
				</LinearRing>
			</outerBoundaryIs>
		</Polygon>
	</Placemark>
	<Placemark>
		<name>01955bd7-655c-7d82-b593-63b633f0381d</name>
		<Style>
			<LineStyle>
				<color>ff0000ff</color>
			</LineStyle>
			<PolyStyle>
				<fill>0</fill>
			</PolyStyle>
		</Style>
		<Polygon>
			<outerBoundaryIs>
				<LinearRing>
					<coordinates>
						7.681797115828131,48.7370585782329,0 7.67997519718992,48.7630095466598,0 7.68638179180026,48.7662114371922,0 7.69645770616982,48.7467015691484,0 7.72309053308471,48.737168066174,0 7.724910666028109,48.7262372623442,0 7.71350538417586,48.7217924159449,0 7.71123357785547,48.7059606290382,0 7.70016480536607,48.71776908331179,0 7.70528458912754,48.725807341394,0 7.681797115828131,48.7370585782329,0 
					</coordinates>
				</LinearRing>
			</outerBoundaryIs>
		</Polygon>
	</Placemark>
	<Placemark>
		<name>01955bd7-655c-79de-8e81-5f226b0b320c</name>
		<Style>
			<LineStyle>
				<color>ff0000ff</color>
			</LineStyle>
			<PolyStyle>
				<fill>0</fill>
			</PolyStyle>
		</Style>
		<Polygon>
			<outerBoundaryIs>
				<LinearRing>
					<coordinates>
						7.560168495776739,49.186188003008,0 7.586845391794599,49.1953005612349,0 7.59213216511165,49.2189143384634,0 7.57976483613726,49.2305010987743,0 7.59298052828079,49.22845798238549,0 7.60172170611168,49.21904998170581,0 7.61670309409813,49.2311193710183,0 7.61286867175111,49.22092862894801,0 7.63022036676077,49.219209198111,0 7.62540191678148,49.1936537636336,0 7.636778781919259,49.19048724359449,0 7.63792408648581,49.1832758634747,0 7.6202240376961,49.1787181385085,0 7.614609183215251,49.1688486669628,0 7.61745903823457,49.1841495163161,0 7.58451971556234,49.1848200891368,0 7.56781509754123,49.1802393887397,0 7.560168495776739,49.186188003008,0 
					</coordinates>
				</LinearRing>
			</outerBoundaryIs>
		</Polygon>
	</Placemark>
	<Placemark>
		<name>01955bd7-655c-7764-8e57-02328a8ebe45</name>
		<Style>
			<LineStyle>
				<color>ff0000ff</color>
			</LineStyle>
			<PolyStyle>
				<fill>0</fill>
			</PolyStyle>
		</Style>
		<Polygon>
			<outerBoundaryIs>
				<LinearRing>
					<coordinates>
						7.572843305599859,49.233360040096,0 7.55145228348179,49.22715753991569,0 7.54573863462625,49.2311375889262,0 7.55949015320207,49.2406134926016,0 7.56768940960964,49.2401184671736,0 7.572843305599859,49.233360040096,0 
					</coordinates>
				</LinearRing>
			</outerBoundaryIs>
		</Polygon>
	</Placemark>
	<Placemark>
		<name>01955bd7-655c-7bcf-b4ba-e4ecb2e0bba3</name>
		<Style>
			<LineStyle>
				<color>ff0000ff</color>
			</LineStyle>
			<PolyStyle>
				<fill>0</fill>
			</PolyStyle>
		</Style>
		<Polygon>
			<outerBoundaryIs>
				<LinearRing>
					<coordinates>
						7.652020724864229,49.4423242178176,0 7.7335270723776,49.4487494890469,0 7.739006874252849,49.4546537702629,0 7.72761779863541,49.4630638535418,0 7.73207027673116,49.46909574791411,0 7.73763298529498,49.4616980063787,0 7.75268031917175,49.4606079286136,0 7.753494166150799,49.4720499390254,0 7.769887746072259,49.481611078733,0 7.77759621511066,49.4788584965235,0 7.76918277581649,49.4599042207241,0 7.80817770363219,49.46231172115319,0 7.82241373053413,49.4552101595006,0 7.80318671358524,49.45037378754339,0 7.80255650406677,49.4463760773648,0 7.8147048785789,49.4425453819119,0 7.7883087491608,49.43771579699799,0 7.78438499872317,49.4277168227567,0 7.739601284861209,49.41952383454449,0 7.73018694476697,49.4261318469629,0 7.71461941223285,49.4256242049,0 7.69981001801674,49.40849357973389,0 7.68941235933596,49.4180262068439,0 7.69749772906046,49.43015668227,0 7.655033532338349,49.4299466115162,0 7.652020724864229,49.4423242178176,0 
					</coordinates>
				</LinearRing>
			</outerBoundaryIs>
		</Polygon>
	</Placemark>
	<Placemark>
		<name>01955bd7-655c-77b9-87a9-b069d34ea575</name>
		<Style>
			<LineStyle>
				<color>ff0000ff</color>
			</LineStyle>
			<PolyStyle>
				<fill>0</fill>
			</PolyStyle>
		</Style>
		<Polygon>
			<outerBoundaryIs>
				<LinearRing>
					<coordinates>
						7.67491966037233,50.7842274676008,0 7.689896440889259,50.7799047344572,0 7.68771245512707,50.7754854706295,0 7.67267464534405,50.7768142048464,0 7.66908151891805,50.7733464500152,0 7.6878233523458,50.7631109054722,0 7.666027686868391,50.7590884139983,0 7.6589506070982,50.7511194046517,0 7.65541264413372,50.7576885194852,0 7.642412935840471,50.7600627359224,0 7.660814302013121,50.7641583619708,0 7.655212860441121,50.7736302608917,0 7.67491966037233,50.7842274676008,0 
					</coordinates>
				</LinearRing>
			</outerBoundaryIs>
		</Polygon>
	</Placemark>
	<Placemark>
		<name>01955bd7-655c-76bc-9ad7-b6ecccb138d2</name>
		<Style>
			<LineStyle>
				<color>ff0000ff</color>
			</LineStyle>
			<PolyStyle>
				<fill>0</fill>
			</PolyStyle>
		</Style>
		<Polygon>
			<outerBoundaryIs>
				<LinearRing>
					<coordinates>
						7.693671770526279,50.76359848628441,0 7.72070032206862,50.776926259438,0 7.72143840165252,50.7893366857052,0 7.76263037360128,50.7736184744584,0 7.72237051580886,50.7715847906321,0 7.706723548332231,50.7622536329165,0 7.693671770526279,50.76359848628441,0 
					</coordinates>
				</LinearRing>
			</outerBoundaryIs>
		</Polygon>
	</Placemark>
	<Placemark>
		<name>01955bd7-655c-76d7-bb3b-06fe14d20aff</name>
		<Style>
			<LineStyle>
				<color>ff0000ff</color>
			</LineStyle>
			<PolyStyle>
				<fill>0</fill>
			</PolyStyle>
		</Style>
		<Polygon>
			<outerBoundaryIs>
				<LinearRing>
					<coordinates>
						7.60921757617919,50.81419631136241,0 7.6192568024295,50.7893253241397,0 7.61132772371894,50.783767326569,0 7.59790376071335,50.7901381503244,0 7.596925037429771,50.8024459232482,0 7.58223019519007,50.8090712387237,0 7.57535883926659,50.807541055063,0 7.57657016498388,50.7933288521884,0 7.53436073552121,50.8112117014524,0 7.60921757617919,50.81419631136241,0 
					</coordinates>
				</LinearRing>
			</outerBoundaryIs>
		</Polygon>
	</Placemark>
	<Placemark>
		<name>01955bd7-655c-7d5d-9c3e-39913b8944a7</name>
		<Style>
			<LineStyle>
				<color>ff0000ff</color>
			</LineStyle>
			<PolyStyle>
				<fill>0</fill>
			</PolyStyle>
		</Style>
		<Polygon>
			<outerBoundaryIs>
				<LinearRing>
					<coordinates>
						7.58300964886699,51.0059955558288,0 7.569342826535231,51.0035801317229,0 7.55664900984179,51.01079806447849,0 7.55307014939423,51.0228682517906,0 7.53854339218242,51.0218594715021,0 7.523518528304659,51.0130723076835,0 7.5276726422432,51.0251563306379,0 7.546268585256539,51.0287816152204,0 7.550288870911539,51.03437832569449,0 7.57963222130874,51.0348469112605,0 7.58553065326447,51.0260515955745,0 7.61759972613815,51.02906947295,0 7.61445423722106,51.02093887196419,0 7.58042388962473,51.0214227722183,0 7.57443106271819,51.0155340324802,0 7.58300964886699,51.0059955558288,0 
					</coordinates>
				</LinearRing>
			</outerBoundaryIs>
		</Polygon>
	</Placemark>
	<Placemark>
		<name>01955bd7-655c-7394-b5a9-c9b0515fed8d</name>
		<Style>
			<LineStyle>
				<color>ff0000ff</color>
			</LineStyle>
			<PolyStyle>
				<fill>0</fill>
			</PolyStyle>
		</Style>
		<Polygon>
			<outerBoundaryIs>
				<LinearRing>
					<coordinates>
						7.59238523550501,51.0046121487781,0 7.602718236310501,51.0072634569777,0 7.60555674644865,51.006242462689,0 7.59819315431909,51.0026694910622,0 7.59238523550501,51.0046121487781,0 
					</coordinates>
				</LinearRing>
			</outerBoundaryIs>
		</Polygon>
	</Placemark>
	<Placemark>
		<name>01955bd7-655c-7efe-b90e-29596962f8e9</name>
		<Style>
			<LineStyle>
				<color>ff0000ff</color>
			</LineStyle>
			<PolyStyle>
				<fill>0</fill>
			</PolyStyle>
		</Style>
		<Polygon>
			<outerBoundaryIs>
				<LinearRing>
					<coordinates>
						7.61625038173383,51.0081156644738,0 7.6160987874332,51.0127826700398,0 7.63216091412693,51.0140626170049,0 7.63869530868341,51.02454588087829,0 7.632805811118731,51.0326877563536,0 7.64080318002287,51.0373083477164,0 7.65241815315184,51.0308637702912,0 7.6665681914943,51.03064656055221,0 7.67028488432045,51.0266081596918,0 7.655837727664929,51.01160664519021,0 7.640503582997891,51.0111852450833,0 7.6334191369754,51.0049990309666,0 7.61625038173383,51.0081156644738,0 
					</coordinates>
				</LinearRing>
			</outerBoundaryIs>
		</Polygon>
	</Placemark>
	<Placemark>
		<name>01955bd7-655c-75ff-83b6-af61432a323f</name>
		<Style>
			<LineStyle>
				<color>ff0000ff</color>
			</LineStyle>
			<PolyStyle>
				<fill>0</fill>
			</PolyStyle>
		</Style>
		<Polygon>
			<outerBoundaryIs>
				<LinearRing>
					<coordinates>
						7.61562457546964,51.2549426948075,0 7.61220749328872,51.2504764186401,0 7.640822435395439,51.2371937793841,0 7.66158430466716,51.2347375927461,0 7.67611834311269,51.23893806308741,0 7.683019801495439,51.23537733600101,0 7.66646501245284,51.22972423450769,0 7.67451431973443,51.2213047768322,0 7.67625346536227,51.19833613715361,0 7.671085766460501,51.1936733101831,0 7.622560123926129,51.2066658149652,0 7.61220851873899,51.2021465245985,0 7.562492382643351,51.2102220409258,0 7.56423978704531,51.2136359401806,0 7.58468595045523,51.21502004130581,0 7.58868644956153,51.22441551905091,0 7.603491574636919,51.2312045533141,0 7.593592417063869,51.2485601625361,0 7.60500973756379,51.25864459579051,0 7.63199968122779,51.2567459975644,0 7.61562457546964,51.2549426948075,0 
					</coordinates>
				</LinearRing>
			</outerBoundaryIs>
		</Polygon>
	</Placemark>
	<Placemark>
		<name>01955bd7-655c-7173-846d-cc3dd76a07c0</name>
		<Style>
			<LineStyle>
				<color>ff0000ff</color>
			</LineStyle>
			<PolyStyle>
				<fill>0</fill>
			</PolyStyle>
		</Style>
		<Polygon>
			<outerBoundaryIs>
				<LinearRing>
					<coordinates>
						7.67876310694463,51.67483431739971,0 7.70473578199709,51.6763607569664,0 7.70890486424509,51.67293906812429,0 7.635855616289039,51.653539572342,0 7.60194512654939,51.65717283086359,0 7.60439637373456,51.6704392015135,0 7.61664155244577,51.6839143848311,0 7.65778818356159,51.6755608167277,0 7.66384471122323,51.670071732013,0 7.67571290371347,51.6701248451694,0 7.67876310694463,51.67483431739971,0 
					</coordinates>
				</LinearRing>
			</outerBoundaryIs>
		</Polygon>
	</Placemark>
	<Placemark>
		<name>01955bd7-655c-7969-9798-f25d2cd5daf6</name>
		<Style>
			<LineStyle>
				<color>ff0000ff</color>
			</LineStyle>
			<PolyStyle>
				<fill>0</fill>
			</PolyStyle>
		</Style>
		<Polygon>
			<outerBoundaryIs>
				<LinearRing>
					<coordinates>
						7.58867849829318,52.0017897519975,0 7.60747190574721,52.0020114942983,0 7.61419764760485,52.0061525143408,0 7.630144631344269,51.98786969376161,0 7.635452914872979,51.9897584997382,0 7.63341914028882,51.9994379808548,0 7.66559326333464,51.99395935013289,0 7.659812184131719,51.9822344832232,0 7.66954286356941,51.9689013225764,0 7.68137857380804,51.9710076872503,0 7.68399898603208,51.9616072316144,0 7.675303275587191,51.94429683721319,0 7.66204387166042,51.9376495141333,0 7.69063213308398,51.9322727793007,0 7.68319265325181,51.9234640008456,0 7.692358082674379,51.9173110290928,0 7.70124887253084,51.9230250574188,0 7.713233222296,51.91977767698229,0 7.7160561076121,51.9332397315865,0 7.72134131213509,51.933658790935,0 7.74378556211097,51.916321225754,0 7.719374627183079,51.9067743362759,0 7.701908604367729,51.9149457327995,0 7.68774194310429,51.9103188231418,0 7.66110439832861,51.9201360732098,0 7.652772983887509,51.9146070294418,0 7.67970082656193,51.9060755513468,0 7.678810199893081,51.9021237138116,0 7.62621886392078,51.8922855123089,0 7.61880497598966,51.9030884110545,0 7.6282820749282,51.9195340721763,0 7.58643736156891,51.92446031678351,0 7.57813191853919,51.9164593384258,0 7.55877536503786,51.9153699247009,0 7.555934370262469,51.92859554878201,0 7.59081980565265,51.9415544094193,0 7.585095068807139,51.9555018982246,0 7.564702872098539,51.95339085703591,0 7.56193825871698,51.9453577555443,0 7.53012990454798,51.94120598473741,0 7.5197219020198,51.9543967436595,0 7.52853622165711,51.9620282017955,0 7.560091297271721,51.9563144122028,0 7.55412780674893,51.97667940514269,0 7.53677973401734,51.99368696791151,0 7.54179562298278,52.0041066855809,0 7.562948564919119,52.0019111962204,0 7.58064696321488,51.99006068968849,0 7.58867849829318,52.0017897519975,0 
					</coordinates>
				</LinearRing>
			</outerBoundaryIs>
		</Polygon>
	</Placemark>
	<Placemark>
		<name>01955bd7-655c-7d78-bba7-3cf35ccdcb4a</name>
		<Style>
			<LineStyle>
				<color>ff0000ff</color>
			</LineStyle>
			<PolyStyle>
				<fill>0</fill>
			</PolyStyle>
		</Style>
		<Polygon>
			<outerBoundaryIs>
				<LinearRing>
					<coordinates>
						7.75296321299942,52.2711734718103,0 7.75037707076901,52.2635689128613,0 7.737854914146181,52.264824291242,0 7.73014824535123,52.2574084311776,0 7.70784313246254,52.2562916890008,0 7.69791513325321,52.2706579113124,0 7.66514110987357,52.2764170201046,0 7.69027930984219,52.27739692575669,0 7.68800858184761,52.2870511742794,0 7.670916440729791,52.2925455439825,0 7.64531493478024,52.291341913243,0 7.640360947647189,52.29944409180679,0 7.65274347863245,52.3009916697225,0 7.68648838436247,52.2920973186691,0 7.70167014408006,52.29811953547801,0 7.74342332628856,52.2938729488073,0 7.75479712682953,52.2863795430107,0 7.73317863761823,52.2796504962108,0 7.75296321299942,52.2711734718103,0 
					</coordinates>
				</LinearRing>
			</outerBoundaryIs>
		</Polygon>
	</Placemark>
	<Placemark>
		<name>01955bd7-655c-7f8d-a51f-224780fb0581</name>
		<Style>
			<LineStyle>
				<color>ff0000ff</color>
			</LineStyle>
			<PolyStyle>
				<fill>0</fill>
			</PolyStyle>
		</Style>
		<Polygon>
			<outerBoundaryIs>
				<LinearRing>
					<coordinates>
						7.76220777403773,52.2718739388026,0 7.778601053392591,52.2816159669147,0 7.78225328991744,52.2742940405224,0 7.7990316808181,52.27044618758221,0 7.79297638185247,52.25392709578851,0 7.77307360363606,52.256388311617,0 7.76220777403773,52.2718739388026,0 
					</coordinates>
				</LinearRing>
			</outerBoundaryIs>
		</Polygon>
	</Placemark>
	<Placemark>
		<name>01955bd7-655c-7a3d-8ead-c6ee553f07aa</name>
		<Style>
			<LineStyle>
				<color>ff0000ff</color>
			</LineStyle>
			<PolyStyle>
				<fill>0</fill>
			</PolyStyle>
		</Style>
		<Polygon>
			<outerBoundaryIs>
				<LinearRing>
					<coordinates>
						7.90662877844411,47.61583437330021,0 7.896843793044531,47.63192964157999,0 7.90290822355765,47.6396554708129,0 7.91181268963268,47.63773934190689,0 7.913550329994159,47.6275596622975,0 7.90662877844411,47.61583437330021,0 
					</coordinates>
				</LinearRing>
			</outerBoundaryIs>
		</Polygon>
	</Placemark>
	<Placemark>
		<name>01955bd7-655c-7b53-9499-a01dffda274d</name>
		<Style>
			<LineStyle>
				<color>ff0000ff</color>
			</LineStyle>
			<PolyStyle>
				<fill>0</fill>
			</PolyStyle>
		</Style>
		<Polygon>
			<outerBoundaryIs>
				<LinearRing>
					<coordinates>
						7.91047977441605,47.6124706819993,0 7.91774329511204,47.61191292896461,0 7.92064404972252,47.5666066917039,0 7.97215363403994,47.5629924039415,0 7.9788109279715,47.5532232959433,0 7.99294254382165,47.56060109691949,0 7.99737463505954,47.5276978597856,0 7.97427421273959,47.5380736690016,0 7.960590084337549,47.5362980024032,0 7.9331129680959,47.5447579992846,0 7.9180936337566,47.5420248370424,0 7.896885058376379,47.5526028307121,0 7.896457849738251,47.56213536277991,0 7.9094703732539,47.57542296441299,0 7.91047977441605,47.6124706819993,0 
					</coordinates>
				</LinearRing>
			</outerBoundaryIs>
		</Polygon>
	</Placemark>
	<Placemark>
		<name>01955bd7-655c-73f4-b98e-2702aa1db553</name>
		<Style>
			<LineStyle>
				<color>ff0000ff</color>
			</LineStyle>
			<PolyStyle>
				<fill>0</fill>
			</PolyStyle>
		</Style>
		<Polygon>
			<outerBoundaryIs>
				<LinearRing>
					<coordinates>
						7.8190174050951,47.9497171534327,0 7.813234705351911,47.9694563043982,0 7.77672125345955,47.98022183981501,0 7.785171778458831,48.0003084008956,0 7.79859608903095,48.0086659260839,0 7.7797001818559,48.02688324376751,0 7.7605321573757,48.02828828560159,0 7.760323613824749,48.0431947280856,0 7.76481991530778,48.0447168637057,0 7.781978628341319,48.0268122512898,0 7.802255817561001,48.0306626440941,0 7.76858565476397,48.05771247490991,0 7.764685161424209,48.072581210116,0 7.78478742951473,48.06604371842419,0 7.79203211215161,48.0528993790174,0 7.81794042275613,48.0645177941929,0 7.81286960729858,48.0484407139765,0 7.82117881525501,48.0373519816866,0 7.8140998013143,48.0287483161208,0 7.82748890391285,48.02004602678469,0 7.83380257165755,48.0221119373409,0 7.832972296796551,48.0304743528705,0 7.85411999478687,48.038421137012,0 7.8586821231003,48.0527541710299,0 7.878556932766529,48.04792938460069,0 7.88451329090005,48.0352157307561,0 7.86953988088239,48.0167184071514,0 7.87256227096507,48.0057979383013,0 7.8659651215005,47.9957109955492,0 7.909697173668791,47.9893642448774,0 7.92607787683449,47.97289991922661,0 7.90972337225305,47.9641712215776,0 7.90377321182228,47.9729137308122,0 7.8749948635951,47.9836722084639,0 7.85068979972741,47.9792429991974,0 7.83615835063941,47.96746078712101,0 7.833122856237321,47.95195275269339,0 7.82230795282411,47.9473810581306,0 7.81704125878541,47.9305017839345,0 7.810439329508379,47.9284742136568,0 7.802878095187721,47.9362737672872,0 7.8190174050951,47.9497171534327,0 
					</coordinates>
				</LinearRing>
			</outerBoundaryIs>
		</Polygon>
	</Placemark>
	<Placemark>
		<name>01955bd7-655c-7ff2-8104-e2d508cee317</name>
		<Style>
			<LineStyle>
				<color>ff0000ff</color>
			</LineStyle>
			<PolyStyle>
				<fill>0</fill>
			</PolyStyle>
		</Style>
		<Polygon>
			<outerBoundaryIs>
				<LinearRing>
					<coordinates>
						7.8453595305639,48.0610929457366,0 7.84633987754339,48.067695038133,0 7.85528744132824,48.066205233098,0 7.855326725073439,48.0609358686117,0 7.8453595305639,48.0610929457366,0 
					</coordinates>
				</LinearRing>
			</outerBoundaryIs>
		</Polygon>
	</Placemark>
	<Placemark>
		<name>01955bd7-655c-7e58-b557-482c3715b6ea</name>
		<Style>
			<LineStyle>
				<color>ff0000ff</color>
			</LineStyle>
			<PolyStyle>
				<fill>0</fill>
			</PolyStyle>
		</Style>
		<Polygon>
			<outerBoundaryIs>
				<LinearRing>
					<coordinates>
						7.86350569312404,48.06985509716821,0 7.86357852983636,48.0743066682721,0 7.88114099771991,48.0778131768267,0 7.90739817388421,48.0743012316099,0 7.91027538144536,48.08488299020101,0 7.959205738881301,48.1000710575833,0 7.95953792148017,48.1092304179054,0 7.974550249244709,48.1111430422089,0 7.998186674269821,48.1267828664536,0 8.012962850727289,48.123576032466,0 7.995054091852581,48.1118607807841,0 7.99738468776456,48.1042366667722,0 7.98284701515903,48.1015538553106,0 7.9753520870505,48.085321244385,0 7.93389720016927,48.0792217836475,0 7.928081061844941,48.0708039862731,0 7.91447882563364,48.0753822605617,0 7.904688496537871,48.0618321775901,0 7.87911015941601,48.0630024903744,0 7.86350569312404,48.06985509716821,0 
					</coordinates>
				</LinearRing>
			</outerBoundaryIs>
		</Polygon>
	</Placemark>
	<Placemark>
		<name>01955bd7-655c-75cb-a4e8-848529911b09</name>
		<Style>
			<LineStyle>
				<color>ff0000ff</color>
			</LineStyle>
			<PolyStyle>
				<fill>0</fill>
			</PolyStyle>
		</Style>
		<Polygon>
			<outerBoundaryIs>
				<LinearRing>
					<coordinates>
						7.906065304072891,48.0581660748424,0 7.9105912443634,48.05530042156181,0 7.900530453237999,48.0469068658298,0 7.899874232882881,48.0474649303512,0 7.906065304072891,48.0581660748424,0 
					</coordinates>
				</LinearRing>
			</outerBoundaryIs>
		</Polygon>
	</Placemark>
	<Placemark>
		<name>01955bd7-655c-7535-ae81-4d020fae0359</name>
		<Style>
			<LineStyle>
				<color>ff0000ff</color>
			</LineStyle>
			<PolyStyle>
				<fill>0</fill>
			</PolyStyle>
		</Style>
		<Polygon>
			<outerBoundaryIs>
				<LinearRing>
					<coordinates>
						7.922850603349949,48.0548995507422,0 7.92850994266226,48.05640167096539,0 7.97029796923408,48.04833035504591,0 7.9502010605098,48.0410515467453,0 7.922850603349949,48.0548995507422,0 
					</coordinates>
				</LinearRing>
			</outerBoundaryIs>
		</Polygon>
	</Placemark>
	<Placemark>
		<name>01955bd7-655c-7539-addf-d30f8c21e035</name>
		<Style>
			<LineStyle>
				<color>ff0000ff</color>
			</LineStyle>
			<PolyStyle>
				<fill>0</fill>
			</PolyStyle>
		</Style>
		<Polygon>
			<outerBoundaryIs>
				<LinearRing>
					<coordinates>
						7.83592347789778,48.14064966102279,0 7.87058138644014,48.1195866401118,0 7.88935945929581,48.1176272909431,0 7.879573116384721,48.1093876385784,0 7.88998880077696,48.0973849325384,0 7.91191019512519,48.1058973496949,0 7.89457137318705,48.0868955836819,0 7.8887164037607,48.09423371286919,0 7.87782910170479,48.09388933175921,0 7.87149330248424,48.098904552582,0 7.85692249979432,48.0929883533195,0 7.83525252972567,48.120922314873,0 7.82276147437594,48.1177584776775,0 7.80238946054042,48.1240173015317,0 7.79760273051406,48.1365674307713,0 7.808147817546409,48.1426302254614,0 7.82172606398664,48.1337336986164,0 7.83592347789778,48.14064966102279,0 
					</coordinates>
				</LinearRing>
			</outerBoundaryIs>
		</Polygon>
	</Placemark>
	<Placemark>
		<name>01955bd7-655c-771d-8e95-76a5fb2940ee</name>
		<Style>
			<LineStyle>
				<color>ff0000ff</color>
			</LineStyle>
			<PolyStyle>
				<fill>0</fill>
			</PolyStyle>
		</Style>
		<Polygon>
			<outerBoundaryIs>
				<LinearRing>
					<coordinates>
						7.75104313028336,48.2903252161066,0 7.73659566463347,48.288569116537,0 7.734273516632431,48.296907282091,0 7.74512785012713,48.2977319805143,0 7.75104313028336,48.2903252161066,0 
					</coordinates>
				</LinearRing>
			</outerBoundaryIs>
		</Polygon>
	</Placemark>
	<Placemark>
		<name>01955bd7-655c-79f9-8bac-49e7069921b6</name>
		<Style>
			<LineStyle>
				<color>ff0000ff</color>
			</LineStyle>
			<PolyStyle>
				<fill>0</fill>
			</PolyStyle>
		</Style>
		<Polygon>
			<outerBoundaryIs>
				<LinearRing>
					<coordinates>
						7.75822514521069,48.2872036314021,0 7.797163906526991,48.2813617249236,0 7.81550080599028,48.30458612675481,0 7.82750977636494,48.2996279644905,0 7.83252628915468,48.28721324755549,0 7.786879791282749,48.26863565814979,0 7.76066804382425,48.28088669420539,0 7.75822514521069,48.2872036314021,0 
					</coordinates>
				</LinearRing>
			</outerBoundaryIs>
		</Polygon>
	</Placemark>
	<Placemark>
		<name>01955bd7-655c-7b3c-b8cc-3f003f1d0e40</name>
		<Style>
			<LineStyle>
				<color>ff0000ff</color>
			</LineStyle>
			<PolyStyle>
				<fill>0</fill>
			</PolyStyle>
		</Style>
		<Polygon>
			<outerBoundaryIs>
				<LinearRing>
					<coordinates>
						7.8054722895993,48.2719908144584,0 7.822487916752011,48.2661716603326,0 7.82796711345258,48.2474872452641,0 7.801661228912799,48.2551516959493,0 7.8054722895993,48.2719908144584,0 
					</coordinates>
				</LinearRing>
			</outerBoundaryIs>
		</Polygon>
	</Placemark>
	<Placemark>
		<name>01955bd7-655c-7314-b85d-900bd97216a0</name>
		<Style>
			<LineStyle>
				<color>ff0000ff</color>
			</LineStyle>
			<PolyStyle>
				<fill>0</fill>
			</PolyStyle>
		</Style>
		<Polygon>
			<outerBoundaryIs>
				<LinearRing>
					<coordinates>
						7.836450373468221,48.365848851613,0 7.84144615824868,48.361405086536,0 7.83392182227201,48.35397226812461,0 7.8479411614948,48.3459790747345,0 7.88256935028886,48.34948224998241,0 7.915290973408301,48.3358680617948,0 7.88670444750317,48.3357759294245,0 7.86196229086443,48.32528829379861,0 7.852073359077001,48.3292630592565,0 7.83461990423186,48.3170738884519,0 7.825166277427831,48.31826802112599,0 7.81459775066314,48.3309256889031,0 7.819824845329091,48.353822678735,0 7.803159142510429,48.35545910528631,0 7.816088353483801,48.37543885268019,0 7.809595504708011,48.38652964602971,0 7.81336934366279,48.3907881220201,0 7.83027186565858,48.3804713236143,0 7.822376224720629,48.3653531116869,0 7.836450373468221,48.365848851613,0 
					</coordinates>
				</LinearRing>
			</outerBoundaryIs>
		</Polygon>
	</Placemark>
	<Placemark>
		<name>01955bd7-655c-7988-ad05-ec173baa95b7</name>
		<Style>
			<LineStyle>
				<color>ff0000ff</color>
			</LineStyle>
			<PolyStyle>
				<fill>0</fill>
			</PolyStyle>
		</Style>
		<Polygon>
			<outerBoundaryIs>
				<LinearRing>
					<coordinates>
						7.92048003259306,48.3336636206231,0 7.93448898499821,48.33225049995531,0 7.934975042066559,48.32461078941071,0 7.922991329465869,48.32820022082,0 7.92048003259306,48.3336636206231,0 
					</coordinates>
				</LinearRing>
			</outerBoundaryIs>
		</Polygon>
	</Placemark>
	<Placemark>
		<name>01955bd7-655c-7f58-b540-81b7b023bb98</name>
		<Style>
			<LineStyle>
				<color>ff0000ff</color>
			</LineStyle>
			<PolyStyle>
				<fill>0</fill>
			</PolyStyle>
		</Style>
		<Polygon>
			<outerBoundaryIs>
				<LinearRing>
					<coordinates>
						7.936903463186,48.3219194433399,0 7.945810161368,48.31674893464181,0 7.94453796997581,48.3020419441145,0 7.93639623519585,48.30407333379069,0 7.936903463186,48.3219194433399,0 
					</coordinates>
				</LinearRing>
			</outerBoundaryIs>
		</Polygon>
	</Placemark>
	<Placemark>
		<name>01955bd7-655c-7ac9-b614-41b0277f7c5c</name>
		<Style>
			<LineStyle>
				<color>ff0000ff</color>
			</LineStyle>
			<PolyStyle>
				<fill>0</fill>
			</PolyStyle>
		</Style>
		<Polygon>
			<outerBoundaryIs>
				<LinearRing>
					<coordinates>
						7.860928453069301,48.32229677766129,0 7.86558655884206,48.3059508940925,0 7.85389197327924,48.3081523610673,0 7.860928453069301,48.32229677766129,0 
					</coordinates>
				</LinearRing>
			</outerBoundaryIs>
		</Polygon>
	</Placemark>
	<Placemark>
		<name>01955bd7-655c-71fc-b542-538145573c56</name>
		<Style>
			<LineStyle>
				<color>ff0000ff</color>
			</LineStyle>
			<PolyStyle>
				<fill>0</fill>
			</PolyStyle>
		</Style>
		<Polygon>
			<outerBoundaryIs>
				<LinearRing>
					<coordinates>
						7.951876990145269,48.491766599919,0 7.985285190709829,48.4794359969154,0 7.99296886820344,48.47097016924289,0 7.971565937704941,48.4407625452977,0 7.965018099042429,48.4599032703348,0 7.93991851339378,48.4536997659788,0 7.95119832709361,48.4378166344298,0 7.933167747558941,48.4360758271454,0 7.92714068412809,48.43985958999301,0 7.928073714491079,48.4532641491818,0 7.885922052935969,48.4499066640124,0 7.87132929672216,48.458412448107,0 7.877615231005159,48.47391440915481,0 7.89776756486579,48.4570306801984,0 7.917526677136911,48.4649638233629,0 7.919603883430461,48.477761782896,0 7.91088115363836,48.4861008980541,0 7.91711109746192,48.5002699550078,0 7.939105148339909,48.4966040794936,0 7.954595958604061,48.49985542767651,0 7.951876990145269,48.491766599919,0 
					</coordinates>
				</LinearRing>
			</outerBoundaryIs>
		</Polygon>
	</Placemark>
	<Placemark>
		<name>01955bd7-655c-7a3a-acdd-332f14fa92ec</name>
		<Style>
			<LineStyle>
				<color>ff0000ff</color>
			</LineStyle>
			<PolyStyle>
				<fill>0</fill>
			</PolyStyle>
		</Style>
		<Polygon>
			<outerBoundaryIs>
				<LinearRing>
					<coordinates>
						7.8130455653813,48.829387479929,0 7.82434147314712,48.79831887097531,0 7.840343835207509,48.8025322942034,0 7.85787341774188,48.7907611056059,0 7.87682497167147,48.7864051845044,0 7.87653072832303,48.7636202244944,0 7.85905518679955,48.7531410851232,0 7.848241705686341,48.7527271767062,0 7.84309216745978,48.7655814767991,0 7.80413176990472,48.7796900522322,0 7.80667553743249,48.79163099950479,0 7.76492193048111,48.7972643599378,0 7.76205000166537,48.8184924865337,0 7.71403039451917,48.8140755780059,0 7.704304713913859,48.8075247441064,0 7.69355564790694,48.809589721172,0 7.696094539056489,48.8173634199149,0 7.7341517847865,48.8275482625608,0 7.74024604296417,48.8358023588322,0 7.77704599808374,48.82666972904961,0 7.79912693080546,48.8328097272493,0 7.8130455653813,48.829387479929,0 
					</coordinates>
				</LinearRing>
			</outerBoundaryIs>
		</Polygon>
	</Placemark>
	<Placemark>
		<name>01955bd7-655c-740f-a75f-79920bacef92</name>
		<Style>
			<LineStyle>
				<color>ff0000ff</color>
			</LineStyle>
			<PolyStyle>
				<fill>0</fill>
			</PolyStyle>
		</Style>
		<Polygon>
			<outerBoundaryIs>
				<LinearRing>
					<coordinates>
						7.80324317073283,49.8482286975854,0 7.814079912499709,49.8516427930081,0 7.82686409866854,49.8457114094011,0 7.8079017625334,49.84302806634061,0 7.80324317073283,49.8482286975854,0 
					</coordinates>
				</LinearRing>
			</outerBoundaryIs>
		</Polygon>
	</Placemark>
	<Placemark>
		<name>01955bd7-655c-7948-8a5e-060b6b004e60</name>
		<Style>
			<LineStyle>
				<color>ff0000ff</color>
			</LineStyle>
			<PolyStyle>
				<fill>0</fill>
			</PolyStyle>
		</Style>
		<Polygon>
			<outerBoundaryIs>
				<LinearRing>
					<coordinates>
						7.83137325933076,49.8458745144948,0 7.862681275329519,49.8565947086933,0 7.876708534379779,49.85360643774159,0 7.88244526102472,49.86229737849481,0 7.91603467244951,49.8643756045322,0 7.91260759415737,49.8584912025055,0 7.90096307583724,49.8559560296249,0 7.886995591814049,49.83169081705771,0 7.865473121732071,49.8226129624473,0 7.850889359909071,49.82450089208749,0 7.85066212999154,49.8417787442463,0 7.83137325933076,49.8458745144948,0 
					</coordinates>
				</LinearRing>
			</outerBoundaryIs>
		</Polygon>
	</Placemark>
	<Placemark>
		<name>01955bd7-655c-7fdf-bc98-badb63229ba1</name>
		<Style>
			<LineStyle>
				<color>ff0000ff</color>
			</LineStyle>
			<PolyStyle>
				<fill>0</fill>
			</PolyStyle>
		</Style>
		<Polygon>
			<outerBoundaryIs>
				<LinearRing>
					<coordinates>
						7.84542560200691,50.4599806987475,0 7.85227891766377,50.4543608172774,0 7.86706785011042,50.4534891465685,0 7.86547791652711,50.44707895754371,0 7.84549665403622,50.4451725467644,0 7.84866522247888,50.4367173178126,0 7.838749174464761,50.4296435199147,0 7.81759865380574,50.4250561952815,0 7.80720549750736,50.4292700731306,0 7.794538748461,50.42355216192959,0 7.794927414486269,50.4362861159394,0 7.7865240710686,50.4439618433914,0 7.79110360767921,50.449448957985,0 7.78024776326304,50.4561524798344,0 7.78618705613039,50.46333886536541,0 7.76628215306908,50.4716262321646,0 7.76457696609936,50.489011789305,0 7.7504817501041,50.4827565287901,0 7.75092740275798,50.4915361991788,0 7.764025894839879,50.49464104036161,0 7.80742086645549,50.47409436960099,0 7.79072502115911,50.4616890280917,0 7.79917354954145,50.44586878932041,0 7.810537649504,50.4498644875646,0 7.82508842790922,50.4476195708367,0 7.84542560200691,50.4599806987475,0 
					</coordinates>
				</LinearRing>
			</outerBoundaryIs>
		</Polygon>
	</Placemark>
	<Placemark>
		<name>01955bd7-655c-7014-93db-7841b23f7c4d</name>
		<Style>
			<LineStyle>
				<color>ff0000ff</color>
			</LineStyle>
			<PolyStyle>
				<fill>0</fill>
			</PolyStyle>
		</Style>
		<Polygon>
			<outerBoundaryIs>
				<LinearRing>
					<coordinates>
						7.86619067004495,50.8120796122404,0 7.882498706363741,50.8217980895278,0 7.897480524549869,50.8186695758074,0 7.89125353811946,50.8126981679731,0 7.90327389948258,50.8027573581208,0 7.88616077981409,50.80126581162219,0 7.878755552637209,50.7902125444452,0 7.88039849732634,50.78276391299319,0 7.89037968535805,50.77951059934429,0 7.886376818899341,50.7737042879279,0 7.86851612922892,50.77519049679211,0 7.85626677348247,50.7857015352204,0 7.83725275112478,50.7854811678188,0 7.8337835332462,50.78922701512539,0 7.83661903661976,50.7962779330991,0 7.872137836159379,50.799152855859,0 7.86619067004495,50.8120796122404,0 
					</coordinates>
				</LinearRing>
			</outerBoundaryIs>
		</Polygon>
	</Placemark>
	<Placemark>
		<name>01955bd7-655c-7e85-8d1c-9708e24c042d</name>
		<Style>
			<LineStyle>
				<color>ff0000ff</color>
			</LineStyle>
			<PolyStyle>
				<fill>0</fill>
			</PolyStyle>
		</Style>
		<Polygon>
			<outerBoundaryIs>
				<LinearRing>
					<coordinates>
						7.898997663553611,50.9114728418266,0 7.93409123895018,50.9283777053693,0 7.93415850302477,50.923155486067,0 7.915417522196219,50.9129759865624,0 7.92801393152004,50.9042734107245,0 7.94720514025049,50.9051178249387,0 7.94614380595141,50.89835820629471,0 7.919708451070649,50.89760219787049,0 7.903954141728049,50.908673445958,0 7.87135304535217,50.88876911299479,0 7.86251423846116,50.89850259583071,0 7.87552544589881,50.9078305769799,0 7.87511412976845,50.9187586560547,0 7.88802010935611,50.9195735221721,0 7.898997663553611,50.9114728418266,0 
					</coordinates>
				</LinearRing>
			</outerBoundaryIs>
		</Polygon>
	</Placemark>
	<Placemark>
		<name>01955bd7-655c-76d4-90c9-d8cd296be174</name>
		<Style>
			<LineStyle>
				<color>ff0000ff</color>
			</LineStyle>
			<PolyStyle>
				<fill>0</fill>
			</PolyStyle>
		</Style>
		<Polygon>
			<outerBoundaryIs>
				<LinearRing>
					<coordinates>
						7.87326386125731,51.0377993879579,0 7.85630950869614,51.01769381222181,0 7.838001207565779,51.01115430938119,0 7.852002296586689,51.0016160972706,0 7.8513919366917,50.9847822469438,0 7.829431815910771,50.9751494920899,0 7.813471592223179,50.9763731149455,0 7.82494850330295,50.979097678811,0 7.83369130268955,50.9910225623665,0 7.82767301412291,51.0239524009757,0 7.86054509318261,51.0536644066647,0 7.86095588103533,51.0436660162038,0 7.87326386125731,51.0377993879579,0 
					</coordinates>
				</LinearRing>
			</outerBoundaryIs>
		</Polygon>
	</Placemark>
	<Placemark>
		<name>01955bd7-655c-79ca-a575-18f73e70140e</name>
		<Style>
			<LineStyle>
				<color>ff0000ff</color>
			</LineStyle>
			<PolyStyle>
				<fill>0</fill>
			</PolyStyle>
		</Style>
		<Polygon>
			<outerBoundaryIs>
				<LinearRing>
					<coordinates>
						7.91135822038918,51.150373695333,0 7.929548070547419,51.140029360911,0 7.91715481725742,51.12205746804269,0 7.86444357135927,51.1088292445121,0 7.88284409517573,51.1214938980372,0 7.877696273256709,51.1297283478441,0 7.898822021751039,51.1429199437049,0 7.89813217438081,51.15019259279549,0 7.91135822038918,51.150373695333,0 
					</coordinates>
				</LinearRing>
			</outerBoundaryIs>
		</Polygon>
	</Placemark>
	<Placemark>
		<name>01955bd7-655c-7720-b5bd-5b89fb2e461d</name>
		<Style>
			<LineStyle>
				<color>ff0000ff</color>
			</LineStyle>
			<PolyStyle>
				<fill>0</fill>
			</PolyStyle>
		</Style>
		<Polygon>
			<outerBoundaryIs>
				<LinearRing>
					<coordinates>
						7.84048100550747,51.23345608385781,0 7.872183913614689,51.2404901018366,0 7.88590063789351,51.2316049414602,0 7.87150343658189,51.22088359025189,0 7.84060662355777,51.2296899063521,0 7.84048100550747,51.23345608385781,0 
					</coordinates>
				</LinearRing>
			</outerBoundaryIs>
		</Polygon>
	</Placemark>
	<Placemark>
		<name>01955bd7-655c-7512-9326-c9e09cab9dbe</name>
		<Style>
			<LineStyle>
				<color>ff0000ff</color>
			</LineStyle>
			<PolyStyle>
				<fill>0</fill>
			</PolyStyle>
		</Style>
		<Polygon>
			<outerBoundaryIs>
				<LinearRing>
					<coordinates>
						7.872627550490039,51.21605409898731,0 7.888725478285061,51.21460653871561,0 7.89152217192862,51.2076740191279,0 7.87297507382389,51.1972208887457,0 7.822591479199,51.19635900079921,0 7.872627550490039,51.21605409898731,0 
					</coordinates>
				</LinearRing>
			</outerBoundaryIs>
		</Polygon>
	</Placemark>
	<Placemark>
		<name>01955bd7-655c-7d06-9046-15e19b3dcf7a</name>
		<Style>
			<LineStyle>
				<color>ff0000ff</color>
			</LineStyle>
			<PolyStyle>
				<fill>0</fill>
			</PolyStyle>
		</Style>
		<Polygon>
			<outerBoundaryIs>
				<LinearRing>
					<coordinates>
						7.982462017285901,51.36108445547001,0 7.97262133784225,51.3623020047633,0 7.960406071466601,51.371780654044,0 7.975030633633031,51.3744246568088,0 7.97609812936969,51.3824067587767,0 7.990516250687031,51.380128054704,0 7.994578945133691,51.372597035771,0 7.982462017285901,51.36108445547001,0 
					</coordinates>
				</LinearRing>
			</outerBoundaryIs>
		</Polygon>
	</Placemark>
	<Placemark>
		<name>01955bd7-655c-717e-9dcd-23a83e494519</name>
		<Style>
			<LineStyle>
				<color>ff0000ff</color>
			</LineStyle>
			<PolyStyle>
				<fill>0</fill>
			</PolyStyle>
		</Style>
		<Polygon>
			<outerBoundaryIs>
				<LinearRing>
					<coordinates>
						7.98651410879838,51.3584824029121,0 7.99519888479293,51.3573698276761,0 8.006536534189889,51.33596822470789,0 8.01794971645158,51.33021856135861,0 8.01231446997684,51.32427410476069,0 8.019807646665731,51.31880925902379,0 8.01698325375378,51.3108205632585,0 7.99818841825666,51.3108079972521,0 7.992659022940779,51.3208410074718,0 7.980218152655809,51.32202558124991,0 7.99571807241195,51.3320576996589,0 7.98651410879838,51.3584824029121,0 
					</coordinates>
				</LinearRing>
			</outerBoundaryIs>
		</Polygon>
	</Placemark>
	<Placemark>
		<name>01955bd7-655c-7f4d-8245-fda2ee02c89a</name>
		<Style>
			<LineStyle>
				<color>ff0000ff</color>
			</LineStyle>
			<PolyStyle>
				<fill>0</fill>
			</PolyStyle>
		</Style>
		<Polygon>
			<outerBoundaryIs>
				<LinearRing>
					<coordinates>
						7.97611060423461,51.46335562045879,0 7.995762326032631,51.4659190917658,0 7.98615419521798,51.4542057158169,0 7.99354318222928,51.4397317265701,0 8.05555796299176,51.4237020169793,0 8.056435984748401,51.4163445376192,0 8.08941579431532,51.4043305471982,0 8.07719345654095,51.3760514595935,0 8.066442518493171,51.37635367977861,0 8.05837961441715,51.3891608588403,0 8.04917798153298,51.3909716484366,0 8.05308920313063,51.4000490922939,0 8.03675022396931,51.4180419894303,0 8.015915490656321,51.4214236501623,0 7.99645520295505,51.41782443452301,0 7.980296282841069,51.4255449036626,0 7.97064571441168,51.41780239799809,0 7.95890874674326,51.41880508648959,0 7.95351563903477,51.4273099999562,0 7.95718111011608,51.4419018741668,0 7.933349901338729,51.4508686071243,0 7.929900006500551,51.4587007156697,0 7.89628414335993,51.4653618834512,0 7.91621266372651,51.473815704062,0 7.926822847508839,51.46801354120619,0 7.97611060423461,51.46335562045879,0 
					</coordinates>
				</LinearRing>
			</outerBoundaryIs>
		</Polygon>
	</Placemark>
	<Placemark>
		<name>01955bd7-655c-777d-871d-860771de1887</name>
		<Style>
			<LineStyle>
				<color>ff0000ff</color>
			</LineStyle>
			<PolyStyle>
				<fill>0</fill>
			</PolyStyle>
		</Style>
		<Polygon>
			<outerBoundaryIs>
				<LinearRing>
					<coordinates>
						7.797538045056289,51.4593650049516,0 7.77712878856712,51.4529004481699,0 7.80673216979352,51.4481860809044,0 7.809108025515339,51.4357480408291,0 7.84789237262649,51.421490280021,0 7.83856196974519,51.407711511786,0 7.840586060724919,51.3971830941211,0 7.817301513696061,51.4052187685749,0 7.82292621282764,51.419180907897,0 7.80825451861665,51.42297689460651,0 7.79381585109018,51.4208110491,0 7.78709788874978,51.42962578291689,0 7.75266450786931,51.4321948186884,0 7.75199264332144,51.45530835448749,0 7.768844208423451,51.46094480198081,0 7.797538045056289,51.4593650049516,0 
					</coordinates>
				</LinearRing>
			</outerBoundaryIs>
		</Polygon>
	</Placemark>
	<Placemark>
		<name>01955bd7-655c-771e-b586-774e803fb95b</name>
		<Style>
			<LineStyle>
				<color>ff0000ff</color>
			</LineStyle>
			<PolyStyle>
				<fill>0</fill>
			</PolyStyle>
		</Style>
		<Polygon>
			<outerBoundaryIs>
				<LinearRing>
					<coordinates>
						7.74938126644238,51.7116782543068,0 7.76711544911347,51.7102112724413,0 7.78925394800782,51.6996671003881,0 7.81421862797128,51.7191922424949,0 7.82570070232918,51.720470447402,0 7.85133924210128,51.7047057667835,0 7.82715506191549,51.6941968963049,0 7.827994163896541,51.6902946439032,0 7.870532101685951,51.69694218284331,0 7.90396760383766,51.6910766886483,0 7.87995123393634,51.6678304037025,0 7.84922982827513,51.6753743464307,0 7.87177775487032,51.64992795292281,0 7.849140049461181,51.64298547094,0 7.87822965829067,51.6317493321931,0 7.86677909775295,51.61894734209361,0 7.846374749330221,51.619078873067,0 7.84488579106796,51.641075928327,0 7.800278870595961,51.6655586448956,0 7.79545645784181,51.6619977049763,0 7.80517589258223,51.6575897248977,0 7.79980979472612,51.6495003731509,0 7.7718497738515,51.6624958008496,0 7.76011652264598,51.6608272323447,0 7.77183040434679,51.6426613916195,0 7.78731835626098,51.6465229551542,0 7.784245335769269,51.63108858576861,0 7.7376854879107,51.6365285589045,0 7.7538558971215,51.6478649853346,0 7.73879045726463,51.6550430745388,0 7.724086565605451,51.65325661086601,0 7.71984498299364,51.6564192331337,0 7.72946624926029,51.664681294161,0 7.732697658145121,51.679618264906,0 7.72343725215234,51.6995235867364,0 7.73048109891532,51.7046751392165,0 7.74243625254021,51.7031908413155,0 7.74938126644238,51.7116782543068,0 
					</coordinates>
				</LinearRing>
			</outerBoundaryIs>
		</Polygon>
	</Placemark>
	<Placemark>
		<name>01955bd7-655c-7855-9ccc-87f9224bce2c</name>
		<Style>
			<LineStyle>
				<color>ff0000ff</color>
			</LineStyle>
			<PolyStyle>
				<fill>0</fill>
			</PolyStyle>
		</Style>
		<Polygon>
			<outerBoundaryIs>
				<LinearRing>
					<coordinates>
						7.944470189754101,51.7751613016891,0 7.918136964195039,51.747399829354,0 7.874832028882759,51.73788566036951,0 7.87795904041859,51.7501513125213,0 7.86751492054813,51.7570149277238,0 7.86718030011653,51.7723815458707,0 7.89674883562727,51.7791389622713,0 7.944470189754101,51.7751613016891,0 
					</coordinates>
				</LinearRing>
			</outerBoundaryIs>
		</Polygon>
	</Placemark>
	<Placemark>
		<name>01955bd7-655c-7c02-8b36-6de2c7d599bf</name>
		<Style>
			<LineStyle>
				<color>ff0000ff</color>
			</LineStyle>
			<PolyStyle>
				<fill>0</fill>
			</PolyStyle>
		</Style>
		<Polygon>
			<outerBoundaryIs>
				<LinearRing>
					<coordinates>
						7.99133057684223,51.98005352736229,0 8.018256035203599,51.9608641823584,0 8.0172488585842,51.952789879379,0 8.02577430296739,51.9460260334113,0 8.021328639510809,51.9418601672592,0 7.98326368080938,51.9352317837417,0 7.96443126476716,51.9410708238885,0 7.95893215459333,51.95640960172171,0 7.97598081041025,51.961211768407,0 7.99133057684223,51.98005352736229,0 
					</coordinates>
				</LinearRing>
			</outerBoundaryIs>
		</Polygon>
	</Placemark>
	<Placemark>
		<name>01955bd7-655c-7500-b560-b72483d25f58</name>
		<Style>
			<LineStyle>
				<color>ff0000ff</color>
			</LineStyle>
			<PolyStyle>
				<fill>0</fill>
			</PolyStyle>
		</Style>
		<Polygon>
			<outerBoundaryIs>
				<LinearRing>
					<coordinates>
						7.89193803196398,53.5857245122262,0 7.91412879874519,53.5854877165755,0 7.91895321564412,53.5666059880135,0 7.93162700941441,53.5639907441944,0 7.93581780068552,53.5515922385367,0 7.96180005535711,53.54929163064691,0 7.961523571607031,53.5417323227869,0 7.97285488976623,53.5365574135207,0 7.96554805973439,53.5302786218074,0 7.93708417440161,53.5270082857589,0 7.915658384114041,53.54261604573901,0 7.92151705145012,53.5588940310913,0 7.905886135232441,53.5629854084308,0 7.89025491981033,53.5612882697025,0 7.88448180785322,53.5451288301271,0 7.874707735030819,53.5514457228424,0 7.86038600617163,53.54751011225751,0 7.86257876295092,53.55232631559551,0 7.87804986532233,53.55656394447389,0 7.88040391709938,53.5771633853186,0 7.89193803196398,53.5857245122262,0 
					</coordinates>
				</LinearRing>
			</outerBoundaryIs>
		</Polygon>
	</Placemark>
	<Placemark>
		<name>01955bd7-655c-73f2-b669-2abb3f072924</name>
		<Style>
			<LineStyle>
				<color>ff0000ff</color>
			</LineStyle>
			<PolyStyle>
				<fill>0</fill>
			</PolyStyle>
		</Style>
		<Polygon>
			<outerBoundaryIs>
				<LinearRing>
					<coordinates>
						8.009063304440909,47.5580942499553,0 8.023134675121369,47.5632674294789,0 8.032156213449619,47.5751189618075,0 8.05918112817357,47.5786811163394,0 8.06902566928242,47.5704173955812,0 8.0831165960733,47.5789181363256,0 8.097210471973771,47.5796369119901,0 8.10562331019046,47.590013143002,0 8.11834867955289,47.5896033422541,0 8.14580059467473,47.6053692708637,0 8.18066036274549,47.614713286238,0 8.186746789672871,47.6233546985264,0 8.209653570233639,47.6322308348156,0 8.24234234337308,47.62017029709541,0 8.261884311702129,47.63658690313649,0 8.28896094881523,47.6436531311851,0 8.33037004292277,47.62646735076601,0 8.328321526058311,47.61693540732949,0 8.285499469956831,47.6315306456423,0 8.27307046476129,47.6246795820202,0 8.273049510145871,47.61570510901181,0 8.25344242513561,47.6182558281921,0 8.244742861298199,47.6051531415787,0 8.221058932078851,47.59931991183121,0 8.21998532371555,47.6153228855136,0 8.18324885052429,47.6124537476371,0 8.168210179002831,47.6023467778023,0 8.14319222299579,47.5951421831507,0 8.149979447300391,47.5879272620438,0 8.14499812783817,47.5836003540424,0 8.11507089724874,47.5835865683564,0 8.10678563889544,47.5782473778195,0 8.11163385881793,47.5684397180326,0 8.07647905572966,47.5624413401412,0 8.05166572507053,47.5506173619203,0 8.05683922317267,47.5384127175771,0 8.04716965796487,47.5336373230927,0 8.02893562941272,47.5500463531505,0 8.009063304440909,47.5580942499553,0 
					</coordinates>
				</LinearRing>
			</outerBoundaryIs>
		</Polygon>
	</Placemark>
	<Placemark>
		<name>01955bd7-655c-7df5-b753-12d11dd8521c</name>
		<Style>
			<LineStyle>
				<color>ff0000ff</color>
			</LineStyle>
			<PolyStyle>
				<fill>0</fill>
			</PolyStyle>
		</Style>
		<Polygon>
			<outerBoundaryIs>
				<LinearRing>
					<coordinates>
						8.171327460299249,47.59661556702479,0 8.179454545351421,47.59169162046939,0 8.17684976607854,47.5841702913893,0 8.167032806645921,47.5906429495165,0 8.171327460299249,47.59661556702479,0 
					</coordinates>
				</LinearRing>
			</outerBoundaryIs>
		</Polygon>
	</Placemark>
	<Placemark>
		<name>01955bd7-655c-752d-aca5-668731410f2d</name>
		<Style>
			<LineStyle>
				<color>ff0000ff</color>
			</LineStyle>
			<PolyStyle>
				<fill>0</fill>
			</PolyStyle>
		</Style>
		<Polygon>
			<outerBoundaryIs>
				<LinearRing>
					<coordinates>
						8.03715855047262,48.6421653011221,0 8.02932205014395,48.644167600835,0 8.05056157918715,48.6573365534786,0 8.05228116713741,48.6535554147775,0 8.03715855047262,48.6421653011221,0 
					</coordinates>
				</LinearRing>
			</outerBoundaryIs>
		</Polygon>
	</Placemark>
	<Placemark>
		<name>01955bd7-655c-7440-b276-83df5174f2d9</name>
		<Style>
			<LineStyle>
				<color>ff0000ff</color>
			</LineStyle>
			<PolyStyle>
				<fill>0</fill>
			</PolyStyle>
		</Style>
		<Polygon>
			<outerBoundaryIs>
				<LinearRing>
					<coordinates>
						8.040281746045959,48.63901160675759,0 8.052216561353131,48.6390863149671,0 8.05868402317425,48.6517121712356,0 8.065508219183471,48.65183866146391,0 8.06652189646249,48.6412536593895,0 8.078182996752711,48.6403257144071,0 8.07832669834433,48.6576521028756,0 8.08501817629659,48.65883713159789,0 8.090298928682969,48.6458882335293,0 8.10919691046918,48.63891162911019,0 8.13862083527246,48.65814043008301,0 8.13584097519624,48.6623572743464,0 8.113608169150369,48.6621565586503,0 8.10204989224005,48.6713540422183,0 8.1211479238927,48.7018899707034,0 8.106340493257759,48.7187559575653,0 8.1092721443237,48.7250435093788,0 8.125067129663419,48.7228686801524,0 8.147484253869351,48.7012301553545,0 8.15531561048736,48.7128980870439,0 8.16472989272793,48.7137224348395,0 8.16902209540344,48.70122903201739,0 8.18997195243964,48.6995251327228,0 8.19008697632246,48.6876838071556,0 8.20624385602361,48.6897933982818,0 8.1941076214812,48.6636880208553,0 8.17515402319582,48.663641207781,0 8.18183273683027,48.6741472039697,0 8.17100309625849,48.6942236865356,0 8.16374455169545,48.6941314428288,0 8.14962908611057,48.6636979358753,0 8.167333611317821,48.660230222611,0 8.143835401252201,48.6520556201064,0 8.15220720815848,48.6400230568349,0 8.1493529432476,48.6328193601381,0 8.13233533668061,48.64303126052059,0 8.108231914881079,48.6241891859419,0 8.093825712601969,48.6305263503555,0 8.09285479979015,48.6053023177754,0 8.06973137604478,48.6214242953602,0 8.056485860881921,48.6161299240327,0 8.04406179333084,48.6251857713538,0 8.040281746045959,48.63901160675759,0 
					</coordinates>
				</LinearRing>
			</outerBoundaryIs>
		</Polygon>
	</Placemark>
	<Placemark>
		<name>01955bd7-655c-7686-993d-486725ec971a</name>
		<Style>
			<LineStyle>
				<color>ff0000ff</color>
			</LineStyle>
			<PolyStyle>
				<fill>0</fill>
			</PolyStyle>
		</Style>
		<Polygon>
			<outerBoundaryIs>
				<LinearRing>
					<coordinates>
						8.114204330606929,48.6170215919879,0 8.12989895592278,48.6201025133511,0 8.13000277996046,48.6146436043047,0 8.114204330606929,48.6170215919879,0 
					</coordinates>
				</LinearRing>
			</outerBoundaryIs>
		</Polygon>
	</Placemark>
	<Placemark>
		<name>01955bd7-655c-73b7-bac3-94003141a900</name>
		<Style>
			<LineStyle>
				<color>ff0000ff</color>
			</LineStyle>
			<PolyStyle>
				<fill>0</fill>
			</PolyStyle>
		</Style>
		<Polygon>
			<outerBoundaryIs>
				<LinearRing>
					<coordinates>
						8.07660606395237,49.1940332268817,0 8.06786920217904,49.1912424565842,0 8.06363777546346,49.19261576741,0 8.06577666287477,49.1951015263273,0 8.07660606395237,49.1940332268817,0 
					</coordinates>
				</LinearRing>
			</outerBoundaryIs>
		</Polygon>
	</Placemark>
	<Placemark>
		<name>01955bd7-655c-7abc-b647-f85116861bf9</name>
		<Style>
			<LineStyle>
				<color>ff0000ff</color>
			</LineStyle>
			<PolyStyle>
				<fill>0</fill>
			</PolyStyle>
		</Style>
		<Polygon>
			<outerBoundaryIs>
				<LinearRing>
					<coordinates>
						8.08333797350333,49.194004476298,0 8.10276813299026,49.2105510240135,0 8.141917781936231,49.21308691978389,0 8.15375697612768,49.2015076144454,0 8.17102113411438,49.2077257213906,0 8.16592104587418,49.1866547849344,0 8.15440757621619,49.1938414389826,0 8.115242910203611,49.1841082548287,0 8.088539499886631,49.187246443905,0 8.08333797350333,49.194004476298,0 
					</coordinates>
				</LinearRing>
			</outerBoundaryIs>
		</Polygon>
	</Placemark>
	<Placemark>
		<name>01955bd7-655c-7900-a321-c17e17a7ebdb</name>
		<Style>
			<LineStyle>
				<color>ff0000ff</color>
			</LineStyle>
			<PolyStyle>
				<fill>0</fill>
			</PolyStyle>
		</Style>
		<Polygon>
			<outerBoundaryIs>
				<LinearRing>
					<coordinates>
						8.17340859247647,49.210773944718,0 8.151963053440699,49.2181841416635,0 8.152522923289339,49.22152604347551,0 8.167977212684789,49.223881819581,0 8.17358660789267,49.2167495218353,0 8.184007597440919,49.2159776758163,0 8.17340859247647,49.210773944718,0 
					</coordinates>
				</LinearRing>
			</outerBoundaryIs>
		</Polygon>
	</Placemark>
	<Placemark>
		<name>01955bd7-655c-724e-8e85-aee208dbfbd1</name>
		<Style>
			<LineStyle>
				<color>ff0000ff</color>
			</LineStyle>
			<PolyStyle>
				<fill>0</fill>
			</PolyStyle>
		</Style>
		<Polygon>
			<outerBoundaryIs>
				<LinearRing>
					<coordinates>
						8.137964842353441,49.36223995804589,0 8.16706623066421,49.3579830637295,0 8.16663266851517,49.3723911034905,0 8.181407805390601,49.3676466809353,0 8.175555568560959,49.3567003265556,0 8.18150107509995,49.3405678109665,0 8.136420808807371,49.33749145772449,0 8.141264345380559,49.3203398805752,0 8.135573390091279,49.3183391782483,0 8.12547608285818,49.32049340904481,0 8.12726535358288,49.3324600064147,0 8.120257981543739,49.3384651862762,0 8.12510635913905,49.34495902611,0 8.11526498342446,49.3546025388637,0 8.1269255368813,49.35437972228179,0 8.137964842353441,49.36223995804589,0 
					</coordinates>
				</LinearRing>
			</outerBoundaryIs>
		</Polygon>
	</Placemark>
	<Placemark>
		<name>01955bd7-655c-7987-ab18-f55515085498</name>
		<Style>
			<LineStyle>
				<color>ff0000ff</color>
			</LineStyle>
			<PolyStyle>
				<fill>0</fill>
			</PolyStyle>
		</Style>
		<Polygon>
			<outerBoundaryIs>
				<LinearRing>
					<coordinates>
						8.07974797742424,49.9803516613663,0 8.064733892600159,49.9576741125034,0 8.055186965194549,49.9577512771974,0 8.042538951431441,49.9700621488447,0 8.02526988350024,49.9635775588062,0 8.020494877010909,49.94920045200571,0 8.010651443116039,49.9493866417975,0 8.006004402726809,49.9576573219255,0 8.02134656395183,49.97331679720559,0 8.01488797797813,49.9878439079,0 8.019210045796889,49.99317030205809,0 8.03150369874265,49.9928105530768,0 8.03907352971593,49.9856139419659,0 8.07094846238714,49.9861153897833,0 8.07974797742424,49.9803516613663,0 
					</coordinates>
				</LinearRing>
			</outerBoundaryIs>
		</Polygon>
	</Placemark>
	<Placemark>
		<name>01955bd7-655c-7971-8cae-9bf24d1d6c53</name>
		<Style>
			<LineStyle>
				<color>ff0000ff</color>
			</LineStyle>
			<PolyStyle>
				<fill>0</fill>
			</PolyStyle>
		</Style>
		<Polygon>
			<outerBoundaryIs>
				<LinearRing>
					<coordinates>
						7.992404255298001,50.3751798457957,0 8.00479975455359,50.3783254740381,0 8.030084464520019,50.3754114327645,0 8.05422344507123,50.39529847622761,0 8.05259175103954,50.411841559792,0 8.03963251906112,50.40384018956841,0 8.041682952510641,50.3957454216241,0 8.03081368286543,50.3973174691018,0 8.018227035285619,50.4243478601953,0 8.049192557301909,50.4160961732914,0 8.06352494775658,50.4208962123762,0 8.08037921253738,50.40474375039371,0 8.091842011674149,50.40639363450661,0 8.09366810882625,50.3991744793011,0 8.072517685631921,50.3864887645697,0 8.076449642385089,50.37193313525839,0 8.070410678846329,50.3689182184848,0 8.05643641346847,50.3731341570191,0 8.020366520504179,50.36312970354891,0 7.98015590471326,50.3690900748179,0 7.98310272034787,50.3812265406695,0 7.992404255298001,50.3751798457957,0 
					</coordinates>
				</LinearRing>
			</outerBoundaryIs>
		</Polygon>
	</Placemark>
	<Placemark>
		<name>01955bd7-655c-74e8-ae61-9b71532cafaa</name>
		<Style>
			<LineStyle>
				<color>ff0000ff</color>
			</LineStyle>
			<PolyStyle>
				<fill>0</fill>
			</PolyStyle>
		</Style>
		<Polygon>
			<outerBoundaryIs>
				<LinearRing>
					<coordinates>
						8.09974043844324,50.3943927658608,0 8.112482734794231,50.3902213772682,0 8.11213281950865,50.3889373324169,0 8.09865696116271,50.390161167917,0 8.09974043844324,50.3943927658608,0 
					</coordinates>
				</LinearRing>
			</outerBoundaryIs>
		</Polygon>
	</Placemark>
	<Placemark>
		<name>01955bd7-655d-7441-8406-e9dabdedd097</name>
		<Style>
			<LineStyle>
				<color>ff0000ff</color>
			</LineStyle>
			<PolyStyle>
				<fill>0</fill>
			</PolyStyle>
		</Style>
		<Polygon>
			<outerBoundaryIs>
				<LinearRing>
					<coordinates>
						7.96281010019526,50.9970486987681,0 7.96527616027907,50.9879673711586,0 7.98455934935094,50.9749115962679,0 8.02006412304984,50.9675788946976,0 8.046819372537501,50.9762908900867,0 8.03012320457182,50.9892486330776,0 8.03434285469115,50.9930676904375,0 8.043821947553189,50.99301022467781,0 8.053131744533751,50.98211082041701,0 8.07123687725478,50.9788715293928,0 8.10082873716923,50.9859592195347,0 8.095386148292089,50.998791695269,0 8.104168189291689,51.0031850878182,0 8.12215277440586,51.00033729832871,0 8.12379204565522,50.9910036465154,0 8.11352050761408,50.9910489656235,0 8.09347801752992,50.97812011210991,0 8.051003592392,50.9693216896699,0 8.042030035604551,50.9590541701546,0 8.00656501429469,50.9539846146334,0 8.00948699732859,50.9429115611737,0 8.021866963151179,50.9369438142104,0 8.02350019670344,50.915379815869,0 8.06423070616083,50.91872394467911,0 8.06967551351933,50.9088818945044,0 8.05398512334054,50.9038872194885,0 8.062555802843519,50.88784877789359,0 8.05115072811733,50.88097948379439,0 8.07722931767958,50.8684940846128,0 8.026848092325711,50.8585039806872,0 8.026111547805741,50.8520619715137,0 8.0098253666806,50.8459532090419,0 7.99638297214282,50.84640139012,0 7.993877099694731,50.837202459862,0 8.00619224355898,50.8302691657234,0 8.0038265999786,50.8266285693432,0 7.967336541168881,50.83753429329959,0 7.9431673877527,50.8129542854011,0 7.92943541605208,50.8194992399029,0 7.949588820091481,50.8327748088437,0 7.9600369625541,50.85613134734611,0 7.97964855039608,50.86503968619111,0 7.99265187949119,50.8835643468547,0 7.9870459727305,50.8865840538547,0 7.963321779598781,50.8770244013537,0 7.956836771981821,50.8807091575512,0 7.955223762050919,50.8873615398803,0 7.969754073632459,50.888013737143,0 7.98378813200721,50.9011581740595,0 7.96402164950086,50.9168382296227,0 7.968173822851781,50.91982959657369,0 7.9839525449176,50.9128876360046,0 7.99270729771933,50.9269731074528,0 7.975651075775721,50.93919033686991,0 7.99386899858767,50.9402698372079,0 7.9836825444083,50.9540700508574,0 7.95952172224632,50.9531456609025,0 7.97464736392938,50.96875105312341,0 7.95853662639463,50.97496295119171,0 7.952801666792619,50.9972889937785,0 7.96281010019526,50.9970486987681,0 
					</coordinates>
				</LinearRing>
			</outerBoundaryIs>
		</Polygon>
	</Placemark>
	<Placemark>
		<name>01955bd7-655d-730d-b77c-f5c83e54be87</name>
		<Style>
			<LineStyle>
				<color>ff0000ff</color>
			</LineStyle>
			<PolyStyle>
				<fill>0</fill>
			</PolyStyle>
		</Style>
		<Polygon>
			<outerBoundaryIs>
				<LinearRing>
					<coordinates>
						7.971538976180301,51.00196250015139,0 7.97473459257957,51.0073445726241,0 7.983734599277149,51.0079195524173,0 7.984857638011361,51.0045791126346,0 7.971538976180301,51.00196250015139,0 
					</coordinates>
				</LinearRing>
			</outerBoundaryIs>
		</Polygon>
	</Placemark>
	<Placemark>
		<name>01955bd7-655d-744a-ad4c-4c142966bbd8</name>
		<Style>
			<LineStyle>
				<color>ff0000ff</color>
			</LineStyle>
			<PolyStyle>
				<fill>0</fill>
			</PolyStyle>
		</Style>
		<Polygon>
			<outerBoundaryIs>
				<LinearRing>
					<coordinates>
						8.151328516176649,51.5586811410884,0 8.165431542655931,51.55867158170199,0 8.159950266987,51.5452797806616,0 8.139512204240869,51.5404495844052,0 8.128913117685791,51.5520205181597,0 8.106795918854161,51.54884954658011,0 8.08217257334792,51.55488707385521,0 8.070926734096179,51.5710613052237,0 8.092514493349769,51.58838189844129,0 8.111863893674309,51.5886245194965,0 8.13222914638124,51.5821045198222,0 8.140551681202931,51.5648917202848,0 8.151328516176649,51.5586811410884,0 
					</coordinates>
				</LinearRing>
			</outerBoundaryIs>
		</Polygon>
	</Placemark>
	<Placemark>
		<name>01955bd7-655d-72d8-81da-526133511ab2</name>
		<Style>
			<LineStyle>
				<color>ff0000ff</color>
			</LineStyle>
			<PolyStyle>
				<fill>0</fill>
			</PolyStyle>
		</Style>
		<Polygon>
			<outerBoundaryIs>
				<LinearRing>
					<coordinates>
						8.223070446487901,52.1121092533086,0 8.205960625454439,52.0993495818752,0 8.18522617881923,52.10566163283571,0 8.170790403874969,52.1029748233364,0 8.168190798042,52.0969012771297,0 8.14728506736661,52.0956862903814,0 8.14068035298587,52.10055773353891,0 8.151846165071239,52.1158545734921,0 8.17309429905036,52.1171171345164,0 8.176934981208561,52.1226259224707,0 8.20483181848987,52.11975730217231,0 8.223070446487901,52.1121092533086,0 
					</coordinates>
				</LinearRing>
			</outerBoundaryIs>
		</Polygon>
	</Placemark>
	<Placemark>
		<name>01955bd7-655d-78f3-a806-4a61083c2e7e</name>
		<Style>
			<LineStyle>
				<color>ff0000ff</color>
			</LineStyle>
			<PolyStyle>
				<fill>0</fill>
			</PolyStyle>
		</Style>
		<Polygon>
			<outerBoundaryIs>
				<LinearRing>
					<coordinates>
						8.086830029416371,52.2136773125501,0 8.072369286195761,52.2035617657672,0 8.066850898559959,52.1870095579526,0 8.039121081123399,52.201051447162,0 8.019881214048009,52.1976103367328,0 8.012552600531111,52.20395144858391,0 8.031183864891791,52.2114777299322,0 8.03596135654935,52.22215460444811,0 8.04068331965729,52.2154302832559,0 8.054429311685951,52.2113572025526,0 8.06599870464888,52.2251588655084,0 8.08503578601937,52.225619689399,0 8.086830029416371,52.2136773125501,0 
					</coordinates>
				</LinearRing>
			</outerBoundaryIs>
		</Polygon>
	</Placemark>
	<Placemark>
		<name>01955bd7-655d-7b06-890c-60105a0ba698</name>
		<Style>
			<LineStyle>
				<color>ff0000ff</color>
			</LineStyle>
			<PolyStyle>
				<fill>0</fill>
			</PolyStyle>
		</Style>
		<Polygon>
			<outerBoundaryIs>
				<LinearRing>
					<coordinates>
						7.9596409969985,52.2674441329803,0 7.99870845371716,52.27129059670411,0 8.006526944039431,52.2929791401931,0 7.98403233243887,52.2929274339304,0 7.96071429288859,52.30238820088481,0 7.940995647235169,52.29931873723229,0 7.93430158395052,52.31438318333551,0 7.97291581607611,52.3097862325467,0 8.009385273483691,52.3124968606008,0 8.02606417274964,52.30668084141509,0 8.05489392101931,52.314596972511,0 8.06559363640836,52.3093240604183,0 8.090621930782831,52.3095686803297,0 8.098235200140669,52.3020995724982,0 8.108839025183681,52.30930758233421,0 8.14380533652786,52.3148005858379,0 8.140662590953029,52.3010754880398,0 8.09823888591178,52.2897955317819,0 8.12128059600203,52.2865025617185,0 8.128994012603011,52.2755679029566,0 8.151432432863389,52.2792654799929,0 8.13417784084171,52.26211582141121,0 8.115086595248069,52.26265832769101,0 8.11323091741019,52.2473359904379,0 8.10488007864736,52.2440415928619,0 8.042069645706,52.24223955480449,0 8.011492238337521,52.2147073332964,0 8.00318731281982,52.2149690839783,0 8.00131010462737,52.2199126400679,0 8.03095323382974,52.2536058946722,0 8.01489792005194,52.2596964242198,0 8.00478585776016,52.25267558020471,0 7.99005220716618,52.2521833555699,0 7.97694149516806,52.2630166115888,0 7.9407779536385,52.25235504783771,0 7.9596409969985,52.2674441329803,0 
					</coordinates>
				</LinearRing>
			</outerBoundaryIs>
		</Polygon>
	</Placemark>
	<Placemark>
		<name>01955bd7-655d-7c69-8e56-9c3215a6deb2</name>
		<Style>
			<LineStyle>
				<color>ff0000ff</color>
			</LineStyle>
			<PolyStyle>
				<fill>0</fill>
			</PolyStyle>
		</Style>
		<Polygon>
			<outerBoundaryIs>
				<LinearRing>
					<coordinates>
						8.033845907447679,52.3259318715788,0 8.027216865345601,52.3240851201323,0 8.007420904278771,52.33341451499929,0 7.996211722874259,52.3314000671264,0 7.99286005946519,52.3452264909462,0 7.97023039457178,52.3429797340727,0 7.95740985996941,52.3557156712078,0 7.97421396364696,52.3583632898428,0 7.98853542159023,52.3488132398371,0 7.996898838088539,52.3606924840892,0 8.003884765470969,52.36192741107789,0 8.02480552909428,52.351669062937,0 8.033845907447679,52.3259318715788,0 
					</coordinates>
				</LinearRing>
			</outerBoundaryIs>
		</Polygon>
	</Placemark>
	<Placemark>
		<name>01955bd7-655d-77d9-9790-d01cb03202af</name>
		<Style>
			<LineStyle>
				<color>ff0000ff</color>
			</LineStyle>
			<PolyStyle>
				<fill>0</fill>
			</PolyStyle>
		</Style>
		<Polygon>
			<outerBoundaryIs>
				<LinearRing>
					<coordinates>
						8.001129890612081,52.8315112331386,0 8.008678357612119,52.8447138890813,0 8.06183281744473,52.866032321629,0 8.067419871112239,52.8555099330522,0 8.09296285653906,52.8496624756287,0 8.0868911620154,52.83756295679611,0 8.077105772419539,52.8345071599886,0 8.0530062772714,52.837034752008,0 8.04671668261426,52.82647547064339,0 8.01666310322808,52.83276094894801,0 8.001129890612081,52.8315112331386,0 
					</coordinates>
				</LinearRing>
			</outerBoundaryIs>
		</Polygon>
	</Placemark>
	<Placemark>
		<name>01955bd7-655d-7b9e-852b-b174f4a82241</name>
		<Style>
			<LineStyle>
				<color>ff0000ff</color>
			</LineStyle>
			<PolyStyle>
				<fill>0</fill>
			</PolyStyle>
		</Style>
		<Polygon>
			<outerBoundaryIs>
				<LinearRing>
					<coordinates>
						8.148006770031779,53.407352586258,0 8.154823097821239,53.3922232996897,0 8.14487468340325,53.3844361600313,0 8.148117646080349,53.3739411742525,0 8.14064355417239,53.3647538437288,0 8.13057229448089,53.3896648449826,0 8.090917071956421,53.395242659309,0 8.087571459745011,53.3995811032188,0 8.106509077684599,53.40067120080149,0 8.10201358155644,53.4137983830592,0 8.10792916901951,53.4181787017478,0 8.11917379790791,53.40225080633879,0 8.148006770031779,53.407352586258,0 
					</coordinates>
				</LinearRing>
			</outerBoundaryIs>
		</Polygon>
	</Placemark>
	<Placemark>
		<name>01955bd7-655d-77d0-98cc-5dd8fefc290a</name>
		<Style>
			<LineStyle>
				<color>ff0000ff</color>
			</LineStyle>
			<PolyStyle>
				<fill>0</fill>
			</PolyStyle>
		</Style>
		<Polygon>
			<outerBoundaryIs>
				<LinearRing>
					<coordinates>
						8.11641296015106,53.55550256686391,0 8.127363482804419,53.5444776777049,0 8.138918242488611,53.54696095861139,0 8.146258369915669,53.5304502765029,0 8.13268276671309,53.5202309837591,0 8.1516167138745,53.5152003482236,0 8.11944297617244,53.5131438156486,0 8.114395265988509,53.5089240931793,0 8.10661721577635,53.5116458486596,0 8.051663171007929,53.5079934134099,0 8.041422440854371,53.5179753305187,0 8.023135480334419,53.5231751598506,0 8.035992641192101,53.5295950729565,0 8.05601647501158,53.5284189739539,0 8.09528377224972,53.5936477993743,0 8.115136293475549,53.5789043437821,0 8.11641296015106,53.55550256686391,0 
					</coordinates>
				</LinearRing>
			</outerBoundaryIs>
		</Polygon>
	</Placemark>
	<Placemark>
		<name>01955bd7-655d-7613-be4a-3bd75263e916</name>
		<Style>
			<LineStyle>
				<color>ff0000ff</color>
			</LineStyle>
			<PolyStyle>
				<fill>0</fill>
			</PolyStyle>
		</Style>
		<Polygon>
			<outerBoundaryIs>
				<LinearRing>
					<coordinates>
						8.14147961403537,53.5488892640526,0 8.124183172904329,53.5951177563515,0 8.14525757864733,53.6002026706983,0 8.15543553278137,53.5858156909886,0 8.142957522516969,53.5797585028503,0 8.141140358403479,53.5718253932609,0 8.156696663585841,53.55191655263371,0 8.14147961403537,53.5488892640526,0 
					</coordinates>
				</LinearRing>
			</outerBoundaryIs>
		</Polygon>
	</Placemark>
	<Placemark>
		<name>01955bd7-655d-7aaf-b441-70d26c7bd967</name>
		<Style>
			<LineStyle>
				<color>ff0000ff</color>
			</LineStyle>
			<PolyStyle>
				<fill>0</fill>
			</PolyStyle>
		</Style>
		<Polygon>
			<outerBoundaryIs>
				<LinearRing>
					<coordinates>
						8.284780431492649,48.5368021965133,0 8.30003804767451,48.5325023146669,0 8.267100059639869,48.5274386778733,0 8.284780431492649,48.5368021965133,0 
					</coordinates>
				</LinearRing>
			</outerBoundaryIs>
		</Polygon>
	</Placemark>
	<Placemark>
		<name>01955bd7-655d-7270-a5b9-98c322c765fa</name>
		<Style>
			<LineStyle>
				<color>ff0000ff</color>
			</LineStyle>
			<PolyStyle>
				<fill>0</fill>
			</PolyStyle>
		</Style>
		<Polygon>
			<outerBoundaryIs>
				<LinearRing>
					<coordinates>
						8.30145540192955,48.5321028591689,0 8.368026745024441,48.5139330326443,0 8.371486266922229,48.5173882142425,0 8.35964558337435,48.5257383929959,0 8.361797705947801,48.53133830563729,0 8.37917111980396,48.52127592151211,0 8.38747605325729,48.4964707196751,0 8.3792816405126,48.4885969743941,0 8.34613035274444,48.5131552759118,0 8.316412568073959,48.5112902686057,0 8.316740628040179,48.5194223261695,0 8.30500055332999,48.52379381631719,0 8.30145540192955,48.5321028591689,0 
					</coordinates>
				</LinearRing>
			</outerBoundaryIs>
		</Polygon>
	</Placemark>
	<Placemark>
		<name>01955bd7-655d-7795-ada4-5b52761a974f</name>
		<Style>
			<LineStyle>
				<color>ff0000ff</color>
			</LineStyle>
			<PolyStyle>
				<fill>0</fill>
			</PolyStyle>
		</Style>
		<Polygon>
			<outerBoundaryIs>
				<LinearRing>
					<coordinates>
						8.164819850034741,48.7546686269291,0 8.15848560118255,48.760037907413,0 8.159952764708571,48.7735646870164,0 8.19982505789835,48.796819140083,0 8.200775870290309,48.7872552014394,0 8.21698856553235,48.7862025632081,0 8.23275570319591,48.7719647333808,0 8.25554051890056,48.76512347965851,0 8.25570816463684,48.7541728442198,0 8.27466235707135,48.74002001847029,0 8.25737648517166,48.73854222286,0 8.24970145361257,48.7457497936278,0 8.221585385468471,48.7479498204837,0 8.229251948151729,48.7622191643479,0 8.20828536467517,48.7766848823147,0 8.183571863410121,48.7760306228625,0 8.180756512266409,48.75394282910359,0 8.164819850034741,48.7546686269291,0 
					</coordinates>
				</LinearRing>
			</outerBoundaryIs>
		</Polygon>
	</Placemark>
	<Placemark>
		<name>01955bd7-655d-7524-8ba1-52a34bca0d00</name>
		<Style>
			<LineStyle>
				<color>ff0000ff</color>
			</LineStyle>
			<PolyStyle>
				<fill>0</fill>
			</PolyStyle>
		</Style>
		<Polygon>
			<outerBoundaryIs>
				<LinearRing>
					<coordinates>
						8.29167792800752,48.8350504313331,0 8.28554562337585,48.8282047971721,0 8.305605605752209,48.8236724587571,0 8.34542274536456,48.794334532465,0 8.35852030159648,48.7236132382478,0 8.348108444815111,48.728337112056,0 8.33715565363021,48.7575381769016,0 8.32311026871333,48.7658950834931,0 8.33708572957943,48.7832942800729,0 8.30794053075736,48.79513172253921,0 8.28905251198146,48.823114353728,0 8.270414212325919,48.8268363880762,0 8.251172899556289,48.8239578875111,0 8.24668096215904,48.82786968416831,0 8.249465375360939,48.84042573938621,0 8.2615938246217,48.834083143161,0 8.26903337474306,48.84051892801699,0 8.29167792800752,48.8350504313331,0 
					</coordinates>
				</LinearRing>
			</outerBoundaryIs>
		</Polygon>
	</Placemark>
	<Placemark>
		<name>01955bd7-655d-7579-9ca8-6f614e33c766</name>
		<Style>
			<LineStyle>
				<color>ff0000ff</color>
			</LineStyle>
			<PolyStyle>
				<fill>0</fill>
			</PolyStyle>
		</Style>
		<Polygon>
			<outerBoundaryIs>
				<LinearRing>
					<coordinates>
						8.254367848241699,48.8615340715108,0 8.24952749546509,48.85317878420389,0 8.22523341146537,48.84991397372011,0 8.22547816453511,48.8376323613781,0 8.199228116007429,48.83302572267161,0 8.189962475465469,48.83944633389169,0 8.194462135854399,48.8511001459631,0 8.15487719355769,48.8577643746077,0 8.152004299813539,48.86170317459461,0 8.168787559237151,48.86293888051391,0 8.197525741724901,48.8795436912356,0 8.254367848241699,48.8615340715108,0 
					</coordinates>
				</LinearRing>
			</outerBoundaryIs>
		</Polygon>
	</Placemark>
	<Placemark>
		<name>01955bd7-655d-7d50-8495-1c2f06d98103</name>
		<Style>
			<LineStyle>
				<color>ff0000ff</color>
			</LineStyle>
			<PolyStyle>
				<fill>0</fill>
			</PolyStyle>
		</Style>
		<Polygon>
			<outerBoundaryIs>
				<LinearRing>
					<coordinates>
						8.29660498524907,49.05618369315719,0 8.30556534401714,49.04264707637019,0 8.33465673015068,49.0690664998014,0 8.364821100472,49.051964712624,0 8.37334458518623,49.07495978645301,0 8.39492911089784,49.0881016861365,0 8.388140114329261,49.10200194422859,0 8.404778611419649,49.1017537424104,0 8.417316611874879,49.09409661194769,0 8.40692434529992,49.0866640551704,0 8.409284316693441,49.0759385073472,0 8.401811880691209,49.0707052264702,0 8.399810359616829,49.0195655145291,0 8.425878068445529,49.0263793060565,0 8.44752262427753,49.04942453531099,0 8.46461468498533,49.0524812667359,0 8.4624970518097,49.0710342765348,0 8.45354950805128,49.0745934943408,0 8.466761676572069,49.08132068746011,0 8.479455908578281,49.0657329616187,0 8.47444938403614,49.0487942688566,0 8.462777272158769,49.0379251887975,0 8.47482226759521,49.0335967809679,0 8.484880000794011,49.0150674464179,0 8.499174952626181,49.0233953613824,0 8.505629542852841,49.0119597211874,0 8.540221105505911,49.0080028587565,0 8.541937380622009,48.9964773562107,0 8.553797371984629,48.9916636395966,0 8.557119785461451,48.9842704928877,0 8.538143079713061,48.9799373857025,0 8.53359457050086,48.9949138159383,0 8.52155105463725,48.9988803493839,0 8.49907538337029,48.9973402849171,0 8.491861694006809,48.9877198370308,0 8.46660199781499,48.9830712034583,0 8.485568665857789,48.9702775389697,0 8.48136343214297,48.9588920304201,0 8.49225657393546,48.946845005806,0 8.485288332568951,48.9420223711953,0 8.45979306315407,48.953384323047,0 8.46521701226928,48.9677897228034,0 8.442872840796889,48.97236063822291,0 8.447643320683801,48.9833716088711,0 8.424372757878359,48.9942829280962,0 8.41531516715288,48.9922512289572,0 8.40808308243073,48.98695894482989,0 8.422857190064541,48.9699654650433,0 8.41475675841982,48.9587978500468,0 8.42593435677419,48.9344841036791,0 8.39790988901464,48.9333425861418,0 8.38407680451197,48.9200830357695,0 8.383000003854679,48.9107294498346,0 8.365582594206741,48.910390603888,0 8.356304828217599,48.92346870622449,0 8.37105621488894,48.95320314409219,0 8.38632780525705,48.9618406573825,0 8.385903051831001,48.9775811164811,0 8.36907839980783,48.974894364179,0 8.340305785859311,48.9868769647885,0 8.33773256518473,48.97586482368921,0 8.32375066275454,48.9759442182214,0 8.293225648395939,48.9541168582797,0 8.281668503202891,48.955494097639,0 8.280353017215219,48.963953264202,0 8.327551067813809,48.9878098582203,0 8.301612357793481,49.0139425821049,0 8.327633785171979,49.0180976412322,0 8.33033481830898,49.0257307438501,0 8.319698697397101,49.03491928219319,0 8.278715563865861,49.0295094129147,0 8.269943524329991,49.0441435943521,0 8.237799432537789,49.0522561620727,0 8.243150667318581,49.05881700436841,0 8.2650345158349,49.0618257612716,0 8.275089849391479,49.05633511169609,0 8.29448808236819,49.0557527011424,0 8.28241167008329,49.0713531778712,0 8.293577769161621,49.0802137498738,0 8.305857826191771,49.07155050776101,0 8.29660498524907,49.05618369315719,0 
					</coordinates>
				</LinearRing>
			</outerBoundaryIs>
		</Polygon>
	</Placemark>
	<Placemark>
		<name>01955bd7-655d-7e66-97cb-e11f644733f7</name>
		<Style>
			<LineStyle>
				<color>ff0000ff</color>
			</LineStyle>
			<PolyStyle>
				<fill>0</fill>
			</PolyStyle>
		</Style>
		<Polygon>
			<outerBoundaryIs>
				<LinearRing>
					<coordinates>
						8.42246761839553,49.0937589490049,0 8.42974917830399,49.104056312328,0 8.43384626011842,49.10434756300199,0 8.435283754501731,49.091221700961,0 8.42246761839553,49.0937589490049,0 
					</coordinates>
				</LinearRing>
			</outerBoundaryIs>
		</Polygon>
	</Placemark>
	<Placemark>
		<name>01955bd7-655d-7738-9bcc-fe6c3d17e8a6</name>
		<Style>
			<LineStyle>
				<color>ff0000ff</color>
			</LineStyle>
			<PolyStyle>
				<fill>0</fill>
			</PolyStyle>
		</Style>
		<Polygon>
			<outerBoundaryIs>
				<LinearRing>
					<coordinates>
						8.501975380413951,48.949830252865,0 8.50810634975505,48.9587488317653,0 8.513238684889821,48.9586024061734,0 8.51356218509329,48.9489562411489,0 8.501975380413951,48.949830252865,0 
					</coordinates>
				</LinearRing>
			</outerBoundaryIs>
		</Polygon>
	</Placemark>
	<Placemark>
		<name>01955bd7-655d-772b-8b3a-4d440724e7c1</name>
		<Style>
			<LineStyle>
				<color>ff0000ff</color>
			</LineStyle>
			<PolyStyle>
				<fill>0</fill>
			</PolyStyle>
		</Style>
		<Polygon>
			<outerBoundaryIs>
				<LinearRing>
					<coordinates>
						8.282840880641629,49.0827705677611,0 8.261255417705289,49.08493842467701,0 8.271537620679471,49.1076586262472,0 8.258408492410711,49.1113715721761,0 8.241183792703479,49.10540432062169,0 8.229742021887461,49.11278657620951,0 8.26064012380872,49.1149294191571,0 8.28180499847911,49.123705261302,0 8.288491995139649,49.0881945523886,0 8.282840880641629,49.0827705677611,0 
					</coordinates>
				</LinearRing>
			</outerBoundaryIs>
		</Polygon>
	</Placemark>
	<Placemark>
		<name>01955bd7-655d-7d7f-aa08-f1a7897ae529</name>
		<Style>
			<LineStyle>
				<color>ff0000ff</color>
			</LineStyle>
			<PolyStyle>
				<fill>0</fill>
			</PolyStyle>
		</Style>
		<Polygon>
			<outerBoundaryIs>
				<LinearRing>
					<coordinates>
						8.36426821908131,49.252554563903,0 8.376111166473921,49.24983963448721,0 8.384473433899791,49.2289553020445,0 8.379107592588539,49.20136049304779,0 8.36584625496871,49.206532928385,0 8.36022763019643,49.1887071639175,0 8.34590751448949,49.2052230397689,0 8.35969815299714,49.2255798237568,0 8.33566777702382,49.2404926099594,0 8.333908649491629,49.2482548293745,0 8.34318353822905,49.2532262653181,0 8.349080545984339,49.2509254013333,0 8.36285085854802,49.23471249366911,0 8.36426821908131,49.252554563903,0 
					</coordinates>
				</LinearRing>
			</outerBoundaryIs>
		</Polygon>
	</Placemark>
	<Placemark>
		<name>01955bd7-655d-7d31-aaad-e76d7f107cd7</name>
		<Style>
			<LineStyle>
				<color>ff0000ff</color>
			</LineStyle>
			<PolyStyle>
				<fill>0</fill>
			</PolyStyle>
		</Style>
		<Polygon>
			<outerBoundaryIs>
				<LinearRing>
					<coordinates>
						8.279443494016871,49.3483461314104,0 8.235889054938751,49.3426654399188,0 8.23573915280234,49.35887521749379,0 8.20545348833741,49.3620348455244,0 8.23800775793196,49.3690714692061,0 8.253210817166369,49.3799921841519,0 8.267713619132881,49.3715704580403,0 8.279443494016871,49.3483461314104,0 
					</coordinates>
				</LinearRing>
			</outerBoundaryIs>
		</Polygon>
	</Placemark>
	<Placemark>
		<name>01955bd7-655d-788e-9406-055c85b03b2a</name>
		<Style>
			<LineStyle>
				<color>ff0000ff</color>
			</LineStyle>
			<PolyStyle>
				<fill>0</fill>
			</PolyStyle>
		</Style>
		<Polygon>
			<outerBoundaryIs>
				<LinearRing>
					<coordinates>
						8.340341789936311,49.6183897326156,0 8.34237810296187,49.6232272466124,0 8.3012818340432,49.6378209134093,0 8.286728028030261,49.6306946287313,0 8.263302697980469,49.63017488065349,0 8.260368623623039,49.6340293140353,0 8.26431724032091,49.63924207959801,0 8.290266195421401,49.6468112256672,0 8.320161167155909,49.6437886752384,0 8.32778476458291,49.6604681687648,0 8.34875897661871,49.6593403768505,0 8.353738259361959,49.67180990545779,0 8.367865647215581,49.65749900485989,0 8.380122133711639,49.6197082396704,0 8.337746034416041,49.6023040784299,0 8.293798762728681,49.6061323554516,0 8.299671081230199,49.6112051584967,0 8.340341789936311,49.6183897326156,0 
					</coordinates>
				</LinearRing>
			</outerBoundaryIs>
		</Polygon>
	</Placemark>
	<Placemark>
		<name>01955bd7-655d-7da3-a143-f1c58871e6b2</name>
		<Style>
			<LineStyle>
				<color>ff0000ff</color>
			</LineStyle>
			<PolyStyle>
				<fill>0</fill>
			</PolyStyle>
		</Style>
		<Polygon>
			<outerBoundaryIs>
				<LinearRing>
					<coordinates>
						8.161872688751281,50.03377265180869,0 8.143698139977021,50.0408509901863,0 8.15851482230361,50.0468823316283,0 8.164357773399249,50.0439847210632,0 8.161872688751281,50.03377265180869,0 
					</coordinates>
				</LinearRing>
			</outerBoundaryIs>
		</Polygon>
	</Placemark>
	<Placemark>
		<name>01955bd7-655d-73e6-a1e3-555640675b36</name>
		<Style>
			<LineStyle>
				<color>ff0000ff</color>
			</LineStyle>
			<PolyStyle>
				<fill>0</fill>
			</PolyStyle>
		</Style>
		<Polygon>
			<outerBoundaryIs>
				<LinearRing>
					<coordinates>
						8.166617179882101,50.0295582862391,0 8.24104482766808,50.03050817131751,0 8.238498544762891,50.0349590894339,0 8.189397857631279,50.0431498196609,0 8.180787232065111,50.04995140846481,0 8.18429576787555,50.0592999526549,0 8.178468672876241,50.0708063458637,0 8.18677914667513,50.078047811034,0 8.18573900506426,50.0895412240889,0 8.216097935024271,50.0999072191552,0 8.237412012940981,50.0979528097136,0 8.260017953989349,50.102329928256,0 8.265828236342641,50.108978431804,0 8.290366263366231,50.0904759911815,0 8.291419591490939,50.0808919600585,0 8.289079441854829,50.07503962317539,0 8.273607983417341,50.07504250956271,0 8.27461669904169,50.0647473070805,0 8.25900522522914,50.0441693499003,0 8.281196734594859,50.0308978378821,0 8.282075302294819,50.0214919656455,0 8.31484372866322,50.0125829714575,0 8.32302376930463,50.00166328532,0 8.34691230546747,49.9984515942385,0 8.33558010242119,50.015893064012,0 8.34781799886299,50.02345516625801,0 8.37093928293854,50.01436533381501,0 8.370999041289441,50.0088526514771,0 8.354953157026589,50.0001085298539,0 8.372839737162639,49.9932578102254,0 8.412012296128641,50.0101415290984,0 8.418391990478471,50.0216475590538,0 8.4344799091156,50.0227371872885,0 8.446039165437501,50.0165581715554,0 8.464246722311429,50.0243074204039,0 8.457473278711159,50.0385521932747,0 8.47492056832659,50.0429015085573,0 8.49095644741017,50.02859708971629,0 8.473943640110299,50.0228537677455,0 8.46603323252979,50.0080882017462,0 8.452167609277581,49.99846058982751,0 8.46421916525339,49.9854774792421,0 8.449800568633689,49.9780381871373,0 8.471905132384419,49.95971572631999,0 8.45164762984836,49.938749575801,0 8.440673079475641,49.94485157556979,0 8.44547895434301,49.954003878067,0 8.436918609342159,49.95732672193569,0 8.43604743060108,49.9733318454197,0 8.393326957102129,49.978227272471,0 8.39383400150189,49.96733844653,0 8.37345634692476,49.95775682954131,0 8.37998224687945,49.9707537084907,0 8.372185305923979,49.9822978088445,0 8.355790126361351,49.9779197641064,0 8.346358050498001,49.963357871532,0 8.33093490328042,49.9790132076078,0 8.337689092056889,49.98853036971131,0 8.30794649242765,49.9901576760932,0 8.28907799496365,49.9997889811503,0 8.28540950596404,49.9947081533874,0 8.32680523606431,49.9622203277958,0 8.3212011804545,49.9563106655531,0 8.31159560396615,49.953937661307,0 8.29611742053622,49.9669111325005,0 8.281707127475441,49.9556523252708,0 8.253846029297311,49.9556527902648,0 8.246908523165869,49.9666516839631,0 8.229647225944129,49.9575351139394,0 8.21826952254097,49.96016279862231,0 8.188977971115371,49.9543924604483,0 8.185170761715121,49.9647534244533,0 8.19081596153746,49.9788078947666,0 8.19779626270345,49.9776535515441,0 8.18811197560713,49.9689883397876,0 8.19615946904244,49.96274716204759,0 8.21893853370713,49.9667329754719,0 8.230929923566981,49.9805712914613,0 8.214509881189169,49.9938631310784,0 8.19458732036227,49.99581268789951,0 8.18961269332379,49.9922752373106,0 8.19895596311755,49.98701377100289,0 8.17293182125262,49.9811622919323,0 8.1653973589539,49.98337588712469,0 8.172777639564529,49.9976978052935,0 8.19774854595577,50.0064748227878,0 8.208880965496141,50.0182615894505,0 8.18830424986867,50.0266816766278,0 8.17867172958421,50.0176240970042,0 8.16171107227364,50.0168135825522,0 8.166617179882101,50.0295582862391,0 
					</coordinates>
				</LinearRing>
			</outerBoundaryIs>
		</Polygon>
	</Placemark>
	<Placemark>
		<name>01955bd7-655d-70c2-ad05-c6ee9317f648</name>
		<Style>
			<LineStyle>
				<color>ff0000ff</color>
			</LineStyle>
			<PolyStyle>
				<fill>0</fill>
			</PolyStyle>
		</Style>
		<Polygon>
			<outerBoundaryIs>
				<LinearRing>
					<coordinates>
						8.41248905763279,50.0257214283052,0 8.40347772579887,50.0271573406574,0 8.404052878937559,50.03089738014051,0 8.410966977777729,50.0306544895843,0 8.41248905763279,50.0257214283052,0 
					</coordinates>
				</LinearRing>
			</outerBoundaryIs>
		</Polygon>
	</Placemark>
	<Placemark>
		<name>01955bd7-655d-7394-9e24-cc43fd5231c8</name>
		<Style>
			<LineStyle>
				<color>ff0000ff</color>
			</LineStyle>
			<PolyStyle>
				<fill>0</fill>
			</PolyStyle>
		</Style>
		<Polygon>
			<outerBoundaryIs>
				<LinearRing>
					<coordinates>
						8.446910659410969,50.0399572351158,0 8.43193090148004,50.0331061419413,0 8.42862934147918,50.03400893319,0 8.433412100899259,50.04695742838629,0 8.446910659410969,50.0399572351158,0 
					</coordinates>
				</LinearRing>
			</outerBoundaryIs>
		</Polygon>
	</Placemark>
	<Placemark>
		<name>01955bd7-655d-7106-acd5-294cc441cc4b</name>
		<Style>
			<LineStyle>
				<color>ff0000ff</color>
			</LineStyle>
			<PolyStyle>
				<fill>0</fill>
			</PolyStyle>
		</Style>
		<Polygon>
			<outerBoundaryIs>
				<LinearRing>
					<coordinates>
						8.225783290149851,50.74246898830881,0 8.24803829047303,50.7526066056295,0 8.26070837336473,50.7489145089061,0 8.271641936126141,50.75331633876161,0 8.260022172646311,50.7711788748501,0 8.269092949523509,50.7723120662219,0 8.281537726184339,50.7601721294893,0 8.280640393538929,50.7506781798316,0 8.299114068715021,50.7391649350427,0 8.29417205860347,50.7241278843367,0 8.285146840975621,50.7240512038323,0 8.27187801396231,50.7404534679159,0 8.25094178032038,50.74390070693141,0 8.171542304279081,50.7258829555862,0 8.172690164720249,50.7316317957125,0 8.19006519785729,50.7400221865525,0 8.17318963090363,50.74950746075089,0 8.174998396442311,50.7543510242191,0 8.19629323111762,50.7463280642726,0 8.21380266531963,50.7500233046413,0 8.225783290149851,50.74246898830881,0 
					</coordinates>
				</LinearRing>
			</outerBoundaryIs>
		</Polygon>
	</Placemark>
	<Placemark>
		<name>01955bd7-655d-7a31-b930-04c219bf7524</name>
		<Style>
			<LineStyle>
				<color>ff0000ff</color>
			</LineStyle>
			<PolyStyle>
				<fill>0</fill>
			</PolyStyle>
		</Style>
		<Polygon>
			<outerBoundaryIs>
				<LinearRing>
					<coordinates>
						8.303264655066799,50.7172843180498,0 8.298800419779321,50.7229442132436,0 8.310562208081651,50.7245048133444,0 8.303264655066799,50.7172843180498,0 
					</coordinates>
				</LinearRing>
			</outerBoundaryIs>
		</Polygon>
	</Placemark>
	<Placemark>
		<name>01955bd7-655d-7f75-a7da-f9e7c9f9f7fc</name>
		<Style>
			<LineStyle>
				<color>ff0000ff</color>
			</LineStyle>
			<PolyStyle>
				<fill>0</fill>
			</PolyStyle>
		</Style>
		<Polygon>
			<outerBoundaryIs>
				<LinearRing>
					<coordinates>
						8.377830116617609,51.4301315118096,0 8.36060070255621,51.4385141263711,0 8.35177794441776,51.4332251886311,0 8.35607560632654,51.42154097085399,0 8.346783012283179,51.4218496398744,0 8.33272798429028,51.4435111939359,0 8.340876353304029,51.4591690803188,0 8.37458586569559,51.4623577343092,0 8.385933269333201,51.4591815829881,0 8.381372855795849,51.45139805936779,0 8.36673665604007,51.44680575172521,0 8.377830116617609,51.4301315118096,0 
					</coordinates>
				</LinearRing>
			</outerBoundaryIs>
		</Polygon>
	</Placemark>
	<Placemark>
		<name>01955bd7-655d-78a2-8337-b735e8a82cec</name>
		<Style>
			<LineStyle>
				<color>ff0000ff</color>
			</LineStyle>
			<PolyStyle>
				<fill>0</fill>
			</PolyStyle>
		</Style>
		<Polygon>
			<outerBoundaryIs>
				<LinearRing>
					<coordinates>
						8.20852762014389,51.4827799449771,0 8.19407048379885,51.47313564202409,0 8.187546207984459,51.476241275251,0 8.20102029400528,51.48406980341079,0 8.20852762014389,51.4827799449771,0 
					</coordinates>
				</LinearRing>
			</outerBoundaryIs>
		</Polygon>
	</Placemark>
	<Placemark>
		<name>01955bd7-655d-7251-86b6-e5b32bcb916b</name>
		<Style>
			<LineStyle>
				<color>ff0000ff</color>
			</LineStyle>
			<PolyStyle>
				<fill>0</fill>
			</PolyStyle>
		</Style>
		<Polygon>
			<outerBoundaryIs>
				<LinearRing>
					<coordinates>
						8.21501297281997,51.4834471227128,0 8.223065803900971,51.48588889007101,0 8.23470360037641,51.4813172002371,0 8.28553860375365,51.4966901093408,0 8.29621691628317,51.4922396245143,0 8.279843500584439,51.48122255352889,0 8.26473168437674,51.4813540480925,0 8.25994628177515,51.4736479224754,0 8.23958381841709,51.46870761725589,0 8.21501297281997,51.4834471227128,0 
					</coordinates>
				</LinearRing>
			</outerBoundaryIs>
		</Polygon>
	</Placemark>
	<Placemark>
		<name>01955bd7-655d-7c42-a5a8-f01dcfe79f1d</name>
		<Style>
			<LineStyle>
				<color>ff0000ff</color>
			</LineStyle>
			<PolyStyle>
				<fill>0</fill>
			</PolyStyle>
		</Style>
		<Polygon>
			<outerBoundaryIs>
				<LinearRing>
					<coordinates>
						8.373066126432899,51.62588994530721,0 8.345083266426441,51.6061317015879,0 8.352467204793429,51.5958472182642,0 8.335247732456519,51.59319964817779,0 8.32699384682857,51.6076788629071,0 8.31655410381274,51.609088036265,0 8.33250559044223,51.63238156545471,0 8.336667192558361,51.6213959034865,0 8.350350359764519,51.62323375110769,0 8.359059444900071,51.6381044746896,0 8.36973374842899,51.6366374057197,0 8.373066126432899,51.62588994530721,0 
					</coordinates>
				</LinearRing>
			</outerBoundaryIs>
		</Polygon>
	</Placemark>
	<Placemark>
		<name>01955bd7-655d-70a7-882a-be4692b462a6</name>
		<Style>
			<LineStyle>
				<color>ff0000ff</color>
			</LineStyle>
			<PolyStyle>
				<fill>0</fill>
			</PolyStyle>
		</Style>
		<Polygon>
			<outerBoundaryIs>
				<LinearRing>
					<coordinates>
						8.39492150771096,51.6704502480417,0 8.368812240580951,51.6667026352357,0 8.36771595310965,51.6527145740466,0 8.353570117311991,51.6469149820448,0 8.30535063696545,51.65536456339909,0 8.30631888079095,51.662703722555,0 8.325093679206031,51.6712301759064,0 8.29834996146913,51.6770467090046,0 8.300434320689259,51.68850060550719,0 8.329813734454669,51.68731428020371,0 8.337771416742809,51.6930556846665,0 8.349824738799651,51.69144573401721,0 8.37207058118501,51.6993150267461,0 8.35359726875884,51.708390020976,0 8.34258839671881,51.7018355316156,0 8.32254126453266,51.70530034302291,0 8.317834369220749,51.7127067859367,0 8.33287851348334,51.7244877398045,0 8.347149750487979,51.71585042160311,0 8.370000617072099,51.7172700788423,0 8.384650191860841,51.6980151432173,0 8.3809511624285,51.6879219509464,0 8.39990318123812,51.6844514564864,0 8.38440160950238,51.67598548474529,0 8.414382104525821,51.6700009181834,0 8.411515232547179,51.6665064936834,0 8.39492150771096,51.6704502480417,0 
					</coordinates>
				</LinearRing>
			</outerBoundaryIs>
		</Polygon>
	</Placemark>
	<Placemark>
		<name>01955bd7-655d-77b8-8445-df9fae5d9a01</name>
		<Style>
			<LineStyle>
				<color>ff0000ff</color>
			</LineStyle>
			<PolyStyle>
				<fill>0</fill>
			</PolyStyle>
		</Style>
		<Polygon>
			<outerBoundaryIs>
				<LinearRing>
					<coordinates>
						8.323301763014181,51.865716973568,0 8.34065960362147,51.83481605735759,0 8.315119562773919,51.814817884771,0 8.2971816186752,51.8251272296066,0 8.28704873610682,51.8393686869086,0 8.273305825721319,51.8392650877117,0 8.268021173199539,51.8511065854286,0 8.2532642914892,51.8570814232324,0 8.27363233895711,51.8706536361204,0 8.28544819717426,51.86747298133,0 8.29691321736693,51.8700986794363,0 8.30333499985532,51.86353146752809,0 8.323301763014181,51.865716973568,0 
					</coordinates>
				</LinearRing>
			</outerBoundaryIs>
		</Polygon>
	</Placemark>
	<Placemark>
		<name>01955bd7-655d-7e4c-8f38-a19e73a4c3f4</name>
		<Style>
			<LineStyle>
				<color>ff0000ff</color>
			</LineStyle>
			<PolyStyle>
				<fill>0</fill>
			</PolyStyle>
		</Style>
		<Polygon>
			<outerBoundaryIs>
				<LinearRing>
					<coordinates>
						8.266157091139069,52.6793400725239,0 8.262722259695311,52.6606418919937,0 8.24984683983647,52.6465336753591,0 8.228255750048559,52.65922825513991,0 8.192180115849929,52.6565257674008,0 8.17815982326592,52.65078076231781,0 8.180470041017591,52.6598419406323,0 8.22874020188944,52.6816719660457,0 8.248084362571239,52.6867259046616,0 8.25099917520053,52.67726666431359,0 8.266157091139069,52.6793400725239,0 
					</coordinates>
				</LinearRing>
			</outerBoundaryIs>
		</Polygon>
	</Placemark>
	<Placemark>
		<name>01955bd7-655d-775c-be5d-e183886e32ce</name>
		<Style>
			<LineStyle>
				<color>ff0000ff</color>
			</LineStyle>
			<PolyStyle>
				<fill>0</fill>
			</PolyStyle>
		</Style>
		<Polygon>
			<outerBoundaryIs>
				<LinearRing>
					<coordinates>
						8.31767931714236,52.7356714980376,0 8.2985154963916,52.7252058179154,0 8.297752988740969,52.70460412901551,0 8.281224354245371,52.7073521137759,0 8.252976802399189,52.728455185753,0 8.274763308163569,52.7532588577101,0 8.288966874710161,52.7429080789444,0 8.31487681414117,52.74129249762741,0 8.31767931714236,52.7356714980376,0 
					</coordinates>
				</LinearRing>
			</outerBoundaryIs>
		</Polygon>
	</Placemark>
	<Placemark>
		<name>01955bd7-655d-70b4-bbe1-b397b4360249</name>
		<Style>
			<LineStyle>
				<color>ff0000ff</color>
			</LineStyle>
			<PolyStyle>
				<fill>0</fill>
			</PolyStyle>
		</Style>
		<Polygon>
			<outerBoundaryIs>
				<LinearRing>
					<coordinates>
						8.19832832511028,53.2025708492716,0 8.23499290250478,53.1980660035675,0 8.21923238608205,53.2147287057203,0 8.234431759201531,53.22094772699931,0 8.23320381289839,53.21193529572311,0 8.254047114662169,53.20656028943969,0 8.245883710922049,53.1978710055043,0 8.24946676420417,53.1849641623654,0 8.23887007648165,53.176294078749,0 8.258806981712819,53.1701293625111,0 8.24603334536987,53.1468194435362,0 8.264356876085859,53.1476587015788,0 8.276955536566691,53.1370915203665,0 8.25276159222388,53.1341753971283,0 8.274822664848941,53.11981317091,0 8.280505623284929,53.1050291920407,0 8.262338057914389,53.1009935452815,0 8.253843757279469,53.0904378101809,0 8.225257945888821,53.0834008382945,0 8.20760613695996,53.09213887149969,0 8.19996496828208,53.1112453806173,0 8.18390934622939,53.1001475129784,0 8.164433780117831,53.106849244763,0 8.17884652968133,53.11718467173169,0 8.1437948018875,53.1359509730433,0 8.144066452553931,53.1459964393672,0 8.158069548710561,53.1513617952866,0 8.16299092987254,53.1624811111965,0 8.13746164070043,53.1690144647605,0 8.151407438816079,53.17466445790799,0 8.14368060989441,53.1829348315235,0 8.1571495138499,53.19082202524999,0 8.193735186914889,53.1971687200879,0 8.19832832511028,53.2025708492716,0 
					</coordinates>
				</LinearRing>
			</outerBoundaryIs>
		</Polygon>
	</Placemark>
	<Placemark>
		<name>01955bd7-655d-799f-bf79-3b3674859c85</name>
		<Style>
			<LineStyle>
				<color>ff0000ff</color>
			</LineStyle>
			<PolyStyle>
				<fill>0</fill>
			</PolyStyle>
		</Style>
		<Polygon>
			<outerBoundaryIs>
				<LinearRing>
					<coordinates>
						8.60743303854307,47.6930023047157,0 8.613882244945881,47.6953091906984,0 8.611157924416229,47.7060166970791,0 8.63871380487798,47.7171372594275,0 8.640349335825819,47.7240371956985,0 8.668999368878509,47.7263654379166,0 8.67055263237773,47.718919366645,0 8.6549929194358,47.708880412986,0 8.661633187127521,47.6917058851355,0 8.672123881055681,47.6857329656555,0 8.665610554498301,47.6825592220685,0 8.63733525710969,47.6862284735643,0 8.632490535784569,47.67811498257031,0 8.638506358963429,47.670001020102,0 8.625619343629751,47.66804816623291,0 8.622981950720231,47.6618078322206,0 8.608770500140411,47.6736933798631,0 8.59730627608764,47.6748528761545,0 8.608692709555431,47.6921211784207,0 8.57293869694564,47.69213653041341,0 8.56908660433079,47.69625571950681,0 8.57695623208855,47.70318583499459,0 8.60743303854307,47.6930023047157,0 
					</coordinates>
				</LinearRing>
			</outerBoundaryIs>
		</Polygon>
	</Placemark>
	<Placemark>
		<name>01955bd7-655d-7367-97f1-09cfa37f18a6</name>
		<Style>
			<LineStyle>
				<color>ff0000ff</color>
			</LineStyle>
			<PolyStyle>
				<fill>0</fill>
			</PolyStyle>
		</Style>
		<Polygon>
			<outerBoundaryIs>
				<LinearRing>
					<coordinates>
						8.469497001848911,47.9282826970805,0 8.443351672197251,47.9229698188315,0 8.43872137600756,47.9326662730984,0 8.445763139208051,47.9360054978487,0 8.469497001848911,47.9282826970805,0 
					</coordinates>
				</LinearRing>
			</outerBoundaryIs>
		</Polygon>
	</Placemark>
	<Placemark>
		<name>01955bd7-655d-75e9-928b-b4982fe4b4b6</name>
		<Style>
			<LineStyle>
				<color>ff0000ff</color>
			</LineStyle>
			<PolyStyle>
				<fill>0</fill>
			</PolyStyle>
		</Style>
		<Polygon>
			<outerBoundaryIs>
				<LinearRing>
					<coordinates>
						8.476263631271619,47.9272193576228,0 8.49430098560674,47.9383419247207,0 8.478877304345289,47.9470631716694,0 8.470406770201929,47.9636673591158,0 8.48016153204321,47.9593414712086,0 8.497137290339859,47.96650013776771,0 8.51087059984375,47.9644939093177,0 8.49909561366068,47.9312231986491,0 8.50187217573999,47.9186017223236,0 8.49135245799839,47.91687144633251,0 8.476263631271619,47.9272193576228,0 
					</coordinates>
				</LinearRing>
			</outerBoundaryIs>
		</Polygon>
	</Placemark>
	<Placemark>
		<name>01955bd7-655d-765c-82d3-33eff6ab8aeb</name>
		<Style>
			<LineStyle>
				<color>ff0000ff</color>
			</LineStyle>
			<PolyStyle>
				<fill>0</fill>
			</PolyStyle>
		</Style>
		<Polygon>
			<outerBoundaryIs>
				<LinearRing>
					<coordinates>
						8.453019464639221,48.0147938483723,0 8.46447400253038,48.01356089511889,0 8.47525315944762,48.0238866430522,0 8.46659803626596,48.0310478572436,0 8.452874966094109,48.03136565634399,0 8.46544863147534,48.0403360428637,0 8.43391202623109,48.05154248867871,0 8.42441239669394,48.0645811346021,0 8.45318189549376,48.0895927123557,0 8.465100633962299,48.0859661629515,0 8.47956403001716,48.0650093694886,0 8.49075377832334,48.0689141128839,0 8.50141305840129,48.0634229656514,0 8.477679122288469,48.0565240836866,0 8.472452955460909,48.04114840583771,0 8.479531511148201,48.0183193808883,0 8.47373304177939,48.0024957951111,0 8.46562508724552,48.0018379017335,0 8.45142689292263,48.01063062130201,0 8.453019464639221,48.0147938483723,0 
					</coordinates>
				</LinearRing>
			</outerBoundaryIs>
		</Polygon>
	</Placemark>
	<Placemark>
		<name>01955bd7-655d-76e0-83cb-8f6891026ab7</name>
		<Style>
			<LineStyle>
				<color>ff0000ff</color>
			</LineStyle>
			<PolyStyle>
				<fill>0</fill>
			</PolyStyle>
		</Style>
		<Polygon>
			<outerBoundaryIs>
				<LinearRing>
					<coordinates>
						8.506172190975841,48.0627220902129,0 8.541110342600691,48.07681971671381,0 8.570507732518641,48.0702458750743,0 8.57022791076521,48.0586374452963,0 8.5429301814398,48.05633585610551,0 8.53591005728558,48.04523226487869,0 8.513294718913039,48.0515320396597,0 8.506172190975841,48.0627220902129,0 
					</coordinates>
				</LinearRing>
			</outerBoundaryIs>
		</Polygon>
	</Placemark>
	<Placemark>
		<name>01955bd7-655d-76a9-b245-4e700deb4e7c</name>
		<Style>
			<LineStyle>
				<color>ff0000ff</color>
			</LineStyle>
			<PolyStyle>
				<fill>0</fill>
			</PolyStyle>
		</Style>
		<Polygon>
			<outerBoundaryIs>
				<LinearRing>
					<coordinates>
						8.626019901019699,48.1323249726054,0 8.63687009654036,48.1256311152498,0 8.61726791025724,48.12133011383121,0 8.614003711874179,48.10742138960149,0 8.600293041110669,48.1037856296254,0 8.5970757781663,48.1145985527029,0 8.61416231284848,48.11971045851941,0 8.626019901019699,48.1323249726054,0 
					</coordinates>
				</LinearRing>
			</outerBoundaryIs>
		</Polygon>
	</Placemark>
	<Placemark>
		<name>01955bd7-655d-72e3-afc3-b33222c5bff1</name>
		<Style>
			<LineStyle>
				<color>ff0000ff</color>
			</LineStyle>
			<PolyStyle>
				<fill>0</fill>
			</PolyStyle>
		</Style>
		<Polygon>
			<outerBoundaryIs>
				<LinearRing>
					<coordinates>
						8.62651528546192,48.13708007182699,0 8.62266160068252,48.1448232431166,0 8.628051816190011,48.1527480819124,0 8.565477374637849,48.1661984027314,0 8.571574678237431,48.1769900050271,0 8.59131047314404,48.17254277917311,0 8.63047280798105,48.18181686053901,0 8.64002115648049,48.167754689673,0 8.662172049505269,48.1622064159573,0 8.64806615521624,48.1540458527712,0 8.642855387014251,48.1428136006502,0 8.62651528546192,48.13708007182699,0 
					</coordinates>
				</LinearRing>
			</outerBoundaryIs>
		</Polygon>
	</Placemark>
	<Placemark>
		<name>01955bd7-655d-7d32-b2f4-ed387abacad5</name>
		<Style>
			<LineStyle>
				<color>ff0000ff</color>
			</LineStyle>
			<PolyStyle>
				<fill>0</fill>
			</PolyStyle>
		</Style>
		<Polygon>
			<outerBoundaryIs>
				<LinearRing>
					<coordinates>
						8.468555178057111,48.91437292459959,0 8.466626576800721,48.9097912405881,0 8.457704294428961,48.9120079021619,0 8.4579173673892,48.9135881349559,0 8.468555178057111,48.91437292459959,0 
					</coordinates>
				</LinearRing>
			</outerBoundaryIs>
		</Polygon>
	</Placemark>
	<Placemark>
		<name>01955bd7-655d-7178-ad12-02796df8413b</name>
		<Style>
			<LineStyle>
				<color>ff0000ff</color>
			</LineStyle>
			<PolyStyle>
				<fill>0</fill>
			</PolyStyle>
		</Style>
		<Polygon>
			<outerBoundaryIs>
				<LinearRing>
					<coordinates>
						8.482744218907619,48.9168747936276,0 8.448059748043301,48.9291922783163,0 8.44774199376581,48.9320942567849,0 8.478997510398569,48.9355296407855,0 8.491930352269989,48.9244908981582,0 8.482744218907619,48.9168747936276,0 
					</coordinates>
				</LinearRing>
			</outerBoundaryIs>
		</Polygon>
	</Placemark>
	<Placemark>
		<name>01955bd7-655d-7950-b89d-455d99382396</name>
		<Style>
			<LineStyle>
				<color>ff0000ff</color>
			</LineStyle>
			<PolyStyle>
				<fill>0</fill>
			</PolyStyle>
		</Style>
		<Polygon>
			<outerBoundaryIs>
				<LinearRing>
					<coordinates>
						8.49570260975038,48.91752054696521,0 8.50287922873755,48.9242430519537,0 8.51827906790229,48.91430552192141,0 8.53576563226034,48.9185356298082,0 8.532915797077861,48.9106081454671,0 8.516778189115479,48.9124513393299,0 8.50278537059838,48.9029338733557,0 8.49570260975038,48.91752054696521,0 
					</coordinates>
				</LinearRing>
			</outerBoundaryIs>
		</Polygon>
	</Placemark>
	<Placemark>
		<name>01955bd7-655d-722c-97b5-3f6ecff0951c</name>
		<Style>
			<LineStyle>
				<color>ff0000ff</color>
			</LineStyle>
			<PolyStyle>
				<fill>0</fill>
			</PolyStyle>
		</Style>
		<Polygon>
			<outerBoundaryIs>
				<LinearRing>
					<coordinates>
						8.61192900047509,49.1185566114812,0 8.59421002305057,49.1119252218656,0 8.56922881274717,49.1111916608063,0 8.534557940457811,49.129087535725,0 8.5131941060037,49.1095967246429,0 8.500989606061241,49.11153178611,0 8.51539102860597,49.13414934107319,0 8.52974398931948,49.1379616377907,0 8.54476574510179,49.1496981941477,0 8.561000130453889,49.1491719511057,0 8.573053296535811,49.1422200666139,0 8.56613513812025,49.15960506468571,0 8.570752752485641,49.1634282550443,0 8.593809641434889,49.1628378292661,0 8.593435546595961,49.1464157150579,0 8.612203993702691,49.12866733155889,0 8.61192900047509,49.1185566114812,0 
					</coordinates>
				</LinearRing>
			</outerBoundaryIs>
		</Polygon>
	</Placemark>
	<Placemark>
		<name>01955bd7-655d-7162-b338-8d279015167e</name>
		<Style>
			<LineStyle>
				<color>ff0000ff</color>
			</LineStyle>
			<PolyStyle>
				<fill>0</fill>
			</PolyStyle>
		</Style>
		<Polygon>
			<outerBoundaryIs>
				<LinearRing>
					<coordinates>
						8.40275242330361,49.31920431824,0 8.3949042933491,49.3117423021319,0 8.38499102762966,49.3113471289679,0 8.382765438118289,49.3189997787026,0 8.38943941489473,49.3233873487523,0 8.40275242330361,49.31920431824,0 
					</coordinates>
				</LinearRing>
			</outerBoundaryIs>
		</Polygon>
	</Placemark>
	<Placemark>
		<name>01955bd7-655d-76c5-adce-d8614b1a0f12</name>
		<Style>
			<LineStyle>
				<color>ff0000ff</color>
			</LineStyle>
			<PolyStyle>
				<fill>0</fill>
			</PolyStyle>
		</Style>
		<Polygon>
			<outerBoundaryIs>
				<LinearRing>
					<coordinates>
						8.40521194312795,49.3194573291185,0 8.416792169429019,49.35582633608169,0 8.430827452158811,49.3618658959239,0 8.438759531618979,49.3531935099923,0 8.437392623239109,49.33836200433,0 8.457171689558169,49.3365310538433,0 8.450643762125271,49.3185101950796,0 8.479167833406169,49.2924666888141,0 8.47287166014925,49.2868502703729,0 8.44185814107189,49.3020044353143,0 8.41696005711173,49.3036663567908,0 8.40654681380922,49.2809514454794,0 8.39315482342572,49.2834769751122,0 8.39869196466176,49.2982901421484,0 8.413645845068711,49.30229434911921,0 8.40521194312795,49.3194573291185,0 
					</coordinates>
				</LinearRing>
			</outerBoundaryIs>
		</Polygon>
	</Placemark>
	<Placemark>
		<name>01955bd7-655d-7f22-8de5-7bf71f0b2fa7</name>
		<Style>
			<LineStyle>
				<color>ff0000ff</color>
			</LineStyle>
			<PolyStyle>
				<fill>0</fill>
			</PolyStyle>
		</Style>
		<Polygon>
			<outerBoundaryIs>
				<LinearRing>
					<coordinates>
						8.4730060697654,49.2857621172759,0 8.481944192233049,49.2807959126308,0 8.48014762813362,49.269765032635,0 8.51640637266302,49.2529951450496,0 8.513160440011291,49.2406232303995,0 8.530075458081511,49.2267105319402,0 8.526682888209271,49.2132649849645,0 8.50056039003791,49.22768774345879,0 8.50843782945944,49.23552334386041,0 8.49563217130477,49.2502535195738,0 8.478054681147601,49.253188860371,0 8.463256176677779,49.27545700925759,0 8.4730060697654,49.2857621172759,0 
					</coordinates>
				</LinearRing>
			</outerBoundaryIs>
		</Polygon>
	</Placemark>
	<Placemark>
		<name>01955bd7-655d-7389-beec-7c4932d8d755</name>
		<Style>
			<LineStyle>
				<color>ff0000ff</color>
			</LineStyle>
			<PolyStyle>
				<fill>0</fill>
			</PolyStyle>
		</Style>
		<Polygon>
			<outerBoundaryIs>
				<LinearRing>
					<coordinates>
						8.52402711173022,49.3353475886256,0 8.534600805583739,49.3437240640849,0 8.54437728146757,49.3437435834562,0 8.549962367466341,49.3361345566805,0 8.577991412072709,49.3299683135762,0 8.55832448405514,49.3084028242718,0 8.528894547604731,49.30732629460489,0 8.534529067751841,49.32063842565761,0 8.52402711173022,49.3353475886256,0 
					</coordinates>
				</LinearRing>
			</outerBoundaryIs>
		</Polygon>
	</Placemark>
	<Placemark>
		<name>01955bd7-655d-7df0-8d2c-8175260953d6</name>
		<Style>
			<LineStyle>
				<color>ff0000ff</color>
			</LineStyle>
			<PolyStyle>
				<fill>0</fill>
			</PolyStyle>
		</Style>
		<Polygon>
			<outerBoundaryIs>
				<LinearRing>
					<coordinates>
						8.56056187473407,49.3030698611348,0 8.574392539080449,49.2952558439933,0 8.56823710657414,49.2862798806345,0 8.55618838950631,49.2890127713918,0 8.56056187473407,49.3030698611348,0 
					</coordinates>
				</LinearRing>
			</outerBoundaryIs>
		</Polygon>
	</Placemark>
	<Placemark>
		<name>01955bd7-655d-74c1-9e4a-93ab76d31bc3</name>
		<Style>
			<LineStyle>
				<color>ff0000ff</color>
			</LineStyle>
			<PolyStyle>
				<fill>0</fill>
			</PolyStyle>
		</Style>
		<Polygon>
			<outerBoundaryIs>
				<LinearRing>
					<coordinates>
						8.531930603349689,49.35091857203609,0 8.524114282602451,49.3697680448565,0 8.53255741485901,49.3778060381389,0 8.542833176436311,49.379341124384,0 8.55010352160852,49.3582265931476,0 8.537242045648791,49.3591031255505,0 8.531930603349689,49.35091857203609,0 
					</coordinates>
				</LinearRing>
			</outerBoundaryIs>
		</Polygon>
	</Placemark>
	<Placemark>
		<name>01955bd7-655d-767d-9068-3c33526f6f3b</name>
		<Style>
			<LineStyle>
				<color>ff0000ff</color>
			</LineStyle>
			<PolyStyle>
				<fill>0</fill>
			</PolyStyle>
		</Style>
		<Polygon>
			<outerBoundaryIs>
				<LinearRing>
					<coordinates>
						8.333408231767161,49.55509581869411,0 8.313362004224899,49.5495635391625,0 8.312121330500251,49.5407004300157,0 8.302729785501681,49.5423086097227,0 8.313999215162401,49.5618635704345,0 8.32534657163175,49.56337547443999,0 8.333408231767161,49.55509581869411,0 
					</coordinates>
				</LinearRing>
			</outerBoundaryIs>
		</Polygon>
	</Placemark>
	<Placemark>
		<name>01955bd7-655d-7338-8267-f7637bfa3cfe</name>
		<Style>
			<LineStyle>
				<color>ff0000ff</color>
			</LineStyle>
			<PolyStyle>
				<fill>0</fill>
			</PolyStyle>
		</Style>
		<Polygon>
			<outerBoundaryIs>
				<LinearRing>
					<coordinates>
						8.333638033417669,49.5549909872724,0 8.35500190614836,49.5555972976687,0 8.363779276555039,49.550447765812,0 8.37433759853853,49.55542263864449,0 8.39002526042488,49.5512842370171,0 8.40745882386293,49.55323198448269,0 8.409840951733109,49.54410120870769,0 8.420727061588931,49.5402324486259,0 8.432210328745191,49.5249698732559,0 8.44585192049794,49.5343508548292,0 8.43628813274367,49.5457244273042,0 8.445496150298659,49.5620566572174,0 8.463225210246399,49.5560919583766,0 8.48125455026817,49.564167658495,0 8.48474409320545,49.53951550014169,0 8.506782165266319,49.5360784496052,0 8.51729845451497,49.52245086426219,0 8.527802855530661,49.5256803989473,0 8.547133198037359,49.5213984356443,0 8.557571670649979,49.5488771792038,0 8.59716923154312,49.5528650540208,0 8.60107847661024,49.54153736804321,0 8.562039816201519,49.5199118651102,0 8.55588094483482,49.4870668486883,0 8.622415453307539,49.4795883189912,0 8.624151048813239,49.4702839596766,0 8.60933947760784,49.4547643191399,0 8.657035029235191,49.4265868545091,0 8.66334280694681,49.4290085967669,0 8.66693092023937,49.45666871534159,0 8.68303871859043,49.4521289480252,0 8.68818690679595,49.4398952891224,0 8.70100319495825,49.4313355176826,0 8.701836245733981,49.418126422898,0 8.739655516029201,49.42401826666661,0 8.754413509527449,49.4467852568941,0 8.752975324744989,49.4303413822783,0 8.775015793427899,49.41402835798031,0 8.774305504077249,49.4079290721547,0 8.729556457950141,49.4133130747852,0 8.7153377532396,49.40495729944741,0 8.70008002653168,49.4036830615878,0 8.695833212534771,49.38658296316851,0 8.70789544421122,49.3804880384117,0 8.706167562593411,49.3528406252686,0 8.69883699431896,49.3407462148695,0 8.682318819803969,49.33545806791409,0 8.699131954643679,49.32823898576461,0 8.70415195764282,49.31985602140791,0 8.69959247676336,49.3158654010244,0 8.683973876395299,49.31740119802569,0 8.64573133839286,49.3347197324761,0 8.64855343943646,49.3511835589668,0 8.676533951503909,49.3598125925997,0 8.647359238866841,49.37582474871531,0 8.648296626961979,49.39220511239751,0 8.63460663031562,49.3846768707354,0 8.6322947856591,49.369991290323,0 8.62039666485933,49.37212085078411,0 8.632458894872791,49.3854840695059,0 8.616286835195361,49.3930133019833,0 8.61649646782125,49.4041544223595,0 8.628300762829641,49.4154201984559,0 8.63297932777836,49.4352459488285,0 8.602172515525121,49.4409186258172,0 8.595636991155679,49.45145849910821,0 8.58927649898528,49.450599573078,0 8.57675561182185,49.4297755607373,0 8.570160977630501,49.4287987288585,0 8.549536745622881,49.45650229676999,0 8.537237937529071,49.43974840486209,0 8.550775608198879,49.4121501919414,0 8.584829702326971,49.4087420021153,0 8.58651702248328,49.4029441410543,0 8.602774769243499,49.3955047649874,0 8.58466210521185,49.35719911697589,0 8.558777738971751,49.37534832787791,0 8.56391014834524,49.3836165022551,0 8.555983626369761,49.3990663228025,0 8.54965987248019,49.3994490444391,0 8.540025754555799,49.3898077214966,0 8.52958776657257,49.38959740471481,0 8.527338933732249,49.4014531238575,0 8.516770470995301,49.4071221664133,0 8.51862978541004,49.4174288291887,0 8.486916659464541,49.4293918776944,0 8.49779225928631,49.4424570655625,0 8.46564970209497,49.44938625531389,0 8.45873889610225,49.4647395216952,0 8.44443800133223,49.4604834097266,0 8.429072437339361,49.4403755646127,0 8.410191140716391,49.4400063000508,0 8.40566721371253,49.4357745329537,0 8.402667761049869,49.44934030824641,0 8.395205060659659,49.4536160847399,0 8.366187782635389,49.44822473003079,0 8.37048053861669,49.4262139612864,0 8.394430902309249,49.429427370852,0 8.41094827807898,49.4255022317977,0 8.425763015898349,49.4296522518348,0 8.42991677886137,49.4176777795304,0 8.40632773182447,49.4207841539417,0 8.4077530640405,49.40670336401949,0 8.396686521119049,49.4054144287923,0 8.360431837077931,49.4230023162415,0 8.359497986108201,49.4305934062658,0 8.346165400742279,49.43602776199921,0 8.343264092920821,49.4439117842003,0 8.355255969520501,49.4506852363926,0 8.36560727107935,49.4495505607487,0 8.372784489168049,49.4584695524342,0 8.39399910072604,49.45615249714861,0 8.40060810714507,49.4768202798562,0 8.419269202599679,49.4810019317755,0 8.38332635287821,49.4862046991158,0 8.36538324088254,49.4800875561782,0 8.350837165993781,49.4830663317498,0 8.34778820970805,49.4885114839029,0 8.360237343948491,49.4985434431616,0 8.34721468226736,49.51931059711679,0 8.339545712526361,49.5047337591562,0 8.32486606350351,49.50387687676011,0 8.32192816398358,49.514681004023,0 8.341076940618439,49.52187779230781,0 8.32561246451141,49.5340681540902,0 8.333638033417669,49.5549909872724,0 
					</coordinates>
				</LinearRing>
			</outerBoundaryIs>
		</Polygon>
	</Placemark>
	<Placemark>
		<name>01955bd7-655d-7dda-8183-3b4697214563</name>
		<Style>
			<LineStyle>
				<color>ff0000ff</color>
			</LineStyle>
			<PolyStyle>
				<fill>0</fill>
			</PolyStyle>
		</Style>
		<Polygon>
			<outerBoundaryIs>
				<LinearRing>
					<coordinates>
						8.66478057799968,49.461085882748,0 8.64922056654046,49.4686173404089,0 8.64837703585669,49.47716072464249,0 8.65667730032953,49.4819213723116,0 8.67639209011997,49.4815512011705,0 8.68209646649095,49.47592162213671,0 8.67299905815527,49.47305735149871,0 8.66478057799968,49.461085882748,0 
					</coordinates>
				</LinearRing>
			</outerBoundaryIs>
		</Polygon>
	</Placemark>
	<Placemark>
		<name>01955bd7-655d-79c5-8e3a-747992f97322</name>
		<Style>
			<LineStyle>
				<color>ff0000ff</color>
			</LineStyle>
			<PolyStyle>
				<fill>0</fill>
			</PolyStyle>
		</Style>
		<Polygon>
			<outerBoundaryIs>
				<LinearRing>
					<coordinates>
						8.49917574667723,49.7678340004526,0 8.504885461374521,49.7532438215886,0 8.488818877269679,49.73436070126571,0 8.47642231444283,49.7503316198448,0 8.48030153375165,49.76522119456321,0 8.458087242879239,49.77641901988019,0 8.45867958676231,49.7841571932337,0 8.47252210566287,49.7870441754019,0 8.49352535491138,49.7829458450841,0 8.484706064203539,49.77214925270201,0 8.49917574667723,49.7678340004526,0 
					</coordinates>
				</LinearRing>
			</outerBoundaryIs>
		</Polygon>
	</Placemark>
	<Placemark>
		<name>01955bd7-655d-7561-896c-501f74df581d</name>
		<Style>
			<LineStyle>
				<color>ff0000ff</color>
			</LineStyle>
			<PolyStyle>
				<fill>0</fill>
			</PolyStyle>
		</Style>
		<Polygon>
			<outerBoundaryIs>
				<LinearRing>
					<coordinates>
						8.464944710521451,49.90528366171879,0 8.44683358950016,49.8997969430005,0 8.44560001827832,49.9002944096182,0 8.45003394265227,49.9068140897121,0 8.464944710521451,49.90528366171879,0 
					</coordinates>
				</LinearRing>
			</outerBoundaryIs>
		</Polygon>
	</Placemark>
	<Placemark>
		<name>01955bd7-655d-7845-bb01-6ce2dd067f36</name>
		<Style>
			<LineStyle>
				<color>ff0000ff</color>
			</LineStyle>
			<PolyStyle>
				<fill>0</fill>
			</PolyStyle>
		</Style>
		<Polygon>
			<outerBoundaryIs>
				<LinearRing>
					<coordinates>
						8.468689085523391,49.90561539461449,0 8.47373861093851,49.9174107456597,0 8.467469227960381,49.9291027337993,0 8.49778957374266,49.9350515883082,0 8.49625547326192,49.91516226420931,0 8.526732709239299,49.9006916501305,0 8.52746217599217,49.895655371868,0 8.510803604365879,49.8953595637129,0 8.4971394535516,49.9065636074805,0 8.484230673614659,49.8978677906488,0 8.468689085523391,49.90561539461449,0 
					</coordinates>
				</LinearRing>
			</outerBoundaryIs>
		</Polygon>
	</Placemark>
	<Placemark>
		<name>01955bd7-655d-7240-98f3-46f1b605e52d</name>
		<Style>
			<LineStyle>
				<color>ff0000ff</color>
			</LineStyle>
			<PolyStyle>
				<fill>0</fill>
			</PolyStyle>
		</Style>
		<Polygon>
			<outerBoundaryIs>
				<LinearRing>
					<coordinates>
						8.405172842355331,50.5556067112937,0 8.39437306087264,50.5534311538495,0 8.3922299741796,50.55559496827931,0 8.396287064174199,50.56041976309731,0 8.405172842355331,50.5556067112937,0 
					</coordinates>
				</LinearRing>
			</outerBoundaryIs>
		</Polygon>
	</Placemark>
	<Placemark>
		<name>01955bd7-655d-708f-b553-4a753b72e87c</name>
		<Style>
			<LineStyle>
				<color>ff0000ff</color>
			</LineStyle>
			<PolyStyle>
				<fill>0</fill>
			</PolyStyle>
		</Style>
		<Polygon>
			<outerBoundaryIs>
				<LinearRing>
					<coordinates>
						8.432534757321729,50.5500572960129,0 8.417649210959921,50.5568077144079,0 8.439446957659721,50.5560947243586,0 8.432534757321729,50.5500572960129,0 
					</coordinates>
				</LinearRing>
			</outerBoundaryIs>
		</Polygon>
	</Placemark>
	<Placemark>
		<name>01955bd7-655d-745a-a692-155ca77aaa8f</name>
		<Style>
			<LineStyle>
				<color>ff0000ff</color>
			</LineStyle>
			<PolyStyle>
				<fill>0</fill>
			</PolyStyle>
		</Style>
		<Polygon>
			<outerBoundaryIs>
				<LinearRing>
					<coordinates>
						8.43719478910392,50.5398499454612,0 8.43719870498651,50.5461167763456,0 8.46082675104971,50.5480791580502,0 8.45588707283445,50.54219077927581,0 8.43719478910392,50.5398499454612,0 
					</coordinates>
				</LinearRing>
			</outerBoundaryIs>
		</Polygon>
	</Placemark>
	<Placemark>
		<name>01955bd7-655d-747d-89df-2a6f8f1120d8</name>
		<Style>
			<LineStyle>
				<color>ff0000ff</color>
			</LineStyle>
			<PolyStyle>
				<fill>0</fill>
			</PolyStyle>
		</Style>
		<Polygon>
			<outerBoundaryIs>
				<LinearRing>
					<coordinates>
						8.470894537372811,50.5503222104744,0 8.479651892476641,50.55578892580289,0 8.46961329788321,50.5672924304433,0 8.479429296371871,50.5718490210638,0 8.47571464739028,50.578857507275,0 8.46006687933389,50.58097212761061,0 8.44759167567971,50.5915078866892,0 8.45649640052266,50.59823716800899,0 8.494534321114831,50.5859293902689,0 8.501477198484,50.57778174533001,0 8.519499713866191,50.5867239476569,0 8.53461782038687,50.5845208283513,0 8.51685595157292,50.5775415052945,0 8.51158340102506,50.5701247327847,0 8.53179275691789,50.5665378876393,0 8.51344389580497,50.5606604305508,0 8.536067287209161,50.55323871020159,0 8.537294095950861,50.5362345126623,0 8.51044132529276,50.5407673479662,0 8.50358085559094,50.5322252740868,0 8.491010888680391,50.528448707939,0 8.48710386679624,50.53212077868019,0 8.499438722824371,50.5442629526121,0 8.470894537372811,50.5503222104744,0 
					</coordinates>
				</LinearRing>
			</outerBoundaryIs>
		</Polygon>
	</Placemark>
	<Placemark>
		<name>01955bd7-655d-7ec9-926d-c9f9a4e303d2</name>
		<Style>
			<LineStyle>
				<color>ff0000ff</color>
			</LineStyle>
			<PolyStyle>
				<fill>0</fill>
			</PolyStyle>
		</Style>
		<Polygon>
			<outerBoundaryIs>
				<LinearRing>
					<coordinates>
						8.53785548785649,50.5846806990082,0 8.54883530159309,50.5937027962839,0 8.564987830219261,50.5824454532882,0 8.589329564712409,50.58195806998721,0 8.59283768598301,50.57714416064571,0 8.55981818411164,50.57549824861681,0 8.53785548785649,50.5846806990082,0 
					</coordinates>
				</LinearRing>
			</outerBoundaryIs>
		</Polygon>
	</Placemark>
	<Placemark>
		<name>01955bd7-655d-70ce-8aa5-cbb28cbef22f</name>
		<Style>
			<LineStyle>
				<color>ff0000ff</color>
			</LineStyle>
			<PolyStyle>
				<fill>0</fill>
			</PolyStyle>
		</Style>
		<Polygon>
			<outerBoundaryIs>
				<LinearRing>
					<coordinates>
						8.41184972677725,51.9328426347501,0 8.396292801285661,51.9494327993092,0 8.397849675133619,51.9547699801138,0 8.449502601623641,51.940141850732,0 8.448462870081491,51.9313225883718,0 8.437758949416439,51.9273536096063,0 8.4323793330699,51.93406612840379,0 8.42782873867924,51.92889208447279,0 8.440278303861691,51.9016799656093,0 8.42599970832423,51.903118738588,0 8.417880453999899,51.8940750675189,0 8.441418980962849,51.8918214448755,0 8.44745900479856,51.8972773388928,0 8.46929819158462,51.89551579864231,0 8.46993807507622,51.8881996435105,0 8.430273036425961,51.8720217968993,0 8.41073313647999,51.8788725348732,0 8.38706659288215,51.8746132692613,0 8.34839186465155,51.88158613325731,0 8.348103838414641,51.8937020811583,0 8.33389848738701,51.9031044341598,0 8.336147472627189,51.9099192860255,0 8.34758859228983,51.9107769603136,0 8.35867987351066,51.9229441838729,0 8.356721931748581,51.9366191545941,0 8.401272350599079,51.9266476656765,0 8.41184972677725,51.9328426347501,0 
					</coordinates>
				</LinearRing>
			</outerBoundaryIs>
		</Polygon>
	</Placemark>
	<Placemark>
		<name>01955bd7-655d-7355-8a74-98abe91596c3</name>
		<Style>
			<LineStyle>
				<color>ff0000ff</color>
			</LineStyle>
			<PolyStyle>
				<fill>0</fill>
			</PolyStyle>
		</Style>
		<Polygon>
			<outerBoundaryIs>
				<LinearRing>
					<coordinates>
						8.453830162155199,52.8866556074941,0 8.434922860131779,52.8778467281097,0 8.4014367203778,52.8818474038963,0 8.40716747088595,52.8917055459306,0 8.397404172521631,52.90030879323,0 8.443927296289591,52.90735643758619,0 8.45641072344721,52.91550004469369,0 8.465630656190971,52.9069323833857,0 8.484957380613199,52.90383755466941,0 8.47147181870147,52.8986247854525,0 8.448724923211,52.8993299486433,0 8.450110381932239,52.89074562193261,0 8.46491426681189,52.89209457281311,0 8.47036833473884,52.88847800385291,0 8.453830162155199,52.8866556074941,0 
					</coordinates>
				</LinearRing>
			</outerBoundaryIs>
		</Polygon>
	</Placemark>
	<Placemark>
		<name>01955bd7-655d-73a4-a66a-c85d6a1bc948</name>
		<Style>
			<LineStyle>
				<color>ff0000ff</color>
			</LineStyle>
			<PolyStyle>
				<fill>0</fill>
			</PolyStyle>
		</Style>
		<Polygon>
			<outerBoundaryIs>
				<LinearRing>
					<coordinates>
						8.458018675478259,53.3491828078061,0 8.47095913381694,53.35401317715931,0 8.483223925314579,53.3461749779868,0 8.48550981679176,53.3574035165674,0 8.4946452236975,53.3570154051952,0 8.48421245204092,53.2951786463867,0 8.472363417779031,53.3046536319276,0 8.47298572574595,53.3183844155547,0 8.45906898733419,53.3243519405617,0 8.458576353521931,53.3337172761986,0 8.46866290933548,53.3412334226091,0 8.458018675478259,53.3491828078061,0 
					</coordinates>
				</LinearRing>
			</outerBoundaryIs>
		</Polygon>
	</Placemark>
	<Placemark>
		<name>01955bd7-655d-734a-bcb1-1bfdd3707fae</name>
		<Style>
			<LineStyle>
				<color>ff0000ff</color>
			</LineStyle>
			<PolyStyle>
				<fill>0</fill>
			</PolyStyle>
		</Style>
		<Polygon>
			<outerBoundaryIs>
				<LinearRing>
					<coordinates>
						8.45463898719413,53.4819183174334,0 8.451924029243189,53.47577913591959,0 8.431964430698709,53.4857288934174,0 8.438124100155269,53.4885747912571,0 8.45463898719413,53.4819183174334,0 
					</coordinates>
				</LinearRing>
			</outerBoundaryIs>
		</Polygon>
	</Placemark>
	<Placemark>
		<name>01955bd7-655d-78fb-9580-b43ae5e95161</name>
		<Style>
			<LineStyle>
				<color>ff0000ff</color>
			</LineStyle>
			<PolyStyle>
				<fill>0</fill>
			</PolyStyle>
		</Style>
		<Polygon>
			<outerBoundaryIs>
				<LinearRing>
					<coordinates>
						8.457593863037109,53.4832836478526,0 8.462033999191579,53.49556361541999,0 8.48750345360058,53.5141322007332,0 8.501240102895739,53.51342838735179,0 8.51483420710518,53.52071885071331,0 8.525331112514269,53.53681545153021,0 8.550063829576089,53.5305853029957,0 8.55095119260768,53.5246951481516,0 8.509863792588421,53.5045288265436,0 8.47398129731798,53.4677742839511,0 8.457593863037109,53.4832836478526,0 
					</coordinates>
				</LinearRing>
			</outerBoundaryIs>
		</Polygon>
	</Placemark>
	<Placemark>
		<name>01955bd7-655d-7a5e-8479-21d9e7c4cede</name>
		<Style>
			<LineStyle>
				<color>ff0000ff</color>
			</LineStyle>
			<PolyStyle>
				<fill>0</fill>
			</PolyStyle>
		</Style>
		<Polygon>
			<outerBoundaryIs>
				<LinearRing>
					<coordinates>
						8.635817057930121,53.5426479250667,0 8.663813039751171,53.53350046846311,0 8.662036763919771,53.5258176603529,0 8.62333067997519,53.5124348032485,0 8.626154625461989,53.5053905548892,0 8.60614560726577,53.4910984383626,0 8.60963683571072,53.4852722486943,0 8.57868809486537,53.4877188441269,0 8.58207935352331,53.511226176493,0 8.5698370136666,53.51690923712949,0 8.575867436420481,53.5386474703463,0 8.51658798682238,53.6015983010606,0 8.528112938277051,53.6013173735023,0 8.535252290843051,53.6059258443333,0 8.54463031052301,53.5979223502774,0 8.57856843655243,53.5988465668899,0 8.59661060406086,53.61812080452911,0 8.607452905098061,53.6169140809612,0 8.64171206475123,53.6248427556762,0 8.642406791657249,53.6197335898229,0 8.60415199709826,53.60522995741739,0 8.61799400829711,53.5971066158761,0 8.627373958230891,53.6016471485494,0 8.64170586188518,53.5988364925073,0 8.631587512832089,53.59122712374459,0 8.64154479741107,53.5776607654648,0 8.63973511690946,53.57001434598751,0 8.609143124722751,53.56668010888111,0 8.60316389330332,53.54040375960051,0 8.62689409535124,53.5343347967443,0 8.635817057930121,53.5426479250667,0 
					</coordinates>
				</LinearRing>
			</outerBoundaryIs>
		</Polygon>
	</Placemark>
	<Placemark>
		<name>01955bd7-655d-76b7-ba25-efc76acbe779</name>
		<Style>
			<LineStyle>
				<color>ff0000ff</color>
			</LineStyle>
			<PolyStyle>
				<fill>0</fill>
			</PolyStyle>
		</Style>
		<Polygon>
			<outerBoundaryIs>
				<LinearRing>
					<coordinates>
						8.795928565429231,47.9919369485883,0 8.82976594949398,47.9997373968823,0 8.83358573953174,47.9886574480324,0 8.85157302385411,47.9811413580068,0 8.84633157472661,47.9698669084304,0 8.80266327243206,47.9764323793333,0 8.784195801584859,47.95758570954091,0 8.756547375682709,47.95613800251899,0 8.78016535359278,47.96434450214561,0 8.795928565429231,47.9919369485883,0 
					</coordinates>
				</LinearRing>
			</outerBoundaryIs>
		</Polygon>
	</Placemark>
	<Placemark>
		<name>01955bd7-655d-79eb-9f62-4a3689ce1863</name>
		<Style>
			<LineStyle>
				<color>ff0000ff</color>
			</LineStyle>
			<PolyStyle>
				<fill>0</fill>
			</PolyStyle>
		</Style>
		<Polygon>
			<outerBoundaryIs>
				<LinearRing>
					<coordinates>
						8.73630342283213,48.54687090730409,0 8.757141651303099,48.53718928526269,0 8.777633159770589,48.53745213555659,0 8.78266365670058,48.53024925398289,0 8.773496548702569,48.5277303568532,0 8.74118435666713,48.5350052152129,0 8.72433498713106,48.5280927262066,0 8.71616941222587,48.531459498474,0 8.71004507260422,48.5515826700354,0 8.727202192005031,48.568355549856,0 8.73981771152817,48.55268516538601,0 8.73630342283213,48.54687090730409,0 
					</coordinates>
				</LinearRing>
			</outerBoundaryIs>
		</Polygon>
	</Placemark>
	<Placemark>
		<name>01955bd7-655d-73a6-bb91-7111748bd133</name>
		<Style>
			<LineStyle>
				<color>ff0000ff</color>
			</LineStyle>
			<PolyStyle>
				<fill>0</fill>
			</PolyStyle>
		</Style>
		<Polygon>
			<outerBoundaryIs>
				<LinearRing>
					<coordinates>
						8.62650831087006,48.8795889547155,0 8.643900291220991,48.88190053366271,0 8.64771769212301,48.9086492234481,0 8.66274821871008,48.91060975215451,0 8.658834258405999,48.9254822074922,0 8.672229088530051,48.9247498619876,0 8.682394857117121,48.9131501074477,0 8.694001029607239,48.91070280782639,0 8.696883497993181,48.90189133754041,0 8.707797070631299,48.9159134091983,0 8.726121284394001,48.9250108747816,0 8.73085805381139,48.92274666612419,0 8.72281015804743,48.9086899527497,0 8.72716293471604,48.9055877589113,0 8.745144870017169,48.91922263516881,0 8.77586440897832,48.9228580329406,0 8.79088862307608,48.9199104188843,0 8.78704861698399,48.9089989126596,0 8.7608198113253,48.9144583599197,0 8.74750815600609,48.9053594608248,0 8.748105332442631,48.89400828081399,0 8.735976031348329,48.8990076383565,0 8.72717897195348,48.89276184655099,0 8.75697325776332,48.8848982262482,0 8.747135417441539,48.8844008620062,0 8.740363247115051,48.87813085023441,0 8.695149695525711,48.87479312571429,0 8.68829360698653,48.8680195500881,0 8.667767562346519,48.8649105060016,0 8.66521194940932,48.8509930925739,0 8.65483293178565,48.8544315898973,0 8.66491964040342,48.86452038975279,0 8.660714021805431,48.8760745049532,0 8.641998718252211,48.8660547532399,0 8.62258286844181,48.8681389652605,0 8.62650831087006,48.8795889547155,0 
					</coordinates>
				</LinearRing>
			</outerBoundaryIs>
		</Polygon>
	</Placemark>
	<Placemark>
		<name>01955bd7-655d-7dcb-bd7b-eb58e16b253e</name>
		<Style>
			<LineStyle>
				<color>ff0000ff</color>
			</LineStyle>
			<PolyStyle>
				<fill>0</fill>
			</PolyStyle>
		</Style>
		<Polygon>
			<outerBoundaryIs>
				<LinearRing>
					<coordinates>
						8.670559102316661,49.3009124803674,0 8.68941379822466,49.29790778288421,0 8.693703805281331,49.3059121809288,0 8.70249895830052,49.3064657288916,0 8.71584662759018,49.29767098237081,0 8.70150598714288,49.2862640152595,0 8.6809627344881,49.285072105934,0 8.671422735648649,49.2725467956382,0 8.625782008258501,49.302998183734,0 8.63882333883447,49.3153611945273,0 8.6559399582074,49.31045326973331,0 8.65695951988446,49.295924043111,0 8.670559102316661,49.3009124803674,0 
					</coordinates>
				</LinearRing>
			</outerBoundaryIs>
		</Polygon>
	</Placemark>
	<Placemark>
		<name>01955bd7-655d-7044-ad12-2c4e59307e49</name>
		<Style>
			<LineStyle>
				<color>ff0000ff</color>
			</LineStyle>
			<PolyStyle>
				<fill>0</fill>
			</PolyStyle>
		</Style>
		<Polygon>
			<outerBoundaryIs>
				<LinearRing>
					<coordinates>
						8.760556583557889,49.3455332464593,0 8.75962591843196,49.3386825684264,0 8.75808095953855,49.3382632224204,0 8.74965119353296,49.3436312169637,0 8.75219537793393,49.3477754837519,0 8.760556583557889,49.3455332464593,0 
					</coordinates>
				</LinearRing>
			</outerBoundaryIs>
		</Polygon>
	</Placemark>
	<Placemark>
		<name>01955bd7-655d-712a-a84e-f1201a09c28b</name>
		<Style>
			<LineStyle>
				<color>ff0000ff</color>
			</LineStyle>
			<PolyStyle>
				<fill>0</fill>
			</PolyStyle>
		</Style>
		<Polygon>
			<outerBoundaryIs>
				<LinearRing>
					<coordinates>
						8.76448071759491,49.3469615090714,0 8.774733730406441,49.3608940545244,0 8.764024979971881,49.3781762008707,0 8.77321333520325,49.3773498179803,0 8.78153934070157,49.365946862211,0 8.804417412281049,49.36811997202661,0 8.8132704487503,49.361708300878,0 8.809756662660099,49.3578736688993,0 8.79141709807252,49.3576713876803,0 8.787932714475209,49.34995755707641,0 8.804205788897789,49.3445491069239,0 8.807330729206001,49.3368736311411,0 8.787706735663789,49.335456383121,0 8.790286151439959,49.3466186679332,0 8.76448071759491,49.3469615090714,0 
					</coordinates>
				</LinearRing>
			</outerBoundaryIs>
		</Polygon>
	</Placemark>
	<Placemark>
		<name>01955bd7-655d-7aa4-9619-8ebeeda0b904</name>
		<Style>
			<LineStyle>
				<color>ff0000ff</color>
			</LineStyle>
			<PolyStyle>
				<fill>0</fill>
			</PolyStyle>
		</Style>
		<Polygon>
			<outerBoundaryIs>
				<LinearRing>
					<coordinates>
						8.65830725761227,49.56584322830981,0 8.631553410417579,49.5934430858502,0 8.644835542400489,49.601613224414,0 8.63815674610046,49.6128409996118,0 8.649972338160479,49.6186136170951,0 8.666633732144881,49.5925477599797,0 8.664737004627661,49.5757023208581,0 8.686070921998761,49.5442320268099,0 8.67112190411334,49.5384206065461,0 8.676294697160751,49.5263395057591,0 8.66849108031186,49.49612063648649,0 8.645449791443751,49.49097499397719,0 8.655773366954801,49.50415401323521,0 8.65610795269839,49.51956071994151,0 8.63494281562034,49.528690795757,0 8.62428367135381,49.5473397920572,0 8.64185474838882,49.5517258093125,0 8.65830725761227,49.56584322830981,0 
					</coordinates>
				</LinearRing>
			</outerBoundaryIs>
		</Polygon>
	</Placemark>
	<Placemark>
		<name>01955bd7-655d-7a2c-b05f-34c62bfccb50</name>
		<Style>
			<LineStyle>
				<color>ff0000ff</color>
			</LineStyle>
			<PolyStyle>
				<fill>0</fill>
			</PolyStyle>
		</Style>
		<Polygon>
			<outerBoundaryIs>
				<LinearRing>
					<coordinates>
						8.64896243945755,49.6757607623263,0 8.63165629861242,49.66490180092389,0 8.583922722755959,49.6694342918693,0 8.588222732679389,49.6869911106199,0 8.607082924588569,49.69584826096289,0 8.6123763175916,49.7120045275063,0 8.60199485518592,49.72350017918539,0 8.611324651306409,49.73415285113601,0 8.600042562613339,49.7386658942573,0 8.60813471080589,49.7523529627245,0 8.6019735323146,49.75980164623779,0 8.627232785616229,49.7569907648254,0 8.630271239187749,49.7732971777971,0 8.640784581066489,49.7774280241479,0 8.64945855709548,49.77550557982449,0 8.65248809479437,49.7615099563529,0 8.626774147436469,49.7365335208425,0 8.615949356221959,49.7325556463917,0 8.626769919677979,49.686945759697,0 8.64896243945755,49.6757607623263,0 
					</coordinates>
				</LinearRing>
			</outerBoundaryIs>
		</Polygon>
	</Placemark>
	<Placemark>
		<name>01955bd7-655d-73cd-96de-685a5a2da5f4</name>
		<Style>
			<LineStyle>
				<color>ff0000ff</color>
			</LineStyle>
			<PolyStyle>
				<fill>0</fill>
			</PolyStyle>
		</Style>
		<Polygon>
			<outerBoundaryIs>
				<LinearRing>
					<coordinates>
						8.581675684207379,49.8115685339838,0 8.568228621184669,49.8075717817384,0 8.56348195593681,49.808970391145,0 8.56735977142119,49.8161372160108,0 8.581675684207379,49.8115685339838,0 
					</coordinates>
				</LinearRing>
			</outerBoundaryIs>
		</Polygon>
	</Placemark>
	<Placemark>
		<name>01955bd7-655d-7803-8edb-39023f2e7959</name>
		<Style>
			<LineStyle>
				<color>ff0000ff</color>
			</LineStyle>
			<PolyStyle>
				<fill>0</fill>
			</PolyStyle>
		</Style>
		<Polygon>
			<outerBoundaryIs>
				<LinearRing>
					<coordinates>
						8.58467446517496,49.81106911555061,0 8.635313757478229,49.8256724938126,0 8.642485909434861,49.8403626808819,0 8.61854033412466,49.8466100810148,0 8.622456810835651,49.85607744946699,0 8.61447870241485,49.8659803141866,0 8.60227508950177,49.8637524485898,0 8.59770883654183,49.85621264261471,0 8.571746087876569,49.8509956512183,0 8.55473200513263,49.8511636189746,0 8.54830718899707,49.8563678433697,0 8.548571399723899,49.8703843885916,0 8.56251665271723,49.871777418024,0 8.57755755048087,49.8669948395641,0 8.61460980534434,49.8727623709528,0 8.61228107231681,49.8845729692451,0 8.576516486873521,49.900732174494,0 8.55842013291692,49.9158901737809,0 8.577741493381129,49.9165877209629,0 8.63564513126555,49.8956305314512,0 8.644235551835379,49.90979889550939,0 8.639297714689381,49.9167648378313,0 8.652464088914559,49.9204132283538,0 8.682041616274519,49.9077548136954,0 8.68975934041138,49.8983975486515,0 8.68011212691543,49.8910180553749,0 8.68627555438389,49.8834404871662,0 8.683102575873679,49.8611590376869,0 8.656633431972219,49.8438852522544,0 8.65201789225458,49.82695533998201,0 8.65826078500732,49.806904983652,0 8.63459388787436,49.7955810316808,0 8.61909841593064,49.7964407712454,0 8.61087534728636,49.791677613649,0 8.598727206061531,49.79485241526291,0 8.58467446517496,49.81106911555061,0 
					</coordinates>
				</LinearRing>
			</outerBoundaryIs>
		</Polygon>
	</Placemark>
	<Placemark>
		<name>01955bd7-655d-7424-a94e-a638ecac991d</name>
		<Style>
			<LineStyle>
				<color>ff0000ff</color>
			</LineStyle>
			<PolyStyle>
				<fill>0</fill>
			</PolyStyle>
		</Style>
		<Polygon>
			<outerBoundaryIs>
				<LinearRing>
					<coordinates>
						8.652557374545459,49.92512149846041,0 8.64097623278392,49.92988449974061,0 8.64050420851015,49.9319355531994,0 8.659321042091401,49.9335322938643,0 8.652557374545459,49.92512149846041,0 
					</coordinates>
				</LinearRing>
			</outerBoundaryIs>
		</Polygon>
	</Placemark>
	<Placemark>
		<name>01955bd7-655d-7147-ba8b-6a7a26ecfade</name>
		<Style>
			<LineStyle>
				<color>ff0000ff</color>
			</LineStyle>
			<PolyStyle>
				<fill>0</fill>
			</PolyStyle>
		</Style>
		<Polygon>
			<outerBoundaryIs>
				<LinearRing>
					<coordinates>
						8.653675876643049,50.0077209496476,0 8.665454858041381,50.000805169059,0 8.68432409608238,49.99950876220201,0 8.69499441867003,49.9827308343677,0 8.67776212314833,49.9773412859496,0 8.64830519432952,49.9831906440008,0 8.63890170413444,49.9893404733141,0 8.642894915498619,50.0035914160646,0 8.653675876643049,50.0077209496476,0 
					</coordinates>
				</LinearRing>
			</outerBoundaryIs>
		</Polygon>
	</Placemark>
	<Placemark>
		<name>01955bd7-655d-7c1a-bf0a-1265470dcca8</name>
		<Style>
			<LineStyle>
				<color>ff0000ff</color>
			</LineStyle>
			<PolyStyle>
				<fill>0</fill>
			</PolyStyle>
		</Style>
		<Polygon>
			<outerBoundaryIs>
				<LinearRing>
					<coordinates>
						8.67525143510202,49.97396341202981,0 8.671471156810229,49.95336479586879,0 8.643568004847671,49.9712206506327,0 8.67525143510202,49.97396341202981,0 
					</coordinates>
				</LinearRing>
			</outerBoundaryIs>
		</Polygon>
	</Placemark>
	<Placemark>
		<name>01955bd7-655d-763e-80ce-49fb6ff86312</name>
		<Style>
			<LineStyle>
				<color>ff0000ff</color>
			</LineStyle>
			<PolyStyle>
				<fill>0</fill>
			</PolyStyle>
		</Style>
		<Polygon>
			<outerBoundaryIs>
				<LinearRing>
					<coordinates>
						8.796888036810349,50.0001804206505,0 8.784946672083899,50.00093991534611,0 8.76959891844254,49.9916217722732,0 8.76209492629425,49.9970001021492,0 8.76061357744716,50.01587521806351,0 8.78588326836346,50.0352083770786,0 8.797952983693991,50.0317357617362,0 8.806391412840259,50.0200668656628,0 8.79557849205969,50.01148473265129,0 8.796888036810349,50.0001804206505,0 
					</coordinates>
				</LinearRing>
			</outerBoundaryIs>
		</Polygon>
	</Placemark>
	<Placemark>
		<name>01955bd7-655d-7ddd-8aa6-7e8b04508e47</name>
		<Style>
			<LineStyle>
				<color>ff0000ff</color>
			</LineStyle>
			<PolyStyle>
				<fill>0</fill>
			</PolyStyle>
		</Style>
		<Polygon>
			<outerBoundaryIs>
				<LinearRing>
					<coordinates>
						8.666311268130141,50.05452132476011,0 8.716930903361369,50.0614278944261,0 8.73127593518727,50.0708075842925,0 8.758204932163549,50.0586824730833,0 8.750569330013301,50.054808904189,0 8.73168018327196,50.0614696221214,0 8.711629447014021,50.042095483707,0 8.708719186472599,50.0133013761803,0 8.73874538418525,50.002770806827,0 8.74174746608537,49.9954608455641,0 8.73639025456346,49.9919217933087,0 8.70472605366909,49.99664034499219,0 8.6798767845426,50.0138843409823,0 8.659303775356401,50.0203502706941,0 8.662202646040891,50.0296679326691,0 8.692480013381511,50.0381094415268,0 8.66605996253872,50.0470038388691,0 8.666311268130141,50.05452132476011,0 
					</coordinates>
				</LinearRing>
			</outerBoundaryIs>
		</Polygon>
	</Placemark>
	<Placemark>
		<name>01955bd7-655d-7ca4-a85a-a0daa243b921</name>
		<Style>
			<LineStyle>
				<color>ff0000ff</color>
			</LineStyle>
			<PolyStyle>
				<fill>0</fill>
			</PolyStyle>
		</Style>
		<Polygon>
			<outerBoundaryIs>
				<LinearRing>
					<coordinates>
						8.745978186978901,50.34622912882361,0 8.75678630526272,50.3486524042571,0 8.756268116673141,50.3526338086762,0 8.72194283982089,50.3586597550194,0 8.73261135158752,50.37455188942529,0 8.715033407851459,50.3819577934324,0 8.72061956846577,50.3857709917856,0 8.747852646231509,50.3792808279675,0 8.75487082078471,50.3701938203695,0 8.76556964399278,50.3671619693279,0 8.76038439683016,50.3593927370387,0 8.770817249582061,50.354988054152,0 8.75949949475449,50.3499051919656,0 8.778118927450089,50.3247007184806,0 8.761128229628699,50.3164270652815,0 8.738648632409181,50.3203780882121,0 8.734941257864101,50.3291503467381,0 8.715588645019761,50.33005966416481,0 8.722167053347899,50.3366090416689,0 8.738191349431959,50.3340423716333,0 8.745978186978901,50.34622912882361,0 
					</coordinates>
				</LinearRing>
			</outerBoundaryIs>
		</Polygon>
	</Placemark>
	<Placemark>
		<name>01955bd7-655d-7f78-a103-f8d19a58a4f6</name>
		<Style>
			<LineStyle>
				<color>ff0000ff</color>
			</LineStyle>
			<PolyStyle>
				<fill>0</fill>
			</PolyStyle>
		</Style>
		<Polygon>
			<outerBoundaryIs>
				<LinearRing>
					<coordinates>
						8.61438976545978,50.5597572715078,0 8.63889903012319,50.5614129507222,0 8.646774002390449,50.575901763324,0 8.610569029920329,50.58347983124269,0 8.6079966936472,50.5916030824736,0 8.62474523950438,50.588773415865,0 8.628546720716219,50.5975143134942,0 8.644169814658721,50.5900308514441,0 8.65457158054882,50.59818341836829,0 8.63029639556092,50.6211694165134,0 8.63440136953548,50.6298119436743,0 8.64643568553579,50.6200201228327,0 8.65506620334347,50.62368885485581,0 8.66643849247102,50.6197066484624,0 8.657032022555491,50.6129629758163,0 8.66589588431691,50.6019078371586,0 8.674130130688971,50.6074455016135,0 8.68888684985491,50.6052028467789,0 8.70054291832821,50.61582592961621,0 8.714921333297371,50.6131433119381,0 8.721226480745161,50.60320726782701,0 8.74519670821879,50.60381392697209,0 8.74857365883866,50.6254664141662,0 8.75946307031627,50.6256512529376,0 8.755191153580331,50.5979706158222,0 8.71450696785741,50.58358517546669,0 8.71198303996732,50.5728220052022,0 8.68306059661797,50.55837814286151,0 8.666830175515839,50.5636960236415,0 8.651933079149581,50.5522664629108,0 8.6157987826275,50.548961606591,0 8.611616164852739,50.55954277144699,0 8.58269889124125,50.5483519935052,0 8.56955827056416,50.54997196536721,0 8.58730542277025,50.55408121739241,0 8.59724773404842,50.5640239580985,0 8.61253118042586,50.564739198022,0 8.61438976545978,50.5597572715078,0 
					</coordinates>
				</LinearRing>
			</outerBoundaryIs>
		</Polygon>
	</Placemark>
	<Placemark>
		<name>01955bd7-655d-7089-b689-d74b0c5cc18e</name>
		<Style>
			<LineStyle>
				<color>ff0000ff</color>
			</LineStyle>
			<PolyStyle>
				<fill>0</fill>
			</PolyStyle>
		</Style>
		<Polygon>
			<outerBoundaryIs>
				<LinearRing>
					<coordinates>
						8.7252836451701,50.75756620656969,0 8.72894554688289,50.765336895476,0 8.759958754851271,50.77672245090991,0 8.75549848326262,50.7877343938704,0 8.73323954908361,50.79020339061041,0 8.741516947046239,50.819647829634,0 8.764143455330061,50.823638904994,0 8.747998750500731,50.84315030070229,0 8.76667274746373,50.844588557115,0 8.783404682205161,50.85463667786189,0 8.787503954028169,50.8500313702145,0 8.775555731447801,50.8428498641861,0 8.77517056386603,50.8326828680396,0 8.79659018045683,50.8003313265019,0 8.802925329185451,50.80160207936671,0 8.805373670824061,50.8158310897351,0 8.810150790892351,50.8150561975003,0 8.810113274812769,50.800727137982,0 8.79639135102833,50.79875822842309,0 8.778720867686451,50.78211838458309,0 8.78141126471162,50.7732912082442,0 8.771602571926859,50.76799274842999,0 8.74372952442163,50.7676995453922,0 8.73880250043654,50.7540923455162,0 8.7252836451701,50.75756620656969,0 
					</coordinates>
				</LinearRing>
			</outerBoundaryIs>
		</Polygon>
	</Placemark>
	<Placemark>
		<name>01955bd7-655d-78b8-9081-5172fce8a179</name>
		<Style>
			<LineStyle>
				<color>ff0000ff</color>
			</LineStyle>
			<PolyStyle>
				<fill>0</fill>
			</PolyStyle>
		</Style>
		<Polygon>
			<outerBoundaryIs>
				<LinearRing>
					<coordinates>
						8.717449790583141,51.6426246748839,0 8.69425131051954,51.6520635521518,0 8.713347554740469,51.6565991274757,0 8.72058954272099,51.6724604601754,0 8.73108315236478,51.6782781629949,0 8.73090975080545,51.6962665482394,0 8.699857880745871,51.7035714140399,0 8.71076704658749,51.7136179306125,0 8.71264124337117,51.7273325628315,0 8.68271206029403,51.7270419404868,0 8.663753915027369,51.7382287157598,0 8.668830497289139,51.7472467848619,0 8.70481938809999,51.7491890232667,0 8.71650475732527,51.7578376025117,0 8.70537303567364,51.7675430631957,0 8.70758410851627,51.7774278744418,0 8.69567811196826,51.79490055243659,0 8.73047337465904,51.7779587067592,0 8.732913405555619,51.7631662613598,0 8.74710493361844,51.7601987553447,0 8.744424636249819,51.7492408994845,0 8.764040198378179,51.7508590685085,0 8.7733243603533,51.7467885273913,0 8.774572101823891,51.73904902875839,0 8.789495888582829,51.7384741057608,0 8.808920906470011,51.7200751949682,0 8.79521873793712,51.7050823805624,0 8.749268229259529,51.6976004832778,0 8.74845148978971,51.687178763258,0 8.73185652585402,51.6783083733994,0 8.736048866852769,51.6577541021596,0 8.717449790583141,51.6426246748839,0 
					</coordinates>
				</LinearRing>
			</outerBoundaryIs>
		</Polygon>
	</Placemark>
	<Placemark>
		<name>01955bd7-655d-7ef5-b858-895e45df9a80</name>
		<Style>
			<LineStyle>
				<color>ff0000ff</color>
			</LineStyle>
			<PolyStyle>
				<fill>0</fill>
			</PolyStyle>
		</Style>
		<Polygon>
			<outerBoundaryIs>
				<LinearRing>
					<coordinates>
						8.513880634642391,51.9384992757245,0 8.49655831926912,51.9389413141332,0 8.48878467471566,51.9316581033553,0 8.46459835644254,51.9378603574426,0 8.48787586345772,51.9446451610163,0 8.501924165173021,51.9570174052855,0 8.495048801266501,51.9627382422377,0 8.45946753219587,51.95408167077269,0 8.45017424518252,51.9586153082417,0 8.449320810073081,51.9659859932068,0 8.429527158362619,51.9650088538198,0 8.46189493054103,51.9857295207972,0 8.46122318869735,51.9937302278109,0 8.44811276574535,51.99574130596609,0 8.44929501937394,52.00748545686711,0 8.424460812174679,51.9974875014034,0 8.4043814721453,51.9983497531431,0 8.401967207270321,52.010362258913,0 8.418117262331929,52.0163551639661,0 8.40035184499904,52.0304933758566,0 8.38880778944592,52.029410131756,0 8.383549971352201,52.0233540884208,0 8.37485245068496,52.0258282636297,0 8.3662382611705,52.0458594689479,0 8.347459261932009,52.04566432899559,0 8.325545787953009,52.0320400625854,0 8.32527843455172,52.03999444547519,0 8.33703091446265,52.0424048200645,0 8.340894215514989,52.05288536992871,0 8.332343839396801,52.0622314851472,0 8.33689931598669,52.06904158986919,0 8.36170109573834,52.0699696452966,0 8.40202066284955,52.0308864882112,0 8.461254121159721,52.0129898846522,0 8.466026738089029,52.002889659361,0 8.478082107819979,52.00860369380229,0 8.497122623398781,52.0047425728691,0 8.49929409538146,52.020821501109,0 8.464525135060869,52.0246876107302,0 8.45925881637921,52.0417260899801,0 8.44450839619795,52.0404663464271,0 8.42941647694318,52.04491967193999,0 8.46629440847903,52.05683499778,0 8.45401717234075,52.06753528230719,0 8.46951685984498,52.08113862791609,0 8.483396473070989,52.0736173731448,0 8.46649910648043,52.0659257901577,0 8.467421175846059,52.0620881390313,0 8.51679814947091,52.0620753850443,0 8.499371955805699,52.07936155175721,0 8.503535304157021,52.086502821899,0 8.49559395348667,52.10044322923251,0 8.535204280723701,52.1052350420082,0 8.54093484436911,52.11800980542191,0 8.54944915867598,52.1196338361885,0 8.55754350474804,52.1127647074691,0 8.537640585167759,52.1069398013488,0 8.54039476699227,52.08084895859331,0 8.52560375906363,52.0824323498965,0 8.527239492620939,52.06946758082431,0 8.540427533765961,52.06154782175509,0 8.555864015721729,52.063378892371,0 8.56961319741805,52.0543020543093,0 8.571767961413091,52.0450287670034,0 8.598983736645589,52.0624916935969,0 8.57700590269881,52.0611156692554,0 8.57254236854839,52.0725740144627,0 8.555170200387501,52.0683180767363,0 8.544503250554101,52.07967510763719,0 8.56429213122264,52.0789648559663,0 8.57468238647076,52.0738397400034,0 8.60330521816716,52.082506049106,0 8.61047253461337,52.0981182966518,0 8.644694808293769,52.10821142496861,0 8.63079639244553,52.1212686189567,0 8.61709465258072,52.1218574381247,0 8.60362779674438,52.11356350390519,0 8.60317128223763,52.1221019301346,0 8.616461419351779,52.1366105958123,0 8.592620454522811,52.1474442851151,0 8.57767755872556,52.1422223767635,0 8.579518768522879,52.1346502802763,0 8.565204243725271,52.12911622238791,0 8.53779461957112,52.1381224961624,0 8.490778830836151,52.1352596065502,0 8.489854289449569,52.1217751478679,0 8.482157305347361,52.1194192683296,0 8.47273573504471,52.1384488218676,0 8.48152245170643,52.1491476646927,0 8.49310379563504,52.1502519254839,0 8.50669841977377,52.1434228213439,0 8.52910697136317,52.14928954587919,0 8.52936175417647,52.1438063428979,0 8.539792603442811,52.14170708703,0 8.547528654067181,52.15007399167641,0 8.56675692130734,52.154473299573,0 8.58359951726885,52.1674066910041,0 8.55363522955771,52.1803023938057,0 8.56715360841792,52.1883226165608,0 8.565589331047979,52.19256297673461,0 8.528248663248711,52.1891766490274,0 8.50705818600945,52.1917860729018,0 8.512929460952311,52.2001051385875,0 8.49813873399204,52.2074130506704,0 8.48020697723039,52.196983167008,0 8.44892145883105,52.19133298966739,0 8.443275664209519,52.2089815775868,0 8.46198183900143,52.2220405877954,0 8.47077687620296,52.2145274908689,0 8.483710093794111,52.2158772119157,0 8.48873844018622,52.2220515843039,0 8.517755651992189,52.20976367538179,0 8.535776773144519,52.207988864851,0 8.53597986020381,52.22267753533651,0 8.56465761414265,52.2119431860938,0 8.580046530163649,52.2341967372397,0 8.592637267638571,52.2276472540418,0 8.592740267546411,52.21126849877,0 8.62215433996146,52.214737867047,0 8.632528985213421,52.208783740577,0 8.6601589839554,52.2219098471647,0 8.6587273736155,52.2084211932881,0 8.69285426073856,52.2139595636198,0 8.705498666805431,52.2113666485831,0 8.69810119517617,52.2310409473565,0 8.7020639195767,52.24198553761429,0 8.70873182614068,52.2421016338326,0 8.71444268155313,52.221462733679,0 8.720899340360811,52.2194673741794,0 8.73894613118533,52.2399511674573,0 8.722049685441521,52.24430945109501,0 8.723698970224371,52.2510071164779,0 8.74402499282157,52.25759958668039,0 8.746951337137039,52.27111289878031,0 8.75623895068736,52.27610802683209,0 8.72666976109239,52.2901718596204,0 8.72490093889126,52.3008971661204,0 8.7366665577375,52.3049629051567,0 8.73118565408139,52.2936186727092,0 8.757637378986731,52.2863990837625,0 8.76461276471144,52.2805420547212,0 8.75743369697342,52.2727274929783,0 8.765994995675831,52.2684131100408,0 8.77877589443772,52.2868461391128,0 8.80007222459416,52.2903920878364,0 8.80768812773365,52.2818171799688,0 8.803321358431401,52.2758749655109,0 8.79705872371928,52.2697507294421,0 8.77789320726454,52.2673622703599,0 8.795805007335151,52.25670561086051,0 8.78581998163064,52.2455744796214,0 8.849592917259031,52.2441658909814,0 8.82998622237832,52.2209428706688,0 8.852886251577599,52.19656488880079,0 8.84373967391431,52.1828899406692,0 8.825887194264469,52.1822081914884,0 8.82556793842179,52.1722120393632,0 8.813931177676251,52.1717432738849,0 8.80587958121494,52.1659870451366,0 8.79420737840851,52.1748513223216,0 8.77299490239966,52.1753227239347,0 8.77435906898393,52.1882606700888,0 8.75851682339473,52.1732910681905,0 8.74469786316223,52.17165369928761,0 8.755549836602301,52.1893933828255,0 8.73024827334843,52.19608240900121,0 8.72402718051643,52.18131972007859,0 8.72836395165025,52.17509202496171,0 8.70486385925979,52.1853302686839,0 8.671680589231739,52.1737229626378,0 8.66599782148044,52.1825017559654,0 8.646015073858001,52.1859537218466,0 8.63007860989492,52.1806363668979,0 8.64102734165918,52.17335717332661,0 8.640387931705019,52.1624607142525,0 8.65408266980493,52.15097108805941,0 8.66101159075559,52.1524693588111,0 8.66021804685562,52.16683792286741,0 8.67640827738478,52.15925503777,0 8.685517852924299,52.1467303035504,0 8.67171128323084,52.14334935164471,0 8.671682137762151,52.1390295822423,0 8.70070626470017,52.1420501331826,0 8.71308241271641,52.1336273464206,0 8.71796729979862,52.1250966600083,0 8.709556343308471,52.121118236336,0 8.709828483876089,52.1144730707526,0 8.72458464568137,52.0998200862262,0 8.73502660749288,52.0949643613413,0 8.76149483860944,52.0964364780251,0 8.77070935849977,52.08179191303471,0 8.782461218419069,52.07720309698029,0 8.78086458625401,52.0658832564042,0 8.764694460194351,52.05811047062299,0 8.76087087146419,52.0422356268864,0 8.77509677250247,52.009765396442,0 8.754677372851869,52.0288116353076,0 8.74877928997452,52.05351536903191,0 8.71926801002248,52.0549259411087,0 8.74388316968877,52.0770018439017,0 8.73322167175191,52.0822051407546,0 8.72561416305701,52.075178263032,0 8.715748765090551,52.08428180929649,0 8.714426158852669,52.1026396358096,0 8.708508239810101,52.1039716437017,0 8.6899252347035,52.0955193962757,0 8.70763912243193,52.0859332853174,0 8.68794693817439,52.08416250281061,0 8.67513261946508,52.08908950594431,0 8.671937297345821,52.07495978058699,0 8.652970991779849,52.0713509047361,0 8.66248211848348,52.0585758275971,0 8.67467473080632,52.0548366048332,0 8.66737232424207,52.0446191482771,0 8.638631988766059,52.03466993534479,0 8.62369840517785,52.0428043390231,0 8.635023975284319,52.049672170033,0 8.63305775156115,52.05343844609119,0 8.612088092306401,52.055279137029,0 8.605325496124671,52.04797051030181,0 8.6266210771076,52.0220905035384,0 8.641797355358589,52.025841482127,0 8.628192441368659,52.0061217097947,0 8.630960203762671,51.9982077468474,0 8.646086993036191,52.0010646684339,0 8.653358945407231,51.9880073706345,0 8.663934542504469,51.9843978503855,0 8.669163634429641,51.98651929539569,0 8.6650063395705,51.994111855073,0 8.687149878650541,51.99092998147,0 8.67962575558542,51.9796489428642,0 8.666075092960471,51.9737442725759,0 8.567001363724589,51.9938933946373,0 8.55367890454353,51.9922048964879,0 8.543024266749461,51.9984675124416,0 8.52823256207577,51.997971979507,0 8.52521315162087,51.99113967181991,0 8.53674423388323,51.97907536974461,0 8.56551537013048,51.96821224482949,0 8.56893779929611,51.9584837937669,0 8.588960963063821,51.9615053871851,0 8.609401308148071,51.95433947568389,0 8.59078752467825,51.942239586455,0 8.595061936158389,51.9347534236008,0 8.609582171529031,51.93337859587741,0 8.61821640495805,51.9193199123325,0 8.615547911868999,51.9099274353946,0 8.63837368404182,51.90608064029881,0 8.66172314246198,51.91736519134629,0 8.66805925635226,51.9108676690512,0 8.683517672189121,51.90781207202029,0 8.641907701019811,51.9009175621973,0 8.641887433342839,51.892264467972,0 8.609814440829849,51.8720720923411,0 8.60594694688584,51.8774185101536,0 8.61561674849454,51.8912264001908,0 8.59562852179114,51.9117118864527,0 8.572351724484809,51.913998662369,0 8.574400537177009,51.9283836959876,0 8.551819906228269,51.9252785950073,0 8.54623086800181,51.9385237331777,0 8.531922229827121,51.9397674552078,0 8.53023171642957,51.9477742581749,0 8.508616867146349,51.959246949943,0 8.505211331986381,51.95577706945469,0 8.51876755699055,51.9434827230307,0 8.513880634642391,51.9384992757245,0 
					</coordinates>
				</LinearRing>
			</outerBoundaryIs>
		</Polygon>
	</Placemark>
	<Placemark>
		<name>01955bd7-655d-7f6f-b950-d53a38f4dc79</name>
		<Style>
			<LineStyle>
				<color>ff0000ff</color>
			</LineStyle>
			<PolyStyle>
				<fill>0</fill>
			</PolyStyle>
		</Style>
		<Polygon>
			<outerBoundaryIs>
				<LinearRing>
					<coordinates>
						8.857973048324309,52.2062713072168,0 8.866345730080271,52.2111955338737,0 8.87004793830385,52.2293881761414,0 8.88678667206463,52.22455030355851,0 8.88993828061011,52.230986552545,0 8.911004689080769,52.24077995352039,0 8.88906084268087,52.259445789763,0 8.867167421389169,52.2550561114313,0 8.82220797903806,52.26774590755671,0 8.830470946406621,52.27830158115751,0 8.84093052820422,52.2665199743043,0 8.86831515450185,52.27919099096871,0 8.859701121445459,52.29498473148481,0 8.836761881140831,52.3030933386509,0 8.83273844461919,52.3107412515804,0 8.869676875948199,52.30523477638561,0 8.865429500888601,52.3251720850414,0 8.88079980399114,52.32733680036869,0 8.90287442715959,52.32102805440859,0 8.9053290497415,52.3245000959636,0 8.887959199777089,52.3384033940398,0 8.90308902745647,52.3392066648035,0 8.91753594853677,52.348865226976,0 8.934554329275009,52.3474198107826,0 8.93800418182577,52.3411071705342,0 8.912717798838971,52.3255216069273,0 8.92441171022106,52.31723770464169,0 8.93962879885469,52.3187923247577,0 8.94561926355793,52.3120384402932,0 8.971948158934509,52.3098531853352,0 8.96812290198192,52.30317425363229,0 8.97704587727924,52.29860411090089,0 8.962003801696151,52.28216897108561,0 8.97577069650961,52.2697162373987,0 8.95614114783876,52.26753240303001,0 8.948338523313479,52.2488485350407,0 8.92519500174931,52.2463042989601,0 8.94741950443291,52.2357218485364,0 8.94566019989345,52.22975486645931,0 8.927743828636149,52.2309001557072,0 8.885166650216449,52.21777726985561,0 8.88962016039337,52.20785568645789,0 8.884480770953109,52.2038400038444,0 8.86710276193878,52.2021091162097,0 8.857973048324309,52.2062713072168,0 
					</coordinates>
				</LinearRing>
			</outerBoundaryIs>
		</Polygon>
	</Placemark>
	<Placemark>
		<name>01955bd7-655d-707d-a49b-f1b422d91367</name>
		<Style>
			<LineStyle>
				<color>ff0000ff</color>
			</LineStyle>
			<PolyStyle>
				<fill>0</fill>
			</PolyStyle>
		</Style>
		<Polygon>
			<outerBoundaryIs>
				<LinearRing>
					<coordinates>
						8.829684233207219,52.31196115230901,0 8.81765883933304,52.30947632744869,0 8.81277595341682,52.31588946857381,0 8.831494878217701,52.3218303812643,0 8.829684233207219,52.31196115230901,0 
					</coordinates>
				</LinearRing>
			</outerBoundaryIs>
		</Polygon>
	</Placemark>
	<Placemark>
		<name>01955bd7-655d-7b2a-9126-54bd0e6138ef</name>
		<Style>
			<LineStyle>
				<color>ff0000ff</color>
			</LineStyle>
			<PolyStyle>
				<fill>0</fill>
			</PolyStyle>
		</Style>
		<Polygon>
			<outerBoundaryIs>
				<LinearRing>
					<coordinates>
						8.882498096959701,52.3389600160814,0 8.87405752083035,52.337993899078,0 8.87522954514472,52.3452787433276,0 8.876736478295051,52.3454350703856,0 8.882498096959701,52.3389600160814,0 
					</coordinates>
				</LinearRing>
			</outerBoundaryIs>
		</Polygon>
	</Placemark>
	<Placemark>
		<name>01955bd7-655d-77ff-a68a-04a32eb24599</name>
		<Style>
			<LineStyle>
				<color>ff0000ff</color>
			</LineStyle>
			<PolyStyle>
				<fill>0</fill>
			</PolyStyle>
		</Style>
		<Polygon>
			<outerBoundaryIs>
				<LinearRing>
					<coordinates>
						8.783206225645809,52.0152285875978,0 8.792313047185891,52.01752740808281,0 8.81370856648706,52.0056547695575,0 8.822629675733969,51.9770113314623,0 8.78965503778997,51.9798598348108,0 8.779236136663091,51.9920150490228,0 8.781469539214809,51.9982868689862,0 8.79285136171077,52.0018857958131,0 8.79271691240775,52.0094620348686,0 8.783206225645809,52.0152285875978,0 
					</coordinates>
				</LinearRing>
			</outerBoundaryIs>
		</Polygon>
	</Placemark>
	<Placemark>
		<name>01955bd7-655d-7967-9378-fbec13763066</name>
		<Style>
			<LineStyle>
				<color>ff0000ff</color>
			</LineStyle>
			<PolyStyle>
				<fill>0</fill>
			</PolyStyle>
		</Style>
		<Polygon>
			<outerBoundaryIs>
				<LinearRing>
					<coordinates>
						8.6343538447844,52.31621697243689,0 8.66388843340494,52.3137587755272,0 8.66671878345602,52.30945370734359,0 8.615757329510419,52.2962952869318,0 8.584083265993799,52.3023092825793,0 8.609772692781419,52.3229826939861,0 8.612179468607,52.3403716971271,0 8.632564981809949,52.3279008081354,0 8.6343538447844,52.31621697243689,0 
					</coordinates>
				</LinearRing>
			</outerBoundaryIs>
		</Polygon>
	</Placemark>
	<Placemark>
		<name>01955bd7-655d-7bbb-bf38-be090003aaf7</name>
		<Style>
			<LineStyle>
				<color>ff0000ff</color>
			</LineStyle>
			<PolyStyle>
				<fill>0</fill>
			</PolyStyle>
		</Style>
		<Polygon>
			<outerBoundaryIs>
				<LinearRing>
					<coordinates>
						8.578034749491071,53.0662671280864,0 8.601839803183379,53.0607898783784,0 8.605514935106021,53.0682374579896,0 8.589916598743031,53.0666386912252,0 8.59688208453378,53.0772015654251,0 8.61092970217415,53.0764080732834,0 8.619067544340281,53.0833966974571,0 8.633834137147881,53.0751718679947,0 8.658792683803931,53.0758860117657,0 8.659896656088019,53.06476946912999,0 8.6880144967683,53.056907399708,0 8.674069462354071,53.0447728532521,0 8.68397941685715,53.0381075068922,0 8.707521501559469,53.03569404888,0 8.70957201089886,53.05743353318909,0 8.749958320280619,53.06333438642611,0 8.75383788679153,53.0718389121029,0 8.69836562709254,53.0899847784255,0 8.692040508176889,53.0958595480748,0 8.70554802562906,53.1015381093831,0 8.726542596452081,53.0942662234233,0 8.73423691864574,53.10472362912629,0 8.75081917093077,53.1021335228133,0 8.75510474084545,53.1049259350696,0 8.72192419095858,53.1196211472553,0 8.716330705453951,53.1175897718536,0 8.720515181173489,53.1102757709682,0 8.70549227564792,53.10816363281591,0 8.68936409546791,53.115374813016,0 8.688487977518699,53.1220656207942,0 8.655895584677021,53.1300222739955,0 8.671722959357499,53.1504356890815,0 8.702666863197271,53.14850283363071,0 8.696680550577961,53.1567219778525,0 8.700127335625851,53.1658220419881,0 8.651386673485749,53.1593588509756,0 8.62687335834743,53.1638528949433,0 8.624475268188069,53.149968694316,0 8.61333146638901,53.144002425173,0 8.60409943440119,53.1460548156208,0 8.60556235877702,53.15551549959681,0 8.5911726922391,53.1731141116911,0 8.54421826872562,53.1753467923954,0 8.54044600029869,53.1867898260865,0 8.51043219885452,53.20718445585121,0 8.50527771300302,53.2178447907957,0 8.512211677190489,53.2332381827106,0 8.527701520127771,53.23688760690501,0 8.54110287911784,53.2335709683233,0 8.540190558500321,53.2301874302596,0 8.51841509345441,53.2274169851442,0 8.51225341914965,53.2168323772538,0 8.550254577217149,53.199743738951,0 8.57311324924583,53.2080899558007,0 8.582502858815969,53.23203755595781,0 8.597680273139931,53.2337785588504,0 8.603798704227639,53.2286888354716,0 8.604301458134589,53.2192312103034,0 8.586038731353209,53.2103650174317,0 8.578566993257221,53.1909544136987,0 8.58648883720463,53.1861011210588,0 8.60284557841627,53.19863613029881,0 8.62309816336394,53.1902631727385,0 8.64837373589387,53.2001650518278,0 8.650478131411321,53.18235256054641,0 8.667672425271769,53.1775225352742,0 8.70192469806217,53.1929879681885,0 8.712888391190059,53.1914967160914,0 8.72585968934747,53.1815615569126,0 8.74004028342063,53.1900018457239,0 8.750893090059121,53.2094615145756,0 8.770842333500729,53.2100275918689,0 8.758338078451731,53.1821783432115,0 8.712006918424899,53.1633525242368,0 8.72064654491348,53.1598651380271,0 8.724643508688491,53.1494549513901,0 8.752853984695459,53.13465116937049,0 8.76564784767324,53.1360733580407,0 8.78836009533115,53.1236857000068,0 8.825666809594439,53.11618796687981,0 8.830834236640341,53.1006407506449,0 8.849134625021019,53.1145343374454,0 8.88612908750922,53.11368834927289,0 8.891150274784049,53.1209800807471,0 8.88439815541031,53.130507362544,0 8.90225568789249,53.1487518340976,0 8.90208763599904,53.1562463584367,0 8.924471350125311,53.1661777944915,0 8.92527993741701,53.1728793003257,0 8.93513932989838,53.1723754339504,0 8.950391991204491,53.1586662428435,0 8.91666249333705,53.1452166514541,0 8.91595322225484,53.1358625143221,0 8.90443754498331,53.1305850925657,0 8.916082655429561,53.1232370715766,0 8.906899858646961,53.1126743830579,0 8.933975181736921,53.0944016182155,0 8.94962393758626,53.0939518833722,0 8.94915973143523,53.08112460976091,0 8.96314405049363,53.070672040964,0 8.973145095154189,53.04964582081901,0 8.987519025020211,53.0421916764366,0 8.973831982260799,53.0350497438062,0 8.988587626499131,53.02377077757961,0 8.965809711940519,53.02427451773091,0 8.934430389677219,53.0363170605277,0 8.88071483878154,53.03078311513819,0 8.874305164427611,53.0349010635617,0 8.87757492220828,53.05378691304551,0 8.858985553636,53.0573930972186,0 8.866247094847161,53.04456335851899,0 8.865136729092191,53.0279129527994,0 8.88647990506683,53.0145892795808,0 8.887872182007021,53.0073669486654,0 8.85323363186729,53.0237312653739,0 8.79246146312177,53.0189728034107,0 8.801996606659801,53.00323866386361,0 8.83361904394007,52.9979722071239,0 8.82794348980212,52.98977913993931,0 8.836789153879931,52.9853281137104,0 8.86387329892843,52.99627021724261,0 8.891130078321879,52.9871833866727,0 8.8795073063448,52.9748011377482,0 8.86655482015237,52.9791794109007,0 8.84110172861948,52.96917369247939,0 8.82349206247129,52.9853075980749,0 8.788769784353761,52.9830586991745,0 8.778184919199081,52.99252873289851,0 8.75752607012614,52.98520470851041,0 8.774548032410999,53.00885415680881,0 8.75457267054585,53.0220890735141,0 8.722586372061921,53.0225613856277,0 8.71761342880983,53.0365969908239,0 8.695903204105781,53.0253264185705,0 8.697144013798249,53.018414309378,0 8.70719545273116,53.01548319722281,0 8.707207828160289,52.9970795152753,0 8.70201824664197,52.9916168615324,0 8.69038269165425,52.9912062045736,0 8.698423042911189,52.99935427842919,0 8.68243378518253,53.0074978084129,0 8.691249712386201,53.0135112336318,0 8.67703938267146,53.0275396998999,0 8.65943363197154,53.0166430461453,0 8.64243734787523,53.0158756272131,0 8.61456897801704,53.0249548397512,0 8.62840931714701,53.04468787676,0 8.60360740183679,53.03624565908191,0 8.5849726056855,53.03886014953869,0 8.585609182485291,53.0455019644107,0 8.57789420222408,53.0480269303175,0 8.58755935699226,53.05667705510991,0 8.578034749491071,53.0662671280864,0 
					</coordinates>
				</LinearRing>
			</outerBoundaryIs>
		</Polygon>
	</Placemark>
	<Placemark>
		<name>01955bd7-655d-732c-981a-5cb496454fa4</name>
		<Style>
			<LineStyle>
				<color>ff0000ff</color>
			</LineStyle>
			<PolyStyle>
				<fill>0</fill>
			</PolyStyle>
		</Style>
		<Polygon>
			<outerBoundaryIs>
				<LinearRing>
					<coordinates>
						8.998450967325359,53.020471320574,0 9.01776918565429,53.01944779011081,0 9.033150211968371,53.0240228224121,0 9.05581799501803,53.0137278800017,0 9.060533672871429,53.02380365412819,0 9.06711353134164,53.02461534262461,0 9.09819138169485,53.0007946056862,0 9.09253558983176,52.9977207462311,0 9.04882966757612,52.99827830138781,0 9.026179918130101,53.0105777321176,0 9.005279621684039,53.0107669277697,0 8.998450967325359,53.020471320574,0 
					</coordinates>
				</LinearRing>
			</outerBoundaryIs>
		</Polygon>
	</Placemark>
	<Placemark>
		<name>01955bd7-655d-76ba-b6bc-47ab0d74ef60</name>
		<Style>
			<LineStyle>
				<color>ff0000ff</color>
			</LineStyle>
			<PolyStyle>
				<fill>0</fill>
			</PolyStyle>
		</Style>
		<Polygon>
			<outerBoundaryIs>
				<LinearRing>
					<coordinates>
						8.77846238480017,53.2139143219466,0 8.772869305977601,53.2246987972447,0 8.76102943180438,53.2246961311105,0 8.75225929333212,53.2328224487983,0 8.774735448487251,53.234621198001,0 8.778780384314659,53.24700959729971,0 8.807373638471271,53.23893240113591,0 8.809854261377099,53.2423884116601,0 8.798509220157531,53.243666254721,0 8.799608681423701,53.2480556983948,0 8.81569496753804,53.2535925480835,0 8.82225229014902,53.2495082368917,0 8.81401930347992,53.2248561143268,0 8.80641252210396,53.21760589171619,0 8.77846238480017,53.2139143219466,0 
					</coordinates>
				</LinearRing>
			</outerBoundaryIs>
		</Polygon>
	</Placemark>
	<Placemark>
		<name>01955bd7-655d-75ad-9c88-b069f047df51</name>
		<Style>
			<LineStyle>
				<color>ff0000ff</color>
			</LineStyle>
			<PolyStyle>
				<fill>0</fill>
			</PolyStyle>
		</Style>
		<Polygon>
			<outerBoundaryIs>
				<LinearRing>
					<coordinates>
						8.67700545231992,53.8911784837869,0 8.73723952350252,53.8476243292489,0 8.76264179857011,53.83846212201339,0 8.743511029811931,53.8396250073123,0 8.726521192673911,53.8294335160545,0 8.71540863218026,53.8407949054211,0 8.6878422055266,53.84245071347101,0 8.66901935501868,53.8494622530212,0 8.67484745375652,53.8553270980304,0 8.6651564458301,53.8615808520239,0 8.67356059603679,53.8660804649554,0 8.67408264225446,53.8772542906979,0 8.655973375269239,53.8838734001373,0 8.627841953469471,53.88023675566279,0 8.67700545231992,53.8911784837869,0 
					</coordinates>
				</LinearRing>
			</outerBoundaryIs>
		</Polygon>
	</Placemark>
	<Placemark>
		<name>01955bd7-655d-7467-b1b6-52a70154b407</name>
		<Style>
			<LineStyle>
				<color>ff0000ff</color>
			</LineStyle>
			<PolyStyle>
				<fill>0</fill>
			</PolyStyle>
		</Style>
		<Polygon>
			<outerBoundaryIs>
				<LinearRing>
					<coordinates>
						8.950263695765351,47.7525152126932,0 8.984736523032719,47.7537588017594,0 8.992609545417841,47.7460096602884,0 8.98687094022171,47.7443972956071,0 8.985404017781841,47.7319518936243,0 8.94714588887599,47.7367354092956,0 8.93767293685041,47.7485837969065,0 8.92468508035104,47.7421487156529,0 8.927270834856969,47.75907081783711,0 8.950263695765351,47.7525152126932,0 
					</coordinates>
				</LinearRing>
			</outerBoundaryIs>
		</Polygon>
	</Placemark>
	<Placemark>
		<name>01955bd7-655d-7634-ab43-ee00b16d24a8</name>
		<Style>
			<LineStyle>
				<color>ff0000ff</color>
			</LineStyle>
			<PolyStyle>
				<fill>0</fill>
			</PolyStyle>
		</Style>
		<Polygon>
			<outerBoundaryIs>
				<LinearRing>
					<coordinates>
						8.99279223287378,47.74596895525751,0 9.009843909847721,47.7467640382012,0 9.011008621653129,47.7424638646443,0 9.00239226797212,47.7394804010504,0 8.99279223287378,47.74596895525751,0 
					</coordinates>
				</LinearRing>
			</outerBoundaryIs>
		</Polygon>
	</Placemark>
	<Placemark>
		<name>01955bd7-655d-7d84-a3f2-d9edc8051a10</name>
		<Style>
			<LineStyle>
				<color>ff0000ff</color>
			</LineStyle>
			<PolyStyle>
				<fill>0</fill>
			</PolyStyle>
		</Style>
		<Polygon>
			<outerBoundaryIs>
				<LinearRing>
					<coordinates>
						8.855941782514931,47.7774653761558,0 8.849595915573831,47.76901985081431,0 8.892926684796089,47.7598513650935,0 8.888125801569309,47.7521515107259,0 8.86828794416663,47.7512236759898,0 8.85295174573578,47.73802874120731,0 8.86858890053343,47.7237895454307,0 8.84514504231551,47.7212115315483,0 8.83162420707642,47.7258964884187,0 8.84051179017996,47.7461612072929,0 8.831470328987351,47.75308204484639,0 8.81950610130022,47.75262640620921,0 8.81737041279672,47.7577316084172,0 8.83275995836587,47.7762321603021,0 8.855941782514931,47.7774653761558,0 
					</coordinates>
				</LinearRing>
			</outerBoundaryIs>
		</Polygon>
	</Placemark>
	<Placemark>
		<name>01955bd7-655d-7ee2-99b3-c79232302745</name>
		<Style>
			<LineStyle>
				<color>ff0000ff</color>
			</LineStyle>
			<PolyStyle>
				<fill>0</fill>
			</PolyStyle>
		</Style>
		<Polygon>
			<outerBoundaryIs>
				<LinearRing>
					<coordinates>
						8.83337549177998,48.30395819739741,0 8.84516661705535,48.3055306180325,0 8.856768681901981,48.29265849608319,0 8.87923422779714,48.30870849760309,0 8.88177068866271,48.29729574362969,0 8.85878012057473,48.2910528169399,0 8.885969712301209,48.2742769289797,0 8.85839572713321,48.2586059537122,0 8.89494337689885,48.2438948820862,0 8.89250646448677,48.2379346418021,0 8.873841698584521,48.2384264538679,0 8.86162206787953,48.2315304292197,0 8.847663224808059,48.2395907284891,0 8.849712431769451,48.2541877851285,0 8.81089158304521,48.2509007122289,0 8.840540147689181,48.2645504167341,0 8.836235633872191,48.28126391886201,0 8.84594964926751,48.2936252325184,0 8.83337549177998,48.30395819739741,0 
					</coordinates>
				</LinearRing>
			</outerBoundaryIs>
		</Polygon>
	</Placemark>
	<Placemark>
		<name>01955bd7-655d-70f9-a947-e0501df4d5a6</name>
		<Style>
			<LineStyle>
				<color>ff0000ff</color>
			</LineStyle>
			<PolyStyle>
				<fill>0</fill>
			</PolyStyle>
		</Style>
		<Polygon>
			<outerBoundaryIs>
				<LinearRing>
					<coordinates>
						8.990426665832571,48.3843060973891,0 8.964023144082089,48.374158068555,0 8.983611996039549,48.3450289831848,0 8.94953403111926,48.3359140788459,0 8.94654491471119,48.3487600910145,0 8.95686135429996,48.3567834946804,0 8.958695250287819,48.3855219015148,0 8.971648509122829,48.4011320960535,0 8.9793479687381,48.4003264270595,0 8.990426665832571,48.3843060973891,0 
					</coordinates>
				</LinearRing>
			</outerBoundaryIs>
		</Polygon>
	</Placemark>
	<Placemark>
		<name>01955bd7-655d-7f3d-a61a-199c4ed06af7</name>
		<Style>
			<LineStyle>
				<color>ff0000ff</color>
			</LineStyle>
			<PolyStyle>
				<fill>0</fill>
			</PolyStyle>
		</Style>
		<Polygon>
			<outerBoundaryIs>
				<LinearRing>
					<coordinates>
						8.847667667901129,48.5842824219352,0 8.84123190322792,48.5784162784956,0 8.832440793356669,48.57921790827109,0 8.830917373367949,48.58359127358311,0 8.847667667901129,48.5842824219352,0 
					</coordinates>
				</LinearRing>
			</outerBoundaryIs>
		</Polygon>
	</Placemark>
	<Placemark>
		<name>01955bd7-655d-7d40-b304-bc3db4b72787</name>
		<Style>
			<LineStyle>
				<color>ff0000ff</color>
			</LineStyle>
			<PolyStyle>
				<fill>0</fill>
			</PolyStyle>
		</Style>
		<Polygon>
			<outerBoundaryIs>
				<LinearRing>
					<coordinates>
						8.84870948026848,48.5848857890107,0 8.842591403550029,48.5934758107142,0 8.849941536745281,48.6030056079961,0 8.83378735994007,48.6099672163291,0 8.828935048188191,48.626507506217,0 8.838655868192349,48.6260356830361,0 8.855771761260179,48.61192756571,0 8.888203542261881,48.6014289937357,0 8.88868923374176,48.5936582407524,0 8.87699811424425,48.58307233827441,0 8.903317965830039,48.5814301386597,0 8.912495369601119,48.585522841309,0 8.929191924572599,48.57636343612091,0 8.92356164350103,48.57304031823471,0 8.90407304139149,48.5789906473053,0 8.87960145858013,48.569866302793,0 8.87125848892134,48.5728858054162,0 8.87358136052743,48.5853965886575,0 8.84870948026848,48.5848857890107,0 
					</coordinates>
				</LinearRing>
			</outerBoundaryIs>
		</Polygon>
	</Placemark>
	<Placemark>
		<name>01955bd7-655d-788d-98a6-3b50519597ec</name>
		<Style>
			<LineStyle>
				<color>ff0000ff</color>
			</LineStyle>
			<PolyStyle>
				<fill>0</fill>
			</PolyStyle>
		</Style>
		<Polygon>
			<outerBoundaryIs>
				<LinearRing>
					<coordinates>
						8.91755112717941,49.2394866475779,0 8.90633904650961,49.231536244037,0 8.88148468447735,49.23660302182541,0 8.86517442077148,49.2454382996424,0 8.83117685060162,49.2435101114342,0 8.878222054615151,49.26370990522481,0 8.908332434259201,49.2565540290013,0 8.907604199876991,49.24573317152629,0 8.91755112717941,49.2394866475779,0 
					</coordinates>
				</LinearRing>
			</outerBoundaryIs>
		</Polygon>
	</Placemark>
	<Placemark>
		<name>01955bd7-655d-7f20-9936-84f4f7b6feb6</name>
		<Style>
			<LineStyle>
				<color>ff0000ff</color>
			</LineStyle>
			<PolyStyle>
				<fill>0</fill>
			</PolyStyle>
		</Style>
		<Polygon>
			<outerBoundaryIs>
				<LinearRing>
					<coordinates>
						8.84717221395551,49.9121283475639,0 8.861725514167469,49.9310754241721,0 8.875887675726689,49.9215471294609,0 8.860602743964529,49.9025646562053,0 8.85926698438559,49.891437433579,0 8.831345598834281,49.885530948704,0 8.83749474506037,49.8706392767896,0 8.828156027767911,49.865457051813,0 8.810812696016569,49.8816991316025,0 8.82956557694842,49.8831772199194,0 8.818901349158249,49.89336585676221,0 8.82061702246288,49.89883252014479,0 8.84717221395551,49.9121283475639,0 
					</coordinates>
				</LinearRing>
			</outerBoundaryIs>
		</Polygon>
	</Placemark>
	<Placemark>
		<name>01955bd7-655d-7d9b-a290-de97b465132b</name>
		<Style>
			<LineStyle>
				<color>ff0000ff</color>
			</LineStyle>
			<PolyStyle>
				<fill>0</fill>
			</PolyStyle>
		</Style>
		<Polygon>
			<outerBoundaryIs>
				<LinearRing>
					<coordinates>
						8.80611467981911,49.9912093758496,0 8.80862572493303,49.98187469755671,0 8.827567550383989,49.9849475679016,0 8.847815430769829,49.9725893667264,0 8.847393582002271,49.9666591825332,0 8.82379095108131,49.965026019948,0 8.812494418943711,49.9706709941014,0 8.78688140293022,49.9651755795528,0 8.78315785227856,49.9749315540183,0 8.798113314283899,49.9906878604814,0 8.80611467981911,49.9912093758496,0 
					</coordinates>
				</LinearRing>
			</outerBoundaryIs>
		</Polygon>
	</Placemark>
	<Placemark>
		<name>01955bd7-655d-7d81-8a16-14a4409cf26f</name>
		<Style>
			<LineStyle>
				<color>ff0000ff</color>
			</LineStyle>
			<PolyStyle>
				<fill>0</fill>
			</PolyStyle>
		</Style>
		<Polygon>
			<outerBoundaryIs>
				<LinearRing>
					<coordinates>
						8.813579518716059,49.9952391441786,0 8.81007769640609,50.0061051894511,0 8.815451165695491,50.0065645388002,0 8.823478963860611,49.99988793484441,0 8.813579518716059,49.9952391441786,0 
					</coordinates>
				</LinearRing>
			</outerBoundaryIs>
		</Polygon>
	</Placemark>
	<Placemark>
		<name>01955bd7-655d-7c63-8080-cd6a83f27314</name>
		<Style>
			<LineStyle>
				<color>ff0000ff</color>
			</LineStyle>
			<PolyStyle>
				<fill>0</fill>
			</PolyStyle>
		</Style>
		<Polygon>
			<outerBoundaryIs>
				<LinearRing>
					<coordinates>
						8.908541100954571,50.05714858106751,0 8.890421944858231,50.04317129107681,0 8.90224741255547,50.023946785293,0 8.895689642045239,50.00012180044261,0 8.87185543555648,49.9842891785954,0 8.85529646924884,49.9894922663055,0 8.842385256826679,49.9877339655979,0 8.872089137208039,50.01044343367489,0 8.86783422799679,50.0278699580096,0 8.87268996161986,50.0334724153774,0 8.8665011977638,50.0419454555707,0 8.881704245656159,50.06196677361629,0 8.908541100954571,50.05714858106751,0 
					</coordinates>
				</LinearRing>
			</outerBoundaryIs>
		</Polygon>
	</Placemark>
	<Placemark>
		<name>01955bd7-655d-7690-a507-9734d6f882f3</name>
		<Style>
			<LineStyle>
				<color>ff0000ff</color>
			</LineStyle>
			<PolyStyle>
				<fill>0</fill>
			</PolyStyle>
		</Style>
		<Polygon>
			<outerBoundaryIs>
				<LinearRing>
					<coordinates>
						8.492531509595739,50.18364573062129,0 8.461079183778329,50.1682762390127,0 8.44543042482832,50.1725892357702,0 8.457120619431,50.180066792113,0 8.453571203829471,50.18971563440551,0 8.47642801729112,50.19715089355281,0 8.48423840315203,50.1972485957162,0 8.48937056459401,50.18886704138279,0 8.536036982060359,50.1910824804371,0 8.549465571813061,50.1773686317149,0 8.53341890953106,50.1757993498657,0 8.53409594994597,50.1666185715999,0 8.55142666633558,50.1669591004483,0 8.557518482491419,50.1502021782838,0 8.57288318752096,50.1498540450897,0 8.593277243091549,50.140616350341,0 8.61486454255167,50.15567083738911,0 8.611994179775531,50.1720138686374,0 8.594982302342659,50.1744890718481,0 8.584480999021171,50.1619517837996,0 8.56748802583925,50.1640483233889,0 8.5650472130104,50.1708970774736,0 8.57862474144463,50.1776104481307,0 8.5615517876029,50.20253446437679,0 8.534462395029861,50.2142896439518,0 8.572468762852431,50.23330875642521,0 8.57943346983015,50.2481273644061,0 8.617759047952999,50.24964779339109,0 8.62535374018859,50.23569996597869,0 8.662894074875521,50.22129283722009,0 8.661987854681451,50.2088847887407,0 8.676866357932051,50.20502348458059,0 8.68022536558359,50.1990046930056,0 8.67300703053032,50.1824335081776,0 8.647176106883551,50.1736894310199,0 8.64816866457944,50.1691453987447,0 8.690345236796031,50.1720561014517,0 8.685043222838219,50.18466425696109,0 8.6969461515858,50.190115144515,0 8.70357642342038,50.1881162012009,0 8.705485681607779,50.173303989999,0 8.69634584086794,50.1636557739263,0 8.70891757945661,50.153498540372,0 8.719694376250031,50.1556026171872,0 8.70792473812778,50.17347030938139,0 8.719359863890309,50.1826181522294,0 8.70160134561978,50.2090598222558,0 8.709498407545491,50.2092361299579,0 8.721401619185819,50.197284246726,0 8.737216162826799,50.1944187154748,0 8.741451170797889,50.1975738909432,0 8.7348762036228,50.2110369964556,0 8.75583790316769,50.2113682197384,0 8.76033202836666,50.2032593531451,0 8.74771592537882,50.19907077564389,0 8.75819968132874,50.1900226761706,0 8.753744844623681,50.18062184624969,0 8.72437277188742,50.1574965376838,0 8.765614181507891,50.1598829686577,0 8.764026253893929,50.1393124695349,0 8.774025614631469,50.1366835914809,0 8.775112688772809,50.1302940823531,0 8.78553808380196,50.1327430285458,0 8.7819844956369,50.1381537851528,0 8.804492254071249,50.1574824386485,0 8.81922390829075,50.1542677059663,0 8.844283583717271,50.15871386139699,0 8.85167161237249,50.1414404380488,0 8.87045781733757,50.1343147696044,0 8.879051921396631,50.14062468966559,0 8.869190362140911,50.14895720199079,0 8.895667915989669,50.1466520009747,0 8.909446916702271,50.1560398307122,0 8.95830076554371,50.1476468777915,0 8.945217586210539,50.13289752955409,0 8.976003488990919,50.1266216495,0 8.979760187287839,50.1078722141624,0 8.95871531393011,50.0894962860561,0 9.014077718313599,50.0870243299758,0 9.01937714494513,50.0781932620563,0 9.008466866455359,50.058583907754,0 9.024147342446019,50.04998490815889,0 9.04952344019387,50.0509027306767,0 9.053278044578351,50.04050395755911,0 9.04312401070149,50.0310989992429,0 9.04876096389563,50.02147812233471,0 9.01944569870142,50.0246011201437,0 9.015713821255289,50.0372271021713,0 8.98408055669271,50.0309718497485,0 8.954311969816089,50.0358482215133,0 8.95092890067477,50.0444426599002,0 8.9689376377956,50.0611566297048,0 8.951535048121251,50.068412745081,0 8.92719684684697,50.07019314129749,0 8.93574650594427,50.0873667159016,0 8.911243570804761,50.0994754143951,0 8.896843014275619,50.0913751273812,0 8.885838199989591,50.1216233432743,0 8.84590993656092,50.107838916672,0 8.83423870454884,50.10634193132041,0 8.823245101705069,50.111302609303,0 8.79816641782344,50.1022062587492,0 8.818342712662229,50.0902910539303,0 8.853012947434641,50.0849348942337,0 8.857211072266519,50.0877835751994,0 8.848685263811889,50.096871610487,0 8.850375629394369,50.1038403422376,0 8.858593169326779,50.10218473294529,0 8.87792040377354,50.0787157996474,0 8.874739250818511,50.06788444588109,0 8.84878808284533,50.06082838321839,0 8.85934089347932,50.0505226743999,0 8.85312940951265,50.0440885093242,0 8.839982809793741,50.049669601159,0 8.83721128566809,50.0629929682754,0 8.8250082527291,50.0532338531126,0 8.799819714712831,50.0454422899078,0 8.78355378320539,50.0462301331448,0 8.779447668741209,50.0599959098509,0 8.80439841894345,50.066587444707,0 8.82326154978243,50.0625536603595,0 8.84147797166341,50.0757576394446,0 8.8397909897209,50.0801980970492,0 8.82449760424662,50.0812317473673,0 8.807123697750759,50.0733995137479,0 8.801465900308759,50.0813178125418,0 8.763743214499369,50.0744969066036,0 8.740561156809489,50.0787537607659,0 8.731346089294499,50.0960320508301,0 8.68052735746075,50.07788413802849,0 8.660118304041649,50.08270435052641,0 8.64789489048276,50.07394610590131,0 8.653866572906599,50.0666015681984,0 8.64770792338782,50.0564747307571,0 8.63481340687694,50.0747063694423,0 8.568135444623239,50.0823847412033,0 8.55649114350005,50.0983378258588,0 8.552858847262099,50.081536066098,0 8.539517369557821,50.0716431554871,0 8.548826450581981,50.0637296627521,0 8.54337210247904,50.0538253910712,0 8.6042605386654,50.0593077929476,0 8.60749425548085,50.05291033567691,0 8.52125851556641,50.0362163402899,0 8.530915561602599,50.04758846633241,0 8.51056422436163,50.0551092731408,0 8.521128177454671,50.0620344623399,0 8.516470764067639,50.0716961929983,0 8.50035292440727,50.065244330077,0 8.509170001815781,50.05536199518001,0 8.48739988153411,50.0483031126026,0 8.48796673088729,50.05934312474601,0 8.469310624704489,50.0683832051576,0 8.468782909689541,50.07631803767491,0 8.45243141311644,50.0776423029126,0 8.43451938774388,50.0684467567614,0 8.42805636073499,50.0765112549507,0 8.43250123447593,50.0890905614432,0 8.44333285016506,50.09592476069489,0 8.462038391129539,50.09741005986211,0 8.47770629606177,50.0902584181773,0 8.492984288872229,50.1022643690625,0 8.522454478442199,50.1019951119614,0 8.517934491971589,50.12693516467561,0 8.496738130141731,50.1322056464215,0 8.504452075701799,50.1145903574898,0 8.465319743303761,50.1177385838165,0 8.437167177026611,50.13169880561579,0 8.43683955885952,50.1412143866967,0 8.421317043038879,50.1444355613136,0 8.415349374476721,50.1514697096735,0 8.418781584880829,50.15464243964221,0 8.43695181070632,50.14950290251929,0 8.457755210262301,50.1504860377083,0 8.45923730367603,50.1390515414863,0 8.472659360693021,50.1289420312365,0 8.49297494390704,50.1485197101631,0 8.470863547108991,50.1576379753004,0 8.48520940781748,50.1621106231599,0 8.523743443072039,50.1426407268924,0 8.51312026983339,50.1591369342177,0 8.520544714034701,50.1641096749695,0 8.531134691351809,50.1635853654801,0 8.532047285867121,50.1677733873266,0 8.509693427072429,50.17394036822599,0 8.49460246278665,50.1683024534734,0 8.488448120621941,50.17401284846431,0 8.50140189235468,50.1786488889768,0 8.492531509595739,50.18364573062129,0 
					</coordinates>
				</LinearRing>
			</outerBoundaryIs>
		</Polygon>
	</Placemark>
	<Placemark>
		<name>01955bd7-655d-73c7-9378-08d3da59f31f</name>
		<Style>
			<LineStyle>
				<color>ff0000ff</color>
			</LineStyle>
			<PolyStyle>
				<fill>0</fill>
			</PolyStyle>
		</Style>
		<Polygon>
			<outerBoundaryIs>
				<LinearRing>
					<coordinates>
						9.056153665783039,50.0184569898998,0 9.06458083897644,50.01907286548419,0 9.0786350903804,50.005143780812,0 9.07621984094359,49.9944263371472,0 9.0981785206586,49.9849947929114,0 9.116923481698739,49.9947129172698,0 9.12779024602346,49.99103833206371,0 9.1610914678129,49.9915997319471,0 9.170884673752379,50.005617884277,0 9.187753453188639,50.00476113486549,0 9.20676714740709,50.0125439136469,0 9.224525703291331,50.0106578440591,0 9.23089979403035,50.0039075275235,0 9.241955331133029,50.00518166543771,0 9.244209061020699,49.9960193159157,0 9.2290521170591,49.9907569476584,0 9.21697204194882,49.9991486136874,0 9.17041438690525,49.9833684822343,0 9.18003073661424,49.96700727413879,0 9.194464748181881,49.97108865865719,0 9.21238958558865,49.96955616356029,0 9.21817850472754,49.9619306930069,0 9.213815535188839,49.9579579796236,0 9.189877416348081,49.9611229485326,0 9.169580881757231,49.9488025705369,0 9.14609519683815,49.9598393485382,0 9.132177512960491,49.960377109145,0 9.112125650180889,49.95370582662011,0 9.10503810096656,49.963245343099,0 9.087789088764771,49.9601558699242,0 9.081117977617,49.9521891916451,0 9.07774666063742,49.960544669923,0 9.054225309462749,49.9754469300047,0 9.057105777345891,49.9833320513423,0 9.06628540381679,49.98681306730681,0 9.054504113029751,50.0032850494681,0 9.056153665783039,50.0184569898998,0 
					</coordinates>
				</LinearRing>
			</outerBoundaryIs>
		</Polygon>
	</Placemark>
	<Placemark>
		<name>01955bd7-655d-7d62-bf9b-a7ba68e102b2</name>
		<Style>
			<LineStyle>
				<color>ff0000ff</color>
			</LineStyle>
			<PolyStyle>
				<fill>0</fill>
			</PolyStyle>
		</Style>
		<Polygon>
			<outerBoundaryIs>
				<LinearRing>
					<coordinates>
						9.11070198792801,49.9527749544491,0 9.10396244323047,49.9442335554083,0 9.093980158574499,49.9438738653384,0 9.09266771728141,49.9457858494545,0 9.11070198792801,49.9527749544491,0 
					</coordinates>
				</LinearRing>
			</outerBoundaryIs>
		</Polygon>
	</Placemark>
	<Placemark>
		<name>01955bd7-655d-77c1-91ab-d6303dca06d4</name>
		<Style>
			<LineStyle>
				<color>ff0000ff</color>
			</LineStyle>
			<PolyStyle>
				<fill>0</fill>
			</PolyStyle>
		</Style>
		<Polygon>
			<outerBoundaryIs>
				<LinearRing>
					<coordinates>
						8.66684334048521,50.2227129471724,0 8.66891315935897,50.2291245531779,0 8.67865543166938,50.2308452335127,0 8.68832608183531,50.2253159550896,0 8.68121004048216,50.2196756697252,0 8.66684334048521,50.2227129471724,0 
					</coordinates>
				</LinearRing>
			</outerBoundaryIs>
		</Polygon>
	</Placemark>
	<Placemark>
		<name>01955bd7-655d-7da7-9e6f-67196ae1bb73</name>
		<Style>
			<LineStyle>
				<color>ff0000ff</color>
			</LineStyle>
			<PolyStyle>
				<fill>0</fill>
			</PolyStyle>
		</Style>
		<Polygon>
			<outerBoundaryIs>
				<LinearRing>
					<coordinates>
						8.822521324676551,51.7925755399837,0 8.821645248878539,51.8048256442777,0 8.83896930584941,51.817019520356,0 8.846943634146211,51.8168918572995,0 8.85038025767154,51.80653644577241,0 8.82543023196509,51.77598210674689,0 8.778833351003311,51.7574482887174,0 8.778177363665559,51.7630790439018,0 8.800299106267691,51.76883034988699,0 8.794495163481351,51.7791662219605,0 8.801816439670141,51.7866725598273,0 8.822521324676551,51.7925755399837,0 
					</coordinates>
				</LinearRing>
			</outerBoundaryIs>
		</Polygon>
	</Placemark>
	<Placemark>
		<name>01955bd7-655d-7d31-b133-0e2ceb306802</name>
		<Style>
			<LineStyle>
				<color>ff0000ff</color>
			</LineStyle>
			<PolyStyle>
				<fill>0</fill>
			</PolyStyle>
		</Style>
		<Polygon>
			<outerBoundaryIs>
				<LinearRing>
					<coordinates>
						8.901256289230931,51.9623186278718,0 8.90098487967829,51.93874753945369,0 8.91946018248982,51.9310379039032,0 8.90294482161806,51.9231926499399,0 8.91450039858181,51.9191066088847,0 8.91733916871565,51.9114803239268,0 8.88728431351428,51.9230855648837,0 8.875356647597171,51.9208300600828,0 8.88581428918981,51.8912577421384,0 8.87432593561431,51.8861322934615,0 8.866406410232321,51.8928111885435,0 8.871872494398341,51.8997001503961,0 8.86497534047427,51.9182249116925,0 8.84326481016177,51.9181202083279,0 8.82815853642178,51.9256339447625,0 8.8376914255653,51.9379868024395,0 8.77837038212135,51.93193089531461,0 8.757538641477639,51.9434289958451,0 8.74278411729885,51.9413607861318,0 8.73819855391613,51.9456555903408,0 8.778065447743179,51.9488068467194,0 8.805757760007371,51.9612130328272,0 8.82299831482865,51.9537225901453,0 8.83530121943015,51.9549791069907,0 8.841087743565369,51.9613955255778,0 8.86139336603877,51.958108093148,0 8.891044337097579,51.96572477072181,0 8.901256289230931,51.9623186278718,0 
					</coordinates>
				</LinearRing>
			</outerBoundaryIs>
		</Polygon>
	</Placemark>
	<Placemark>
		<name>01955bd7-655d-780a-9a10-2e2ad6ffed0c</name>
		<Style>
			<LineStyle>
				<color>ff0000ff</color>
			</LineStyle>
			<PolyStyle>
				<fill>0</fill>
			</PolyStyle>
		</Style>
		<Polygon>
			<outerBoundaryIs>
				<LinearRing>
					<coordinates>
						8.86132456362321,52.02705202126741,0 8.91042775887281,52.05222771354679,0 8.92850049203216,52.02877473967439,0 8.92675294654086,52.0063843295601,0 8.8994374110171,52.0117209812059,0 8.8913193343852,52.00701170142111,0 8.88106939897364,52.00859062754971,0 8.86132456362321,52.02705202126741,0 
					</coordinates>
				</LinearRing>
			</outerBoundaryIs>
		</Polygon>
	</Placemark>
	<Placemark>
		<name>01955bd7-655d-7761-999d-da9eeca548e9</name>
		<Style>
			<LineStyle>
				<color>ff0000ff</color>
			</LineStyle>
			<PolyStyle>
				<fill>0</fill>
			</PolyStyle>
		</Style>
		<Polygon>
			<outerBoundaryIs>
				<LinearRing>
					<coordinates>
						8.886670741537991,52.0453432844866,0 8.877371089333121,52.0498077589457,0 8.88106671443076,52.0538376724172,0 8.88627098580899,52.0528209006308,0 8.886670741537991,52.0453432844866,0 
					</coordinates>
				</LinearRing>
			</outerBoundaryIs>
		</Polygon>
	</Placemark>
	<Placemark>
		<name>01955bd7-655d-74ed-aa43-aac755044e6f</name>
		<Style>
			<LineStyle>
				<color>ff0000ff</color>
			</LineStyle>
			<PolyStyle>
				<fill>0</fill>
			</PolyStyle>
		</Style>
		<Polygon>
			<outerBoundaryIs>
				<LinearRing>
					<coordinates>
						8.841664592531229,52.1500376170702,0 8.845925549396791,52.1724137681613,0 8.86733173100129,52.1868912180272,0 8.89648285099579,52.1843285848126,0 8.905719155674779,52.1752145445937,0 8.883696731363679,52.1735160985269,0 8.87909101504872,52.1583750595766,0 8.85901847248916,52.1555870845672,0 8.85777571214655,52.1484606238369,0 8.841664592531229,52.1500376170702,0 
					</coordinates>
				</LinearRing>
			</outerBoundaryIs>
		</Polygon>
	</Placemark>
	<Placemark>
		<name>01955bd7-655d-7dda-ab1b-ba17e9163f5a</name>
		<Style>
			<LineStyle>
				<color>ff0000ff</color>
			</LineStyle>
			<PolyStyle>
				<fill>0</fill>
			</PolyStyle>
		</Style>
		<Polygon>
			<outerBoundaryIs>
				<LinearRing>
					<coordinates>
						9.15679250223234,47.6627859359813,0 9.11921918853163,47.6897528292677,0 9.11646177590662,47.69855512096139,0 9.131274040093709,47.6943809778523,0 9.141599495121429,47.697582925637,0 9.17365035644962,47.68405947452081,0 9.186109778419439,47.6946359558637,0 9.194476570668311,47.69441325913579,0 9.21130899610424,47.6802027824504,0 9.200070514208431,47.6670951026662,0 9.181543558442099,47.6631005755012,0 9.18387598208553,47.6513775335432,0 9.24751904033068,47.6309189420811,0 9.250478688715789,47.624856931388,0 9.21628745889686,47.6338455439488,0 9.16599841764179,47.6370308077684,0 9.148208794733231,47.6503666764301,0 9.124776459990111,47.6503091937338,0 9.122372046274339,47.6570507112594,0 9.13057930716576,47.663661668646,0 9.15144433112583,47.6523647230937,0 9.15679250223234,47.6627859359813,0 
					</coordinates>
				</LinearRing>
			</outerBoundaryIs>
		</Polygon>
	</Placemark>
	<Placemark>
		<name>01955bd7-655d-795c-a34c-5b083e5bfc9b</name>
		<Style>
			<LineStyle>
				<color>ff0000ff</color>
			</LineStyle>
			<PolyStyle>
				<fill>0</fill>
			</PolyStyle>
		</Style>
		<Polygon>
			<outerBoundaryIs>
				<LinearRing>
					<coordinates>
						9.206016497509671,47.7817887886371,0 9.204836905973551,47.77285936888751,0 9.192376475584821,47.773075001167,0 9.18701477308203,47.76473615299199,0 9.203617613575959,47.75309811417,0 9.201138140055869,47.7501045018283,0 9.135775745578799,47.77411671000849,0 9.15006361756684,47.7821437328731,0 9.175719070897539,47.7764412104267,0 9.1974943977087,47.7844519493409,0 9.206016497509671,47.7817887886371,0 
					</coordinates>
				</LinearRing>
			</outerBoundaryIs>
		</Polygon>
	</Placemark>
	<Placemark>
		<name>01955bd7-655d-7e61-a0d3-8f2972d9a7b4</name>
		<Style>
			<LineStyle>
				<color>ff0000ff</color>
			</LineStyle>
			<PolyStyle>
				<fill>0</fill>
			</PolyStyle>
		</Style>
		<Polygon>
			<outerBoundaryIs>
				<LinearRing>
					<coordinates>
						9.027086239668771,48.2302336687941,0 9.00858535535516,48.2406746828222,0 9.007349456439989,48.2472070202061,0 8.990530444070849,48.2526095269106,0 9.00364938137629,48.2655887348395,0 8.98670836747702,48.2857482150803,0 8.993678959022949,48.2905339626713,0 9.008482547268169,48.2882784554938,0 9.01631778482945,48.2749187473277,0 9.01275423903456,48.26796409777181,0 9.029883504431419,48.2565206410719,0 9.024088535230909,48.2499050135872,0 9.03470245244935,48.240679995,0 9.027086239668771,48.2302336687941,0 
					</coordinates>
				</LinearRing>
			</outerBoundaryIs>
		</Polygon>
	</Placemark>
	<Placemark>
		<name>01955bd7-655d-7736-b57f-1f28071e5bec</name>
		<Style>
			<LineStyle>
				<color>ff0000ff</color>
			</LineStyle>
			<PolyStyle>
				<fill>0</fill>
			</PolyStyle>
		</Style>
		<Polygon>
			<outerBoundaryIs>
				<LinearRing>
					<coordinates>
						9.02796624957096,48.22590334710111,0 9.050425595797609,48.1997397512322,0 8.98744180067162,48.2108036537198,0 8.988706667380461,48.215904727304,0 9.02796624957096,48.22590334710111,0 
					</coordinates>
				</LinearRing>
			</outerBoundaryIs>
		</Polygon>
	</Placemark>
	<Placemark>
		<name>01955bd7-655d-7ce3-a756-205fc5f95a89</name>
		<Style>
			<LineStyle>
				<color>ff0000ff</color>
			</LineStyle>
			<PolyStyle>
				<fill>0</fill>
			</PolyStyle>
		</Style>
		<Polygon>
			<outerBoundaryIs>
				<LinearRing>
					<coordinates>
						9.003404764754039,48.4856448590946,0 9.00041602980432,48.47879010485671,0 8.99356653041195,48.4810173879335,0 8.99561008572746,48.4857762972149,0 9.003404764754039,48.4856448590946,0 
					</coordinates>
				</LinearRing>
			</outerBoundaryIs>
		</Polygon>
	</Placemark>
	<Placemark>
		<name>01955bd7-655d-79ad-bae2-86c79db15aae</name>
		<Style>
			<LineStyle>
				<color>ff0000ff</color>
			</LineStyle>
			<PolyStyle>
				<fill>0</fill>
			</PolyStyle>
		</Style>
		<Polygon>
			<outerBoundaryIs>
				<LinearRing>
					<coordinates>
						9.01238816082396,48.48841479454159,0 9.026388467020199,48.491784443623,0 9.035422183412219,48.4975859111335,0 9.03272318337264,48.4869783691439,0 9.01238816082396,48.48841479454159,0 
					</coordinates>
				</LinearRing>
			</outerBoundaryIs>
		</Polygon>
	</Placemark>
	<Placemark>
		<name>01955bd7-655d-7b96-86c3-8f265fcc3c4e</name>
		<Style>
			<LineStyle>
				<color>ff0000ff</color>
			</LineStyle>
			<PolyStyle>
				<fill>0</fill>
			</PolyStyle>
		</Style>
		<Polygon>
			<outerBoundaryIs>
				<LinearRing>
					<coordinates>
						9.043927278267811,48.49999182631669,0 9.02374291584804,48.5248910733787,0 9.03261698692169,48.53115854494559,0 9.03233676391506,48.5398095130825,0 9.05748832990969,48.5493392549657,0 9.076001048463329,48.5380692377011,0 9.09357079773326,48.5373487066008,0 9.09791455642055,48.5219115511421,0 9.06666234726622,48.5038934014641,0 9.067463633661481,48.48965740379809,0 9.043927278267811,48.49999182631669,0 
					</coordinates>
				</LinearRing>
			</outerBoundaryIs>
		</Polygon>
	</Placemark>
	<Placemark>
		<name>01955bd7-655d-7d95-acd6-b3b169c49efc</name>
		<Style>
			<LineStyle>
				<color>ff0000ff</color>
			</LineStyle>
			<PolyStyle>
				<fill>0</fill>
			</PolyStyle>
		</Style>
		<Polygon>
			<outerBoundaryIs>
				<LinearRing>
					<coordinates>
						9.01302527420745,48.6513447842708,0 9.03586735287529,48.6448048906213,0 9.030528598816129,48.63352183412099,0 9.05355622396946,48.6358418408515,0 9.06903849361874,48.6280322397853,0 9.06750272985626,48.61556830652109,0 9.02842790758895,48.6162240697079,0 9.047199072893971,48.6243340724063,0 9.038802698552599,48.6297389875702,0 9.023568629283631,48.6257450985847,0 9.00738109147462,48.6307845010321,0 8.9990839855095,48.6239947351902,0 8.984184709357541,48.62819315012841,0 8.97566009460281,48.6229084922214,0 8.96278514799061,48.6229681545436,0 8.964179730236079,48.627871898551,0 9.000164716705051,48.6373741004946,0 9.001940753356349,48.64729504121039,0 9.01302527420745,48.6513447842708,0 
					</coordinates>
				</LinearRing>
			</outerBoundaryIs>
		</Polygon>
	</Placemark>
	<Placemark>
		<name>01955bd7-655d-7a8e-97d5-11a7a1010bea</name>
		<Style>
			<LineStyle>
				<color>ff0000ff</color>
			</LineStyle>
			<PolyStyle>
				<fill>0</fill>
			</PolyStyle>
		</Style>
		<Polygon>
			<outerBoundaryIs>
				<LinearRing>
					<coordinates>
						9.021312240027539,48.7246493073773,0 9.0274667236271,48.7131600269522,0 9.04358763094171,48.7053688338139,0 9.031589273508789,48.6979715670048,0 9.05001324945618,48.6844539193887,0 9.040695931932371,48.6710502000332,0 9.072483547622589,48.6685074768424,0 9.074180628721381,48.6550574871516,0 9.06425981245097,48.6499922444637,0 9.05394552672549,48.65143305765329,0 9.049260082586139,48.6642770752627,0 9.03574711751995,48.6646972569956,0 9.02788049969644,48.6732653041491,0 9.000877006307951,48.6657462168203,0 8.989707177474971,48.6751582627562,0 8.96903610062517,48.6752122289106,0 8.96121116531959,48.6844051351647,0 8.93010559492971,48.69143948259,0 8.93529698669246,48.69970038147081,0 8.975961041312161,48.6953243540492,0 8.974307522868569,48.71072061442479,0 8.956799743576561,48.71883806046019,0 8.9645940718092,48.73341888607269,0 8.94970850318437,48.7450883988464,0 8.960612126585159,48.7543559341981,0 8.977777133907789,48.7467290684038,0 8.980483501231721,48.7329475463052,0 9.001264272427351,48.7328588985328,0 9.021312240027539,48.7246493073773,0 
					</coordinates>
				</LinearRing>
			</outerBoundaryIs>
		</Polygon>
	</Placemark>
	<Placemark>
		<name>01955bd7-655d-779d-888f-a0b075331734</name>
		<Style>
			<LineStyle>
				<color>ff0000ff</color>
			</LineStyle>
			<PolyStyle>
				<fill>0</fill>
			</PolyStyle>
		</Style>
		<Polygon>
			<outerBoundaryIs>
				<LinearRing>
					<coordinates>
						9.12964907713981,49.0406590381164,0 9.089024523578891,49.03252106052399,0 9.08294699249293,49.0390414744879,0 9.0944299747368,49.0465909956463,0 9.12964907713981,49.0406590381164,0 
					</coordinates>
				</LinearRing>
			</outerBoundaryIs>
		</Polygon>
	</Placemark>
	<Placemark>
		<name>01955bd7-655d-7842-b57c-8ccd84aca83c</name>
		<Style>
			<LineStyle>
				<color>ff0000ff</color>
			</LineStyle>
			<PolyStyle>
				<fill>0</fill>
			</PolyStyle>
		</Style>
		<Polygon>
			<outerBoundaryIs>
				<LinearRing>
					<coordinates>
						9.130130754613811,49.0406344731078,0 9.149423443152161,49.0464707618703,0 9.16827146900606,49.02337151020869,0 9.15940559788441,49.0155620380766,0 9.15790227854097,48.9891369267966,0 9.127468316393159,48.99223129325019,0 9.15365190988086,49.0201635661891,0 9.14991300943775,49.0310736561213,0 9.130130754613811,49.0406344731078,0 
					</coordinates>
				</LinearRing>
			</outerBoundaryIs>
		</Polygon>
	</Placemark>
	<Placemark>
		<name>01955bd7-655d-7439-b395-481cd11ac76f</name>
		<Style>
			<LineStyle>
				<color>ff0000ff</color>
			</LineStyle>
			<PolyStyle>
				<fill>0</fill>
			</PolyStyle>
		</Style>
		<Polygon>
			<outerBoundaryIs>
				<LinearRing>
					<coordinates>
						9.177305496101299,49.3441720485917,0 9.14881161528233,49.3465147521664,0 9.124304377849761,49.33345551226721,0 9.106501085335729,49.33288308032691,0 9.082194163145649,49.3516713157758,0 9.08766012549057,49.3566857683966,0 9.100935358207421,49.35382361713041,0 9.12177906129185,49.3599462276947,0 9.137782936048451,49.3549936888893,0 9.153126884373609,49.3650349714413,0 9.15918561949392,49.3541421620448,0 9.177305496101299,49.3441720485917,0 
					</coordinates>
				</LinearRing>
			</outerBoundaryIs>
		</Polygon>
	</Placemark>
	<Placemark>
		<name>01955bd7-655d-7585-b7d9-6d2798b41f72</name>
		<Style>
			<LineStyle>
				<color>ff0000ff</color>
			</LineStyle>
			<PolyStyle>
				<fill>0</fill>
			</PolyStyle>
		</Style>
		<Polygon>
			<outerBoundaryIs>
				<LinearRing>
					<coordinates>
						9.01747975890445,49.6453650016486,0 8.99391689514654,49.6466064840544,0 8.98193712180908,49.6577043786563,0 8.990950265771509,49.67218302830331,0 8.98507386700657,49.6866760551847,0 9.00117955494578,49.6954244493721,0 9.01723931123799,49.68218406935221,0 9.00949783996465,49.6542510703393,0 9.01747975890445,49.6453650016486,0 
					</coordinates>
				</LinearRing>
			</outerBoundaryIs>
		</Polygon>
	</Placemark>
	<Placemark>
		<name>01955bd7-655d-7988-a124-a4da9a992ddc</name>
		<Style>
			<LineStyle>
				<color>ff0000ff</color>
			</LineStyle>
			<PolyStyle>
				<fill>0</fill>
			</PolyStyle>
		</Style>
		<Polygon>
			<outerBoundaryIs>
				<LinearRing>
					<coordinates>
						9.063829733599469,50.0535691679805,0 9.07362727747889,50.0614534049677,0 9.07930928150846,50.0576645638727,0 9.06841858922661,50.0501140282713,0 9.063829733599469,50.0535691679805,0 
					</coordinates>
				</LinearRing>
			</outerBoundaryIs>
		</Polygon>
	</Placemark>
	<Placemark>
		<name>01955bd7-655d-7b48-b513-fe58754580b2</name>
		<Style>
			<LineStyle>
				<color>ff0000ff</color>
			</LineStyle>
			<PolyStyle>
				<fill>0</fill>
			</PolyStyle>
		</Style>
		<Polygon>
			<outerBoundaryIs>
				<LinearRing>
					<coordinates>
						9.074157573306151,50.0663165784002,0 9.04151923789145,50.0961122798243,0 9.05910362215425,50.0973218297865,0 9.082023774900859,50.089068105471,0 9.09690877158463,50.0956061986841,0 9.09979070899398,50.10634410766031,0 9.10879533391476,50.1069054027317,0 9.11424357642602,50.1005552498615,0 9.10137508624905,50.0958456866575,0 9.097140642158131,50.0876562711225,0 9.076878486007439,50.08179356064041,0 9.08136078829817,50.07219008382491,0 9.074157573306151,50.0663165784002,0 
					</coordinates>
				</LinearRing>
			</outerBoundaryIs>
		</Polygon>
	</Placemark>
	<Placemark>
		<name>01955bd7-655d-715b-800c-e4a4b018fdf7</name>
		<Style>
			<LineStyle>
				<color>ff0000ff</color>
			</LineStyle>
			<PolyStyle>
				<fill>0</fill>
			</PolyStyle>
		</Style>
		<Polygon>
			<outerBoundaryIs>
				<LinearRing>
					<coordinates>
						9.13660561452868,50.1544941198624,0 9.15018718301058,50.15747440211059,0 9.15080853124609,50.1443348562041,0 9.17128810017072,50.1435976200356,0 9.16280187087459,50.1367281899569,0 9.14922269564177,50.13625232732839,0 9.14723629236669,50.1262820694696,0 9.139163788930381,50.1238136404084,0 9.105321450763769,50.13655127041079,0 9.10292912597073,50.14829720566169,0 9.076645342341219,50.16434391012779,0 9.08543275781183,50.1684199379414,0 9.100050115073611,50.1666490253421,0 9.104073308330429,50.1583104683705,0 9.128201993140889,50.1429393254265,0 9.13660561452868,50.1544941198624,0 
					</coordinates>
				</LinearRing>
			</outerBoundaryIs>
		</Polygon>
	</Placemark>
	<Placemark>
		<name>01955bd7-655d-73d2-ba18-857719278203</name>
		<Style>
			<LineStyle>
				<color>ff0000ff</color>
			</LineStyle>
			<PolyStyle>
				<fill>0</fill>
			</PolyStyle>
		</Style>
		<Polygon>
			<outerBoundaryIs>
				<LinearRing>
					<coordinates>
						9.130067060465279,50.18575808985941,0 9.17568192035422,50.1937408570943,0 9.167544332581461,50.20259153550359,0 9.153090485699741,50.2040766338114,0 9.10107501101891,50.19262052956209,0 9.099348905981801,50.2128425789411,0 9.11210770757218,50.21358414694129,0 9.12326206473686,50.20602003143299,0 9.137671986813659,50.2162522824301,0 9.184881101087569,50.2118263187148,0 9.20107954591977,50.2049852634679,0 9.2231367162733,50.2156510797535,0 9.23724041490885,50.2113170378603,0 9.24140953584774,50.2043157855656,0 9.20623032875738,50.1987218771731,0 9.19951820152535,50.1819076828509,0 9.178812912558911,50.1852797660517,0 9.149805806776619,50.1749482549746,0 9.13327361315787,50.17673299600141,0 9.128721226131329,50.1642990995159,0 9.120291318528061,50.16474953696219,0 9.10966653804784,50.1799550729938,0 9.129197048495181,50.1751503274445,0 9.130067060465279,50.18575808985941,0 
					</coordinates>
				</LinearRing>
			</outerBoundaryIs>
		</Polygon>
	</Placemark>
	<Placemark>
		<name>01955bd7-655d-7e71-bc44-a6cc46555be5</name>
		<Style>
			<LineStyle>
				<color>ff0000ff</color>
			</LineStyle>
			<PolyStyle>
				<fill>0</fill>
			</PolyStyle>
		</Style>
		<Polygon>
			<outerBoundaryIs>
				<LinearRing>
					<coordinates>
						9.066249515765509,52.167885707998,0 9.072071893919951,52.1920104440788,0 9.05800893148634,52.2090692265218,0 9.097294850343889,52.2067444187627,0 9.11358940505278,52.1951189782934,0 9.086993007786029,52.193720356786,0 9.07558075204482,52.1749406869752,0 9.09905614203336,52.1731450127723,0 9.10133283717232,52.1696895328499,0 9.073511544165299,52.16295444115509,0 9.066249515765509,52.167885707998,0 
					</coordinates>
				</LinearRing>
			</outerBoundaryIs>
		</Polygon>
	</Placemark>
	<Placemark>
		<name>01955bd7-655d-7fec-a487-756e45ae7c01</name>
		<Style>
			<LineStyle>
				<color>ff0000ff</color>
			</LineStyle>
			<PolyStyle>
				<fill>0</fill>
			</PolyStyle>
		</Style>
		<Polygon>
			<outerBoundaryIs>
				<LinearRing>
					<coordinates>
						9.09208288852102,52.2245245694498,0 9.0933433588302,52.24041564137641,0 9.10289862764488,52.24645015056331,0 9.109604570244381,52.2454249196243,0 9.11100710659472,52.2313137477426,0 9.09767224068276,52.23026329193501,0 9.09208288852102,52.2245245694498,0 
					</coordinates>
				</LinearRing>
			</outerBoundaryIs>
		</Polygon>
	</Placemark>
	<Placemark>
		<name>01955bd7-655d-707b-a673-18e560f0bbab</name>
		<Style>
			<LineStyle>
				<color>ff0000ff</color>
			</LineStyle>
			<PolyStyle>
				<fill>0</fill>
			</PolyStyle>
		</Style>
		<Polygon>
			<outerBoundaryIs>
				<LinearRing>
					<coordinates>
						9.11560719588906,52.2481036358907,0 9.118302853319671,52.2544564157564,0 9.13011151094852,52.2578336530277,0 9.114947999473911,52.2699693551488,0 9.096181733350621,52.2726662457204,0 9.137583393112511,52.2767906081909,0 9.145562011284669,52.2658827493388,0 9.14108730713061,52.258278013238,0 9.124149113478859,52.2475886103968,0 9.11560719588906,52.2481036358907,0 
					</coordinates>
				</LinearRing>
			</outerBoundaryIs>
		</Polygon>
	</Placemark>
	<Placemark>
		<name>01955bd7-655d-7037-adf3-ea9f22ee4ec6</name>
		<Style>
			<LineStyle>
				<color>ff0000ff</color>
			</LineStyle>
			<PolyStyle>
				<fill>0</fill>
			</PolyStyle>
		</Style>
		<Polygon>
			<outerBoundaryIs>
				<LinearRing>
					<coordinates>
						9.219468726172961,53.9014538816521,0 9.203162878906911,53.89185017802401,0 9.192585525080659,53.8977027509775,0 9.18233756551858,53.891513625531,0 9.168578501824079,53.89635036334061,0 9.16423380238616,53.9070799467365,0 9.13111969061447,53.8901734938022,0 9.104916717624659,53.8904018927589,0 9.101120572180429,53.8949253263416,0 9.138924357246021,53.9147375175765,0 9.14789575533641,53.9109909721086,0 9.163341150216519,53.9150677904052,0 9.17155422634081,53.9068174548842,0 9.1850163145116,53.91221329798629,0 9.19666907252293,53.9084496299475,0 9.209857010082301,53.9103117640177,0 9.219468726172961,53.9014538816521,0 
					</coordinates>
				</LinearRing>
			</outerBoundaryIs>
		</Polygon>
	</Placemark>
	<Placemark>
		<name>01955bd7-655d-7b08-83ab-59e84f044b6a</name>
		<Style>
			<LineStyle>
				<color>ff0000ff</color>
			</LineStyle>
			<PolyStyle>
				<fill>0</fill>
			</PolyStyle>
		</Style>
		<Polygon>
			<outerBoundaryIs>
				<LinearRing>
					<coordinates>
						9.08134521649235,54.1827698143816,0 9.06282208395228,54.1833793809527,0 9.072835578409199,54.1948698564721,0 9.07142307153444,54.21011932016379,0 9.102526577999919,54.2114721350884,0 9.11893995224947,54.2223179067841,0 9.138085381895269,54.2159316641336,0 9.11729853228633,54.2099432940483,0 9.13888309379003,54.1955386251141,0 9.103218703071621,54.1808408652441,0 9.095586301840081,54.17234874102621,0 9.09351626758593,54.1517647377719,0 9.075000945651171,54.14185121863959,0 9.06160071977911,54.14506110947929,0 9.05768772519391,54.1545529414549,0 9.060976542644831,54.15971687707191,0 9.08323200141351,54.1659724131925,0 9.08134521649235,54.1827698143816,0 
					</coordinates>
				</LinearRing>
			</outerBoundaryIs>
		</Polygon>
	</Placemark>
	<Placemark>
		<name>01955bd7-655d-7fd6-911e-2a1899beefce</name>
		<Style>
			<LineStyle>
				<color>ff0000ff</color>
			</LineStyle>
			<PolyStyle>
				<fill>0</fill>
			</PolyStyle>
		</Style>
		<Polygon>
			<outerBoundaryIs>
				<LinearRing>
					<coordinates>
						9.14530260509218,54.1973659271777,0 9.15883407356211,54.2028638475488,0 9.162493735982791,54.20175590227791,0 9.159946339230549,54.1980293420549,0 9.14530260509218,54.1973659271777,0 
					</coordinates>
				</LinearRing>
			</outerBoundaryIs>
		</Polygon>
	</Placemark>
	<Placemark>
		<name>01955bd7-655d-77f6-9203-775407796040</name>
		<Style>
			<LineStyle>
				<color>ff0000ff</color>
			</LineStyle>
			<PolyStyle>
				<fill>0</fill>
			</PolyStyle>
		</Style>
		<Polygon>
			<outerBoundaryIs>
				<LinearRing>
					<coordinates>
						9.08505243665757,54.4622689282458,0 9.06054265558684,54.463792405114,0 9.038034790679969,54.4705393213628,0 9.03935627726368,54.4803255780397,0 9.02598255557967,54.4938229991313,0 9.028273820493149,54.4986128629663,0 9.060058136400899,54.4932391732045,0 9.084075849569899,54.5014697940107,0 9.09293921203324,54.4988451248247,0 9.081020368852069,54.47583711489511,0 9.102170190090179,54.4687240639457,0 9.10332016850831,54.4588444869905,0 9.096346992116279,54.45644633335291,0 9.08505243665757,54.4622689282458,0 
					</coordinates>
				</LinearRing>
			</outerBoundaryIs>
		</Polygon>
	</Placemark>
	<Placemark>
		<name>01955bd7-655d-79ba-964e-85ddbb902761</name>
		<Style>
			<LineStyle>
				<color>ff0000ff</color>
			</LineStyle>
			<PolyStyle>
				<fill>0</fill>
			</PolyStyle>
		</Style>
		<Polygon>
			<outerBoundaryIs>
				<LinearRing>
					<coordinates>
						9.14072157635786,48.5158007244553,0 9.13771614414393,48.5360859265335,0 9.154453134612449,48.53780636357251,0 9.159748175077469,48.52692075324829,0 9.15249587504573,48.52096802372559,0 9.16750205444181,48.5072581666265,0 9.182650031652789,48.51037011457031,0 9.166993296375241,48.5212008101961,0 9.181231326381321,48.5390274498567,0 9.172919050568879,48.54534365021501,0 9.180932686087971,48.5504598630679,0 9.195892615536099,48.549111043371,0 9.188328872848389,48.5619161138707,0 9.196697508015481,48.5712231397917,0 9.191497220582869,48.5739500234519,0 9.179008544276909,48.56969177514849,0 9.17234265208859,48.5592629836114,0 9.16335649066626,48.569927231847,0 9.17399238170457,48.5740102490248,0 9.17029962060565,48.59121783062059,0 9.200583348402789,48.59928096370899,0 9.190651165957551,48.5839388308194,0 9.198134063321421,48.5796503720064,0 9.19811904356826,48.5709297740338,0 9.21249730541558,48.5650208412359,0 9.21317335273223,48.543876640226,0 9.20520876573894,48.5375638737648,0 9.24352444415362,48.5164599449336,0 9.23573870125225,48.4964040943749,0 9.240310939666831,48.4896384670775,0 9.264189970298061,48.49575412115529,0 9.26568313071159,48.4822638024493,0 9.25958495335251,48.4758544322171,0 9.238915610184691,48.47449138487641,0 9.241374470271911,48.461840674705,0 9.233994761072189,48.4508720186556,0 9.21489671205201,48.4469242224581,0 9.20616090775599,48.45712877980401,0 9.21349474751934,48.4679551595908,0 9.1766524563588,48.4749542059028,0 9.17674659089235,48.4914418057662,0 9.153550002104961,48.4870038884519,0 9.149072456124991,48.4721725698115,0 9.128630178308009,48.4724740612952,0 9.147059262162101,48.4890783382321,0 9.132118588728909,48.4924582599252,0 9.123933001960999,48.5027548651504,0 9.15513392666506,48.503066950841,0 9.14072157635786,48.5158007244553,0 
					</coordinates>
				</LinearRing>
			</outerBoundaryIs>
		</Polygon>
	</Placemark>
	<Placemark>
		<name>01955bd7-655d-7566-8d6d-f8c6db4b4741</name>
		<Style>
			<LineStyle>
				<color>ff0000ff</color>
			</LineStyle>
			<PolyStyle>
				<fill>0</fill>
			</PolyStyle>
		</Style>
		<Polygon>
			<outerBoundaryIs>
				<LinearRing>
					<coordinates>
						9.293699149558501,48.55746304720201,0 9.29375156173459,48.5496044004792,0 9.313884230172199,48.5315604595046,0 9.310371809021451,48.525523406455,0 9.270885097953039,48.5299591727508,0 9.25625137655949,48.5565768783653,0 9.25962954034607,48.5732133326135,0 9.274424492323529,48.5748316306824,0 9.2779726179871,48.55133369392561,0 9.293699149558501,48.55746304720201,0 
					</coordinates>
				</LinearRing>
			</outerBoundaryIs>
		</Polygon>
	</Placemark>
	<Placemark>
		<name>01955bd7-655d-704f-946f-95d3d71b6897</name>
		<Style>
			<LineStyle>
				<color>ff0000ff</color>
			</LineStyle>
			<PolyStyle>
				<fill>0</fill>
			</PolyStyle>
		</Style>
		<Polygon>
			<outerBoundaryIs>
				<LinearRing>
					<coordinates>
						9.29826986713883,48.5615940736106,0 9.30089168895425,48.5679474302782,0 9.30725494593697,48.5679539396122,0 9.30755943876348,48.5638961056817,0 9.29826986713883,48.5615940736106,0 
					</coordinates>
				</LinearRing>
			</outerBoundaryIs>
		</Polygon>
	</Placemark>
	<Placemark>
		<name>01955bd7-655d-7d74-a311-6ba9b2313ef7</name>
		<Style>
			<LineStyle>
				<color>ff0000ff</color>
			</LineStyle>
			<PolyStyle>
				<fill>0</fill>
			</PolyStyle>
		</Style>
		<Polygon>
			<outerBoundaryIs>
				<LinearRing>
					<coordinates>
						9.06047018887041,48.8373972916338,0 9.07545804292616,48.8355519324831,0 9.088362768435699,48.8243645468842,0 9.11364257829889,48.83564794263719,0 9.136240439262391,48.8384446555662,0 9.124254111817971,48.8472220828213,0 9.08502230117155,48.8476166331347,0 9.08809055251942,48.85935840316719,0 9.13497868426629,48.85029308968091,0 9.168340552487219,48.8579454115021,0 9.17371442347654,48.8815345096116,0 9.12664263114972,48.883858862949,0 9.11814838278392,48.8879854088935,0 9.130408492108071,48.895482771309,0 9.12602417331745,48.9076203713333,0 9.147384950796191,48.9145614342276,0 9.114111098623489,48.9191383232451,0 9.114867544911521,48.92553583893429,0 9.14582200623526,48.92853314951941,0 9.16246855241236,48.9162764234615,0 9.1855963651838,48.9176361303265,0 9.192681706455851,48.9051643603556,0 9.20456890251403,48.9221653741316,0 9.17858071655832,48.9281918523269,0 9.17756287540421,48.9426347200535,0 9.20256937651374,48.9411494927095,0 9.218028094783209,48.94510570605561,0 9.206948561003131,48.9247797917397,0 9.237714587767289,48.91321471502819,0 9.262396407964721,48.9146044740384,0 9.27201801718118,48.91105538771351,0 9.27288995827838,48.9051117273808,0 9.26401915950264,48.900625902597,0 9.253258978990271,48.9108898683707,0 9.2257930678156,48.9049945884252,0 9.23722365011527,48.8923667241928,0 9.222192221044009,48.8819048186374,0 9.23984055622091,48.86999290498709,0 9.26238533700641,48.87410057713939,0 9.2734565118314,48.8846898257662,0 9.264230385231301,48.89423700460329,0 9.28773277229174,48.8889182726674,0 9.288000669125029,48.8715184704494,0 9.251156732637959,48.8551285323169,0 9.23390021334442,48.8688461382657,0 9.218001277209421,48.8670564363497,0 9.20567337957895,48.8798801062161,0 9.19056672043564,48.87811595960621,0 9.18938991488408,48.8727743999444,0 9.21394151201863,48.8659682707233,0 9.19451996569941,48.8486173434855,0 9.214462763440171,48.8454038274195,0 9.22819084197168,48.8506920983106,0 9.239656550183801,48.8471498390937,0 9.24251696857538,48.8238438415734,0 9.25545340617486,48.81954066477821,0 9.261425574763249,48.8234205219744,0 9.25122578111371,48.83283898995559,0 9.256842370705341,48.8510597115811,0 9.26512303512586,48.85195302795219,0 9.2745588398483,48.8286560002852,0 9.28888405882209,48.8234161438483,0 9.29664246795655,48.8376949549347,0 9.311509824344821,48.84274758284009,0 9.317132981602541,48.85312416273339,0 9.30700720711584,48.8607405149609,0 9.29743068456883,48.8494285964854,0 9.291621866628381,48.8585734966621,0 9.32096911716507,48.86952973734899,0 9.335496199357131,48.8583945545022,0 9.335478589727209,48.84673361721251,0 9.35599427934708,48.8547881531156,0 9.395164898977651,48.8188127428917,0 9.396893434617731,48.7967726707763,0 9.40992869000759,48.7876274775492,0 9.3760188791962,48.8058879934746,0 9.352876525196359,48.8037672723884,0 9.336856040052091,48.81670503714461,0 9.317636397237649,48.7911556765423,0 9.27269613564982,48.7980478842386,0 9.269293474214001,48.7934236163405,0 9.28686202160727,48.788390941839,0 9.28951998218438,48.7691222804066,0 9.30423199823634,48.7641518960221,0 9.31924588323931,48.76875724549581,0 9.32350901273278,48.75970758171629,0 9.34658018650916,48.75187765226971,0 9.34836810987543,48.7284740020159,0 9.385283949716561,48.7283982599239,0 9.393900846163991,48.7190353470497,0 9.42851950332318,48.7213416052853,0 9.443904844773011,48.7143221185821,0 9.473124215942031,48.7153495553811,0 9.47555433240743,48.6933747206503,0 9.460074245766849,48.6907119502405,0 9.46177132186598,48.7051309443744,0 9.4322117208414,48.7003191145004,0 9.43054642325917,48.68191773671489,0 9.42200693418946,48.6787011949168,0 9.40937374300713,48.6811769661822,0 9.400145930382401,48.6914546934402,0 9.407089092955189,48.71029339806551,0 9.37953481570667,48.7080401769125,0 9.368704365460991,48.7142917130401,0 9.35849932194056,48.7104105788682,0 9.33810123282082,48.7159035402894,0 9.314778776510799,48.7085886400671,0 9.33132304044557,48.6953037000781,0 9.32509908391256,48.6879008519133,0 9.3019539502077,48.6938338040565,0 9.303614753747251,48.704377465156,0 9.28984432506833,48.70775403602221,0 9.289037014768249,48.72330798842351,0 9.282787322303809,48.72294367041539,0 9.27222973160673,48.70683733269,0 9.24919034975016,48.7050809804586,0 9.246733180617399,48.7088537735145,0 9.2646849536274,48.7170692913805,0 9.25994768926779,48.723327350519,0 9.24122097502879,48.7257039795288,0 9.236572578152879,48.7148729931676,0 9.217916197765611,48.7135691715884,0 9.222214431445449,48.69430046328001,0 9.215589739355179,48.68767262802051,0 9.24776234138821,48.6817820775937,0 9.265420919659279,48.6913105946744,0 9.279658759043141,48.6912165611724,0 9.287575368433441,48.681441405115,0 9.28483046398701,48.6752039238542,0 9.278525383649811,48.6720726597487,0 9.24958993362444,48.68111294582591,0 9.243537051240359,48.6679088718849,0 9.228477443028821,48.6635807165277,0 9.22808524635674,48.6496836486529,0 9.192929486470041,48.6464649789445,0 9.16377771426068,48.67121006933551,0 9.168857326190761,48.6737511982253,0 9.18248533968845,48.6625397697189,0 9.208524983508539,48.6579767394376,0 9.227044013262789,48.66386873243809,0 9.226407642720149,48.66924279702,0 9.206783245279309,48.6697512407469,0 9.19044473869906,48.6767129933503,0 9.21217845179228,48.6901993389391,0 9.16858627768474,48.6802975991215,0 9.15291028617728,48.681358449084,0 9.149481274176861,48.6886874523939,0 9.11350821199739,48.69101371322891,0 9.107577358924329,48.70990032826871,0 9.08631586591228,48.71645609833561,0 9.087674433487891,48.72625846805901,0 9.06738767570995,48.7256194317823,0 9.076799723583781,48.7310748653245,0 9.07729279051356,48.7387161203258,0 9.10338402552331,48.7502556975461,0 9.143952192863781,48.7460316420227,0 9.136545131045819,48.754996683044,0 9.142162639058069,48.7639301574044,0 9.120639490955201,48.77102179317969,0 9.11307478264392,48.77948078672921,0 9.122316450604179,48.7851624454938,0 9.14244552757676,48.7845578423369,0 9.152883869059529,48.7932421887841,0 9.147674403246491,48.7994139949493,0 9.130077579818559,48.80922542707269,0 9.076140387392661,48.7945455720564,0 9.06989352399229,48.78549325045561,0 9.05432471447695,48.784703091498,0 9.038913619989181,48.7900146811748,0 9.016220253176011,48.7796241273279,0 8.98887717784606,48.78853124467761,0 8.98951534950486,48.8001248956641,0 9.00242160464146,48.8057825079652,0 9.01005378966344,48.8210344592924,0 9.03226662259503,48.81749920692049,0 9.01717680376788,48.8092588381751,0 9.047119523963589,48.79253879263841,0 9.052416016216631,48.8051874033842,0 9.07897488347222,48.8104715640107,0 9.07795536897679,48.8147243229705,0 9.061719823808209,48.8178800749779,0 9.052309673289701,48.83257810185981,0 9.03061680529343,48.8359099243163,0 9.02620797964004,48.8476103581218,0 9.032377039901579,48.8481898347829,0 9.05163357498698,48.8335015875085,0 9.06047018887041,48.8373972916338,0 
					</coordinates>
				</LinearRing>
			</outerBoundaryIs>
		</Polygon>
	</Placemark>
	<Placemark>
		<name>01955bd7-655d-7b16-bc19-2c0f03ed9181</name>
		<Style>
			<LineStyle>
				<color>ff0000ff</color>
			</LineStyle>
			<PolyStyle>
				<fill>0</fill>
			</PolyStyle>
		</Style>
		<Polygon>
			<outerBoundaryIs>
				<LinearRing>
					<coordinates>
						9.146343728113459,48.9343435248358,0 9.09257760630196,48.9390761532896,0 9.07812885656211,48.9437156615916,0 9.086905223894441,48.94896922301239,0 9.1143666161454,48.949236148389,0 9.09760601781503,48.9643337277938,0 9.11087763102692,48.9635251205975,0 9.14288977347972,48.9724880776595,0 9.159066488858389,48.9416002277883,0 9.146343728113459,48.9343435248358,0 
					</coordinates>
				</LinearRing>
			</outerBoundaryIs>
		</Polygon>
	</Placemark>
	<Placemark>
		<name>01955bd7-655d-7c32-b434-f50536d73ea4</name>
		<Style>
			<LineStyle>
				<color>ff0000ff</color>
			</LineStyle>
			<PolyStyle>
				<fill>0</fill>
			</PolyStyle>
		</Style>
		<Polygon>
			<outerBoundaryIs>
				<LinearRing>
					<coordinates>
						9.236408357967219,48.9563712360537,0 9.287857906874789,48.9834276466812,0 9.29427944891887,48.9788194171734,0 9.28671419067169,48.9632955565325,0 9.267618690774841,48.9615537186244,0 9.257016711358959,48.9546782004668,0 9.27674046205586,48.9431449298188,0 9.25547975840721,48.92578656914219,0 9.25007102935078,48.9375756688181,0 9.23578894587939,48.938053848676,0 9.230093396837351,48.9462037751665,0 9.236408357967219,48.9563712360537,0 
					</coordinates>
				</LinearRing>
			</outerBoundaryIs>
		</Polygon>
	</Placemark>
	<Placemark>
		<name>01955bd7-655d-7b80-9591-a822dc1ed7fe</name>
		<Style>
			<LineStyle>
				<color>ff0000ff</color>
			</LineStyle>
			<PolyStyle>
				<fill>0</fill>
			</PolyStyle>
		</Style>
		<Polygon>
			<outerBoundaryIs>
				<LinearRing>
					<coordinates>
						9.26150114135344,49.1031156140585,0 9.27007454987811,49.10422404239459,0 9.28610426757376,49.0900208844188,0 9.30727132172561,49.0823978491576,0 9.324484552419831,49.098690236263,0 9.33370461024843,49.0971815348333,0 9.32891885065836,49.08496870003039,0 9.31189296412335,49.07945162510791,0 9.296255762991301,49.0567224399052,0 9.24762470694438,49.0479920764204,0 9.22754804245273,49.0542316043973,0 9.265995487075759,49.0682258863676,0 9.276356153479,49.0658371582089,0 9.28770426390358,49.08079333066029,0 9.269809815654989,49.084707335721,0 9.26150114135344,49.1031156140585,0 
					</coordinates>
				</LinearRing>
			</outerBoundaryIs>
		</Polygon>
	</Placemark>
	<Placemark>
		<name>01955bd7-655d-76d1-92f1-88bb01834bb5</name>
		<Style>
			<LineStyle>
				<color>ff0000ff</color>
			</LineStyle>
			<PolyStyle>
				<fill>0</fill>
			</PolyStyle>
		</Style>
		<Polygon>
			<outerBoundaryIs>
				<LinearRing>
					<coordinates>
						9.1449863307227,49.11454914289919,0 9.14755834023588,49.1085667645013,0 9.13755825367172,49.1024227937552,0 9.10032106547261,49.1020726295166,0 9.122214785336039,49.1174533272757,0 9.1449863307227,49.11454914289919,0 
					</coordinates>
				</LinearRing>
			</outerBoundaryIs>
		</Polygon>
	</Placemark>
	<Placemark>
		<name>01955bd7-655d-7ff5-be1f-6160cd89ab32</name>
		<Style>
			<LineStyle>
				<color>ff0000ff</color>
			</LineStyle>
			<PolyStyle>
				<fill>0</fill>
			</PolyStyle>
		</Style>
		<Polygon>
			<outerBoundaryIs>
				<LinearRing>
					<coordinates>
						9.145845057012931,49.11574023523791,0 9.14651830929277,49.1224748917206,0 9.16304163705083,49.1221565564882,0 9.17749204746255,49.1295663456193,0 9.158669419552769,49.1407533434207,0 9.174662602790219,49.1451565618115,0 9.162079296781689,49.1635406818614,0 9.18156657110864,49.1686733308404,0 9.195492443766,49.1807605646569,0 9.18746504369475,49.22558158832251,0 9.17292119471354,49.2280287388257,0 9.160098457772991,49.2205521504736,0 9.1484238506222,49.22617215375741,0 9.165129193499491,49.2517644466312,0 9.169912440998321,49.2326822520138,0 9.18884204264616,49.2412584360284,0 9.22718117481965,49.2423893041725,0 9.230962877343689,49.2224853638496,0 9.22360825085862,49.2129273028793,0 9.23153083148452,49.2083190405119,0 9.238900178979369,49.21534499745681,0 9.26094541860294,49.2147963024599,0 9.26274648570829,49.2046072912939,0 9.248977226313009,49.194506702303,0 9.26214717075746,49.1803507387136,0 9.273852992592531,49.176588268016,0 9.28212415893943,49.1638286598781,0 9.295464404765321,49.1678689823474,0 9.31398246498093,49.1543880227941,0 9.32768323351134,49.16089300825499,0 9.330513455732589,49.151242654718,0 9.34106539685073,49.1514093636798,0 9.346690062377521,49.1453330828168,0 9.36824522666654,49.1395184351494,0 9.40403139044329,49.1426473224879,0 9.41106409917235,49.1380383018821,0 9.363284472928591,49.126362945874,0 9.35205930870198,49.13211451742729,0 9.349316022570051,49.1438164246419,0 9.335571285544811,49.1444726021915,0 9.32128017930804,49.1397502455247,0 9.328741439684761,49.12819437173371,0 9.32232223645928,49.1244581488961,0 9.3168191010136,49.1271259131496,0 9.31818118328253,49.14004210319699,0 9.300327215690819,49.135433351221,0 9.25581086340461,49.15234974340829,0 9.25266901555058,49.1603968639685,0 9.259483198580069,49.1658593003435,0 9.244051650956781,49.1858916929723,0 9.229690950599441,49.17029015672369,0 9.23406411804512,49.15883859449971,0 9.25204696602634,49.14987323173559,0 9.26076040682908,49.13343692046661,0 9.2204131441279,49.1131751532798,0 9.22693555673867,49.0991823920845,0 9.21931482176069,49.0936318694624,0 9.20560687432155,49.0937278128199,0 9.1984353222671,49.07529355707339,0 9.1884155385192,49.0776405134436,0 9.17994966868652,49.0968674967103,0 9.20499054099133,49.11251592432169,0 9.17107966355357,49.1090597644808,0 9.145845057012931,49.11574023523791,0 
					</coordinates>
				</LinearRing>
			</outerBoundaryIs>
		</Polygon>
	</Placemark>
	<Placemark>
		<name>01955bd7-655d-74a2-be1d-34c618317dbb</name>
		<Style>
			<LineStyle>
				<color>ff0000ff</color>
			</LineStyle>
			<PolyStyle>
				<fill>0</fill>
			</PolyStyle>
		</Style>
		<Polygon>
			<outerBoundaryIs>
				<LinearRing>
					<coordinates>
						9.268851399971901,49.72180806191151,0 9.281962579210971,49.7091036474225,0 9.268365157732431,49.69699653824459,0 9.22485006250912,49.6997892690205,0 9.22160808829071,49.70879267361219,0 9.20224916924329,49.7152162869454,0 9.203383969711689,49.7250011228681,0 9.221365697571191,49.7345500431193,0 9.233292651007259,49.7327886949274,0 9.23446995172295,49.719197726163,0 9.250475187024101,49.712517481769,0 9.268851399971901,49.72180806191151,0 
					</coordinates>
				</LinearRing>
			</outerBoundaryIs>
		</Polygon>
	</Placemark>
	<Placemark>
		<name>01955bd7-655d-76b7-b682-9a9292121fd6</name>
		<Style>
			<LineStyle>
				<color>ff0000ff</color>
			</LineStyle>
			<PolyStyle>
				<fill>0</fill>
			</PolyStyle>
		</Style>
		<Polygon>
			<outerBoundaryIs>
				<LinearRing>
					<coordinates>
						9.231242843526211,51.99250093719549,0 9.261588189380261,51.9950715019407,0 9.290347795329991,51.9824865083787,0 9.261972772320039,51.9662668379122,0 9.26354747617604,51.9558547068665,0 9.243642446358869,51.9478362528439,0 9.23527760054362,51.9516101346437,0 9.22896124001678,51.9648748916069,0 9.264877465810001,51.9753318047716,0 9.23197479454611,51.97786612794869,0 9.223395817599149,51.98494300805649,0 9.231242843526211,51.99250093719549,0 
					</coordinates>
				</LinearRing>
			</outerBoundaryIs>
		</Polygon>
	</Placemark>
	<Placemark>
		<name>01955bd7-655d-75d3-a583-6ea7c86eba0c</name>
		<Style>
			<LineStyle>
				<color>ff0000ff</color>
			</LineStyle>
			<PolyStyle>
				<fill>0</fill>
			</PolyStyle>
		</Style>
		<Polygon>
			<outerBoundaryIs>
				<LinearRing>
					<coordinates>
						9.19129043482762,52.61231694116249,0 9.208407758916319,52.6282236363387,0 9.1982585254126,52.6430593087447,0 9.206116517997581,52.6475319823155,0 9.203983535391369,52.65760990956279,0 9.227163657817719,52.67700765526519,0 9.249810514426841,52.6670631843074,0 9.230741612078599,52.65053745743351,0 9.23914270180407,52.6401047453079,0 9.239369773483951,52.62389214681129,0 9.266572522371989,52.6182673779632,0 9.272309437513689,52.6131234721504,0 9.24859214798494,52.6165447029347,0 9.23927553189182,52.6226252527229,0 9.209277918740559,52.6189633492099,0 9.20351982879847,52.6112734134424,0 9.19129043482762,52.61231694116249,0 
					</coordinates>
				</LinearRing>
			</outerBoundaryIs>
		</Polygon>
	</Placemark>
	<Placemark>
		<name>01955bd7-655d-702e-b8a6-6607ef332f03</name>
		<Style>
			<LineStyle>
				<color>ff0000ff</color>
			</LineStyle>
			<PolyStyle>
				<fill>0</fill>
			</PolyStyle>
		</Style>
		<Polygon>
			<outerBoundaryIs>
				<LinearRing>
					<coordinates>
						9.24560549513077,52.9439267170292,0 9.23361634238587,52.9368155355718,0 9.235480173314491,52.933144383387,0 9.256240806417599,52.9289092186004,0 9.288308856432931,52.93386208012659,0 9.288174275788201,52.92343187483331,0 9.27060005729914,52.9237746468551,0 9.274752302038561,52.91360333073569,0 9.286489857941691,52.9112072745522,0 9.283344401298899,52.9020589760799,0 9.224065369531949,52.9153227679438,0 9.21527678830666,52.9139549683971,0 9.206836212881029,52.92121997720451,0 9.221980793531831,52.9249250566,0 9.22835576670423,52.95796041160379,0 9.24172850724182,52.95534950325059,0 9.24560549513077,52.9439267170292,0 
					</coordinates>
				</LinearRing>
			</outerBoundaryIs>
		</Polygon>
	</Placemark>
	<Placemark>
		<name>01955bd7-655d-7704-bfe0-52e8d27c3114</name>
		<Style>
			<LineStyle>
				<color>ff0000ff</color>
			</LineStyle>
			<PolyStyle>
				<fill>0</fill>
			</PolyStyle>
		</Style>
		<Polygon>
			<outerBoundaryIs>
				<LinearRing>
					<coordinates>
						9.34827195193251,47.6740502561595,0 9.38393714729848,47.6750252549383,0 9.393382103276229,47.6705586550145,0 9.38756306861794,47.66608313788231,0 9.3557164543006,47.66297200806801,0 9.34827195193251,47.6740502561595,0 
					</coordinates>
				</LinearRing>
			</outerBoundaryIs>
		</Polygon>
	</Placemark>
	<Placemark>
		<name>01955bd7-655d-705c-893a-0cc9027e0c65</name>
		<Style>
			<LineStyle>
				<color>ff0000ff</color>
			</LineStyle>
			<PolyStyle>
				<fill>0</fill>
			</PolyStyle>
		</Style>
		<Polygon>
			<outerBoundaryIs>
				<LinearRing>
					<coordinates>
						9.404471880905399,47.6713538156119,0 9.417044126974631,47.6838892741119,0 9.396913273731959,47.689669869164,0 9.39796596635531,47.7085803114618,0 9.379180191455269,47.7175882943471,0 9.38835415543244,47.7318143345844,0 9.409082281189381,47.71738825731439,0 9.43318915426959,47.721467242802,0 9.40075897018817,47.7001245374195,0 9.405466866753279,47.6922725992652,0 9.417601001251059,47.6916469546337,0 9.427739550758689,47.67430756761641,0 9.441643734960159,47.6781151256388,0 9.45360291226716,47.6698348837702,0 9.47439222112086,47.6767391375852,0 9.47545805769254,47.6816237701781,0 9.460091787986199,47.6834743631755,0 9.480880267954729,47.68974163594919,0 9.48676388940334,47.6967534404697,0 9.496851480152239,47.6909310739625,0 9.495204674573481,47.6794095501094,0 9.513941529329051,47.6805908157463,0 9.5211028891424,47.67363145221069,0 9.530336373751171,47.67940889544029,0 9.541982613536909,47.6781255187633,0 9.55505262903039,47.6929851483334,0 9.54249905203635,47.7054294470714,0 9.548133986963879,47.7088286163515,0 9.570109438088521,47.6990670918535,0 9.559811841152319,47.6801734031762,0 9.542724539190861,47.6771142726318,0 9.541472537065509,47.6728278282686,0 9.57299735311431,47.665961642726,0 9.587403712331239,47.6862713190838,0 9.596247962295919,47.6835491401586,0 9.606214488098811,47.65898613427401,0 9.593319159931561,47.6528819130822,0 9.56964662817974,47.6554413632285,0 9.56017974965002,47.66451162317281,0 9.5123014207176,47.67316916150019,0 9.505381647202899,47.6456725608089,0 9.490875679776501,47.6503345502171,0 9.46582620019981,47.6492526753816,0 9.404471880905399,47.6713538156119,0 
					</coordinates>
				</LinearRing>
			</outerBoundaryIs>
		</Polygon>
	</Placemark>
	<Placemark>
		<name>01955bd7-655d-7ecc-8624-30e108fac85e</name>
		<Style>
			<LineStyle>
				<color>ff0000ff</color>
			</LineStyle>
			<PolyStyle>
				<fill>0</fill>
			</PolyStyle>
		</Style>
		<Polygon>
			<outerBoundaryIs>
				<LinearRing>
					<coordinates>
						9.34813305120475,48.6025006055887,0 9.338150156238351,48.6012922589444,0 9.33502419597753,48.6080678325327,0 9.32088269612195,48.6105238809966,0 9.322949926856261,48.6198991676468,0 9.302861119361481,48.61876892932699,0 9.32445519774582,48.6267592387324,0 9.325647049645781,48.6432257272423,0 9.352121906994601,48.6478515432732,0 9.34790360245678,48.6532665383293,0 9.35872696397608,48.66493639833521,0 9.353081762450969,48.6728997762549,0 9.35958906786197,48.6887557198243,0 9.38122919708661,48.6913063712867,0 9.39430896968717,48.67343883033159,0 9.41350957122596,48.6627400100778,0 9.43787216672051,48.6563964279917,0 9.455768372247521,48.6605948312256,0 9.476082550509471,48.6557693197239,0 9.4912058095088,48.63735814423371,0 9.46415390542681,48.6317796567273,0 9.456839028544829,48.6226926824351,0 9.48799458514112,48.6176772913183,0 9.49491060637634,48.5980367205454,0 9.490077387816269,48.5944556724254,0 9.487586179541641,48.61357773269539,0 9.44963703968115,48.61036574154969,0 9.44921463904876,48.6367327790739,0 9.42848322837558,48.6414391038989,0 9.410712266893761,48.66356274030939,0 9.389677520450631,48.6660930302856,0 9.370184772275151,48.6620484926945,0 9.37627568257243,48.64582699020371,0 9.35041778295815,48.6361026995317,0 9.361982060675199,48.6218159546581,0 9.34813305120475,48.6025006055887,0 
					</coordinates>
				</LinearRing>
			</outerBoundaryIs>
		</Polygon>
	</Placemark>
	<Placemark>
		<name>01955bd7-655d-7f12-9065-1310b5351b05</name>
		<Style>
			<LineStyle>
				<color>ff0000ff</color>
			</LineStyle>
			<PolyStyle>
				<fill>0</fill>
			</PolyStyle>
		</Style>
		<Polygon>
			<outerBoundaryIs>
				<LinearRing>
					<coordinates>
						9.35151617533003,48.60008474071981,0 9.36546506653578,48.59559658710929,0 9.37274760843926,48.5778152412465,0 9.35063073806878,48.5899241233529,0 9.35151617533003,48.60008474071981,0 
					</coordinates>
				</LinearRing>
			</outerBoundaryIs>
		</Polygon>
	</Placemark>
	<Placemark>
		<name>01955bd7-655d-70a4-9eee-82bf34b06290</name>
		<Style>
			<LineStyle>
				<color>ff0000ff</color>
			</LineStyle>
			<PolyStyle>
				<fill>0</fill>
			</PolyStyle>
		</Style>
		<Polygon>
			<outerBoundaryIs>
				<LinearRing>
					<coordinates>
						9.44660829347418,48.81345510296221,0 9.465480890779761,48.81645375528749,0 9.47174485550727,48.80979450228341,0 9.5000989403507,48.8013464998383,0 9.52249599485677,48.81996783303361,0 9.54399775158552,48.8221725729603,0 9.53883164928757,48.8466611287681,0 9.546970627184059,48.8459471379891,0 9.54805769527872,48.8382533373601,0 9.55940098988826,48.8307420797989,0 9.541515812473071,48.8143811601807,0 9.540830909487759,48.7938157610686,0 9.53136454383443,48.7878393724945,0 9.51282684920945,48.795008731654,0 9.47442116373584,48.7930756590887,0 9.46598745440469,48.805812766886,0 9.43421051942272,48.8029847519877,0 9.42784524026264,48.8079922824067,0 9.410533385324779,48.80871286469011,0 9.407245330860309,48.8137005725642,0 9.41865048017999,48.82200791092231,0 9.44660829347418,48.81345510296221,0 
					</coordinates>
				</LinearRing>
			</outerBoundaryIs>
		</Polygon>
	</Placemark>
	<Placemark>
		<name>01955bd7-655d-7307-b071-54282acb1d96</name>
		<Style>
			<LineStyle>
				<color>ff0000ff</color>
			</LineStyle>
			<PolyStyle>
				<fill>0</fill>
			</PolyStyle>
		</Style>
		<Polygon>
			<outerBoundaryIs>
				<LinearRing>
					<coordinates>
						9.419132224395049,48.8891692223989,0 9.42995695349885,48.8890226295691,0 9.430540482429761,48.8812005029206,0 9.444152162431831,48.8825929578374,0 9.43050711104733,48.872509680596,0 9.43750833994957,48.8605298681534,0 9.416236234696701,48.8709507206408,0 9.387021730238089,48.8590746185887,0 9.371555628996649,48.8661043761847,0 9.348369099486399,48.8651763793225,0 9.341181486291349,48.8732112006748,0 9.34793984039235,48.8804986419968,0 9.37485386092091,48.8729751814934,0 9.377205636083779,48.8875615857594,0 9.388018047682319,48.8925069460564,0 9.39870496414677,48.8916570012481,0 9.41335467227754,48.8777017953516,0 9.4230799459341,48.8776036053564,0 9.419132224395049,48.8891692223989,0 
					</coordinates>
				</LinearRing>
			</outerBoundaryIs>
		</Polygon>
	</Placemark>
	<Placemark>
		<name>01955bd7-655d-7fef-9979-01ffc3e5620d</name>
		<Style>
			<LineStyle>
				<color>ff0000ff</color>
			</LineStyle>
			<PolyStyle>
				<fill>0</fill>
			</PolyStyle>
		</Style>
		<Polygon>
			<outerBoundaryIs>
				<LinearRing>
					<coordinates>
						9.411974716811979,48.9499321744639,0 9.429958886343231,48.9668343462332,0 9.456852242342761,48.9571005837886,0 9.46777725713461,48.9444559672845,0 9.44874348062773,48.9426935940766,0 9.44608988511688,48.9200922024369,0 9.43763392560477,48.9132211891606,0 9.42403974525544,48.9158047558377,0 9.411974716811979,48.9499321744639,0 
					</coordinates>
				</LinearRing>
			</outerBoundaryIs>
		</Polygon>
	</Placemark>
	<Placemark>
		<name>01955bd7-655d-77d7-bb23-9d57292546ee</name>
		<Style>
			<LineStyle>
				<color>ff0000ff</color>
			</LineStyle>
			<PolyStyle>
				<fill>0</fill>
			</PolyStyle>
		</Style>
		<Polygon>
			<outerBoundaryIs>
				<LinearRing>
					<coordinates>
						9.43312781140969,48.9698120228997,0 9.45891106713281,48.99403261951381,0 9.46787383860147,48.9922888319896,0 9.46055023637185,48.9723076437335,0 9.44932479145144,48.97615750495429,0 9.43312781140969,48.9698120228997,0 
					</coordinates>
				</LinearRing>
			</outerBoundaryIs>
		</Polygon>
	</Placemark>
	<Placemark>
		<name>01955bd7-655d-743a-872d-fd90ee32d824</name>
		<Style>
			<LineStyle>
				<color>ff0000ff</color>
			</LineStyle>
			<PolyStyle>
				<fill>0</fill>
			</PolyStyle>
		</Style>
		<Polygon>
			<outerBoundaryIs>
				<LinearRing>
					<coordinates>
						9.50340372766281,49.2112793450369,0 9.51460269778007,49.2167926125709,0 9.5316317004444,49.1981517691507,0 9.50787116681949,49.1881922351681,0 9.52111752421448,49.1792948147631,0 9.50238399022893,49.1720247221741,0 9.49825904131354,49.1872656204384,0 9.479528302767431,49.1929026788639,0 9.473162047811821,49.20596795424531,0 9.49001888976122,49.2167366405985,0 9.50340372766281,49.2112793450369,0 
					</coordinates>
				</LinearRing>
			</outerBoundaryIs>
		</Polygon>
	</Placemark>
	<Placemark>
		<name>01955bd7-655d-7d7e-aeae-027a83dba54c</name>
		<Style>
			<LineStyle>
				<color>ff0000ff</color>
			</LineStyle>
			<PolyStyle>
				<fill>0</fill>
			</PolyStyle>
		</Style>
		<Polygon>
			<outerBoundaryIs>
				<LinearRing>
					<coordinates>
						9.52450131410443,49.7684113405053,0 9.51900696229028,49.75340310448429,0 9.48342666929223,49.7488327065696,0 9.48736279864525,49.7585172752955,0 9.505822977866821,49.7627001477689,0 9.508155802424289,49.77377484923999,0 9.49024317129162,49.782548625733,0 9.4673794731253,49.7713856976787,0 9.47739001667653,49.78984119093639,0 9.492931664343271,49.7952526266768,0 9.506508416599541,49.7859367116249,0 9.510262068515591,49.7725270224107,0 9.52450131410443,49.7684113405053,0 
					</coordinates>
				</LinearRing>
			</outerBoundaryIs>
		</Polygon>
	</Placemark>
	<Placemark>
		<name>01955bd7-655d-7759-9069-eebc4422037e</name>
		<Style>
			<LineStyle>
				<color>ff0000ff</color>
			</LineStyle>
			<PolyStyle>
				<fill>0</fill>
			</PolyStyle>
		</Style>
		<Polygon>
			<outerBoundaryIs>
				<LinearRing>
					<coordinates>
						9.35649257096979,51.2808558668571,0 9.34013830623436,51.2818782452798,0 9.337718576239251,51.2873630129708,0 9.349414612564511,51.2880782790011,0 9.35649257096979,51.2808558668571,0 
					</coordinates>
				</LinearRing>
			</outerBoundaryIs>
		</Polygon>
	</Placemark>
	<Placemark>
		<name>01955bd7-655d-7edf-95f6-62475ef80b2d</name>
		<Style>
			<LineStyle>
				<color>ff0000ff</color>
			</LineStyle>
			<PolyStyle>
				<fill>0</fill>
			</PolyStyle>
		</Style>
		<Polygon>
			<outerBoundaryIs>
				<LinearRing>
					<coordinates>
						9.364156783518981,51.2792410602931,0 9.36951204279034,51.2830425381463,0 9.383252085519571,51.2798618377835,0 9.388449760083819,51.27159519973111,0 9.37606103043589,51.2690149152161,0 9.364156783518981,51.2792410602931,0 
					</coordinates>
				</LinearRing>
			</outerBoundaryIs>
		</Polygon>
	</Placemark>
	<Placemark>
		<name>01955bd7-655d-7a06-b12a-9a27294a8548</name>
		<Style>
			<LineStyle>
				<color>ff0000ff</color>
			</LineStyle>
			<PolyStyle>
				<fill>0</fill>
			</PolyStyle>
		</Style>
		<Polygon>
			<outerBoundaryIs>
				<LinearRing>
					<coordinates>
						9.392838105625749,51.2703875338011,0 9.401616048861291,51.2706709282746,0 9.40968923525767,51.2636238508273,0 9.43481078932165,51.2744769244845,0 9.41067645445815,51.2863216267295,0 9.415848475748881,51.3163787393146,0 9.4282600957397,51.32032006514629,0 9.413968678564069,51.3379190662804,0 9.443073701318481,51.3492139719493,0 9.44992631199486,51.36879982924731,0 9.468034446675,51.3713592941936,0 9.48003876612545,51.3684957923725,0 9.4886515695928,51.3509816661746,0 9.509264959747579,51.3459928223188,0 9.519946556345831,51.3606608611913,0 9.51234405026357,51.3759921345778,0 9.522673236447821,51.3738129362055,0 9.53518509113073,51.3559492847533,0 9.529223257044301,51.3388132930381,0 9.541469789871311,51.3350293967727,0 9.548751383164319,51.3259762101543,0 9.56590216459418,51.3243683130657,0 9.562791251102979,51.3117302907699,0 9.58422879333426,51.3095305001201,0 9.58271774997983,51.3035772473971,0 9.56182812279714,51.3006769340307,0 9.56077020610304,51.2962955374602,0 9.58890987066035,51.2864874935392,0 9.63971478822562,51.28971970066501,0 9.64487077279998,51.2824997305249,0 9.62987318921261,51.2752040101212,0 9.564576746721039,51.2853375073413,0 9.55714185929917,51.2751036994262,0 9.569987146972039,51.264468972873,0 9.56237020992242,51.257643158861,0 9.55187964101566,51.2652702780753,0 9.534900681370329,51.26803360186329,0 9.52166798482833,51.2666166708579,0 9.515627476677009,51.2604867776607,0 9.49790986376544,51.2600759498584,0 9.49476175645758,51.2838750287253,0 9.488263840238529,51.286151934218,0 9.456734991589251,51.2661053681624,0 9.460134796102279,51.2560140115348,0 9.453630332409981,51.24352797412271,0 9.43159931579001,51.23902619106439,0 9.41502706429641,51.2468956113828,0 9.3786689379136,51.2437737804368,0 9.37323541404295,51.2521396917676,0 9.39076835675751,51.2619825417242,0 9.392838105625749,51.2703875338011,0 
					</coordinates>
				</LinearRing>
			</outerBoundaryIs>
		</Polygon>
	</Placemark>
	<Placemark>
		<name>01955bd7-655d-7325-810e-35a51470c35e</name>
		<Style>
			<LineStyle>
				<color>ff0000ff</color>
			</LineStyle>
			<PolyStyle>
				<fill>0</fill>
			</PolyStyle>
		</Style>
		<Polygon>
			<outerBoundaryIs>
				<LinearRing>
					<coordinates>
						9.436737991093811,51.8360981946788,0 9.468109125403959,51.8408358453335,0 9.474531443857449,51.8313383631984,0 9.489588458064359,51.83060805637079,0 9.48974066049607,51.8240214357018,0 9.46475700858297,51.8120773028393,0 9.441488525363541,51.80734754594211,0 9.444633333936901,51.8185885213702,0 9.431635913232119,51.82877234039901,0 9.41663035792063,51.8283088148498,0 9.40161719498313,51.815892048834,0 9.391156136758021,51.82156483727179,0 9.41369476839408,51.82840742335171,0 9.4151638540792,51.8371369512586,0 9.424685396488529,51.84129313074919,0 9.436737991093811,51.8360981946788,0 
					</coordinates>
				</LinearRing>
			</outerBoundaryIs>
		</Polygon>
	</Placemark>
	<Placemark>
		<name>01955bd7-655d-734d-a75a-a96b4c97c399</name>
		<Style>
			<LineStyle>
				<color>ff0000ff</color>
			</LineStyle>
			<PolyStyle>
				<fill>0</fill>
			</PolyStyle>
		</Style>
		<Polygon>
			<outerBoundaryIs>
				<LinearRing>
					<coordinates>
						9.41250355927283,52.1031576174009,0 9.41689577786198,52.0981994641833,0 9.40441671248157,52.0914167468695,0 9.38484789661177,52.0925283185228,0 9.373402369086349,52.0877065065132,0 9.35620741566586,52.0903187947612,0 9.35958842214767,52.079658672431,0 9.34962679420728,52.071426515713,0 9.35182259969476,52.0609961546834,0 9.329728409571279,52.0752569192385,0 9.34285132065814,52.09435445894741,0 9.330001630675721,52.1040311029473,0 9.338756775069429,52.1158119152724,0 9.32977288314315,52.1233316648949,0 9.342160479249319,52.12870307261321,0 9.35051561393856,52.12909277948781,0 9.3793087398616,52.11217233517809,0 9.41250355927283,52.1031576174009,0 
					</coordinates>
				</LinearRing>
			</outerBoundaryIs>
		</Polygon>
	</Placemark>
	<Placemark>
		<name>01955bd7-655d-7b89-97e0-c15b5394e11b</name>
		<Style>
			<LineStyle>
				<color>ff0000ff</color>
			</LineStyle>
			<PolyStyle>
				<fill>0</fill>
			</PolyStyle>
		</Style>
		<Polygon>
			<outerBoundaryIs>
				<LinearRing>
					<coordinates>
						9.49133567153944,52.3086270244456,0 9.48676542065949,52.2957257297418,0 9.51721986922662,52.2899401380588,0 9.518713662331299,52.27483386880521,0 9.53397718436093,52.2707932920342,0 9.52142185522114,52.270418306243,0 9.51534409450772,52.2778107753747,0 9.49208873039982,52.2811207928245,0 9.475316753415139,52.2958032677707,0 9.455047968504971,52.2961789508115,0 9.4469628401715,52.3076356502375,0 9.47214461678594,52.31515757830619,0 9.49133567153944,52.3086270244456,0 
					</coordinates>
				</LinearRing>
			</outerBoundaryIs>
		</Polygon>
	</Placemark>
	<Placemark>
		<name>01955bd7-655d-797f-894b-ccce289e3f0d</name>
		<Style>
			<LineStyle>
				<color>ff0000ff</color>
			</LineStyle>
			<PolyStyle>
				<fill>0</fill>
			</PolyStyle>
		</Style>
		<Polygon>
			<outerBoundaryIs>
				<LinearRing>
					<coordinates>
						9.361307562579791,52.33906438075741,0 9.38059150171364,52.3463023081704,0 9.395263983685471,52.3397137285264,0 9.406992002071609,52.3431091621071,0 9.421089984449649,52.3322745879034,0 9.41791602403999,52.3217334698437,0 9.405091257546751,52.3314162485632,0 9.383036343108801,52.3341659899883,0 9.365410027218511,52.326093359656,0 9.361307562579791,52.33906438075741,0 
					</coordinates>
				</LinearRing>
			</outerBoundaryIs>
		</Polygon>
	</Placemark>
	<Placemark>
		<name>01955bd7-655d-7a23-98b4-c26ae84c6364</name>
		<Style>
			<LineStyle>
				<color>ff0000ff</color>
			</LineStyle>
			<PolyStyle>
				<fill>0</fill>
			</PolyStyle>
		</Style>
		<Polygon>
			<outerBoundaryIs>
				<LinearRing>
					<coordinates>
						9.362623955443309,52.32060116301231,0 9.36757506808353,52.3053227471004,0 9.357879511142229,52.302240278719,0 9.34747164164242,52.3075925773348,0 9.34028603499973,52.3239710152779,0 9.362623955443309,52.32060116301231,0 
					</coordinates>
				</LinearRing>
			</outerBoundaryIs>
		</Polygon>
	</Placemark>
	<Placemark>
		<name>01955bd7-655d-7cc8-889a-c8cf328bf7d4</name>
		<Style>
			<LineStyle>
				<color>ff0000ff</color>
			</LineStyle>
			<PolyStyle>
				<fill>0</fill>
			</PolyStyle>
		</Style>
		<Polygon>
			<outerBoundaryIs>
				<LinearRing>
					<coordinates>
						9.44942094988251,52.4364985135558,0 9.477434282375979,52.4317857205521,0 9.48490881686811,52.4253765996402,0 9.46135797333692,52.40950541742041,0 9.43350694163126,52.4113823396417,0 9.41091457408873,52.426795685789,0 9.4263551880323,52.437817785332,0 9.44146680192017,52.4311733743844,0 9.44942094988251,52.4364985135558,0 
					</coordinates>
				</LinearRing>
			</outerBoundaryIs>
		</Polygon>
	</Placemark>
	<Placemark>
		<name>01955bd7-655e-7dbb-af9d-5c162a37be17</name>
		<Style>
			<LineStyle>
				<color>ff0000ff</color>
			</LineStyle>
			<PolyStyle>
				<fill>0</fill>
			</PolyStyle>
		</Style>
		<Polygon>
			<outerBoundaryIs>
				<LinearRing>
					<coordinates>
						9.449721887716381,52.5171568140169,0 9.47669074433186,52.51195762429621,0 9.481380728684099,52.50345234803029,0 9.456374925481541,52.4918988039547,0 9.42729152100023,52.5022350029103,0 9.449721887716381,52.5171568140169,0 
					</coordinates>
				</LinearRing>
			</outerBoundaryIs>
		</Polygon>
	</Placemark>
	<Placemark>
		<name>01955bd7-655e-7abd-a437-194a8eca6d78</name>
		<Style>
			<LineStyle>
				<color>ff0000ff</color>
			</LineStyle>
			<PolyStyle>
				<fill>0</fill>
			</PolyStyle>
		</Style>
		<Polygon>
			<outerBoundaryIs>
				<LinearRing>
					<coordinates>
						9.455877859567041,52.485793448421,0 9.45945299066493,52.4818303440077,0 9.449898997595071,52.47102146562091,0 9.463224766539829,52.4680552709757,0 9.450991831532191,52.4650320743734,0 9.43994769112253,52.4701225096144,0 9.439170017396121,52.4767584684908,0 9.455877859567041,52.485793448421,0 
					</coordinates>
				</LinearRing>
			</outerBoundaryIs>
		</Polygon>
	</Placemark>
	<Placemark>
		<name>01955bd7-655e-7f2a-b8aa-3111430f124f</name>
		<Style>
			<LineStyle>
				<color>ff0000ff</color>
			</LineStyle>
			<PolyStyle>
				<fill>0</fill>
			</PolyStyle>
		</Style>
		<Polygon>
			<outerBoundaryIs>
				<LinearRing>
					<coordinates>
						9.454806638226451,53.6123917927328,0 9.478156198897461,53.61229368446149,0 9.48829800393198,53.6068763964549,0 9.49600685690452,53.60090509718921,0 9.4889160336591,53.59428364983421,0 9.515176583057499,53.5673611905738,0 9.489418357728461,53.5692913924848,0 9.481680383612099,53.5794989077381,0 9.453168572160401,53.58167706181209,0 9.44421927578512,53.5924687806334,0 9.429845221470959,53.5916986072955,0 9.41747353086317,53.577412016504,0 9.40650821343991,53.577679170998,0 9.418172122494351,53.59080493404971,0 9.400952942594619,53.59560751966509,0 9.40203329830641,53.60043397429529,0 9.411973804415441,53.6035387943247,0 9.43785568493254,53.60139437966821,0 9.454806638226451,53.6123917927328,0 
					</coordinates>
				</LinearRing>
			</outerBoundaryIs>
		</Polygon>
	</Placemark>
	<Placemark>
		<name>01955bd7-655e-7e92-8378-9ff97eebc151</name>
		<Style>
			<LineStyle>
				<color>ff0000ff</color>
			</LineStyle>
			<PolyStyle>
				<fill>0</fill>
			</PolyStyle>
		</Style>
		<Polygon>
			<outerBoundaryIs>
				<LinearRing>
					<coordinates>
						9.518354878563679,53.5661630503214,0 9.528103483226211,53.56580373360961,0 9.53779059244737,53.5584279603587,0 9.521102764437479,53.559925155633,0 9.518354878563679,53.5661630503214,0 
					</coordinates>
				</LinearRing>
			</outerBoundaryIs>
		</Polygon>
	</Placemark>
	<Placemark>
		<name>01955bd7-655e-708b-95f3-cb251ea6820f</name>
		<Style>
			<LineStyle>
				<color>ff0000ff</color>
			</LineStyle>
			<PolyStyle>
				<fill>0</fill>
			</PolyStyle>
		</Style>
		<Polygon>
			<outerBoundaryIs>
				<LinearRing>
					<coordinates>
						9.52883310259131,53.93830651756311,0 9.56541353429629,53.92551956850249,0 9.520028984753891,53.91538007850039,0 9.503549348155429,53.8966339625145,0 9.46676916659278,53.900084698368,0 9.47263623376357,53.90803247922491,0 9.5081668386674,53.9147101128237,0 9.47946041186173,53.9328028777037,0 9.48450130529752,53.9597866644375,0 9.501316631363901,53.9581894278638,0 9.53150359733959,53.9428734909649,0 9.52883310259131,53.93830651756311,0 
					</coordinates>
				</LinearRing>
			</outerBoundaryIs>
		</Polygon>
	</Placemark>
	<Placemark>
		<name>01955bd7-655e-7169-81cf-6b877af00c1d</name>
		<Style>
			<LineStyle>
				<color>ff0000ff</color>
			</LineStyle>
			<PolyStyle>
				<fill>0</fill>
			</PolyStyle>
		</Style>
		<Polygon>
			<outerBoundaryIs>
				<LinearRing>
					<coordinates>
						9.52623081842192,54.529825196544,0 9.585078225950459,54.53957157747279,0 9.57846889127365,54.5267910380305,0 9.58582366313375,54.512760136182,0 9.549970332820211,54.5103166639765,0 9.55730931394994,54.5003810996177,0 9.54427928251323,54.47650252924541,0 9.538254774682621,54.4813862988621,0 9.544871256415149,54.4938593091014,0 9.52070994103174,54.49637260198821,0 9.520716978907011,54.50660172074869,0 9.531722593754459,54.506290911875,0 9.54134909782222,54.5159772117522,0 9.52703167136626,54.5238862437543,0 9.52623081842192,54.529825196544,0 
					</coordinates>
				</LinearRing>
			</outerBoundaryIs>
		</Polygon>
	</Placemark>
	<Placemark>
		<name>01955bd7-655e-7f8d-8fcd-16a0c92b36b2</name>
		<Style>
			<LineStyle>
				<color>ff0000ff</color>
			</LineStyle>
			<PolyStyle>
				<fill>0</fill>
			</PolyStyle>
		</Style>
		<Polygon>
			<outerBoundaryIs>
				<LinearRing>
					<coordinates>
						9.4110764702586,54.7456693304517,0 9.39785273182463,54.7480181433204,0 9.38265784347016,54.74201764654771,0 9.38598146095879,54.7511306918659,0 9.37214658246609,54.7614624016457,0 9.389382031783059,54.7682026472266,0 9.377295598113429,54.7769126029317,0 9.392998340030919,54.7811754441246,0 9.403708818122871,54.79289658146121,0 9.372248015191801,54.7926080501885,0 9.369290270717791,54.80310055265,0 9.415738340294091,54.8173004635281,0 9.44352718444142,54.8048414701381,0 9.472248466618129,54.8226482099455,0 9.49232732256355,54.8216520418226,0 9.49556031125929,54.8144480485287,0 9.4868818942535,54.8096689647177,0 9.495543305951569,54.8010387381951,0 9.484514307883281,54.7857614934121,0 9.490506325270569,54.7793495778499,0 9.47744431371421,54.7700264933153,0 9.47925491048753,54.7634374157353,0 9.45568434823015,54.7711660686536,0 9.45254554247094,54.7624408802241,0 9.434767640157901,54.75462893962091,0 9.408738461756091,54.7543237281974,0 9.4110764702586,54.7456693304517,0 
					</coordinates>
				</LinearRing>
			</outerBoundaryIs>
		</Polygon>
	</Placemark>
	<Placemark>
		<name>01955bd7-655e-7832-98a9-b3f1751bf2a9</name>
		<Style>
			<LineStyle>
				<color>ff0000ff</color>
			</LineStyle>
			<PolyStyle>
				<fill>0</fill>
			</PolyStyle>
		</Style>
		<Polygon>
			<outerBoundaryIs>
				<LinearRing>
					<coordinates>
						9.434668835478851,54.7532741137403,0 9.44072347309991,54.7398671706558,0 9.438698856291619,54.7380401064593,0 9.43048512371444,54.73977992089059,0 9.434668835478851,54.7532741137403,0 
					</coordinates>
				</LinearRing>
			</outerBoundaryIs>
		</Polygon>
	</Placemark>
	<Placemark>
		<name>01955bd7-655e-7835-a63b-d96abc3592ec</name>
		<Style>
			<LineStyle>
				<color>ff0000ff</color>
			</LineStyle>
			<PolyStyle>
				<fill>0</fill>
			</PolyStyle>
		</Style>
		<Polygon>
			<outerBoundaryIs>
				<LinearRing>
					<coordinates>
						9.619098896509151,47.5996099136146,0 9.610255356167199,47.59251337671649,0 9.6196266752815,47.57732174377979,0 9.660800608226371,47.57515117787869,0 9.67797412524544,47.5673992169069,0 9.712499132852599,47.5675138134073,0 9.73658436890458,47.5543793055158,0 9.759009840928099,47.55999232982909,0 9.763183972954151,47.5435180082442,0 9.754147480465249,47.5239389963103,0 9.71555153372096,47.5492715339617,0 9.680634076981571,47.54456351213491,0 9.67829843021476,47.5553222281301,0 9.65031048868857,47.5604945515682,0 9.652523157650901,47.5695277410139,0 9.609406811891199,47.5715860247266,0 9.584362469840929,47.60183887425109,0 9.601544101761769,47.6048683207952,0 9.619098896509151,47.5996099136146,0 
					</coordinates>
				</LinearRing>
			</outerBoundaryIs>
		</Polygon>
	</Placemark>
	<Placemark>
		<name>01955bd7-655e-7a3e-b43b-2bf67fc4b814</name>
		<Style>
			<LineStyle>
				<color>ff0000ff</color>
			</LineStyle>
			<PolyStyle>
				<fill>0</fill>
			</PolyStyle>
		</Style>
		<Polygon>
			<outerBoundaryIs>
				<LinearRing>
					<coordinates>
						9.570747734659371,47.7762840851566,0 9.569507930254639,47.7844474557789,0 9.592213404679789,47.78653064551669,0 9.60043630376774,47.7936300484111,0 9.59274796125726,47.8012705454253,0 9.594234920536129,47.81614348431201,0 9.605980225775999,47.8209592468409,0 9.619114589360709,47.819666480447,0 9.61708922215319,47.82922984182959,0 9.63496406255485,47.8286344010209,0 9.639382997299551,47.8370464142367,0 9.65036478308353,47.83459052280509,0 9.658178331988321,47.848388279571,0 9.667571703264461,47.8483492875523,0 9.66598770502773,47.83160924329771,0 9.6572259358556,47.822473189569,0 9.66140554005446,47.8094032125589,0 9.63053981456266,47.7849738487476,0 9.626761907486991,47.767540113304,0 9.61256691445427,47.7627260035578,0 9.602219632907749,47.7190626176357,0 9.608182455253599,47.7081360438116,0 9.593941463248679,47.7114188270595,0 9.588678895437649,47.7322699193302,0 9.600395535951989,47.7412018757248,0 9.589460984374821,47.7549520065479,0 9.5815710581095,47.7549341878127,0 9.57722251591807,47.7403771851094,0 9.565706802337591,47.7522486527463,0 9.58619449103157,47.76229273212849,0 9.5901183748541,47.77480854691999,0 9.570747734659371,47.7762840851566,0 
					</coordinates>
				</LinearRing>
			</outerBoundaryIs>
		</Polygon>
	</Placemark>
	<Placemark>
		<name>01955bd7-655e-7b71-9bf3-7c467779338f</name>
		<Style>
			<LineStyle>
				<color>ff0000ff</color>
			</LineStyle>
			<PolyStyle>
				<fill>0</fill>
			</PolyStyle>
		</Style>
		<Polygon>
			<outerBoundaryIs>
				<LinearRing>
					<coordinates>
						9.76015493526371,48.2791143362821,0 9.73335395521198,48.2771189762569,0 9.735323784374881,48.2599940915457,0 9.720544768166089,48.2617814935429,0 9.72177957970497,48.273835431317,0 9.69340421396126,48.2869742399702,0 9.696625175216701,48.2995674023477,0 9.730481196115139,48.2954487548277,0 9.76015493526371,48.2791143362821,0 
					</coordinates>
				</LinearRing>
			</outerBoundaryIs>
		</Polygon>
	</Placemark>
	<Placemark>
		<name>01955bd7-655e-7ce8-8efd-97931e3ded41</name>
		<Style>
			<LineStyle>
				<color>ff0000ff</color>
			</LineStyle>
			<PolyStyle>
				<fill>0</fill>
			</PolyStyle>
		</Style>
		<Polygon>
			<outerBoundaryIs>
				<LinearRing>
					<coordinates>
						9.551208079760389,48.6859270391599,0 9.567905347163959,48.7076166673202,0 9.551150910520599,48.71496007039511,0 9.544877765578841,48.7083709787991,0 9.531689054147529,48.7107185263223,0 9.51941896658411,48.7055069929445,0 9.50721978660038,48.7108609273241,0 9.511848385859469,48.7194904149172,0 9.53150901416088,48.7224301820779,0 9.57539147755864,48.71349136864501,0 9.586538233483081,48.7210258274843,0 9.599252006398361,48.71019942339331,0 9.61136663646035,48.7406895268709,0 9.617517994650511,48.7359172957135,0 9.614277796263609,48.7173096900675,0 9.639604831989301,48.7173641026703,0 9.633408882285909,48.7326979950649,0 9.65220962679938,48.736081085921,0 9.659994718257421,48.7253354003865,0 9.65562698217405,48.71677230906191,0 9.675762633607169,48.7117407319099,0 9.686670723819949,48.70315125403301,0 9.71432904467769,48.70986956025741,0 9.726886738627631,48.6961414117518,0 9.74808889270369,48.6973921156254,0 9.74911181489523,48.686541013433,0 9.775109923856871,48.6860648559068,0 9.763646784539331,48.6736551714405,0 9.74281943783383,48.6725924184306,0 9.725159000242741,48.6863492787928,0 9.68850645727434,48.6831629161067,0 9.65366532096442,48.6952938016025,0 9.62415100816305,48.67914359814871,0 9.633869545091009,48.6977269768791,0 9.62406658916356,48.7041293528621,0 9.5733073545141,48.6962514562513,0 9.584778401743931,48.68209169416179,0 9.57019306873516,48.6885572250464,0 9.551208079760389,48.6859270391599,0 
					</coordinates>
				</LinearRing>
			</outerBoundaryIs>
		</Polygon>
	</Placemark>
	<Placemark>
		<name>01955bd7-655e-7b4a-9935-575638702562</name>
		<Style>
			<LineStyle>
				<color>ff0000ff</color>
			</LineStyle>
			<PolyStyle>
				<fill>0</fill>
			</PolyStyle>
		</Style>
		<Polygon>
			<outerBoundaryIs>
				<LinearRing>
					<coordinates>
						9.755380416524339,49.0999086537472,0 9.735171208723299,49.0900698624208,0 9.718495006643311,49.0995736249609,0 9.68795670577919,49.1000001523891,0 9.67692441902852,49.0937991393626,0 9.67059706404099,49.0967387759453,0 9.67522022290056,49.105594292773,0 9.70628995686674,49.1085870752379,0 9.71626414319174,49.1233124992044,0 9.74321741563964,49.1170760295559,0 9.752081948466429,49.12167954455791,0 9.756027704836439,49.1134101683942,0 9.74666718422632,49.1051242089135,0 9.755380416524339,49.0999086537472,0 
					</coordinates>
				</LinearRing>
			</outerBoundaryIs>
		</Polygon>
	</Placemark>
	<Placemark>
		<name>01955bd7-655e-7507-9d9d-1f28c618754a</name>
		<Style>
			<LineStyle>
				<color>ff0000ff</color>
			</LineStyle>
			<PolyStyle>
				<fill>0</fill>
			</PolyStyle>
		</Style>
		<Polygon>
			<outerBoundaryIs>
				<LinearRing>
					<coordinates>
						9.76630220961979,49.0957609219964,0 9.77116259407504,49.1178783970499,0 9.794606452875421,49.1118129831466,0 9.772842638104789,49.0966784456768,0 9.76630220961979,49.0957609219964,0 
					</coordinates>
				</LinearRing>
			</outerBoundaryIs>
		</Polygon>
	</Placemark>
	<Placemark>
		<name>01955bd7-655e-7ca2-9a90-c1e5bd09a0f4</name>
		<Style>
			<LineStyle>
				<color>ff0000ff</color>
			</LineStyle>
			<PolyStyle>
				<fill>0</fill>
			</PolyStyle>
		</Style>
		<Polygon>
			<outerBoundaryIs>
				<LinearRing>
					<coordinates>
						9.677593992665599,50.5265807644318,0 9.660164024621499,50.5419928683057,0 9.642827073388659,50.53338091240529,0 9.62107226411981,50.54800402465501,0 9.635133585359331,50.55415920076291,0 9.632475112367061,50.56614381979651,0 9.64426135174066,50.5576281175443,0 9.65715180897125,50.5602804723567,0 9.64147311912035,50.57407644043761,0 9.642170746392191,50.5817933602978,0 9.678025833267689,50.58307360492971,0 9.686529213609241,50.57126929234759,0 9.70411177919482,50.5826157588117,0 9.722468890265491,50.5839022835417,0 9.709330260806579,50.5717236274756,0 9.731033224980379,50.55713617160661,0 9.73840685704107,50.5188391098192,0 9.728168705691781,50.5196938166619,0 9.71411035170372,50.5306602368419,0 9.715186909350541,50.5138739143348,0 9.709907023396029,50.5127433058132,0 9.688226344852531,50.5284947361926,0 9.68169226679475,50.5122004869623,0 9.677593992665599,50.5265807644318,0 
					</coordinates>
				</LinearRing>
			</outerBoundaryIs>
		</Polygon>
	</Placemark>
	<Placemark>
		<name>01955bd7-655e-7d49-b5e3-93d32a3bf32c</name>
		<Style>
			<LineStyle>
				<color>ff0000ff</color>
			</LineStyle>
			<PolyStyle>
				<fill>0</fill>
			</PolyStyle>
		</Style>
		<Polygon>
			<outerBoundaryIs>
				<LinearRing>
					<coordinates>
						9.69006640567175,50.859832088106,0 9.676409164791259,50.8686718385212,0 9.68580072081914,50.8806599073837,0 9.712085477694471,50.8796625214417,0 9.72286164763862,50.88419452406739,0 9.726283761794759,50.8714367945727,0 9.745395246327989,50.8638858142783,0 9.736943421683289,50.8520094458061,0 9.71605119453732,50.8511239646626,0 9.6999124716511,50.8381924939788,0 9.692192394221211,50.85061390378479,0 9.681614173014291,50.8442121725557,0 9.674648614571479,50.84758329771761,0 9.69006640567175,50.859832088106,0 
					</coordinates>
				</LinearRing>
			</outerBoundaryIs>
		</Polygon>
	</Placemark>
	<Placemark>
		<name>01955bd7-655e-7daf-b202-98825dfe5048</name>
		<Style>
			<LineStyle>
				<color>ff0000ff</color>
			</LineStyle>
			<PolyStyle>
				<fill>0</fill>
			</PolyStyle>
		</Style>
		<Polygon>
			<outerBoundaryIs>
				<LinearRing>
					<coordinates>
						9.6762586982359,51.4006208692342,0 9.66183715726074,51.3965459465875,0 9.640094550135469,51.4025120176714,0 9.62675266456516,51.39962991415981,0 9.64104232117694,51.4177788935347,0 9.635805004838209,51.4290287566026,0 9.64039044026044,51.4404958540255,0 9.65544118398727,51.43982076295649,0 9.65914265906842,51.4458654964045,0 9.665536359256279,51.4453330702018,0 9.665353712123791,51.4403511080227,0 9.648284256048029,51.4259936381352,0 9.68228276815676,51.4183086479774,0 9.66962030066327,51.41322322854331,0 9.6762586982359,51.4006208692342,0 
					</coordinates>
				</LinearRing>
			</outerBoundaryIs>
		</Polygon>
	</Placemark>
	<Placemark>
		<name>01955bd7-655e-7299-a6a9-36151b3ddcf7</name>
		<Style>
			<LineStyle>
				<color>ff0000ff</color>
			</LineStyle>
			<PolyStyle>
				<fill>0</fill>
			</PolyStyle>
		</Style>
		<Polygon>
			<outerBoundaryIs>
				<LinearRing>
					<coordinates>
						9.54078163247031,52.4611751517193,0 9.525157984390789,52.45569429576739,0 9.51881362729798,52.4609649787363,0 9.525190980775729,52.46529913691221,0 9.54078163247031,52.4611751517193,0 
					</coordinates>
				</LinearRing>
			</outerBoundaryIs>
		</Polygon>
	</Placemark>
	<Placemark>
		<name>01955bd7-655e-7b50-b745-ee1fd7571d7e</name>
		<Style>
			<LineStyle>
				<color>ff0000ff</color>
			</LineStyle>
			<PolyStyle>
				<fill>0</fill>
			</PolyStyle>
		</Style>
		<Polygon>
			<outerBoundaryIs>
				<LinearRing>
					<coordinates>
						9.54487720708336,52.46088693997289,0 9.551436057701009,52.4677140121065,0 9.57981191092451,52.4592052015428,0 9.57233956086877,52.4533731691189,0 9.579978270014941,52.44518514686551,0 9.621356480923779,52.4522690437939,0 9.63479935656374,52.4482264477031,0 9.62066586795817,52.442723986851,0 9.63559371187687,52.42279904068701,0 9.645848598238871,52.42409002588411,0 9.649044598537561,52.430313865695,0 9.66397462087844,52.4230271286795,0 9.681780888626561,52.4240854873502,0 9.669165245199791,52.4404204908263,0 9.65135102833384,52.4473430998693,0 9.66458068161541,52.4510085727879,0 9.682974296977161,52.4439110164378,0 9.70816374869081,52.45198251110979,0 9.70709591016324,52.45631542337749,0 9.67873561499143,52.45967247187911,0 9.682164335709871,52.4643168412902,0 9.702963817265401,52.4645110948108,0 9.734178589995629,52.45726941566979,0 9.73723767343737,52.4663941956943,0 9.720081362979609,52.4760730674543,0 9.736308160837471,52.485380630082,0 9.74471467450817,52.47942405239309,0 9.73771362485253,52.4671433058027,0 9.75182491324553,52.4629075084782,0 9.746958428366041,52.4506301871864,0 9.762362928925279,52.4525650533516,0 9.763876925586571,52.4403245637634,0 9.751136223282771,52.4256953130026,0 9.754049016910029,52.42225699356251,0 9.787184223892391,52.4309007138029,0 9.792473280448119,52.4471011239698,0 9.78456174024385,52.45341267870041,0 9.791430036095621,52.4617896802465,0 9.823203492428901,52.46176185772239,0 9.82260890677362,52.45760791122041,0 9.7957819521746,52.4510426659015,0 9.81550048424586,52.4303749988094,0 9.831337878506581,52.4315426897989,0 9.841840273488041,52.4394081765749,0 9.86802397260324,52.43718841729599,0 9.873548157268409,52.4428273724166,0 9.887067810552811,52.4444442641887,0 9.88245215062685,52.4542298344266,0 9.914960136549761,52.44555391348079,0 9.845952847106989,52.4232773814909,0 9.84690905715019,52.41924300833689,0 9.87712756820134,52.4143309036231,0 9.86679081513253,52.4057953033377,0 9.83632920394483,52.4152105894015,0 9.83090050514013,52.4133649398176,0 9.838268670440501,52.3983763376211,0 9.85597594985671,52.4011263528118,0 9.86364817450815,52.39476485263809,0 9.864376499210181,52.3825883387849,0 9.87739408265822,52.3762645344683,0 9.8709436788553,52.3694933664137,0 9.87352601930829,52.36146141195929,0 9.90169581188418,52.3533388964838,0 9.89882465447373,52.3467091088345,0 9.89089560797242,52.3454645814983,0 9.866691815676131,52.3575025793409,0 9.838640172705491,52.3502052016545,0 9.842641164813969,52.3398917575191,0 9.835931307505669,52.33082009148929,0 9.824731390795179,52.3272552419714,0 9.82193273019706,52.312984482755,0 9.838928995060289,52.30397507186199,0 9.8316123656075,52.2945358543759,0 9.84048400881179,52.2789479220714,0 9.853163188820909,52.27519691693821,0 9.847635349132361,52.26737916214439,0 9.805287257852751,52.2917397859083,0 9.796211039713031,52.3077888575005,0 9.78138906825632,52.31266381331289,0 9.77169855165989,52.3275475558738,0 9.75311497399345,52.3316474271684,0 9.74854186971832,52.34094344552769,0 9.75316458046931,52.35033036269239,0 9.739336343058961,52.354966158319,0 9.734031929858221,52.3526128907454,0 9.729829668879869,52.3308142026694,0 9.745686472397811,52.3261973369017,0 9.75207070335313,52.31883845214081,0 9.73100725588232,52.3163572917394,0 9.750933038090411,52.3023633829865,0 9.74031507105202,52.2916322072581,0 9.71907014306689,52.31223917745529,0 9.70640600496964,52.31489189511691,0 9.71065846174905,52.3240692105736,0 9.685168766508079,52.3236704145495,0 9.67972826791792,52.33366590955379,0 9.664025826950139,52.3325262972718,0 9.651639334778039,52.3387227820126,0 9.65402608515784,52.3618172360145,0 9.644469950461151,52.37161898475181,0 9.65111457555984,52.3821476015895,0 9.63048136225655,52.3906145522342,0 9.59601135651044,52.38517917905109,0 9.553064045529039,52.4009640371757,0 9.558383444687079,52.40449050249379,0 9.572017101634801,52.3994119634493,0 9.59293779654336,52.4009766622945,0 9.61187811293548,52.39442740450539,0 9.6295210931103,52.4002309518163,0 9.5534079176155,52.42106292476129,0 9.585449352811819,52.4257035613687,0 9.585443158065299,52.43552962126379,0 9.56390577393752,52.4410952552196,0 9.56641244507238,52.4539124863599,0 9.54864513298299,52.45614165159849,0 9.54487720708336,52.46088693997289,0 
					</coordinates>
				</LinearRing>
			</outerBoundaryIs>
		</Polygon>
	</Placemark>
	<Placemark>
		<name>01955bd7-655e-74c1-8496-99f1621888c4</name>
		<Style>
			<LineStyle>
				<color>ff0000ff</color>
			</LineStyle>
			<PolyStyle>
				<fill>0</fill>
			</PolyStyle>
		</Style>
		<Polygon>
			<outerBoundaryIs>
				<LinearRing>
					<coordinates>
						9.90305766453792,52.35452869056179,0 9.905523735772549,52.3772674044425,0 9.91844760146445,52.3816189908718,0 9.92425428692211,52.3785007333318,0 9.92260393065513,52.36744414708029,0 9.90305766453792,52.35452869056179,0 
					</coordinates>
				</LinearRing>
			</outerBoundaryIs>
		</Polygon>
	</Placemark>
	<Placemark>
		<name>01955bd7-655e-76a3-b8a2-0437b5566ad1</name>
		<Style>
			<LineStyle>
				<color>ff0000ff</color>
			</LineStyle>
			<PolyStyle>
				<fill>0</fill>
			</PolyStyle>
		</Style>
		<Polygon>
			<outerBoundaryIs>
				<LinearRing>
					<coordinates>
						9.736924557369891,53.4542302335706,0 9.71444029810921,53.460408747961,0 9.70521785677181,53.4558117435951,0 9.693487668481691,53.4589770133262,0 9.67747497835129,53.456417318232,0 9.662278489448379,53.4469599307051,0 9.65410439506751,53.46118671586141,0 9.68500467316237,53.4805752965386,0 9.704073373398851,53.4823425349792,0 9.720464451296969,53.4762241869727,0 9.736924557369891,53.4542302335706,0 
					</coordinates>
				</LinearRing>
			</outerBoundaryIs>
		</Polygon>
	</Placemark>
	<Placemark>
		<name>01955bd7-655e-7e8d-be90-e94fb72656ff</name>
		<Style>
			<LineStyle>
				<color>ff0000ff</color>
			</LineStyle>
			<PolyStyle>
				<fill>0</fill>
			</PolyStyle>
		</Style>
		<Polygon>
			<outerBoundaryIs>
				<LinearRing>
					<coordinates>
						9.652616450008161,53.6948235272924,0 9.69215161124843,53.69449216360021,0 9.7173788110285,53.7132426425863,0 9.73120104847003,53.7051549220598,0 9.731949003352851,53.6834547308967,0 9.707746535486271,53.6873007426265,0 9.69777909064015,53.67875138773681,0 9.6839637136503,53.6773718171921,0 9.685782746266669,53.6666937790488,0 9.67183064009313,53.66600926008871,0 9.669642947807469,53.6508866190193,0 9.660195142781751,53.6486963851236,0 9.652111971526541,53.65535081312599,0 9.661446866779929,53.6602771721338,0 9.6578205574894,53.66789339161321,0 9.668008661698741,53.67677711142459,0 9.65039385431921,53.68320277456661,0 9.652616450008161,53.6948235272924,0 
					</coordinates>
				</LinearRing>
			</outerBoundaryIs>
		</Polygon>
	</Placemark>
	<Placemark>
		<name>01955bd7-655e-7323-b6ba-c1a57e13857e</name>
		<Style>
			<LineStyle>
				<color>ff0000ff</color>
			</LineStyle>
			<PolyStyle>
				<fill>0</fill>
			</PolyStyle>
		</Style>
		<Polygon>
			<outerBoundaryIs>
				<LinearRing>
					<coordinates>
						9.645240787993391,53.7755229931596,0 9.6566385627583,53.7777233117226,0 9.684111533113709,53.7695768502225,0 9.68552734286882,53.76438354738421,0 9.701401306312439,53.758951841921,0 9.69410345054961,53.75054271487659,0 9.714466985186469,53.74390159561009,0 9.712974446724109,53.74057281087651,0 9.69095240157638,53.73972040055969,0 9.66745215539947,53.7287478683766,0 9.66407909371989,53.7194204350428,0 9.64805888083515,53.7209902349627,0 9.65546956229351,53.7322890084153,0 9.637221293136729,53.74027637705551,0 9.64021228458204,53.7505872918724,0 9.633322660224771,53.759657314272,0 9.647713828974389,53.7683233267382,0 9.645240787993391,53.7755229931596,0 
					</coordinates>
				</LinearRing>
			</outerBoundaryIs>
		</Polygon>
	</Placemark>
	<Placemark>
		<name>01955bd7-655e-7e31-8ce9-15b85b44fba9</name>
		<Style>
			<LineStyle>
				<color>ff0000ff</color>
			</LineStyle>
			<PolyStyle>
				<fill>0</fill>
			</PolyStyle>
		</Style>
		<Polygon>
			<outerBoundaryIs>
				<LinearRing>
					<coordinates>
						9.648167488239761,54.32561058605291,0 9.65478638512038,54.3212461105826,0 9.664151055525791,54.3259124267052,0 9.698888684648461,54.32493837577469,0 9.70735015188829,54.31141767825981,0 9.718599958325809,54.3212623998713,0 9.73450888797236,54.3202929242565,0 9.72383089819172,54.3042781912442,0 9.73491376544167,54.3004043065328,0 9.71624514040772,54.2915302481365,0 9.719241448356451,54.28439598498321,0 9.678468672192549,54.28290770675889,0 9.665234641868009,54.27190446309649,0 9.644478766947779,54.2734065548599,0 9.63613925471234,54.27859266803041,0 9.64535667276933,54.2886203312141,0 9.637696964877151,54.3065385761236,0 9.614398826682161,54.3075922555992,0 9.62054479941296,54.29930470709139,0 9.61465260707878,54.2950063286437,0 9.58586622002553,54.3022690175439,0 9.58428616827849,54.3114394238945,0 9.61063662407753,54.3142211213102,0 9.62182597534998,54.3283101771904,0 9.6353234635487,54.3236172291264,0 9.648167488239761,54.32561058605291,0 
					</coordinates>
				</LinearRing>
			</outerBoundaryIs>
		</Polygon>
	</Placemark>
	<Placemark>
		<name>01955bd7-655e-7e67-a7e7-09c276753c37</name>
		<Style>
			<LineStyle>
				<color>ff0000ff</color>
			</LineStyle>
			<PolyStyle>
				<fill>0</fill>
			</PolyStyle>
		</Style>
		<Polygon>
			<outerBoundaryIs>
				<LinearRing>
					<coordinates>
						9.705859834451619,54.3296117472068,0 9.70785866321595,54.33547346809871,0 9.713806598691381,54.336690398773,0 9.712430029671779,54.3307701057886,0 9.705859834451619,54.3296117472068,0 
					</coordinates>
				</LinearRing>
			</outerBoundaryIs>
		</Polygon>
	</Placemark>
	<Placemark>
		<name>01955bd7-655e-7b97-8818-73840276e05f</name>
		<Style>
			<LineStyle>
				<color>ff0000ff</color>
			</LineStyle>
			<PolyStyle>
				<fill>0</fill>
			</PolyStyle>
		</Style>
		<Polygon>
			<outerBoundaryIs>
				<LinearRing>
					<coordinates>
						9.77032344025087,48.116189754105,0 9.761285549677011,48.1237802419704,0 9.76295103234,48.1271916693612,0 9.77167409169688,48.12566191945919,0 9.77032344025087,48.116189754105,0 
					</coordinates>
				</LinearRing>
			</outerBoundaryIs>
		</Polygon>
	</Placemark>
	<Placemark>
		<name>01955bd7-655e-784c-a79e-81a3cf01a453</name>
		<Style>
			<LineStyle>
				<color>ff0000ff</color>
			</LineStyle>
			<PolyStyle>
				<fill>0</fill>
			</PolyStyle>
		</Style>
		<Polygon>
			<outerBoundaryIs>
				<LinearRing>
					<coordinates>
						9.77045913297043,48.1158626659756,0 9.7870110947394,48.1112779021318,0 9.784102925464699,48.1253117749198,0 9.79559272343355,48.1351107160182,0 9.814848568426671,48.1307625047526,0 9.80660527131085,48.1230840683053,0 9.8077792129518,48.1115280885595,0 9.82345756506953,48.1154101815195,0 9.831280769261101,48.1114244810224,0 9.812936985835011,48.1055245494566,0 9.81365478780819,48.08483487836261,0 9.82872802929297,48.0690303405377,0 9.8397349322757,48.06572970521691,0 9.83423535677295,48.0591180597582,0 9.801953964171039,48.0689114567358,0 9.794951664008121,48.0805452268156,0 9.778166913975859,48.0777204107112,0 9.770505585668371,48.0920870566198,0 9.75523135218824,48.08348961514989,0 9.733526505288379,48.082812394399,0 9.757365075979861,48.0950215509316,0 9.77045913297043,48.1158626659756,0 
					</coordinates>
				</LinearRing>
			</outerBoundaryIs>
		</Polygon>
	</Placemark>
	<Placemark>
		<name>01955bd7-655e-7fee-a23c-191cec49b810</name>
		<Style>
			<LineStyle>
				<color>ff0000ff</color>
			</LineStyle>
			<PolyStyle>
				<fill>0</fill>
			</PolyStyle>
		</Style>
		<Polygon>
			<outerBoundaryIs>
				<LinearRing>
					<coordinates>
						9.95782846144977,48.42926070773471,0 9.97030768215161,48.4394895654609,0 9.98193017662248,48.43963888738,0 9.984004865397131,48.44939153274801,0 9.995192809818811,48.4484331209507,0 9.996579150887641,48.4396879853317,0 9.98170594894806,48.43640647363969,0 9.994974729101999,48.4214213041981,0 10.0138894991828,48.43512281937311,0 10.0424081251255,48.4355170778822,0 10.0495056588759,48.44511022488751,0 10.0603885154086,48.4401246526214,0 10.0609166632161,48.4344153680204,0 10.0368047916856,48.4294307094695,0 10.035050551644,48.4181894279999,0 10.0522652319411,48.41356003965651,0 10.065862550035,48.4249026986248,0 10.0761019672237,48.4109352630029,0 10.0708212938767,48.40756072289,0 10.0508275225105,48.4110359876084,0 10.0438080544864,48.3990354866779,0 10.0477373716211,48.38747354125639,0 10.0355622877907,48.3759949188881,0 10.0200755608333,48.3757622462149,0 10.0211234964284,48.3640537564327,0 9.995572783695319,48.3652158323955,0 9.977013753287361,48.3442592097211,0 9.96927591536422,48.3441639657877,0 9.95716437822167,48.35950994985821,0 9.93469697396595,48.3492897517194,0 9.899584302683399,48.3496219764507,0 9.89649322862539,48.3536649419844,0 9.926163836648421,48.3588817226405,0 9.934551832704759,48.3664332504723,0 9.933244832966761,48.3751710798333,0 9.94553395973033,48.38258648263821,0 9.931206601889651,48.3987779951773,0 9.931302409698549,48.40821849118989,0 9.89587402812986,48.4167205449635,0 9.87405243038144,48.4132952482185,0 9.88477453939106,48.4251621846933,0 9.898548370188561,48.4269262534933,0 9.920045260300739,48.42123097547459,0 9.92818279232679,48.4261594671123,0 9.95782846144977,48.42926070773471,0 
					</coordinates>
				</LinearRing>
			</outerBoundaryIs>
		</Polygon>
	</Placemark>
	<Placemark>
		<name>01955bd7-655e-7ac2-b7d7-570f2168f9d6</name>
		<Style>
			<LineStyle>
				<color>ff0000ff</color>
			</LineStyle>
			<PolyStyle>
				<fill>0</fill>
			</PolyStyle>
		</Style>
		<Polygon>
			<outerBoundaryIs>
				<LinearRing>
					<coordinates>
						9.97740608320052,48.4529446292474,0 9.952324532384161,48.4446237693659,0 9.943927315334181,48.44648268674939,0 9.951219957880671,48.4551992771798,0 9.93430562985195,48.4681395024358,0 9.938792619165691,48.4723173129657,0 9.95728661738209,48.4665401783294,0 9.96072191917616,48.46081807901949,0 9.97665751688667,48.462023052658,0 9.97740608320052,48.4529446292474,0 
					</coordinates>
				</LinearRing>
			</outerBoundaryIs>
		</Polygon>
	</Placemark>
	<Placemark>
		<name>01955bd7-655e-7d58-ae26-8c7ee4e7ea72</name>
		<Style>
			<LineStyle>
				<color>ff0000ff</color>
			</LineStyle>
			<PolyStyle>
				<fill>0</fill>
			</PolyStyle>
		</Style>
		<Polygon>
			<outerBoundaryIs>
				<LinearRing>
					<coordinates>
						9.818793180086351,48.7588485254064,0 9.784860010127661,48.7817016120342,0 9.745529658763219,48.7864865832186,0 9.74792736063211,48.79448951960491,0 9.767985201927671,48.7916417848941,0 9.785743121834919,48.8072346040543,0 9.76291144666788,48.8143305533469,0 9.75250119003079,48.8099140018644,0 9.7468876027311,48.8136497847667,0 9.753182649395621,48.8187973218828,0 9.77808418071643,48.8216424440239,0 9.791836270590171,48.8319952486286,0 9.8045484236672,48.8292304751505,0 9.822097122163511,48.8364749318603,0 9.825045411095291,48.8293233800357,0 9.806389395685571,48.8247944730328,0 9.81250934258496,48.8102143699065,0 9.83603920774903,48.8123925090837,0 9.84936875550507,48.8256056098576,0 9.8587492761413,48.8173240903415,0 9.8754593754966,48.8138121522648,0 9.85486797054299,48.8056041397359,0 9.845412816143829,48.805720951533,0 9.845902461046061,48.8127730660894,0 9.837154911389311,48.8120685149809,0 9.838400846941781,48.8011660192189,0 9.849601195533941,48.7957159041529,0 9.876028293728981,48.7984885863476,0 9.854196667510729,48.78827552820731,0 9.85188161248519,48.7785165378869,0 9.84393141508037,48.77700060557149,0 9.82486771454913,48.7865781845634,0 9.803767934151789,48.7858533094301,0 9.80626142481856,48.7718052190054,0 9.81999019609383,48.7762861014087,0 9.8342941108418,48.7709933985581,0 9.82833929471869,48.76034295179739,0 9.818793180086351,48.7588485254064,0 
					</coordinates>
				</LinearRing>
			</outerBoundaryIs>
		</Polygon>
	</Placemark>
	<Placemark>
		<name>01955bd7-655e-7316-a97b-e001343f3c09</name>
		<Style>
			<LineStyle>
				<color>ff0000ff</color>
			</LineStyle>
			<PolyStyle>
				<fill>0</fill>
			</PolyStyle>
		</Style>
		<Polygon>
			<outerBoundaryIs>
				<LinearRing>
					<coordinates>
						9.8975956035503,48.7915028719565,0 9.89000271499569,48.7827051214288,0 9.882529836856509,48.7855054669951,0 9.88792842238445,48.79332063293981,0 9.8975956035503,48.7915028719565,0 
					</coordinates>
				</LinearRing>
			</outerBoundaryIs>
		</Polygon>
	</Placemark>
	<Placemark>
		<name>01955bd7-655e-7043-a9ec-6ff6344b4e21</name>
		<Style>
			<LineStyle>
				<color>ff0000ff</color>
			</LineStyle>
			<PolyStyle>
				<fill>0</fill>
			</PolyStyle>
		</Style>
		<Polygon>
			<outerBoundaryIs>
				<LinearRing>
					<coordinates>
						9.90748863219004,48.7940264721477,0 9.931965336425289,48.80227916728941,0 9.94051874541551,48.8002108408581,0 9.93879147896059,48.7845286427926,0 9.9308183102911,48.782641231156,0 9.923111770013399,48.79085990462521,0 9.90748863219004,48.7940264721477,0 
					</coordinates>
				</LinearRing>
			</outerBoundaryIs>
		</Polygon>
	</Placemark>
	<Placemark>
		<name>01955bd7-655e-729e-970f-ecd5fde6ba78</name>
		<Style>
			<LineStyle>
				<color>ff0000ff</color>
			</LineStyle>
			<PolyStyle>
				<fill>0</fill>
			</PolyStyle>
		</Style>
		<Polygon>
			<outerBoundaryIs>
				<LinearRing>
					<coordinates>
						9.92829796892766,48.8085512395177,0 9.91081611979091,48.8213927235534,0 9.918608990706479,48.8275372185503,0 9.93136759647555,48.8221300782482,0 9.92829796892766,48.8085512395177,0 
					</coordinates>
				</LinearRing>
			</outerBoundaryIs>
		</Polygon>
	</Placemark>
	<Placemark>
		<name>01955bd7-655e-7cc9-b647-535618eed384</name>
		<Style>
			<LineStyle>
				<color>ff0000ff</color>
			</LineStyle>
			<PolyStyle>
				<fill>0</fill>
			</PolyStyle>
		</Style>
		<Polygon>
			<outerBoundaryIs>
				<LinearRing>
					<coordinates>
						9.919062731310049,49.8321171220608,0 9.930757978690931,49.82310036120779,0 9.928519800389349,49.8064984987293,0 9.95297665535675,49.8100204040952,0 9.96114032610128,49.8269961211485,0 9.985114946181159,49.8234911544565,0 10.0042919911813,49.8015942004085,0 9.99203826824168,49.7777148187708,0 9.972518530984731,49.7775106659605,0 9.96042947322116,49.7697954216289,0 9.97011794514391,49.7611459789944,0 9.98737917844795,49.76161172958201,0 9.989976754420971,49.7554445891255,0 9.96782208765663,49.7500864839204,0 9.97372107374466,49.72210379939721,0 9.968441764806171,49.71822702903621,0 9.95937879950367,49.7197365297553,0 9.9497635310215,49.7472805811494,0 9.932971638052891,49.7453943867461,0 9.91053980220577,49.7703020654973,0 9.89313051787197,49.77077202349759,0 9.897039403706851,49.780901301273,0 9.86753915680999,49.7717749207319,0 9.867690351822899,49.78289848667561,0 9.886470255889749,49.7958111519968,0 9.86292398013801,49.81241782871911,0 9.858170105262349,49.8411592680744,0 9.874247426896391,49.8443777661822,0 9.882449376784001,49.8381334616018,0 9.919062731310049,49.8321171220608,0 
					</coordinates>
				</LinearRing>
			</outerBoundaryIs>
		</Polygon>
	</Placemark>
	<Placemark>
		<name>01955bd7-655e-7fd7-9c3a-15d83e9632a9</name>
		<Style>
			<LineStyle>
				<color>ff0000ff</color>
			</LineStyle>
			<PolyStyle>
				<fill>0</fill>
			</PolyStyle>
		</Style>
		<Polygon>
			<outerBoundaryIs>
				<LinearRing>
					<coordinates>
						9.86308417055244,51.5181530598742,0 9.88652393280927,51.5383379616336,0 9.8693547493764,51.5440020744031,0 9.86634223157642,51.55139982838271,0 9.885972934779209,51.5653396743622,0 9.916733716367389,51.56291227476451,0 9.93143282298038,51.57789746246739,0 9.917742896597799,51.5879923190364,0 9.926842150783891,51.6016546678512,0 9.960403151742151,51.5970334966142,0 9.96249216199636,51.5939993976274,0 9.947390401794401,51.5903075119458,0 9.93854110779179,51.57842788483309,0 9.946845040952811,51.5650954484475,0 9.961383856645609,51.560645113823,0 9.980957716071879,51.5683784069715,0 9.988198115392629,51.56486869700531,0 9.984859942262551,51.5598604502937,0 9.964489987087569,51.55783791819,0 9.959567013422211,51.5316872807569,0 9.978304719564949,51.5208959334895,0 9.9732428901962,51.5120822854605,0 9.95327230427497,51.5060474772675,0 9.91961949995498,51.5163104268653,0 9.91094036326634,51.5002958642001,0 9.89784985444941,51.4985530167457,0 9.8899880575157,51.5088449726084,0 9.90557456409052,51.51394938660501,0 9.905424571912,51.5179658109018,0 9.86308417055244,51.5181530598742,0 
					</coordinates>
				</LinearRing>
			</outerBoundaryIs>
		</Polygon>
	</Placemark>
	<Placemark>
		<name>01955bd7-655e-743d-b2ca-7204651ef1e4</name>
		<Style>
			<LineStyle>
				<color>ff0000ff</color>
			</LineStyle>
			<PolyStyle>
				<fill>0</fill>
			</PolyStyle>
		</Style>
		<Polygon>
			<outerBoundaryIs>
				<LinearRing>
					<coordinates>
						10.0153879655051,51.727140490291,0 10.0237771791933,51.7234604087448,0 10.0125123350179,51.7152426654803,0 10.0097008700159,51.6926570262962,0 9.981320603458929,51.685428493974,0 9.977693260358841,51.70475041818461,0 9.98699658326778,51.7104101412797,0 9.978929919591581,51.7260897582911,0 10.0039462225347,51.72036183358241,0 10.0153879655051,51.727140490291,0 
					</coordinates>
				</LinearRing>
			</outerBoundaryIs>
		</Polygon>
	</Placemark>
	<Placemark>
		<name>01955bd7-655e-79d7-80b5-9f32265a2d27</name>
		<Style>
			<LineStyle>
				<color>ff0000ff</color>
			</LineStyle>
			<PolyStyle>
				<fill>0</fill>
			</PolyStyle>
		</Style>
		<Polygon>
			<outerBoundaryIs>
				<LinearRing>
					<coordinates>
						9.80248877076553,51.96568800648631,0 9.810766941242839,51.97906067827379,0 9.79676036499326,51.9860386855139,0 9.794754585091971,51.9999556811038,0 9.810489125498069,51.9912701713812,0 9.828658607383559,51.9965626030683,0 9.84521575708499,51.9934050031231,0 9.848443396231129,51.9824896818972,0 9.83726990275469,51.9720271641734,0 9.8265979588608,51.9777581486329,0 9.80248877076553,51.96568800648631,0 
					</coordinates>
				</LinearRing>
			</outerBoundaryIs>
		</Polygon>
	</Placemark>
	<Placemark>
		<name>01955bd7-655e-7b82-b2cd-aa02267f2fa4</name>
		<Style>
			<LineStyle>
				<color>ff0000ff</color>
			</LineStyle>
			<PolyStyle>
				<fill>0</fill>
			</PolyStyle>
		</Style>
		<Polygon>
			<outerBoundaryIs>
				<LinearRing>
					<coordinates>
						9.836381746474411,51.9676244920512,0 9.84038583173213,51.96080925602,0 9.831489892307861,51.960797479249,0 9.82680019661216,51.9660325169803,0 9.836381746474411,51.9676244920512,0 
					</coordinates>
				</LinearRing>
			</outerBoundaryIs>
		</Polygon>
	</Placemark>
	<Placemark>
		<name>01955bd7-655e-74d6-9990-cc7223b03bb0</name>
		<Style>
			<LineStyle>
				<color>ff0000ff</color>
			</LineStyle>
			<PolyStyle>
				<fill>0</fill>
			</PolyStyle>
		</Style>
		<Polygon>
			<outerBoundaryIs>
				<LinearRing>
					<coordinates>
						9.903215946745039,52.1188955529898,0 9.902021536787601,52.1115617785642,0 9.896005452349881,52.1111062428367,0 9.891830664131231,52.1160700626629,0 9.903215946745039,52.1188955529898,0 
					</coordinates>
				</LinearRing>
			</outerBoundaryIs>
		</Polygon>
	</Placemark>
	<Placemark>
		<name>01955bd7-655e-7b8a-adf0-f58ad31514bb</name>
		<Style>
			<LineStyle>
				<color>ff0000ff</color>
			</LineStyle>
			<PolyStyle>
				<fill>0</fill>
			</PolyStyle>
		</Style>
		<Polygon>
			<outerBoundaryIs>
				<LinearRing>
					<coordinates>
						9.908366567619691,52.1231906149488,0 9.90786933141419,52.1307766786144,0 9.919159651658131,52.128341266672,0 9.91950648779958,52.1228851198767,0 9.908366567619691,52.1231906149488,0 
					</coordinates>
				</LinearRing>
			</outerBoundaryIs>
		</Polygon>
	</Placemark>
	<Placemark>
		<name>01955bd7-655e-7883-a43a-0833b6b8f16c</name>
		<Style>
			<LineStyle>
				<color>ff0000ff</color>
			</LineStyle>
			<PolyStyle>
				<fill>0</fill>
			</PolyStyle>
		</Style>
		<Polygon>
			<outerBoundaryIs>
				<LinearRing>
					<coordinates>
						9.923378805582439,52.1329925595125,0 9.899399366797359,52.1626651377212,0 9.90443509293469,52.16890536202961,0 9.92199967660587,52.173105292446,0 9.925394045007661,52.182600223285,0 9.94084881880636,52.1782979688344,0 9.966396593547019,52.18343686944571,0 9.97462495851647,52.1766739052418,0 9.996135865186041,52.1758029297738,0 9.99768547140753,52.1595777908819,0 9.98399381370648,52.156426270645,0 9.98556795816326,52.1451244336633,0 9.976394429311039,52.1408859671086,0 9.99437242053876,52.1299634120923,0 9.998406461750889,52.1118801725262,0 9.97975540657225,52.1129138540413,0 9.979161291364321,52.1256205856197,0 9.96129286267051,52.1279497481686,0 9.95501893030988,52.1075031775843,0 9.94467167879418,52.11022506313581,0 9.932298817143041,52.1316866176161,0 9.923378805582439,52.1329925595125,0 
					</coordinates>
				</LinearRing>
			</outerBoundaryIs>
		</Polygon>
	</Placemark>
	<Placemark>
		<name>01955bd7-655e-7efa-8e93-ed14f32dc7a0</name>
		<Style>
			<LineStyle>
				<color>ff0000ff</color>
			</LineStyle>
			<PolyStyle>
				<fill>0</fill>
			</PolyStyle>
		</Style>
		<Polygon>
			<outerBoundaryIs>
				<LinearRing>
					<coordinates>
						9.957916695433109,52.1047821905595,0 9.966431231827659,52.1039231274793,0 9.962205038224569,52.0973422513286,0 9.95885038565407,52.09704233013671,0 9.957916695433109,52.1047821905595,0 
					</coordinates>
				</LinearRing>
			</outerBoundaryIs>
		</Polygon>
	</Placemark>
	<Placemark>
		<name>01955bd7-655e-7452-b79a-72bd4b72b4e6</name>
		<Style>
			<LineStyle>
				<color>ff0000ff</color>
			</LineStyle>
			<PolyStyle>
				<fill>0</fill>
			</PolyStyle>
		</Style>
		<Polygon>
			<outerBoundaryIs>
				<LinearRing>
					<coordinates>
						9.98026840388466,52.40541095436951,0 9.99380785899371,52.4177120055688,0 10.0044397083763,52.41705167742911,0 9.99816590549413,52.4080027598041,0 9.982863444472271,52.4039009470643,0 9.97617715647703,52.3936690229455,0 9.99922469164283,52.3874357933301,0 10.0085150175705,52.3735017378208,0 9.99808118155639,52.365441771702,0 9.982422191342559,52.365380096785,0 9.973453783521681,52.3593723297441,0 9.955011108806749,52.3567501292935,0 9.9547262955858,52.3763256146806,0 9.94679223459646,52.3809885195498,0 9.96724729586051,52.3933828468063,0 9.966618353721071,52.40177911075661,0 9.98026840388466,52.40541095436951,0 
					</coordinates>
				</LinearRing>
			</outerBoundaryIs>
		</Polygon>
	</Placemark>
	<Placemark>
		<name>01955bd7-655e-77f0-88ea-6dc73b6b2305</name>
		<Style>
			<LineStyle>
				<color>ff0000ff</color>
			</LineStyle>
			<PolyStyle>
				<fill>0</fill>
			</PolyStyle>
		</Style>
		<Polygon>
			<outerBoundaryIs>
				<LinearRing>
					<coordinates>
						9.97419156717568,52.4422786212119,0 9.983939247911319,52.4477787390225,0 9.981807892577031,52.4569457727538,0 9.988709422092249,52.4616384531646,0 10.0298817793932,52.4629461830323,0 10.0256064180787,52.4518557393799,0 10.0422307050292,52.4503071547872,0 10.0179973344129,52.4330366548129,0 10.0026310379922,52.4351151884157,0 9.990467147331209,52.4436612527321,0 9.97419156717568,52.4422786212119,0 
					</coordinates>
				</LinearRing>
			</outerBoundaryIs>
		</Polygon>
	</Placemark>
	<Placemark>
		<name>01955bd7-655e-7cb2-afc5-bc65459498ef</name>
		<Style>
			<LineStyle>
				<color>ff0000ff</color>
			</LineStyle>
			<PolyStyle>
				<fill>0</fill>
			</PolyStyle>
		</Style>
		<Polygon>
			<outerBoundaryIs>
				<LinearRing>
					<coordinates>
						9.8443232472055,53.3119374531001,0 9.839265346507529,53.3259442120799,0 9.843100612983511,53.343829103087,0 9.865907619255029,53.3550625555226,0 9.87797536555486,53.3461526985187,0 9.91479350736245,53.3352482848908,0 9.891883604756821,53.3292377605174,0 9.892737504292841,53.3206720996288,0 9.87972633004887,53.3109603595674,0 9.886604726225089,53.302797124688,0 9.872545895313371,53.29888629826251,0 9.858500991773941,53.31354891507389,0 9.8443232472055,53.3119374531001,0 
					</coordinates>
				</LinearRing>
			</outerBoundaryIs>
		</Polygon>
	</Placemark>
	<Placemark>
		<name>01955bd7-655e-7c8b-bc47-7dc486dfbeb8</name>
		<Style>
			<LineStyle>
				<color>ff0000ff</color>
			</LineStyle>
			<PolyStyle>
				<fill>0</fill>
			</PolyStyle>
		</Style>
		<Polygon>
			<outerBoundaryIs>
				<LinearRing>
					<coordinates>
						9.870572005475889,53.29563791440451,0 9.88085588836249,53.2841203009003,0 9.873875336739641,53.2779456349364,0 9.852029985026711,53.2860249285159,0 9.855773923976271,53.2928917988114,0 9.870572005475889,53.29563791440451,0 
					</coordinates>
				</LinearRing>
			</outerBoundaryIs>
		</Polygon>
	</Placemark>
	<Placemark>
		<name>01955bd7-655e-77bd-b04c-24123c29fa93</name>
		<Style>
			<LineStyle>
				<color>ff0000ff</color>
			</LineStyle>
			<PolyStyle>
				<fill>0</fill>
			</PolyStyle>
		</Style>
		<Polygon>
			<outerBoundaryIs>
				<LinearRing>
					<coordinates>
						9.765355534888791,53.5738507278239,0 9.74480028826034,53.5652148151895,0 9.735496540743981,53.5693605966192,0 9.702258202293329,53.5689655331346,0 9.67990062410923,53.5958822597491,0 9.692756367289871,53.5929389828308,0 9.72723271186678,53.6005360188005,0 9.73588894784392,53.5900812634065,0 9.766792908415329,53.5928180357792,0 9.78357625045526,53.5834669376441,0 9.79254390623564,53.58761797824619,0 9.80106880075553,53.5848437493496,0 9.820517122799711,53.5882659033217,0 9.809030506860161,53.6019459926976,0 9.813499884671121,53.6083582860516,0 9.82892704656356,53.61153452082061,0 9.816691931602611,53.6177899820661,0 9.83072119341111,53.62600739767811,0 9.83110821866002,53.6439879311341,0 9.82543116655529,53.6457245867245,0 9.817768498415941,53.6402876160001,0 9.788291200601931,53.63562066685701,0 9.787416940677669,53.6422168439982,0 9.77035970875753,53.64520927905699,0 9.778698362792561,53.6639397854726,0 9.75711047431005,53.6752729163478,0 9.792958695375381,53.6952165615447,0 9.820386740915691,53.695522549311,0 9.811763386618569,53.6881337818877,0 9.79829239678903,53.6907801573013,0 9.773523098402521,53.6743768861866,0 9.79837272557215,53.6793695698755,0 9.80715333659152,53.67487807587869,0 9.801460993689,53.6646579604832,0 9.844551107516169,53.6606397731045,0 9.84441876470434,53.6548463417816,0 9.856657625266079,53.6499854977366,0 9.85157639065245,53.6401642481345,0 9.85929464823093,53.6354187535573,0 9.87110660393645,53.635763401788,0 9.87407892565898,53.6440132116697,0 9.90384654844962,53.6533376238297,0 9.905704720917489,53.66665939864419,0 9.914554016683621,53.66527896160861,0 9.910905881454759,53.6534030434289,0 9.92748449065504,53.6525783873733,0 9.93823676633164,53.646734086543,0 9.949006356044929,53.6500346577522,0 9.982394368487039,53.6491022448458,0 9.95979260193654,53.6783612710516,0 9.97440087418186,53.6903769784047,0 9.983145276867891,53.7271835660518,0 9.97685584534438,53.7359220791185,0 9.993048302050861,53.7403905165612,0 9.97017444825347,53.77167882151381,0 9.970750116213621,53.7992682310709,0 9.96350238194189,53.8107402114298,0 9.96904979221846,53.8228963725824,0 9.96101079871117,53.82697165717631,0 9.9376912153723,53.8189638373622,0 9.931334241884869,53.8318295243767,0 9.943600997071799,53.8356508657552,0 9.944404858939331,53.8420249386535,0 9.958092925484189,53.8441001939841,0 9.967138918768271,53.83963313951761,0 9.99551283458506,53.8398585538101,0 9.983889663464231,53.83376974060899,0 9.985840542250619,53.82127008855889,0 9.97744250498349,53.8125816434129,0 9.993312501680441,53.79922778184919,0 10.0164925728284,53.79213498504879,0 10.0139215850216,53.7851517302668,0 9.98484104521599,53.7825891732617,0 10.011283761814,53.74840952553621,0 10.0003575168402,53.7416534796178,0 10.0241413883672,53.7397721599859,0 10.0269489657891,53.72134003518931,0 10.013378789649,53.7166601826923,0 10.027364042812,53.71048618930401,0 10.0246966332168,53.703857842555,0 10.0033836499615,53.699948154374,0 10.0027925004152,53.6923568086028,0 10.008343655301,53.6908966283287,0 10.0286098360606,53.6994394934224,0 10.0399956388318,53.6971946075431,0 10.061222101419,53.70449281765129,0 10.0525597858804,53.69669907269391,0 10.0516787448494,53.6847879412509,0 10.0375282474648,53.67405538324931,0 10.0421699309919,53.66813651745049,0 10.0331884745041,53.65339398883129,0 10.0557000949126,53.65112421136701,0 10.0547636913638,53.6716214563092,0 10.0627875983957,53.676410046003,0 10.0879987349706,53.6731645212737,0 10.092495803926,53.6798315876035,0 10.0766612434513,53.687729991507,0 10.0763847171824,53.6979340932727,0 10.0947660122895,53.7038913126396,0 10.1026233910867,53.7141016060708,0 10.1118156559097,53.714123055277,0 10.1280958194914,53.6984154483884,0 10.1488806404764,53.6981100432006,0 10.1541097548872,53.6874718284918,0 10.1748981439867,53.69585299273641,0 10.1599611059532,53.6693715997111,0 10.1689335584471,53.6629600305582,0 10.1974083965511,53.66063433437251,0 10.1858880937992,53.630085583802,0 10.1678550035889,53.6177983473326,0 10.190702465212,53.6088167545332,0 10.1852453627125,53.6001108231384,0 10.193729232266,53.59355307305481,0 10.1556103726024,53.577508040053,0 10.1986813707923,53.57907498601831,0 10.1957682467168,53.57040490277999,0 10.2129587132676,53.5573419937264,0 10.2235688514715,53.55543351634021,0 10.2235547418374,53.5488826984642,0 10.2347638896112,53.5501677971287,0 10.2351686677742,53.5587967442836,0 10.2494096251147,53.55875074708861,0 10.2502169429814,53.5443714408096,0 10.2381006651356,53.5381442826246,0 10.2424975189332,53.5332092208651,0 10.2559478460511,53.5353048951012,0 10.2611409847312,53.5305833257769,0 10.246436743382,53.5266118408897,0 10.2535187448151,53.5177706136301,0 10.2514151671341,53.50552736697431,0 10.2280538302563,53.49657816359009,0 10.242344688972,53.4897304827151,0 10.2545278341469,53.498191009727,0 10.2750768917241,53.4921704822237,0 10.2875187168046,53.4939518929383,0 10.2969418664135,53.48610279954409,0 10.2915315193114,53.4837777714343,0 10.275435241886,53.48987982745101,0 10.2473886929685,53.4797922755201,0 10.2367522943245,53.4690989189783,0 10.2269773994838,53.4698511804629,0 10.220702114402,53.4761231965313,0 10.202058331511,53.4716201597076,0 10.2219818618893,53.4541156931675,0 10.2350466695974,53.4543881417236,0 10.2411316419399,53.4385834192647,0 10.2334620530788,53.4370314550098,0 10.2090274720925,53.4561412048705,0 10.1706830877077,53.4663498710518,0 10.1505700521942,53.4799481080124,0 10.1294645969039,53.4792878860254,0 10.0953019071896,53.4867276462594,0 10.0884779962745,53.497599380986,0 10.0763648086547,53.4987453509858,0 10.0673657421022,53.52314780377051,0 10.0357697538512,53.5309815340705,0 10.0344075336164,53.52718814859909,0 10.0525745572568,53.5189253414783,0 10.0570268947972,53.5105511886409,0 10.0303895182523,53.50365999323499,0 10.0236720383702,53.4793493926084,0 9.99906766245776,53.4736452084381,0 10.0156265354853,53.4640214747705,0 10.0035732104131,53.448943781293,0 10.0108208903146,53.4380245880297,0 10.0022700514082,53.42754506331371,0 10.0398631471913,53.4272606862457,0 10.0416762909043,53.4172059191778,0 10.0608774806151,53.4137666097904,0 10.0690392623551,53.40142692895061,0 10.1135356187349,53.386697225204,0 10.1336745290651,53.3733802050269,0 10.1340618220035,53.36699859361011,0 10.1444132054917,53.3660425742403,0 10.1388996135999,53.3596979107583,0 10.1077818920816,53.3586612511814,0 10.1274894182371,53.368178869271,0 10.0516549074519,53.3991903207814,0 10.0440839899697,53.3840339301249,0 10.0497387095049,53.37467960935611,0 10.0402171218736,53.3681361109819,0 10.0285963427273,53.3673260300239,0 10.0138425007876,53.3818622122311,0 9.978004365435231,53.38100544389461,0 9.976364916101589,53.3994776041811,0 9.96384483733304,53.4017683764415,0 9.96022093495357,53.4082994264396,0 9.96287059653576,53.41117589437211,0 9.976291960342079,53.4088122970572,0 9.977958810632069,53.4200489838301,0 9.96256960037166,53.4175140590339,0 9.955800320899399,53.4221530346394,0 9.95660130623533,53.4355316258707,0 9.92200730167669,53.44819451377471,0 9.94098750584538,53.4689296673512,0 9.926256524214329,53.46647418783609,0 9.896977595847741,53.470214535899,0 9.887985636441559,53.46038588258269,0 9.869040820920469,53.4665740404586,0 9.86711632212303,53.4498129431739,0 9.84374890653355,53.4645198825175,0 9.81754365998604,53.4719117247417,0 9.848450386148169,53.47514563754089,0 9.87156005864782,53.4876401087669,0 9.922272924152731,53.47808373193281,0 9.936343255700031,53.478399228592,0 9.943771342392401,53.4849035311557,0 9.934569904877151,53.4868864754154,0 9.932038013583369,53.4933840382818,0 9.91255715200297,53.4920952053148,0 9.90940878761881,53.5006677074069,0 9.88742959581792,53.5097401316148,0 9.886590438548019,53.5204616300629,0 9.893821937789919,53.5190847113325,0 9.895440975617371,53.5227423218698,0 9.873007101035469,53.5326319980276,0 9.86403347347591,53.5261188113861,0 9.83081288238445,53.5296305408209,0 9.81359745494035,53.5250361056379,0 9.820512287196779,53.5336699480784,0 9.81401123911278,53.5412996181199,0 9.82299700334584,53.5467850216676,0 9.841047532723101,53.54595345440279,0 9.8423506411212,53.5500744545552,0 9.79830614826775,53.5572503183968,0 9.769481759482179,53.56822832850609,0 9.786072033596289,53.5724789485135,0 9.784518012893621,53.5770618160636,0 9.765355534888791,53.5738507278239,0 
					</coordinates>
				</LinearRing>
			</outerBoundaryIs>
		</Polygon>
	</Placemark>
	<Placemark>
		<name>01955bd7-655e-78aa-b26d-441edd63834c</name>
		<Style>
			<LineStyle>
				<color>ff0000ff</color>
			</LineStyle>
			<PolyStyle>
				<fill>0</fill>
			</PolyStyle>
		</Style>
		<Polygon>
			<outerBoundaryIs>
				<LinearRing>
					<coordinates>
						10.2876489034394,53.4793007621987,0 10.2905653158458,53.4671737759164,0 10.274176560008,53.4684602188002,0 10.276906794255,53.47636160244941,0 10.2876489034394,53.4793007621987,0 
					</coordinates>
				</LinearRing>
			</outerBoundaryIs>
		</Polygon>
	</Placemark>
	<Placemark>
		<name>01955bd7-655e-7401-bc4d-cd725029c33b</name>
		<Style>
			<LineStyle>
				<color>ff0000ff</color>
			</LineStyle>
			<PolyStyle>
				<fill>0</fill>
			</PolyStyle>
		</Style>
		<Polygon>
			<outerBoundaryIs>
				<LinearRing>
					<coordinates>
						10.0046519800404,53.8021458643297,0 9.997814258571349,53.8073973806172,0 10.0043043277041,53.8138911522766,0 10.018877504901,53.8129293077582,0 10.0046519800404,53.8021458643297,0 
					</coordinates>
				</LinearRing>
			</outerBoundaryIs>
		</Polygon>
	</Placemark>
	<Placemark>
		<name>01955bd7-655e-715c-9569-f7d57545fe7a</name>
		<Style>
			<LineStyle>
				<color>ff0000ff</color>
			</LineStyle>
			<PolyStyle>
				<fill>0</fill>
			</PolyStyle>
		</Style>
		<Polygon>
			<outerBoundaryIs>
				<LinearRing>
					<coordinates>
						9.96529629848785,54.08261994265799,0 9.95648566822061,54.0966982024785,0 9.96755767381085,54.1062003718047,0 9.977779859389679,54.1045996263465,0 9.98354030822335,54.1084909701642,0 9.9851402425322,54.1301279742142,0 9.995109379623591,54.1306287130867,0 10.0017707544819,54.1189979783909,0 9.99510246278092,54.1119682094446,0 10.0121103317725,54.0924833221258,0 10.0098764920741,54.0802729380448,0 10.0217701854509,54.06041154001529,0 10.0391356017272,54.05016959003969,0 10.028754304015,54.0502806175268,0 10.0257206811143,54.0447775618772,0 10.013243542628,54.04568390293559,0 10.0095686324328,54.0380950661773,0 9.97866993905054,54.0405723046623,0 9.94581377627793,54.04879114421299,0 9.92045474782393,54.06890372873029,0 9.895122697375051,54.07076875698841,0 9.89959901699992,54.0766978550646,0 9.90715042138828,54.071820469691,0 9.947361331275349,54.0746244552347,0 9.96529629848785,54.08261994265799,0 
					</coordinates>
				</LinearRing>
			</outerBoundaryIs>
		</Polygon>
	</Placemark>
	<Placemark>
		<name>01955bd7-655e-73e9-800e-9660ed700f96</name>
		<Style>
			<LineStyle>
				<color>ff0000ff</color>
			</LineStyle>
			<PolyStyle>
				<fill>0</fill>
			</PolyStyle>
		</Style>
		<Polygon>
			<outerBoundaryIs>
				<LinearRing>
					<coordinates>
						9.83617437506199,54.493682659975,0 9.85724456263701,54.4846566133763,0 9.85614524993021,54.4775448346781,0 9.84127355127683,54.470463246711,0 9.853944471412561,54.4495749003327,0 9.848661605817281,54.4444641935088,0 9.819559471510811,54.4477854522841,0 9.815887142858941,54.4597091137341,0 9.82622638845214,54.4699739388997,0 9.819344976631159,54.478299105372,0 9.80119634687167,54.4860673286594,0 9.83617437506199,54.493682659975,0 
					</coordinates>
				</LinearRing>
			</outerBoundaryIs>
		</Polygon>
	</Placemark>
	<Placemark>
		<name>01955bd7-655e-74ab-b08e-ce5c6018d249</name>
		<Style>
			<LineStyle>
				<color>ff0000ff</color>
			</LineStyle>
			<PolyStyle>
				<fill>0</fill>
			</PolyStyle>
		</Style>
		<Polygon>
			<outerBoundaryIs>
				<LinearRing>
					<coordinates>
						9.83679896022349,54.4965253004374,0 9.83200463778782,54.5001763330187,0 9.836094633374691,54.5048654143888,0 9.84844545727219,54.4988920453538,0 9.83679896022349,54.4965253004374,0 
					</coordinates>
				</LinearRing>
			</outerBoundaryIs>
		</Polygon>
	</Placemark>
	<Placemark>
		<name>01955bd7-655e-74f9-b475-7b9031428fce</name>
		<Style>
			<LineStyle>
				<color>ff0000ff</color>
			</LineStyle>
			<PolyStyle>
				<fill>0</fill>
			</PolyStyle>
		</Style>
		<Polygon>
			<outerBoundaryIs>
				<LinearRing>
					<coordinates>
						10.1998115763625,47.5677894615636,0 10.2291863878421,47.57003405113199,0 10.2373733485241,47.5872329518497,0 10.246473932877,47.5736606255098,0 10.2385024962324,47.5651064280723,0 10.248943967175,47.5569875816426,0 10.2427102521183,47.5502145340179,0 10.2169707997915,47.5542209004947,0 10.1872230010504,47.5660050057494,0 10.1950323487652,47.5729211363041,0 10.1998115763625,47.5677894615636,0 
					</coordinates>
				</LinearRing>
			</outerBoundaryIs>
		</Polygon>
	</Placemark>
	<Placemark>
		<name>01955bd7-655e-7c98-ad22-535d7699b108</name>
		<Style>
			<LineStyle>
				<color>ff0000ff</color>
			</LineStyle>
			<PolyStyle>
				<fill>0</fill>
			</PolyStyle>
		</Style>
		<Polygon>
			<outerBoundaryIs>
				<LinearRing>
					<coordinates>
						10.2454419095711,47.5471135021367,0 10.2636960770277,47.5448563259681,0 10.2663625215841,47.5324267885218,0 10.3001833953746,47.5213393327522,0 10.3065406629227,47.5106238781735,0 10.2815910817546,47.5030794499057,0 10.2709627675614,47.5061124223471,0 10.2454419095711,47.5471135021367,0 
					</coordinates>
				</LinearRing>
			</outerBoundaryIs>
		</Polygon>
	</Placemark>
	<Placemark>
		<name>01955bd7-655e-74af-b399-edbf42423bfd</name>
		<Style>
			<LineStyle>
				<color>ff0000ff</color>
			</LineStyle>
			<PolyStyle>
				<fill>0</fill>
			</PolyStyle>
		</Style>
		<Polygon>
			<outerBoundaryIs>
				<LinearRing>
					<coordinates>
						10.1517417759322,48.0167569128191,0 10.1581200450416,48.0219017546525,0 10.1860639473651,48.0094128372526,0 10.1924324196688,48.0001121078138,0 10.2183200730444,48.0030559411378,0 10.2145976459989,47.9947357141608,0 10.2306826207774,47.9899843392188,0 10.2035703235661,47.9839923420308,0 10.1961953070634,47.9753880085168,0 10.2130052700837,47.9700605113249,0 10.2147744015431,47.9637489310037,0 10.1961035861225,47.9663685403746,0 10.1843452045986,47.96113245048139,0 10.1529156030788,47.9734176240678,0 10.1472278510521,47.9901376076531,0 10.1254514041751,47.9990026604944,0 10.1299033189377,48.002439720141,0 10.145295754091,47.99864540310219,0 10.1585785709066,48.0056049349553,0 10.1517417759322,48.0167569128191,0 
					</coordinates>
				</LinearRing>
			</outerBoundaryIs>
		</Polygon>
	</Placemark>
	<Placemark>
		<name>01955bd7-655e-7746-a8e3-2a56325f001d</name>
		<Style>
			<LineStyle>
				<color>ff0000ff</color>
			</LineStyle>
			<PolyStyle>
				<fill>0</fill>
			</PolyStyle>
		</Style>
		<Polygon>
			<outerBoundaryIs>
				<LinearRing>
					<coordinates>
						10.127345977838,48.1061326616751,0 10.1124386355326,48.0954939345568,0 10.0787019529407,48.0845292858932,0 10.0602897764447,48.0916620224283,0 10.0644031766048,48.0963696617234,0 10.0838149484884,48.096083707028,0 10.1101019674437,48.1123273231315,0 10.1104730678467,48.12713099536809,0 10.1325706509024,48.1239869391046,0 10.127345977838,48.1061326616751,0 
					</coordinates>
				</LinearRing>
			</outerBoundaryIs>
		</Polygon>
	</Placemark>
	<Placemark>
		<name>01955bd7-655e-7db8-b422-83bfedc2675f</name>
		<Style>
			<LineStyle>
				<color>ff0000ff</color>
			</LineStyle>
			<PolyStyle>
				<fill>0</fill>
			</PolyStyle>
		</Style>
		<Polygon>
			<outerBoundaryIs>
				<LinearRing>
					<coordinates>
						10.0633461647444,48.2409922237896,0 10.0524006883184,48.2411551781036,0 10.0527668135428,48.2474189766185,0 10.0633461647444,48.2409922237896,0 
					</coordinates>
				</LinearRing>
			</outerBoundaryIs>
		</Polygon>
	</Placemark>
	<Placemark>
		<name>01955bd7-655e-7c03-8f4c-656b6c63d269</name>
		<Style>
			<LineStyle>
				<color>ff0000ff</color>
			</LineStyle>
			<PolyStyle>
				<fill>0</fill>
			</PolyStyle>
		</Style>
		<Polygon>
			<outerBoundaryIs>
				<LinearRing>
					<coordinates>
						10.0723366441552,48.2408245502204,0 10.0838138805011,48.246185904139,0 10.098153377832,48.2351478449931,0 10.1047370976877,48.2450572405406,0 10.1274003327508,48.2568820908678,0 10.1210585637994,48.2406260570172,0 10.1118863878179,48.23465706777441,0 10.1252812690558,48.2202862858638,0 10.0889614220441,48.2145683738118,0 10.0823955693171,48.2337286145373,0 10.0723366441552,48.2408245502204,0 
					</coordinates>
				</LinearRing>
			</outerBoundaryIs>
		</Polygon>
	</Placemark>
	<Placemark>
		<name>01955bd7-655e-7d13-8a7a-cfb36fd75c12</name>
		<Style>
			<LineStyle>
				<color>ff0000ff</color>
			</LineStyle>
			<PolyStyle>
				<fill>0</fill>
			</PolyStyle>
		</Style>
		<Polygon>
			<outerBoundaryIs>
				<LinearRing>
					<coordinates>
						10.1061720673509,48.20698935729881,0 10.1187339424338,48.2036277476823,0 10.1191210564316,48.20196684849339,0 10.1079102076673,48.20005192228399,0 10.1061720673509,48.20698935729881,0 
					</coordinates>
				</LinearRing>
			</outerBoundaryIs>
		</Polygon>
	</Placemark>
	<Placemark>
		<name>01955bd7-655e-7e08-a42f-dde019ad47a9</name>
		<Style>
			<LineStyle>
				<color>ff0000ff</color>
			</LineStyle>
			<PolyStyle>
				<fill>0</fill>
			</PolyStyle>
		</Style>
		<Polygon>
			<outerBoundaryIs>
				<LinearRing>
					<coordinates>
						10.085110500675,48.2480045270909,0 10.0829116642356,48.2648984673393,0 10.0683101893062,48.27449338861,0 10.0673561102016,48.2876767611548,0 10.0768998261468,48.2908936176117,0 10.0907646575359,48.28539119364261,0 10.106738286244,48.2982752358096,0 10.1169182158548,48.2845686497227,0 10.1050151426761,48.2862511799147,0 10.0847155373577,48.2685588215236,0 10.1008688154173,48.2490266881161,0 10.085110500675,48.2480045270909,0 
					</coordinates>
				</LinearRing>
			</outerBoundaryIs>
		</Polygon>
	</Placemark>
	<Placemark>
		<name>01955bd7-655e-7698-af2c-37c8498e3e84</name>
		<Style>
			<LineStyle>
				<color>ff0000ff</color>
			</LineStyle>
			<PolyStyle>
				<fill>0</fill>
			</PolyStyle>
		</Style>
		<Polygon>
			<outerBoundaryIs>
				<LinearRing>
					<coordinates>
						10.0620965028769,48.3442429330749,0 10.0677139856544,48.3427983887197,0 10.0650022291698,48.3284530957079,0 10.0792620715716,48.3166463352005,0 10.0571698490436,48.3140366787579,0 10.0512676885774,48.3182566010817,0 10.0103730492667,48.3197845094938,0 10.0125151597835,48.3265646306977,0 10.029225914037,48.3336528088691,0 10.0319886703381,48.3508453930844,0 10.0410619590591,48.35042068970861,0 10.0463481930615,48.33421215190511,0 10.0620965028769,48.3442429330749,0 
					</coordinates>
				</LinearRing>
			</outerBoundaryIs>
		</Polygon>
	</Placemark>
	<Placemark>
		<name>01955bd7-655e-789c-9cb9-50d3886c6807</name>
		<Style>
			<LineStyle>
				<color>ff0000ff</color>
			</LineStyle>
			<PolyStyle>
				<fill>0</fill>
			</PolyStyle>
		</Style>
		<Polygon>
			<outerBoundaryIs>
				<LinearRing>
					<coordinates>
						10.152166274197,48.7039681191535,0 10.1599506969516,48.7213289226392,0 10.1734570376569,48.7062258308185,0 10.1623779828649,48.68488765479989,0 10.1813713513203,48.6760748757702,0 10.1744129384857,48.6730332276022,0 10.1762749919873,48.6668459976484,0 10.1674974371781,48.6613135265877,0 10.158728016041,48.6400846729132,0 10.2017518794306,48.6285992957419,0 10.1890216688409,48.6251478267493,0 10.1882806943074,48.6160137807378,0 10.1666437874619,48.6173643430805,0 10.1454284511889,48.6280538770196,0 10.1431404586708,48.6351915550946,0 10.1562336461522,48.6471972750371,0 10.1539738146742,48.654080602865,0 10.137596757857,48.6574091100821,0 10.1417800819109,48.6692061556851,0 10.1201515815556,48.6795031275537,0 10.134106465516,48.6980873028644,0 10.152166274197,48.7039681191535,0 
					</coordinates>
				</LinearRing>
			</outerBoundaryIs>
		</Polygon>
	</Placemark>
	<Placemark>
		<name>01955bd7-655e-7b81-bf57-522b4c925a37</name>
		<Style>
			<LineStyle>
				<color>ff0000ff</color>
			</LineStyle>
			<PolyStyle>
				<fill>0</fill>
			</PolyStyle>
		</Style>
		<Polygon>
			<outerBoundaryIs>
				<LinearRing>
					<coordinates>
						10.0386103575276,48.82106940221951,0 10.0372187590524,48.8057303740693,0 10.0205277031479,48.8027800253923,0 10.0215227271701,48.82069148546199,0 10.0386103575276,48.82106940221951,0 
					</coordinates>
				</LinearRing>
			</outerBoundaryIs>
		</Polygon>
	</Placemark>
	<Placemark>
		<name>01955bd7-655e-7a35-adce-3ad33254cac6</name>
		<Style>
			<LineStyle>
				<color>ff0000ff</color>
			</LineStyle>
			<PolyStyle>
				<fill>0</fill>
			</PolyStyle>
		</Style>
		<Polygon>
			<outerBoundaryIs>
				<LinearRing>
					<coordinates>
						10.0461937164475,48.821703531049,0 10.0506154566479,48.8466236581016,0 10.056419130078,48.84918276150761,0 10.0772464685073,48.8441296997751,0 10.0888424911631,48.8567311805917,0 10.0812571999461,48.86844997486019,0 10.093630811566,48.8765091896931,0 10.0890812252485,48.8928359450913,0 10.0969837302846,48.90062485520951,0 10.1071461188909,48.900861893913,0 10.1141897684936,48.8929515723818,0 10.0996220920734,48.8790766743514,0 10.1162247356158,48.8780597492799,0 10.1244774798701,48.86909337219461,0 10.1113331838228,48.84984092308199,0 10.1292031919774,48.8454743059887,0 10.1325308776608,48.84068274276819,0 10.1199586543567,48.8379312396019,0 10.1220250980758,48.8293368948563,0 10.1435447280001,48.8161006825079,0 10.1329195622807,48.8044379618216,0 10.1254259004993,48.8042405984645,0 10.1131502070571,48.8216750966469,0 10.0857872284915,48.8250265800264,0 10.0548175453775,48.8188255926642,0 10.0461937164475,48.821703531049,0 
					</coordinates>
				</LinearRing>
			</outerBoundaryIs>
		</Polygon>
	</Placemark>
	<Placemark>
		<name>01955bd7-655e-7a2e-b18e-9416f96a01ad</name>
		<Style>
			<LineStyle>
				<color>ff0000ff</color>
			</LineStyle>
			<PolyStyle>
				<fill>0</fill>
			</PolyStyle>
		</Style>
		<Polygon>
			<outerBoundaryIs>
				<LinearRing>
					<coordinates>
						10.0559405751687,49.15041620172381,0 10.0912236864039,49.14103625268461,0 10.0941693619761,49.12181011848701,0 10.0827102758299,49.1172994088267,0 10.0659260648754,49.1239359504853,0 10.0298453310071,49.1260383581799,0 10.0177673941376,49.1445070447066,0 10.0559405751687,49.15041620172381,0 
					</coordinates>
				</LinearRing>
			</outerBoundaryIs>
		</Polygon>
	</Placemark>
	<Placemark>
		<name>01955bd7-655e-7fa1-98bd-f92b96d8bcaa</name>
		<Style>
			<LineStyle>
				<color>ff0000ff</color>
			</LineStyle>
			<PolyStyle>
				<fill>0</fill>
			</PolyStyle>
		</Style>
		<Polygon>
			<outerBoundaryIs>
				<LinearRing>
					<coordinates>
						10.2054592066515,49.7283577369338,0 10.1813624284718,49.7188387499074,0 10.1715973436518,49.7285590336162,0 10.1553791735731,49.71569570471921,0 10.147246250712,49.7261911613837,0 10.1307988143753,49.7297477029013,0 10.130997377788,49.7386600452669,0 10.1371520602585,49.7438349555356,0 10.1732274006125,49.7514598020448,0 10.1918454084806,49.74542073937139,0 10.1913697051829,49.73702689406489,0 10.2054592066515,49.7283577369338,0 
					</coordinates>
				</LinearRing>
			</outerBoundaryIs>
		</Polygon>
	</Placemark>
	<Placemark>
		<name>01955bd7-655e-7e14-a370-bbd93fbc55f0</name>
		<Style>
			<LineStyle>
				<color>ff0000ff</color>
			</LineStyle>
			<PolyStyle>
				<fill>0</fill>
			</PolyStyle>
		</Style>
		<Polygon>
			<outerBoundaryIs>
				<LinearRing>
					<coordinates>
						10.2864081740782,50.0140478845093,0 10.2622269030863,50.0201591317955,0 10.2538339650699,50.0310487588266,0 10.2218096829682,50.0187377172302,0 10.2000735470147,50.0219647426567,0 10.1878604798728,50.0102366132624,0 10.203700598887,50.0065453625616,0 10.2004761278102,49.9977062349835,0 10.1861436173787,50.00390943601619,0 10.1714548637638,50.00148201508119,0 10.1697065709255,50.0108308935076,0 10.1987075831537,50.03126726103709,0 10.1900999045744,50.0549893770294,0 10.1753045242935,50.0505585156343,0 10.1655316365373,50.05597477822119,0 10.1687838263411,50.0632730940137,0 10.1874472927541,50.0678175925481,0 10.2108923855836,50.0608427339449,0 10.2110699729475,50.0707151193457,0 10.2205673711055,50.07828135194849,0 10.2401193701423,50.06539520802701,0 10.2555838457552,50.07465736474839,0 10.2592793045941,50.06576185819079,0 10.2440767819357,50.04295946637631,0 10.2633924527657,50.04152036224231,0 10.2608682513134,50.0298530636589,0 10.2855177995968,50.0285243338421,0 10.2920549592296,50.0217024216543,0 10.2864081740782,50.0140478845093,0 
					</coordinates>
				</LinearRing>
			</outerBoundaryIs>
		</Polygon>
	</Placemark>
	<Placemark>
		<name>01955bd7-655e-7de9-bfb1-ee7b81dcadd5</name>
		<Style>
			<LineStyle>
				<color>ff0000ff</color>
			</LineStyle>
			<PolyStyle>
				<fill>0</fill>
			</PolyStyle>
		</Style>
		<Polygon>
			<outerBoundaryIs>
				<LinearRing>
					<coordinates>
						10.232844034434,50.3227304690406,0 10.2119648652531,50.3026389161255,0 10.1994609787048,50.306416938373,0 10.2102613099303,50.316093838153,0 10.1953308463897,50.3167809005471,0 10.1863646773744,50.32550732049611,0 10.1909128907425,50.3343061888314,0 10.2059059456956,50.33888077957389,0 10.2469190084666,50.3330800599216,0 10.2458692535042,50.3270338861393,0 10.232844034434,50.3227304690406,0 
					</coordinates>
				</LinearRing>
			</outerBoundaryIs>
		</Polygon>
	</Placemark>
	<Placemark>
		<name>01955bd7-655e-7c09-b463-9485606543a3</name>
		<Style>
			<LineStyle>
				<color>ff0000ff</color>
			</LineStyle>
			<PolyStyle>
				<fill>0</fill>
			</PolyStyle>
		</Style>
		<Polygon>
			<outerBoundaryIs>
				<LinearRing>
					<coordinates>
						10.2129035651838,50.81471234172939,0 10.2623175683013,50.8189498513349,0 10.2601913054365,50.8019876947342,0 10.242736126551,50.7968155250028,0 10.2242274988228,50.7999601013303,0 10.214876305537,50.7883447951384,0 10.2052709599631,50.7865735699151,0 10.2205623346323,50.799875789787,0 10.204565268322,50.8101717402275,0 10.1815924204344,50.8130519696238,0 10.1815369446839,50.8170490359489,0 10.2129035651838,50.81471234172939,0 
					</coordinates>
				</LinearRing>
			</outerBoundaryIs>
		</Polygon>
	</Placemark>
	<Placemark>
		<name>01955bd7-655e-786c-bd15-7c444f1f841b</name>
		<Style>
			<LineStyle>
				<color>ff0000ff</color>
			</LineStyle>
			<PolyStyle>
				<fill>0</fill>
			</PolyStyle>
		</Style>
		<Polygon>
			<outerBoundaryIs>
				<LinearRing>
					<coordinates>
						10.2416466642464,51.73974300012959,0 10.2755314854963,51.7381050569272,0 10.2775655038834,51.7151902902129,0 10.2613834545874,51.7092054242063,0 10.2102267753735,51.7464507427948,0 10.2101794029541,51.7623329650207,0 10.2013942708769,51.770171545785,0 10.2089934543202,51.7739788128477,0 10.218346393154,51.7557341184844,0 10.2416466642464,51.73974300012959,0 
					</coordinates>
				</LinearRing>
			</outerBoundaryIs>
		</Polygon>
	</Placemark>
	<Placemark>
		<name>01955bd7-655e-71fc-bb8e-b62fb7fb09ee</name>
		<Style>
			<LineStyle>
				<color>ff0000ff</color>
			</LineStyle>
			<PolyStyle>
				<fill>0</fill>
			</PolyStyle>
		</Style>
		<Polygon>
			<outerBoundaryIs>
				<LinearRing>
					<coordinates>
						10.2264106868037,52.3130899939706,0 10.2132388762628,52.309774997043,0 10.2070482915887,52.32249261527999,0 10.1662003220056,52.3397170782321,0 10.1830167146622,52.3523972524466,0 10.1893714437798,52.3424924522077,0 10.2172934935403,52.32644281739319,0 10.2313313525881,52.33513526729669,0 10.2405927320873,52.3533195208918,0 10.2494089291853,52.3542774686297,0 10.2631309573302,52.3385538853955,0 10.2786772440676,52.3327245104678,0 10.2573571451279,52.3240228057677,0 10.2780456740867,52.3123316251628,0 10.2718944652507,52.30794738993049,0 10.2308033928037,52.30241953273649,0 10.2264106868037,52.3130899939706,0 
					</coordinates>
				</LinearRing>
			</outerBoundaryIs>
		</Polygon>
	</Placemark>
	<Placemark>
		<name>01955bd7-655e-70fc-b83e-ddba0bb156e7</name>
		<Style>
			<LineStyle>
				<color>ff0000ff</color>
			</LineStyle>
			<PolyStyle>
				<fill>0</fill>
			</PolyStyle>
		</Style>
		<Polygon>
			<outerBoundaryIs>
				<LinearRing>
					<coordinates>
						9.99810223244468,52.59156842825859,0 9.99928880769575,52.6068123230186,0 10.0104917819368,52.6109149015961,0 10.0315640881459,52.6099408937635,0 10.0482247006634,52.6243718082381,0 10.025773362569,52.64366638538431,0 10.0673540911124,52.6379157853602,0 10.0870982030706,52.6412790686306,0 10.1000496167671,52.6552877945204,0 10.109252912017,52.6546184759172,0 10.1183862147238,52.631056690249,0 10.0982441083834,52.622009716748,0 10.1098522556839,52.60848052358559,0 10.1227241390221,52.605434184394,0 10.1205612838783,52.5848558753453,0 10.0968479331175,52.5887364118864,0 10.0960505821153,52.6012944006681,0 10.071138997033,52.5928286425471,0 10.0629930928691,52.5831961656578,0 10.053811452364,52.58621856704769,0 10.0467215025623,52.6008091708545,0 10.0254538786955,52.595352703437,0 10.004661073474,52.59839253874231,0 9.99810223244468,52.59156842825859,0 
					</coordinates>
				</LinearRing>
			</outerBoundaryIs>
		</Polygon>
	</Placemark>
	<Placemark>
		<name>01955bd7-655e-7c9d-8f36-8064adb2798a</name>
		<Style>
			<LineStyle>
				<color>ff0000ff</color>
			</LineStyle>
			<PolyStyle>
				<fill>0</fill>
			</PolyStyle>
		</Style>
		<Polygon>
			<outerBoundaryIs>
				<LinearRing>
					<coordinates>
						10.1192172619154,52.99992244586831,0 10.1139857721034,52.9913995718218,0 10.1222988531461,52.9851219839483,0 10.1193340956985,52.9818719600075,0 10.102076713791,52.9821622496118,0 10.0962200686679,52.9759087531417,0 10.0857456281906,52.9748057163744,0 10.0615160601923,52.98047262006239,0 10.0638982710888,53.0008760366289,0 10.0846297561744,52.9964919389246,0 10.0850777286505,53.00541607081,0 10.092017599404,53.0078689553462,0 10.1192172619154,52.99992244586831,0 
					</coordinates>
				</LinearRing>
			</outerBoundaryIs>
		</Polygon>
	</Placemark>
	<Placemark>
		<name>01955bd7-655e-7a36-a8ef-73930916b082</name>
		<Style>
			<LineStyle>
				<color>ff0000ff</color>
			</LineStyle>
			<PolyStyle>
				<fill>0</fill>
			</PolyStyle>
		</Style>
		<Polygon>
			<outerBoundaryIs>
				<LinearRing>
					<coordinates>
						10.2288297143185,53.375329704592,0 10.2394793772402,53.3748454921348,0 10.2254155675687,53.36801529989771,0 10.2290959540147,53.3561182642106,0 10.2472640131747,53.3455760237736,0 10.2325910823134,53.3475369429137,0 10.2333133379298,53.33781918888441,0 10.1982859816835,53.3275242500468,0 10.1884922979534,53.34081348012249,0 10.2012931416478,53.3475722859461,0 10.1881767136435,53.3654066417375,0 10.1915325932827,53.378563908741,0 10.1993613799905,53.3794489885215,0 10.2069898311599,53.36869972703731,0 10.2235797864982,53.3687358374838,0 10.2288297143185,53.375329704592,0 
					</coordinates>
				</LinearRing>
			</outerBoundaryIs>
		</Polygon>
	</Placemark>
	<Placemark>
		<name>01955bd7-655e-7760-823f-8628fe4d6f35</name>
		<Style>
			<LineStyle>
				<color>ff0000ff</color>
			</LineStyle>
			<PolyStyle>
				<fill>0</fill>
			</PolyStyle>
		</Style>
		<Polygon>
			<outerBoundaryIs>
				<LinearRing>
					<coordinates>
						10.0621161530044,54.2659881420146,0 10.0709077976253,54.26787726510589,0 10.0725791022453,54.2685615881413,0 10.0628889550604,54.25966353805611,0 10.0621161530044,54.2659881420146,0 
					</coordinates>
				</LinearRing>
			</outerBoundaryIs>
		</Polygon>
	</Placemark>
	<Placemark>
		<name>01955bd7-655e-75ac-8ae3-53f218a980cf</name>
		<Style>
			<LineStyle>
				<color>ff0000ff</color>
			</LineStyle>
			<PolyStyle>
				<fill>0</fill>
			</PolyStyle>
		</Style>
		<Polygon>
			<outerBoundaryIs>
				<LinearRing>
					<coordinates>
						10.0734678074789,54.2693775522217,0 10.061968743618,54.283658698567,0 10.0497185496822,54.28078630952629,0 10.0332544568737,54.28335546419509,0 10.0597453341034,54.2859582132526,0 10.0586074044526,54.2953307932817,0 10.0447534980205,54.2996405090097,0 10.0467221622352,54.32899776368019,0 10.0520089017531,54.3338320263748,0 10.0663253241298,54.3308701875665,0 10.0768266482632,54.3419569049564,0 10.0659397424779,54.3539856410612,0 10.0725541210295,54.3658049829415,0 10.1018450112755,54.36171142791,0 10.1050856115533,54.37028852798849,0 10.1306704963862,54.3785686852647,0 10.1327686402372,54.3936434790249,0 10.1176026705765,54.3955023372037,0 10.1176172359048,54.4062843952628,0 10.1276671821434,54.4123693919601,0 10.1348594141799,54.4114199335044,0 10.132423066816,54.3958804590581,0 10.1437299664005,54.3854131560289,0 10.1363362995066,54.3807039972333,0 10.1396441679884,54.3776377219315,0 10.1573733793824,54.377666253938,0 10.1561789568855,54.4031939053185,0 10.1854645289637,54.4013024512884,0 10.1866821269906,54.3934503502695,0 10.1628802455981,54.38501216395871,0 10.1439733213485,54.35784546245749,0 10.1563982926827,54.3402736740056,0 10.1482477589926,54.3254818754963,0 10.1607097613851,54.3239545840433,0 10.1755925420578,54.3390554898482,0 10.1886641646672,54.34231929419521,0 10.1789960016813,54.3548175814738,0 10.1824277819996,54.3605999650303,0 10.1964954284261,54.36412801243851,0 10.1971215009737,54.37827377605489,0 10.2149387380592,54.3836931015109,0 10.232291380869,54.3806920841337,0 10.2337773420721,54.3770926808197,0 10.1903433021044,54.3580660645451,0 10.2319684698781,54.3391483113927,0 10.2321232987112,54.33524475527971,0 10.2180797373014,54.33126569831911,0 10.2099768149812,54.3151531982108,0 10.2201888404534,54.29684084626359,0 10.2549279056836,54.2829949349005,0 10.2574622039047,54.2720923056258,0 10.2115339299655,54.28616736494651,0 10.2053387622876,54.27841986916591,0 10.1936517074483,54.2760932080626,0 10.1771807067077,54.28971908469111,0 10.1599009765176,54.273874528645,0 10.1469939625212,54.2728772786608,0 10.1245494730718,54.28037266979619,0 10.112223883829,54.2761021049764,0 10.1134735234421,54.2843945205715,0 10.1261033044642,54.2915018998366,0 10.1215646397771,54.2947336485524,0 10.0953569115139,54.289207355027,0 10.0734678074789,54.2693775522217,0 
					</coordinates>
				</LinearRing>
			</outerBoundaryIs>
		</Polygon>
	</Placemark>
	<Placemark>
		<name>01955bd7-655e-7489-8848-857f57de5b99</name>
		<Style>
			<LineStyle>
				<color>ff0000ff</color>
			</LineStyle>
			<PolyStyle>
				<fill>0</fill>
			</PolyStyle>
		</Style>
		<Polygon>
			<outerBoundaryIs>
				<LinearRing>
					<coordinates>
						10.2171757829403,54.3872979624215,0 10.2179215825263,54.4049049851047,0 10.231167837431,54.4114574838389,0 10.2336007904946,54.3974293932311,0 10.2171757829403,54.3872979624215,0 
					</coordinates>
				</LinearRing>
			</outerBoundaryIs>
		</Polygon>
	</Placemark>
	<Placemark>
		<name>01955bd7-655e-72f9-8d31-4beaa1e8ab91</name>
		<Style>
			<LineStyle>
				<color>ff0000ff</color>
			</LineStyle>
			<PolyStyle>
				<fill>0</fill>
			</PolyStyle>
		</Style>
		<Polygon>
			<outerBoundaryIs>
				<LinearRing>
					<coordinates>
						10.2821388303502,47.7489986846195,0 10.2936553560041,47.76468924605399,0 10.302357237087,47.7550760022573,0 10.3181433379944,47.7661015122642,0 10.3126862207927,47.776798498621,0 10.2985883010868,47.775846120312,0 10.2971724191734,47.7818113590086,0 10.3182487605498,47.7831784384793,0 10.3296567584013,47.7709623160489,0 10.3409258641888,47.7681426056181,0 10.3262367208838,47.7463332717098,0 10.3439458593987,47.7398070878144,0 10.3428239170304,47.7062065746402,0 10.3654339785364,47.70742363850161,0 10.3549043660547,47.6909663286547,0 10.3313817000058,47.6930007737972,0 10.3307818874727,47.6780938466094,0 10.3182275325575,47.6762599479547,0 10.3072384391268,47.6595199519416,0 10.2962786845892,47.66269872196149,0 10.3090943840754,47.7032271915058,0 10.2701589086044,47.7079281701155,0 10.2901112769068,47.7260502160364,0 10.2850117583023,47.735725579715,0 10.2913386276034,47.745274204394,0 10.2821388303502,47.7489986846195,0 
					</coordinates>
				</LinearRing>
			</outerBoundaryIs>
		</Polygon>
	</Placemark>
	<Placemark>
		<name>01955bd7-655e-7e4f-8ede-466ffee24f83</name>
		<Style>
			<LineStyle>
				<color>ff0000ff</color>
			</LineStyle>
			<PolyStyle>
				<fill>0</fill>
			</PolyStyle>
		</Style>
		<Polygon>
			<outerBoundaryIs>
				<LinearRing>
					<coordinates>
						10.4495374138119,48.2729257228451,0 10.4532879699874,48.2605997361004,0 10.4497312230023,48.25913691116411,0 10.4345009186844,48.2759372000984,0 10.4495374138119,48.2729257228451,0 
					</coordinates>
				</LinearRing>
			</outerBoundaryIs>
		</Polygon>
	</Placemark>
	<Placemark>
		<name>01955bd7-655e-7dd8-a923-4bed4a072d47</name>
		<Style>
			<LineStyle>
				<color>ff0000ff</color>
			</LineStyle>
			<PolyStyle>
				<fill>0</fill>
			</PolyStyle>
		</Style>
		<Polygon>
			<outerBoundaryIs>
				<LinearRing>
					<coordinates>
						10.4571605229018,48.27607466947111,0 10.4556316850738,48.2852564519273,0 10.4622087656071,48.2936768952456,0 10.4813382528631,48.2795790747125,0 10.4770946059069,48.2693246226459,0 10.4571605229018,48.27607466947111,0 
					</coordinates>
				</LinearRing>
			</outerBoundaryIs>
		</Polygon>
	</Placemark>
	<Placemark>
		<name>01955bd7-655e-78ba-b181-3825ed5f6403</name>
		<Style>
			<LineStyle>
				<color>ff0000ff</color>
			</LineStyle>
			<PolyStyle>
				<fill>0</fill>
			</PolyStyle>
		</Style>
		<Polygon>
			<outerBoundaryIs>
				<LinearRing>
					<coordinates>
						10.4588273114138,48.30146669504579,0 10.445343284243,48.3147542032489,0 10.4509560142612,48.3224806138677,0 10.4559967028397,48.3196309344136,0 10.4588273114138,48.30146669504579,0 
					</coordinates>
				</LinearRing>
			</outerBoundaryIs>
		</Polygon>
	</Placemark>
	<Placemark>
		<name>01955bd7-655e-72cd-a977-021ac4619034</name>
		<Style>
			<LineStyle>
				<color>ff0000ff</color>
			</LineStyle>
			<PolyStyle>
				<fill>0</fill>
			</PolyStyle>
		</Style>
		<Polygon>
			<outerBoundaryIs>
				<LinearRing>
					<coordinates>
						10.2891247370442,48.43632851472989,0 10.2645271427472,48.44558010297249,0 10.2614039644004,48.45458401976849,0 10.2813892416387,48.46264698308521,0 10.3074220012849,48.4637296303033,0 10.3107855713362,48.45963181708951,0 10.2978718526195,48.4562398260584,0 10.2987790279554,48.4491723604719,0 10.2888874175598,48.44148927265351,0 10.3021434383738,48.4359599898515,0 10.308830521369,48.4242502816813,0 10.2921925081183,48.4214081758368,0 10.2840318480946,48.4270431667835,0 10.2891247370442,48.43632851472989,0 
					</coordinates>
				</LinearRing>
			</outerBoundaryIs>
		</Polygon>
	</Placemark>
	<Placemark>
		<name>01955bd7-655e-7464-a19b-102606320fad</name>
		<Style>
			<LineStyle>
				<color>ff0000ff</color>
			</LineStyle>
			<PolyStyle>
				<fill>0</fill>
			</PolyStyle>
		</Style>
		<Polygon>
			<outerBoundaryIs>
				<LinearRing>
					<coordinates>
						10.291311591396,48.4169714856673,0 10.3002848536117,48.4087255572041,0 10.285091511045,48.41212150728181,0 10.275472742286,48.4016143465645,0 10.2699607280949,48.4073511810919,0 10.291311591396,48.4169714856673,0 
					</coordinates>
				</LinearRing>
			</outerBoundaryIs>
		</Polygon>
	</Placemark>
	<Placemark>
		<name>01955bd7-655e-723d-b4c4-6ef42250beb3</name>
		<Style>
			<LineStyle>
				<color>ff0000ff</color>
			</LineStyle>
			<PolyStyle>
				<fill>0</fill>
			</PolyStyle>
		</Style>
		<Polygon>
			<outerBoundaryIs>
				<LinearRing>
					<coordinates>
						10.438574611134,50.57049470578811,0 10.412815979613,50.5506962887013,0 10.4005490597637,50.5572012923088,0 10.379577286322,50.5515591047094,0 10.3623978157373,50.5585794792719,0 10.4023698689437,50.56430498486329,0 10.4018149845948,50.58879544134101,0 10.4138795645901,50.5987091966196,0 10.4319748111625,50.5912174695825,0 10.4284853738302,50.58011431576021,0 10.438574611134,50.57049470578811,0 
					</coordinates>
				</LinearRing>
			</outerBoundaryIs>
		</Polygon>
	</Placemark>
	<Placemark>
		<name>01955bd7-655e-796c-9b0a-c46e76df1b38</name>
		<Style>
			<LineStyle>
				<color>ff0000ff</color>
			</LineStyle>
			<PolyStyle>
				<fill>0</fill>
			</PolyStyle>
		</Style>
		<Polygon>
			<outerBoundaryIs>
				<LinearRing>
					<coordinates>
						10.3197462708923,51.0017841934758,0 10.3212896718888,50.9947036667793,0 10.3505523635591,50.98043772166201,0 10.3511726315614,50.9673575084207,0 10.3389567094156,50.97002028666971,0 10.3168331395359,50.9631751829673,0 10.3110726820395,50.9725138219475,0 10.2680572009865,50.9844581425794,0 10.2686233918305,50.9881446906155,0 10.2905161600253,50.9848735733766,0 10.2892991380964,50.9949198598147,0 10.3050562665176,50.9986452610106,0 10.3075816994386,51.0061237263679,0 10.3197462708923,51.0017841934758,0 
					</coordinates>
				</LinearRing>
			</outerBoundaryIs>
		</Polygon>
	</Placemark>
	<Placemark>
		<name>01955bd7-655e-7bbb-8566-4734c0e4f709</name>
		<Style>
			<LineStyle>
				<color>ff0000ff</color>
			</LineStyle>
			<PolyStyle>
				<fill>0</fill>
			</PolyStyle>
		</Style>
		<Polygon>
			<outerBoundaryIs>
				<LinearRing>
					<coordinates>
						10.3370831149539,50.990885008263,0 10.337329920342,50.9950903077403,0 10.3530931153114,50.99937964681761,0 10.3585556009283,51.0071393361798,0 10.3528065682225,50.9916269852434,0 10.3370831149539,50.990885008263,0 
					</coordinates>
				</LinearRing>
			</outerBoundaryIs>
		</Polygon>
	</Placemark>
	<Placemark>
		<name>01955bd7-655e-7095-9f69-1f7635d2782d</name>
		<Style>
			<LineStyle>
				<color>ff0000ff</color>
			</LineStyle>
			<PolyStyle>
				<fill>0</fill>
			</PolyStyle>
		</Style>
		<Polygon>
			<outerBoundaryIs>
				<LinearRing>
					<coordinates>
						10.4936098412543,51.21156203691839,0 10.4803683466106,51.20780678272429,0 10.4914922972573,51.2012037399315,0 10.4837080513473,51.1938412280687,0 10.3997544643809,51.2026211235425,0 10.4011370471699,51.20816599934089,0 10.4156186477356,51.2053744578973,0 10.4312525646632,51.2131765595382,0 10.4323971292694,51.2233365966189,0 10.4468995815731,51.22827544784931,0 10.4432356179587,51.2362691849688,0 10.4535898653697,51.2407861219369,0 10.4599626691159,51.22519172962171,0 10.4936098412543,51.21156203691839,0 
					</coordinates>
				</LinearRing>
			</outerBoundaryIs>
		</Polygon>
	</Placemark>
	<Placemark>
		<name>01955bd7-655e-7686-bf96-a76131acfd2c</name>
		<Style>
			<LineStyle>
				<color>ff0000ff</color>
			</LineStyle>
			<PolyStyle>
				<fill>0</fill>
			</PolyStyle>
		</Style>
		<Polygon>
			<outerBoundaryIs>
				<LinearRing>
					<coordinates>
						10.3989860030274,51.62517119115709,0 10.3729089589605,51.6285480574769,0 10.3666683341616,51.6326461029785,0 10.3691621094801,51.6336745589207,0 10.3989860030274,51.62517119115709,0 
					</coordinates>
				</LinearRing>
			</outerBoundaryIs>
		</Polygon>
	</Placemark>
	<Placemark>
		<name>01955bd7-655e-7d8c-a247-ee4fca86860a</name>
		<Style>
			<LineStyle>
				<color>ff0000ff</color>
			</LineStyle>
			<PolyStyle>
				<fill>0</fill>
			</PolyStyle>
		</Style>
		<Polygon>
			<outerBoundaryIs>
				<LinearRing>
					<coordinates>
						10.4007349752175,51.6246724759459,0 10.4472402880028,51.6255149235943,0 10.4903490290588,51.6375567304085,0 10.4692947048818,51.6193181177574,0 10.4295435433428,51.6192996459839,0 10.4312023328133,51.6091413465258,0 10.4041597360399,51.61601427282811,0 10.4007349752175,51.6246724759459,0 
					</coordinates>
				</LinearRing>
			</outerBoundaryIs>
		</Polygon>
	</Placemark>
	<Placemark>
		<name>01955bd7-655e-7697-b7bf-bfdc3affd196</name>
		<Style>
			<LineStyle>
				<color>ff0000ff</color>
			</LineStyle>
			<PolyStyle>
				<fill>0</fill>
			</PolyStyle>
		</Style>
		<Polygon>
			<outerBoundaryIs>
				<LinearRing>
					<coordinates>
						10.3473044658225,52.03701933158139,0 10.3663406774619,52.0668602839416,0 10.3648276624934,52.0748492773197,0 10.3734532528164,52.0755078594766,0 10.3980048516617,52.0411673871392,0 10.353987963276,52.0317256530162,0 10.3513972612529,52.0229184657671,0 10.3473044658225,52.03701933158139,0 
					</coordinates>
				</LinearRing>
			</outerBoundaryIs>
		</Polygon>
	</Placemark>
	<Placemark>
		<name>01955bd7-655e-714e-80ef-ef4f6b29749c</name>
		<Style>
			<LineStyle>
				<color>ff0000ff</color>
			</LineStyle>
			<PolyStyle>
				<fill>0</fill>
			</PolyStyle>
		</Style>
		<Polygon>
			<outerBoundaryIs>
				<LinearRing>
					<coordinates>
						10.3580449692706,52.1720585674754,0 10.3442723327631,52.1348151178238,0 10.3365504989908,52.1303599137623,0 10.3261097888836,52.13174736688119,0 10.3212745074517,52.142761894695,0 10.2991010726068,52.1339817271406,0 10.2936347904055,52.1248668077682,0 10.2856170954336,52.1264887611518,0 10.2862095867779,52.14801537569131,0 10.3123175342103,52.14969231042939,0 10.3121240161092,52.1645296955817,0 10.3279086385829,52.1738918109038,0 10.3580449692706,52.1720585674754,0 
					</coordinates>
				</LinearRing>
			</outerBoundaryIs>
		</Polygon>
	</Placemark>
	<Placemark>
		<name>01955bd7-655e-7fc6-93ce-064ea9c06755</name>
		<Style>
			<LineStyle>
				<color>ff0000ff</color>
			</LineStyle>
			<PolyStyle>
				<fill>0</fill>
			</PolyStyle>
		</Style>
		<Polygon>
			<outerBoundaryIs>
				<LinearRing>
					<coordinates>
						10.4023872799878,52.1793113065236,0 10.4177911076611,52.1830830508006,0 10.4117663331491,52.1855674709287,0 10.4093696083487,52.2040684926413,0 10.418592315263,52.2034756920705,0 10.4192105106561,52.19459586851659,0 10.4352423511694,52.192278286803,0 10.464657272008,52.1979418553552,0 10.4960404349495,52.1873269839747,0 10.4879676090137,52.17667867853979,0 10.4616397349168,52.185831237561,0 10.4500864064041,52.17799306318,0 10.4276910148009,52.1761424217769,0 10.4346351062275,52.1654868302413,0 10.4271298436311,52.153889655653,0 10.4374024820766,52.148629597577,0 10.4510935048918,52.154574661535,0 10.4540722404455,52.1474025388195,0 10.4658746973812,52.1439844226992,0 10.46178206336,52.1403561528039,0 10.4475937636574,52.14184881082361,0 10.4464652464101,52.132758787828,0 10.4325331327039,52.1477774705204,0 10.4148104320281,52.1300935859033,0 10.4045669877752,52.132850677064,0 10.396148642979,52.1460631110903,0 10.3821653070738,52.13190402503309,0 10.3710030873674,52.13418486709821,0 10.3724196416698,52.15444274940399,0 10.3903432967154,52.1580375668539,0 10.4065570988848,52.1714958009978,0 10.4023872799878,52.1793113065236,0 
					</coordinates>
				</LinearRing>
			</outerBoundaryIs>
		</Polygon>
	</Placemark>
	<Placemark>
		<name>01955bd7-655e-71f3-9acc-9c428275d90d</name>
		<Style>
			<LineStyle>
				<color>ff0000ff</color>
			</LineStyle>
			<PolyStyle>
				<fill>0</fill>
			</PolyStyle>
		</Style>
		<Polygon>
			<outerBoundaryIs>
				<LinearRing>
					<coordinates>
						10.3707134590773,53.2529114662318,0 10.3621734366519,53.244577581942,0 10.3357047677838,53.2459167899269,0 10.3421097491294,53.253644147248,0 10.3707134590773,53.2529114662318,0 
					</coordinates>
				</LinearRing>
			</outerBoundaryIs>
		</Polygon>
	</Placemark>
	<Placemark>
		<name>01955bd7-655e-7ef5-ab6a-faf4ad4447cb</name>
		<Style>
			<LineStyle>
				<color>ff0000ff</color>
			</LineStyle>
			<PolyStyle>
				<fill>0</fill>
			</PolyStyle>
		</Style>
		<Polygon>
			<outerBoundaryIs>
				<LinearRing>
					<coordinates>
						10.3810424346473,53.2338894421625,0 10.3757672778923,53.2546955921301,0 10.3876270720538,53.264030687847,0 10.3790414477661,53.2720079870632,0 10.3916549173189,53.2845111344353,0 10.3706848406068,53.2856587043958,0 10.3590038486752,53.2934636783895,0 10.3738256741687,53.2943195323757,0 10.386072332287,53.3047898160012,0 10.397053439453,53.3002566359271,0 10.3983594137313,53.2841995607983,0 10.4109429055479,53.27552181297361,0 10.4278779100598,53.2945013600037,0 10.4562790710381,53.2909567725645,0 10.4641551118962,53.278160232445,0 10.4498358609168,53.2772389184063,0 10.4363415573352,53.26790831387729,0 10.4504847782197,53.26182779658019,0 10.4444300642744,53.2584634566237,0 10.4476738039265,53.2550014860314,0 10.4580039699102,53.2547033360829,0 10.4617416709022,53.2643991801054,0 10.4705704623333,53.2617791306869,0 10.4678644779641,53.2524512723176,0 10.4848512059144,53.2483253982095,0 10.4843614946169,53.2385070627596,0 10.4635764569397,53.23543840132789,0 10.4493021090221,53.2274675056281,0 10.4357559932135,53.23311640862629,0 10.411291060363,53.2303267365092,0 10.4070246342071,53.2191911014123,0 10.3952845156721,53.2215153543184,0 10.3858116447587,53.2178691980136,0 10.3716765296799,53.2251708744939,0 10.3810424346473,53.2338894421625,0 
					</coordinates>
				</LinearRing>
			</outerBoundaryIs>
		</Polygon>
	</Placemark>
	<Placemark>
		<name>01955bd7-655e-79c3-9b7d-5d141c1af541</name>
		<Style>
			<LineStyle>
				<color>ff0000ff</color>
			</LineStyle>
			<PolyStyle>
				<fill>0</fill>
			</PolyStyle>
		</Style>
		<Polygon>
			<outerBoundaryIs>
				<LinearRing>
					<coordinates>
						10.2469868484575,53.6544775249877,0 10.2355067273197,53.6503935724185,0 10.2328959805051,53.6617992316537,0 10.2066109855522,53.6697309018461,0 10.2065755565713,53.682777022382,0 10.2648457303317,53.691282884094,0 10.2676193811599,53.6834253708064,0 10.255298085835,53.6762108900162,0 10.2575709458912,53.66377411940731,0 10.2455186499971,53.6600713170014,0 10.2469868484575,53.6544775249877,0 
					</coordinates>
				</LinearRing>
			</outerBoundaryIs>
		</Polygon>
	</Placemark>
	<Placemark>
		<name>01955bd7-655e-742f-8d66-e094959987a5</name>
		<Style>
			<LineStyle>
				<color>ff0000ff</color>
			</LineStyle>
			<PolyStyle>
				<fill>0</fill>
			</PolyStyle>
		</Style>
		<Polygon>
			<outerBoundaryIs>
				<LinearRing>
					<coordinates>
						10.2521472859065,53.6536640949933,0 10.262376735314,53.6570076223167,0 10.2785253519454,53.65523566075729,0 10.2763011313979,53.6672127839886,0 10.2895231017722,53.6692419748703,0 10.2879164774112,53.6439537973935,0 10.302458534744,53.6324701942523,0 10.2980530637266,53.6307321941018,0 10.2682025220593,53.6463053173102,0 10.2548416081135,53.6480216381752,0 10.2521472859065,53.6536640949933,0 
					</coordinates>
				</LinearRing>
			</outerBoundaryIs>
		</Polygon>
	</Placemark>
	<Placemark>
		<name>01955bd8-7692-789a-8a25-f9868e09c270</name>
		<Style>
			<LineStyle>
				<color>ff0000ff</color>
			</LineStyle>
			<PolyStyle>
				<fill>0</fill>
			</PolyStyle>
		</Style>
		<Polygon>
			<outerBoundaryIs>
				<LinearRing>
					<coordinates>
						10.688463697697,47.49020972047279,0 10.7160178813936,47.501903835674,0 10.7151923114619,47.51136665464931,0 10.7034920889396,47.5174525896696,0 10.7096087686946,47.5197202540505,0 10.7161559000821,47.51891186290201,0 10.7233568817194,47.504339341597,0 10.7321647439547,47.5042647804911,0 10.7452183678126,47.4928574378875,0 10.7355877610579,47.47869732533979,0 10.7137561995659,47.4786476748899,0 10.6977630862019,47.4681779882512,0 10.6789068706582,47.4650047888355,0 10.6780654318184,47.4798478433421,0 10.688463697697,47.49020972047279,0 
					</coordinates>
				</LinearRing>
			</outerBoundaryIs>
		</Polygon>
	</Placemark>
	<Placemark>
		<name>01955bd8-7692-728d-8d1c-e4c9b22461be</name>
		<Style>
			<LineStyle>
				<color>ff0000ff</color>
			</LineStyle>
			<PolyStyle>
				<fill>0</fill>
			</PolyStyle>
		</Style>
		<Polygon>
			<outerBoundaryIs>
				<LinearRing>
					<coordinates>
						10.5706615073844,47.770944632292,0 10.6009528399636,47.7777209771452,0 10.6179676418903,47.7971665679575,0 10.6262209661241,47.7957717651674,0 10.6337269588379,47.7730618881063,0 10.6208341602144,47.7645140381783,0 10.5569527498024,47.7696964736363,0 10.5600602929308,47.773486757291,0 10.5706615073844,47.770944632292,0 
					</coordinates>
				</LinearRing>
			</outerBoundaryIs>
		</Polygon>
	</Placemark>
	<Placemark>
		<name>01955bd8-7692-7e33-90e2-0c932d4060cc</name>
		<Style>
			<LineStyle>
				<color>ff0000ff</color>
			</LineStyle>
			<PolyStyle>
				<fill>0</fill>
			</PolyStyle>
		</Style>
		<Polygon>
			<outerBoundaryIs>
				<LinearRing>
					<coordinates>
						10.5935498033165,47.86810347576031,0 10.6118617246618,47.8991266813238,0 10.6242833634665,47.9026827695542,0 10.6279468382155,47.92004693918021,0 10.6491148669666,47.9195507039975,0 10.647470234093,47.9025031341684,0 10.6585324355235,47.8969057098876,0 10.6604707117905,47.90470118754781,0 10.6661822710709,47.90501240363611,0 10.6771801718184,47.893070479066,0 10.6742898861307,47.88720651766459,0 10.6510392572371,47.88531006298379,0 10.6461549179547,47.8693169851652,0 10.6356194468003,47.8703175180613,0 10.6310746743791,47.8643008147418,0 10.6192939170594,47.8724865145673,0 10.6077214594046,47.86286611651429,0 10.5935498033165,47.86810347576031,0 
					</coordinates>
				</LinearRing>
			</outerBoundaryIs>
		</Polygon>
	</Placemark>
	<Placemark>
		<name>01955bd8-7692-79ff-9988-032906eecc14</name>
		<Style>
			<LineStyle>
				<color>ff0000ff</color>
			</LineStyle>
			<PolyStyle>
				<fill>0</fill>
			</PolyStyle>
		</Style>
		<Polygon>
			<outerBoundaryIs>
				<LinearRing>
					<coordinates>
						10.653600749357,47.9212065221846,0 10.6706347867318,47.9285331806929,0 10.6851971622763,47.9198054603581,0 10.6811774901274,47.9184407565514,0 10.653600749357,47.9212065221846,0 
					</coordinates>
				</LinearRing>
			</outerBoundaryIs>
		</Polygon>
	</Placemark>
	<Placemark>
		<name>01955bd8-7692-7706-8302-e1ee3656ac8e</name>
		<Style>
			<LineStyle>
				<color>ff0000ff</color>
			</LineStyle>
			<PolyStyle>
				<fill>0</fill>
			</PolyStyle>
		</Style>
		<Polygon>
			<outerBoundaryIs>
				<LinearRing>
					<coordinates>
						10.5884306109839,49.3168361769631,0 10.6129729700806,49.2931164863658,0 10.569715911166,49.28637096778341,0 10.5513118187244,49.29031451736,0 10.5440958101635,49.2983605973309,0 10.529521727563,49.2995895717672,0 10.5541679280973,49.30606363316979,0 10.5523091432822,49.3148218243354,0 10.562039816877,49.3227482249243,0 10.5884306109839,49.3168361769631,0 
					</coordinates>
				</LinearRing>
			</outerBoundaryIs>
		</Polygon>
	</Placemark>
	<Placemark>
		<name>01955bd8-7692-7d53-b7de-92a333567ac4</name>
		<Style>
			<LineStyle>
				<color>ff0000ff</color>
			</LineStyle>
			<PolyStyle>
				<fill>0</fill>
			</PolyStyle>
		</Style>
		<Polygon>
			<outerBoundaryIs>
				<LinearRing>
					<coordinates>
						10.6836147914012,50.6621899968464,0 10.7013012660994,50.63989826538941,0 10.7362761793181,50.6411377520957,0 10.7525845273698,50.6343085849067,0 10.7444911727058,50.62585619331831,0 10.715531979224,50.6221090671172,0 10.7168476093416,50.5779838036147,0 10.6999025861802,50.5772083588776,0 10.7055843108977,50.5862020954471,0 10.698389184581,50.5912667291481,0 10.6791021270677,50.59613549067,0 10.6473425352987,50.5955909777213,0 10.6218210581819,50.6051337040361,0 10.6598165193803,50.6080868295769,0 10.6585754651183,50.6121441631235,0 10.635032985538,50.6160100196633,0 10.634449645108,50.6214379359757,0 10.6423388695699,50.6245366037244,0 10.6900795846156,50.6151969985927,0 10.682694756682,50.62411975333299,0 10.6937920913005,50.628730480017,0 10.6926510154272,50.636131341683,0 10.6477329962066,50.6590537325427,0 10.6466959292551,50.665877566799,0 10.6869712542125,50.6672370224695,0 10.6836147914012,50.6621899968464,0 
					</coordinates>
				</LinearRing>
			</outerBoundaryIs>
		</Polygon>
	</Placemark>
	<Placemark>
		<name>01955bd8-7692-7629-86c0-1f3c85e77b20</name>
		<Style>
			<LineStyle>
				<color>ff0000ff</color>
			</LineStyle>
			<PolyStyle>
				<fill>0</fill>
			</PolyStyle>
		</Style>
		<Polygon>
			<outerBoundaryIs>
				<LinearRing>
					<coordinates>
						10.5655756924826,50.9179660641141,0 10.5856696407467,50.8809262434498,0 10.5813552549193,50.8775774027674,0 10.5438210566372,50.8949607440277,0 10.5543997936703,50.9110510373771,0 10.5414511131223,50.9257543971454,0 10.5463501991527,50.927874689612,0 10.5655756924826,50.9179660641141,0 
					</coordinates>
				</LinearRing>
			</outerBoundaryIs>
		</Polygon>
	</Placemark>
	<Placemark>
		<name>01955bd8-7692-7b6c-ac93-8ce54d5b7068</name>
		<Style>
			<LineStyle>
				<color>ff0000ff</color>
			</LineStyle>
			<PolyStyle>
				<fill>0</fill>
			</PolyStyle>
		</Style>
		<Polygon>
			<outerBoundaryIs>
				<LinearRing>
					<coordinates>
						10.5675481364854,50.9185938572252,0 10.5793979822061,50.9248294412628,0 10.590191159885,50.91909789964641,0 10.5875448139669,50.91247334762519,0 10.5675481364854,50.9185938572252,0 
					</coordinates>
				</LinearRing>
			</outerBoundaryIs>
		</Polygon>
	</Placemark>
	<Placemark>
		<name>01955bd8-7692-7cea-8112-a040f7390e4b</name>
		<Style>
			<LineStyle>
				<color>ff0000ff</color>
			</LineStyle>
			<PolyStyle>
				<fill>0</fill>
			</PolyStyle>
		</Style>
		<Polygon>
			<outerBoundaryIs>
				<LinearRing>
					<coordinates>
						10.7155712502695,50.9603308840783,0 10.7205760471732,50.9476638235611,0 10.7537846398124,50.9446771834681,0 10.7487432804772,50.9404892866325,0 10.7206519700561,50.9384920795005,0 10.7190381660719,50.9272502513402,0 10.7324529212691,50.922131403209,0 10.7126578427574,50.9206307519718,0 10.6861537327278,50.9337755551899,0 10.6675761038814,50.9283387664995,0 10.6645763116044,50.9393412382825,0 10.6777402317263,50.9440071713098,0 10.6724227188485,50.9521568411894,0 10.6906501366148,50.9542751920057,0 10.6959010491362,50.9604065879501,0 10.7155712502695,50.9603308840783,0 
					</coordinates>
				</LinearRing>
			</outerBoundaryIs>
		</Polygon>
	</Placemark>
	<Placemark>
		<name>01955bd8-7692-7499-95db-2d7f419424a4</name>
		<Style>
			<LineStyle>
				<color>ff0000ff</color>
			</LineStyle>
			<PolyStyle>
				<fill>0</fill>
			</PolyStyle>
		</Style>
		<Polygon>
			<outerBoundaryIs>
				<LinearRing>
					<coordinates>
						10.4637919242822,51.9132921994386,0 10.4509666452199,51.9111639872106,0 10.4442334169329,51.9012560571883,0 10.4171917458187,51.8981872295099,0 10.4073293908389,51.9119148066306,0 10.4063241426598,51.9323594485864,0 10.4225190743139,51.93872109937929,0 10.4679160108407,51.9271212280666,0 10.4637919242822,51.9132921994386,0 
					</coordinates>
				</LinearRing>
			</outerBoundaryIs>
		</Polygon>
	</Placemark>
	<Placemark>
		<name>01955bd8-7692-7d59-b12c-150d67772b55</name>
		<Style>
			<LineStyle>
				<color>ff0000ff</color>
			</LineStyle>
			<PolyStyle>
				<fill>0</fill>
			</PolyStyle>
		</Style>
		<Polygon>
			<outerBoundaryIs>
				<LinearRing>
					<coordinates>
						10.4698570578484,51.9102346855442,0 10.4836067375522,51.91487490751421,0 10.4913857862008,51.9101247293915,0 10.5247392356549,51.9115962457224,0 10.5383188960933,51.9039150635397,0 10.5497041949587,51.9100567824832,0 10.5659459302567,51.901819704815,0 10.5525623052502,51.8999131883358,0 10.5530007879244,51.89227145723541,0 10.5915785754445,51.8838920488933,0 10.5581082309109,51.8696079897258,0 10.5364602324017,51.87810083106321,0 10.5400863902796,51.88899927209249,0 10.5095394561035,51.9095528618855,0 10.5034583052407,51.9085636923164,0 10.4987643679808,51.8966274406354,0 10.4810912101159,51.8925104432079,0 10.4698570578484,51.9102346855442,0 
					</coordinates>
				</LinearRing>
			</outerBoundaryIs>
		</Polygon>
	</Placemark>
	<Placemark>
		<name>01955bd8-7692-73cb-8691-f793ec6c20f1</name>
		<Style>
			<LineStyle>
				<color>ff0000ff</color>
			</LineStyle>
			<PolyStyle>
				<fill>0</fill>
			</PolyStyle>
		</Style>
		<Polygon>
			<outerBoundaryIs>
				<LinearRing>
					<coordinates>
						10.5726198311219,52.1661085953393,0 10.5628279093681,52.1605322042312,0 10.569309807829,52.1528844038844,0 10.5665983456759,52.1444745083731,0 10.5537438951425,52.1407480023294,0 10.5393166708654,52.1417335109609,0 10.5374587839678,52.1525275115418,0 10.5107419425156,52.1512924068797,0 10.4818917608481,52.1613327943842,0 10.4857272694364,52.16758565911291,0 10.4990272974828,52.15785619153749,0 10.5157372675212,52.17344942321009,0 10.5277277296131,52.1730519616354,0 10.532076190431,52.18133966376839,0 10.5604905553021,52.1808026791293,0 10.5726198311219,52.1661085953393,0 
					</coordinates>
				</LinearRing>
			</outerBoundaryIs>
		</Polygon>
	</Placemark>
	<Placemark>
		<name>01955bd8-7692-7c2b-a7f3-3b88304aed89</name>
		<Style>
			<LineStyle>
				<color>ff0000ff</color>
			</LineStyle>
			<PolyStyle>
				<fill>0</fill>
			</PolyStyle>
		</Style>
		<Polygon>
			<outerBoundaryIs>
				<LinearRing>
					<coordinates>
						10.4417525033301,52.2743878168353,0 10.4566776674483,52.26837105552021,0 10.4530635045394,52.26250251378,0 10.434323101014,52.2648862983255,0 10.4417525033301,52.2743878168353,0 
					</coordinates>
				</LinearRing>
			</outerBoundaryIs>
		</Polygon>
	</Placemark>
	<Placemark>
		<name>01955bd8-7692-77a6-b81d-d5435c0690bd</name>
		<Style>
			<LineStyle>
				<color>ff0000ff</color>
			</LineStyle>
			<PolyStyle>
				<fill>0</fill>
			</PolyStyle>
		</Style>
		<Polygon>
			<outerBoundaryIs>
				<LinearRing>
					<coordinates>
						10.4568841873872,52.2587563132486,0 10.4696827513396,52.2570102218094,0 10.4803350431386,52.2668390095353,0 10.4646102557727,52.2815070447008,0 10.4446714652307,52.27934723678131,0 10.4402083606343,52.2900608589056,0 10.4495736674007,52.29078793609941,0 10.4595079145303,52.3010517540025,0 10.4370676844279,52.3023179732304,0 10.4368674497425,52.3065801329809,0 10.4589401502972,52.3115350169975,0 10.478060570806,52.3070418283411,0 10.4646558117538,52.3261862648871,0 10.5020882948319,52.3209990581878,0 10.5123702657231,52.3417824563574,0 10.5404795210874,52.31733135580979,0 10.5668852175413,52.3138155776399,0 10.5520266410404,52.31006295249269,0 10.5564799942672,52.302404911998,0 10.5986873428049,52.31868434225619,0 10.6144729030432,52.3186339674382,0 10.6128445131318,52.3023138281128,0 10.6012160028973,52.2953856411998,0 10.6173912002178,52.2788091289859,0 10.6355093772856,52.2747128614704,0 10.6199613296593,52.2689730316653,0 10.5912735631833,52.2819815383329,0 10.5792823108456,52.2786912382691,0 10.5749634428578,52.25815212825119,0 10.5967813994718,52.2491322590826,0 10.5780967981761,52.2320832161162,0 10.5728467874822,52.2187983463887,0 10.5533199159277,52.2246208339561,0 10.5364924478883,52.21945401296711,0 10.5298622961242,52.2047692703419,0 10.5167559073323,52.207712934294,0 10.5083133923332,52.20183729739009,0 10.4960962205202,52.2020468892797,0 10.4896477563523,52.2104713933395,0 10.4982983267421,52.2275163761202,0 10.4713581220386,52.2295160579092,0 10.4568841873872,52.2587563132486,0 
					</coordinates>
				</LinearRing>
			</outerBoundaryIs>
		</Polygon>
	</Placemark>
	<Placemark>
		<name>01955bd8-7692-7d84-bbdd-52ed215da6c8</name>
		<Style>
			<LineStyle>
				<color>ff0000ff</color>
			</LineStyle>
			<PolyStyle>
				<fill>0</fill>
			</PolyStyle>
		</Style>
		<Polygon>
			<outerBoundaryIs>
				<LinearRing>
					<coordinates>
						10.5479882170624,52.3247541627664,0 10.5521125740552,52.3300731011676,0 10.5657742383946,52.3299345305882,0 10.5647420925792,52.3238592928494,0 10.5479882170624,52.3247541627664,0 
					</coordinates>
				</LinearRing>
			</outerBoundaryIs>
		</Polygon>
	</Placemark>
	<Placemark>
		<name>01955bd8-7692-7b14-8535-710360694ad9</name>
		<Style>
			<LineStyle>
				<color>ff0000ff</color>
			</LineStyle>
			<PolyStyle>
				<fill>0</fill>
			</PolyStyle>
		</Style>
		<Polygon>
			<outerBoundaryIs>
				<LinearRing>
					<coordinates>
						10.5115331206926,52.4799901373978,0 10.5187278722467,52.4899811000866,0 10.5117098767493,52.49879932844261,0 10.5309895930519,52.50356194023491,0 10.5186631182928,52.537675054201,0 10.5474286945679,52.5154626356494,0 10.5430936236562,52.5064210048897,0 10.550323023724,52.4883451291886,0 10.5726978405566,52.48784999995191,0 10.5747528758568,52.46638188854941,0 10.5699616604328,52.46191154965611,0 10.558135595937,52.46169172801609,0 10.5551624820114,52.4545018370976,0 10.5066492880299,52.45830339586799,0 10.4992099254263,52.4533063146818,0 10.4894137947438,52.46111026470171,0 10.5047255637386,52.4585067057533,0 10.5227082523388,52.4647654773797,0 10.5277740950529,52.47867842532629,0 10.5115331206926,52.4799901373978,0 
					</coordinates>
				</LinearRing>
			</outerBoundaryIs>
		</Polygon>
	</Placemark>
	<Placemark>
		<name>01955bd8-7692-7145-be95-a5627af57eba</name>
		<Style>
			<LineStyle>
				<color>ff0000ff</color>
			</LineStyle>
			<PolyStyle>
				<fill>0</fill>
			</PolyStyle>
		</Style>
		<Polygon>
			<outerBoundaryIs>
				<LinearRing>
					<coordinates>
						10.5932944336701,52.97929908260249,0 10.5977864622474,52.9736769039087,0 10.5905592134117,52.9641477335246,0 10.6070784379592,52.9562697667794,0 10.5755571016026,52.9518047039481,0 10.5533688238995,52.95379303980739,0 10.5417150326511,52.9479226139797,0 10.5287482416281,52.9690235326217,0 10.5519349995487,52.9795137274993,0 10.5366763960319,52.98506977467201,0 10.5339972282818,52.9942645937869,0 10.5413478764754,52.99667043973499,0 10.5602724856402,52.9873340534472,0 10.5730174635158,52.99023098635751,0 10.5771500099496,52.98182724450611,0 10.5932944336701,52.97929908260249,0 
					</coordinates>
				</LinearRing>
			</outerBoundaryIs>
		</Polygon>
	</Placemark>
	<Placemark>
		<name>01955bd8-7692-71c3-9dfd-ecd7dedb6f3d</name>
		<Style>
			<LineStyle>
				<color>ff0000ff</color>
			</LineStyle>
			<PolyStyle>
				<fill>0</fill>
			</PolyStyle>
		</Style>
		<Polygon>
			<outerBoundaryIs>
				<LinearRing>
					<coordinates>
						10.5716012772993,53.8334408252711,0 10.5679138711623,53.8376094190028,0 10.587610914251,53.8449029743201,0 10.5878481522759,53.8521448384253,0 10.596343672375,53.8545336395158,0 10.6093788936957,53.8720657166896,0 10.6064428009874,53.8785613889953,0 10.6279146600942,53.88611865778859,0 10.6191744015211,53.8939675166333,0 10.6574549151606,53.9060094577326,0 10.665425855171,53.9210107159334,0 10.6841241756245,53.93099095237401,0 10.7060816619684,53.93032574463471,0 10.7085629989705,53.92139402410649,0 10.7185504517817,53.9210409931064,0 10.7252341219548,53.9266282158865,0 10.7480924125737,53.92342308123741,0 10.7524152438238,53.9142987009998,0 10.7774020162234,53.9119918359678,0 10.8026549142879,53.9174601513622,0 10.8252388221951,53.9292423462525,0 10.827289473668,53.9104017370361,0 10.8034090293668,53.8940588726608,0 10.8021644644274,53.8780153294574,0 10.7882769542158,53.8809202007126,0 10.7764928627536,53.8775923194182,0 10.7698215499159,53.88147059427961,0 10.7729774091071,53.8887720190922,0 10.7898003883102,53.8940977577996,0 10.7820499862509,53.8983271958741,0 10.7376508395195,53.8954703240233,0 10.7182742103468,53.8841283099678,0 10.748333746502,53.87304436735829,0 10.7493802360611,53.8538409676272,0 10.7699662031964,53.84357715016801,0 10.7682241723863,53.8315089095058,0 10.7232082088576,53.8444006743131,0 10.7374020001921,53.81436146715681,0 10.7109503698453,53.8178957579566,0 10.7068905713035,53.8296066657409,0 10.684309082423,53.8235996587857,0 10.6794101328343,53.8332791494533,0 10.6492897962997,53.8390981679649,0 10.6152670996113,53.83270072754691,0 10.5949939007328,53.8189233933738,0 10.5905525923202,53.82052916762391,0 10.6089664291323,53.8356052976859,0 10.6056393136334,53.8418824445068,0 10.5716012772993,53.8334408252711,0 
					</coordinates>
				</LinearRing>
			</outerBoundaryIs>
		</Polygon>
	</Placemark>
	<Placemark>
		<name>01955bd8-7692-7b55-8acf-0048255c8922</name>
		<Style>
			<LineStyle>
				<color>ff0000ff</color>
			</LineStyle>
			<PolyStyle>
				<fill>0</fill>
			</PolyStyle>
		</Style>
		<Polygon>
			<outerBoundaryIs>
				<LinearRing>
					<coordinates>
						10.8292782889576,53.93139028896369,0 10.8490068852652,53.9458250195115,0 10.8403039193323,53.96055740159381,0 10.8532346638023,53.9621101863956,0 10.8530985222666,53.97045031340361,0 10.8817191523418,53.9741367178811,0 10.8840864781272,53.95968508163909,0 10.8934206945961,53.95310320672721,0 10.8840628841645,53.95003657057789,0 10.8597222434844,53.9534816781533,0 10.8583758086813,53.9368334336473,0 10.8292782889576,53.93139028896369,0 
					</coordinates>
				</LinearRing>
			</outerBoundaryIs>
		</Polygon>
	</Placemark>
	<Placemark>
		<name>01955bd8-7692-7ac4-a824-329f48dcfb24</name>
		<Style>
			<LineStyle>
				<color>ff0000ff</color>
			</LineStyle>
			<PolyStyle>
				<fill>0</fill>
			</PolyStyle>
		</Style>
		<Polygon>
			<outerBoundaryIs>
				<LinearRing>
					<coordinates>
						10.8782972285323,47.8388331254756,0 10.876748613737,47.8292863000496,0 10.900643066566,47.8256478155934,0 10.9096604515633,47.8117948474717,0 10.9041213959402,47.8022112584187,0 10.8746806517561,47.799631943853,0 10.8639441169195,47.8052331521509,0 10.8703888220518,47.8100960105507,0 10.8671966910063,47.8310696625391,0 10.8782972285323,47.8388331254756,0 
					</coordinates>
				</LinearRing>
			</outerBoundaryIs>
		</Polygon>
	</Placemark>
	<Placemark>
		<name>01955bd8-7692-76da-b209-cae7816c33ae</name>
		<Style>
			<LineStyle>
				<color>ff0000ff</color>
			</LineStyle>
			<PolyStyle>
				<fill>0</fill>
			</PolyStyle>
		</Style>
		<Polygon>
			<outerBoundaryIs>
				<LinearRing>
					<coordinates>
						10.8845596408217,47.84480094322921,0 10.8869701665698,47.8516897063028,0 10.9084612178024,47.850824360888,0 10.9009409711781,47.8425705158229,0 10.8845596408217,47.84480094322921,0 
					</coordinates>
				</LinearRing>
			</outerBoundaryIs>
		</Polygon>
	</Placemark>
	<Placemark>
		<name>01955bd8-7692-7d3b-ac8b-a1dc5f18dd8b</name>
		<Style>
			<LineStyle>
				<color>ff0000ff</color>
			</LineStyle>
			<PolyStyle>
				<fill>0</fill>
			</PolyStyle>
		</Style>
		<Polygon>
			<outerBoundaryIs>
				<LinearRing>
					<coordinates>
						10.8533675808856,48.0984803028717,0 10.8784493881083,48.0955445767904,0 10.8809364351515,48.0889985294896,0 10.8554483013579,48.078637858978,0 10.8451800903396,48.0843809688821,0 10.8533675808856,48.0984803028717,0 
					</coordinates>
				</LinearRing>
			</outerBoundaryIs>
		</Polygon>
	</Placemark>
	<Placemark>
		<name>01955bd8-7692-786a-9695-476315e4968e</name>
		<Style>
			<LineStyle>
				<color>ff0000ff</color>
			</LineStyle>
			<PolyStyle>
				<fill>0</fill>
			</PolyStyle>
		</Style>
		<Polygon>
			<outerBoundaryIs>
				<LinearRing>
					<coordinates>
						10.8572153608001,48.0739438000804,0 10.8972354466246,48.0518090812404,0 10.8639573235018,48.03183646519081,0 10.8561756561123,48.0367117971754,0 10.852794647773,48.0558711375201,0 10.8293480494898,48.0687012399728,0 10.8572153608001,48.0739438000804,0 
					</coordinates>
				</LinearRing>
			</outerBoundaryIs>
		</Polygon>
	</Placemark>
	<Placemark>
		<name>01955bd8-7692-7d4c-9ace-8745e815a396</name>
		<Style>
			<LineStyle>
				<color>ff0000ff</color>
			</LineStyle>
			<PolyStyle>
				<fill>0</fill>
			</PolyStyle>
		</Style>
		<Polygon>
			<outerBoundaryIs>
				<LinearRing>
					<coordinates>
						10.8162469161569,48.1710445076467,0 10.826037549474,48.16914626395519,0 10.8341055456141,48.1803572918356,0 10.8177128162013,48.1865960585088,0 10.822232045244,48.1924479296777,0 10.8316938923233,48.1845943739321,0 10.8470597209094,48.184325757735,0 10.8319859542475,48.1504420954427,0 10.8146893669352,48.1553244552928,0 10.814544759956,48.1451277989401,0 10.806973157103,48.1430508353349,0 10.8043383782918,48.1602157685938,0 10.8162469161569,48.1710445076467,0 
					</coordinates>
				</LinearRing>
			</outerBoundaryIs>
		</Polygon>
	</Placemark>
	<Placemark>
		<name>01955bd8-7692-77ca-9dd6-a047822ca6df</name>
		<Style>
			<LineStyle>
				<color>ff0000ff</color>
			</LineStyle>
			<PolyStyle>
				<fill>0</fill>
			</PolyStyle>
		</Style>
		<Polygon>
			<outerBoundaryIs>
				<LinearRing>
					<coordinates>
						10.8310388741612,48.42403780389141,0 10.8362824955387,48.4189370741326,0 10.8299869778148,48.4037474187427,0 10.835119019669,48.4015546261056,0 10.8540458428324,48.40859895205819,0 10.8578379881481,48.4401994583119,0 10.8700776208048,48.4410791449363,0 10.8748562206653,48.4507276366453,0 10.8932460849863,48.42927822419711,0 10.8921607939825,48.41447141819689,0 10.9042130921746,48.40970985892041,0 10.9204653567087,48.4138797439066,0 10.9278143265101,48.4070197714418,0 10.9380040800603,48.4133646945395,0 10.939845805469,48.400288678518,0 10.9485944374635,48.3950149134015,0 10.9422630264975,48.38708020098201,0 10.9578538003653,48.3813437475892,0 10.945648876402,48.3692091787414,0 10.9734896181009,48.3613061834642,0 10.9847550158153,48.36824609357949,0 10.9969843938455,48.3679814210126,0 11.0078422815224,48.3560218897228,0 11.003274370032,48.3433816869362,0 11.0191299780532,48.3412291865288,0 11.0052856422347,48.3287623164849,0 10.9907908153812,48.3448428006464,0 10.9667088253279,48.3486711990144,0 10.9497406785063,48.3373632200594,0 10.9328566585286,48.34985231619999,0 10.9172035867394,48.3462130759674,0 10.9171347106418,48.3090225541919,0 10.900432538328,48.28455311869611,0 10.905126163782,48.2539145221634,0 10.8970782953624,48.2476964425882,0 10.8862068675807,48.2515361002233,0 10.8740035211367,48.2466083729839,0 10.866255116551,48.2587030688,0 10.8786967745689,48.2615076973951,0 10.8724250569286,48.2706170460508,0 10.8936111712444,48.3038384844963,0 10.8786504110618,48.3230165310466,0 10.8924876655014,48.33187705541679,0 10.8875629737216,48.33476242598771,0 10.8785718668643,48.3291480425922,0 10.8646553266784,48.32965289536949,0 10.8442006934165,48.34391513646359,0 10.8337564199098,48.3442269042425,0 10.8366038617006,48.37138336706359,0 10.8143260803791,48.35965235931279,0 10.8159920204798,48.3768136718884,0 10.794959475983,48.3846990116866,0 10.8057764391173,48.4055847944353,0 10.8195842685015,48.4073319400662,0 10.8310388741612,48.42403780389141,0 
					</coordinates>
				</LinearRing>
			</outerBoundaryIs>
		</Polygon>
	</Placemark>
	<Placemark>
		<name>01955bd8-7692-7269-a260-4c6c9bd31bd5</name>
		<Style>
			<LineStyle>
				<color>ff0000ff</color>
			</LineStyle>
			<PolyStyle>
				<fill>0</fill>
			</PolyStyle>
		</Style>
		<Polygon>
			<outerBoundaryIs>
				<LinearRing>
					<coordinates>
						10.7408226914703,48.71320579658479,0 10.740394974148,48.7203326652836,0 10.7534274801163,48.72463499704091,0 10.7690155954138,48.7218408415146,0 10.7711891199653,48.7345204855875,0 10.7931206871843,48.7405725948466,0 10.8000079264605,48.7152853709986,0 10.7944961468557,48.7109389882704,0 10.779404342712,48.7119839000048,0 10.7542534216157,48.70396027465311,0 10.7408226914703,48.71320579658479,0 
					</coordinates>
				</LinearRing>
			</outerBoundaryIs>
		</Polygon>
	</Placemark>
	<Placemark>
		<name>01955bd8-7692-72ca-8fd8-5c718f073e47</name>
		<Style>
			<LineStyle>
				<color>ff0000ff</color>
			</LineStyle>
			<PolyStyle>
				<fill>0</fill>
			</PolyStyle>
		</Style>
		<Polygon>
			<outerBoundaryIs>
				<LinearRing>
					<coordinates>
						10.7964884032026,48.7051788981302,0 10.80504095609,48.70395974735001,0 10.8063704375483,48.7015975063405,0 10.7988971697311,48.6988552980228,0 10.7964884032026,48.7051788981302,0 
					</coordinates>
				</LinearRing>
			</outerBoundaryIs>
		</Polygon>
	</Placemark>
	<Placemark>
		<name>01955bd8-7692-7427-a32b-3c8f037c00da</name>
		<Style>
			<LineStyle>
				<color>ff0000ff</color>
			</LineStyle>
			<PolyStyle>
				<fill>0</fill>
			</PolyStyle>
		</Style>
		<Polygon>
			<outerBoundaryIs>
				<LinearRing>
					<coordinates>
						10.9273516002724,49.5817001180762,0 10.9155548220467,49.5847145540154,0 10.9060959398656,49.573298339815,0 10.9216994754557,49.5632517986242,0 10.9173949808741,49.55566630900601,0 10.8925271635057,49.5609291657873,0 10.8630261992969,49.5587526762134,0 10.8660700082222,49.5755839593135,0 10.9118917128314,49.5839589431821,0 10.9171331380533,49.5898031539282,0 10.9264758138505,49.5875804079312,0 10.9273516002724,49.5817001180762,0 
					</coordinates>
				</LinearRing>
			</outerBoundaryIs>
		</Polygon>
	</Placemark>
	<Placemark>
		<name>01955bd8-7692-710d-a5c7-c8a29cba5863</name>
		<Style>
			<LineStyle>
				<color>ff0000ff</color>
			</LineStyle>
			<PolyStyle>
				<fill>0</fill>
			</PolyStyle>
		</Style>
		<Polygon>
			<outerBoundaryIs>
				<LinearRing>
					<coordinates>
						10.8043655709791,49.9177535417822,0 10.8462136768177,49.9096153295382,0 10.864609191285,49.9223387955018,0 10.8538053474383,49.9292550660469,0 10.8548411158431,49.9342738077391,0 10.8822060018541,49.9347617459854,0 10.9036540161382,49.9255542703192,0 10.9140554767967,49.93104876828891,0 10.9127746804307,49.9413851560372,0 10.9291027749147,49.94016444967981,0 10.928122468179,49.9319740139075,0 10.9358807110877,49.9253216172067,0 10.9312270228564,49.9167810367454,0 10.9411285578799,49.9060738222222,0 10.9316684973452,49.8988668964154,0 10.928821693955,49.8794128832439,0 10.898222351632,49.87716753869321,0 10.912692312394,49.8688614203171,0 10.9131697412104,49.8633197279733,0 10.8696382928523,49.8690830150604,0 10.8543202793946,49.8797885110697,0 10.863262784619,49.8955168162984,0 10.81594917602,49.9113453717282,0 10.8002922934449,49.9110896148198,0 10.8043655709791,49.9177535417822,0 
					</coordinates>
				</LinearRing>
			</outerBoundaryIs>
		</Polygon>
	</Placemark>
	<Placemark>
		<name>01955bd8-7692-7eaf-8328-10eeccacb757</name>
		<Style>
			<LineStyle>
				<color>ff0000ff</color>
			</LineStyle>
			<PolyStyle>
				<fill>0</fill>
			</PolyStyle>
		</Style>
		<Polygon>
			<outerBoundaryIs>
				<LinearRing>
					<coordinates>
						10.9122114567045,50.2629487017679,0 10.9045662397785,50.26187700100209,0 10.899244759847,50.26483663794831,0 10.9046601246567,50.2690985900019,0 10.9125861453214,50.26792365140359,0 10.9122114567045,50.2629487017679,0 
					</coordinates>
				</LinearRing>
			</outerBoundaryIs>
		</Polygon>
	</Placemark>
	<Placemark>
		<name>01955bd8-7692-7e6e-ac5d-84d651ee42f2</name>
		<Style>
			<LineStyle>
				<color>ff0000ff</color>
			</LineStyle>
			<PolyStyle>
				<fill>0</fill>
			</PolyStyle>
		</Style>
		<Polygon>
			<outerBoundaryIs>
				<LinearRing>
					<coordinates>
						10.9175708067091,50.2598394778811,0 10.9365806925971,50.26127788177089,0 10.9519810509613,50.2855918267338,0 10.9722906585455,50.2893557242968,0 10.9702456419559,50.30067097647951,0 10.9775227126428,50.3113971581671,0 10.9883794637299,50.3016290013367,0 10.9888178969852,50.2891225402908,0 11.0012463060895,50.2928771556995,0 11.0084806972865,50.2890271937967,0 11.0238864481965,50.2906551177917,0 11.0416945179787,50.3017646519836,0 11.0601706119768,50.30582773982499,0 11.0583670747292,50.2908182287954,0 11.0365617362155,50.2827074345846,0 11.0333297879932,50.2752270372,0 11.0262033150909,50.2763282172952,0 11.0252898299692,50.2843461825135,0 11.0093029220487,50.2853036556791,0 10.9852521870382,50.26725230538,0 10.9923617281866,50.2567039946411,0 10.9849073323392,50.2276123355799,0 10.9962197274705,50.2210839154545,0 10.9933852346027,50.2167930922412,0 10.9840542390359,50.2140355447495,0 10.9706890309691,50.2394604091885,0 10.9595603143655,50.2340559586529,0 10.9478596745567,50.2355080080857,0 10.9484141720061,50.24343430466499,0 10.9243529995358,50.25034981104351,0 10.9175708067091,50.2598394778811,0 
					</coordinates>
				</LinearRing>
			</outerBoundaryIs>
		</Polygon>
	</Placemark>
	<Placemark>
		<name>01955bd8-7692-7b28-810c-44ab4dc6e93c</name>
		<Style>
			<LineStyle>
				<color>ff0000ff</color>
			</LineStyle>
			<PolyStyle>
				<fill>0</fill>
			</PolyStyle>
		</Style>
		<Polygon>
			<outerBoundaryIs>
				<LinearRing>
					<coordinates>
						10.9776835079225,50.20581571509929,0 10.9775841582803,50.1917096908036,0 10.9571250010862,50.1916070641823,0 10.9493896309251,50.2009207137484,0 10.9617536718249,50.1985731730449,0 10.9776835079225,50.20581571509929,0 
					</coordinates>
				</LinearRing>
			</outerBoundaryIs>
		</Polygon>
	</Placemark>
	<Placemark>
		<name>01955bd8-7692-7386-8e21-9c0b4b5b99c8</name>
		<Style>
			<LineStyle>
				<color>ff0000ff</color>
			</LineStyle>
			<PolyStyle>
				<fill>0</fill>
			</PolyStyle>
		</Style>
		<Polygon>
			<outerBoundaryIs>
				<LinearRing>
					<coordinates>
						10.94775693584,50.6785855546277,0 10.9297358527505,50.6707273762724,0 10.9099212976224,50.67440210286851,0 10.8880993162004,50.6970653657762,0 10.9283890063249,50.7063468854219,0 10.9521836996065,50.69484570483139,0 10.9433861776398,50.6874136311319,0 10.94775693584,50.6785855546277,0 
					</coordinates>
				</LinearRing>
			</outerBoundaryIs>
		</Polygon>
	</Placemark>
	<Placemark>
		<name>01955bd8-7692-7b71-abfe-90e6d1c72e26</name>
		<Style>
			<LineStyle>
				<color>ff0000ff</color>
			</LineStyle>
			<PolyStyle>
				<fill>0</fill>
			</PolyStyle>
		</Style>
		<Polygon>
			<outerBoundaryIs>
				<LinearRing>
					<coordinates>
						10.9522616338899,50.67723219864269,0 10.9843687337653,50.6740262814253,0 10.9877168217813,50.6707834340714,0 10.9739155646105,50.6668517487424,0 10.961049552278,50.6690749703421,0 10.9522616338899,50.67723219864269,0 
					</coordinates>
				</LinearRing>
			</outerBoundaryIs>
		</Polygon>
	</Placemark>
	<Placemark>
		<name>01955bd8-7692-7078-a4a7-151394d65197</name>
		<Style>
			<LineStyle>
				<color>ff0000ff</color>
			</LineStyle>
			<PolyStyle>
				<fill>0</fill>
			</PolyStyle>
		</Style>
		<Polygon>
			<outerBoundaryIs>
				<LinearRing>
					<coordinates>
						10.9609405559033,50.8676137183615,0 10.9719970051243,50.8586427910305,0 10.9657035776447,50.8392466508032,0 10.9746479383808,50.82001607198009,0 10.9497370568958,50.8216420299861,0 10.9277901009463,50.8403408623886,0 10.9406504856716,50.8495183341402,0 10.9446284233817,50.8691622831583,0 10.9609566914466,50.87164507668989,0 10.969891438869,50.8812885707362,0 10.9740587601297,50.8751228809878,0 10.9609405559033,50.8676137183615,0 
					</coordinates>
				</LinearRing>
			</outerBoundaryIs>
		</Polygon>
	</Placemark>
	<Placemark>
		<name>01955bd8-7692-76ce-a54a-151f7743f58e</name>
		<Style>
			<LineStyle>
				<color>ff0000ff</color>
			</LineStyle>
			<PolyStyle>
				<fill>0</fill>
			</PolyStyle>
		</Style>
		<Polygon>
			<outerBoundaryIs>
				<LinearRing>
					<coordinates>
						10.819012299119,51.39516372756489,0 10.8740328118809,51.377151598396,0 10.8956072796767,51.3803947810879,0 10.8973691419391,51.3661232899117,0 10.9076547039942,51.3615280422074,0 10.9094033202112,51.3539250067461,0 10.8526692969506,51.3619037033884,0 10.8385130325077,51.3588505793585,0 10.8431351230431,51.3840829582604,0 10.819012299119,51.39516372756489,0 
					</coordinates>
				</LinearRing>
			</outerBoundaryIs>
		</Polygon>
	</Placemark>
	<Placemark>
		<name>01955bd8-7692-7a61-87b4-e9f655af7067</name>
		<Style>
			<LineStyle>
				<color>ff0000ff</color>
			</LineStyle>
			<PolyStyle>
				<fill>0</fill>
			</PolyStyle>
		</Style>
		<Polygon>
			<outerBoundaryIs>
				<LinearRing>
					<coordinates>
						10.8230507062469,51.5044506653119,0 10.8258918189623,51.49300195483361,0 10.8534160235529,51.4925024322041,0 10.8566426489178,51.4882082713822,0 10.8413603919363,51.4807057093904,0 10.8208865609726,51.4870048003231,0 10.8105988092425,51.4784837600877,0 10.8157420672859,51.46732773030089,0 10.8083096783812,51.4662670343363,0 10.7637843184865,51.4932140785845,0 10.7634352734355,51.51734263787359,0 10.7825409215185,51.5244655202037,0 10.789054703743,51.51788221894279,0 10.8067583113815,51.51884147476171,0 10.8079328554523,51.5117439303643,0 10.8230507062469,51.5044506653119,0 
					</coordinates>
				</LinearRing>
			</outerBoundaryIs>
		</Polygon>
	</Placemark>
	<Placemark>
		<name>01955bd8-7692-7945-8981-165960bd7cd4</name>
		<Style>
			<LineStyle>
				<color>ff0000ff</color>
			</LineStyle>
			<PolyStyle>
				<fill>0</fill>
			</PolyStyle>
		</Style>
		<Polygon>
			<outerBoundaryIs>
				<LinearRing>
					<coordinates>
						10.7223420505778,51.854010466297,0 10.706848840833,51.8563772098604,0 10.7066047928894,51.85685331470911,0 10.7184094402814,51.8596319842562,0 10.7223420505778,51.854010466297,0 
					</coordinates>
				</LinearRing>
			</outerBoundaryIs>
		</Polygon>
	</Placemark>
	<Placemark>
		<name>01955bd8-7692-7968-98ba-f1706f90c25f</name>
		<Style>
			<LineStyle>
				<color>ff0000ff</color>
			</LineStyle>
			<PolyStyle>
				<fill>0</fill>
			</PolyStyle>
		</Style>
		<Polygon>
			<outerBoundaryIs>
				<LinearRing>
					<coordinates>
						10.717029605177,51.845991881307,0 10.7394404784297,51.853013607384,0 10.7404584776756,51.84856321125011,0 10.7205596093888,51.8428171875949,0 10.717029605177,51.845991881307,0 
					</coordinates>
				</LinearRing>
			</outerBoundaryIs>
		</Polygon>
	</Placemark>
	<Placemark>
		<name>01955bd8-7692-7e38-ab7b-23f576d1711c</name>
		<Style>
			<LineStyle>
				<color>ff0000ff</color>
			</LineStyle>
			<PolyStyle>
				<fill>0</fill>
			</PolyStyle>
		</Style>
		<Polygon>
			<outerBoundaryIs>
				<LinearRing>
					<coordinates>
						10.7500826834436,51.84601540277179,0 10.7731841611722,51.8529141236966,0 10.8119920927329,51.85258973596429,0 10.8236895589003,51.83890524068671,0 10.799748099667,51.8295489541484,0 10.8133824745961,51.81973971459869,0 10.7761511080688,51.82480340312951,0 10.7438753280284,51.817335705819,0 10.741551499161,51.82101886321469,0 10.7587749942537,51.8300890025372,0 10.7500826834436,51.84601540277179,0 
					</coordinates>
				</LinearRing>
			</outerBoundaryIs>
		</Polygon>
	</Placemark>
	<Placemark>
		<name>01955bd8-7692-786f-b075-0893bb66567f</name>
		<Style>
			<LineStyle>
				<color>ff0000ff</color>
			</LineStyle>
			<PolyStyle>
				<fill>0</fill>
			</PolyStyle>
		</Style>
		<Polygon>
			<outerBoundaryIs>
				<LinearRing>
					<coordinates>
						10.9554356370562,52.1550923897234,0 10.9727035039127,52.16981641057689,0 10.9785782935608,52.1880863041823,0 10.9905973802886,52.17665707075179,0 10.9799312689633,52.16621806389531,0 10.9834514490968,52.1526553642429,0 10.9748106378497,52.147146281048,0 10.9811582378858,52.137073425368,0 10.9765804759098,52.12912119815359,0 10.9539243896675,52.1295803458122,0 10.9468259331281,52.1251547349753,0 10.9554356370562,52.1550923897234,0 
					</coordinates>
				</LinearRing>
			</outerBoundaryIs>
		</Polygon>
	</Placemark>
	<Placemark>
		<name>01955bd8-7692-7e27-aca6-152aa7b4b3f2</name>
		<Style>
			<LineStyle>
				<color>ff0000ff</color>
			</LineStyle>
			<PolyStyle>
				<fill>0</fill>
			</PolyStyle>
		</Style>
		<Polygon>
			<outerBoundaryIs>
				<LinearRing>
					<coordinates>
						10.6880452286396,52.4238732759587,0 10.732997017106,52.4272222107555,0 10.7384816210281,52.4471976764495,0 10.7680236911712,52.4434565099776,0 10.7893304533561,52.4565948975029,0 10.8069268530306,52.4546414655095,0 10.8194951003077,52.44806625195441,0 10.8539929761243,52.4631586946002,0 10.8589862187356,52.4593966503965,0 10.8456548387054,52.44023998769999,0 10.8623469600261,52.4374106477766,0 10.8742926168499,52.4296964056442,0 10.8624821335688,52.42278612315519,0 10.8512312006282,52.42700960199619,0 10.8447322130764,52.4116658413478,0 10.8181850935708,52.41948798479271,0 10.7917787011331,52.4133539773168,0 10.7796812021201,52.40272875303009,0 10.7549769973921,52.40671107951589,0 10.7593702071971,52.39125210837791,0 10.7507595306418,52.3858749873774,0 10.7057605137744,52.3884178581074,0 10.6931220359922,52.39289180266089,0 10.6930705602747,52.4000921161157,0 10.7123485456329,52.4067614920241,0 10.7020437903719,52.416407910136,0 10.6805887923595,52.4107002367886,0 10.6880452286396,52.4238732759587,0 
					</coordinates>
				</LinearRing>
			</outerBoundaryIs>
		</Polygon>
	</Placemark>
	<Placemark>
		<name>01955bd8-7692-7928-bf9b-a36d46c4bd5c</name>
		<Style>
			<LineStyle>
				<color>ff0000ff</color>
			</LineStyle>
			<PolyStyle>
				<fill>0</fill>
			</PolyStyle>
		</Style>
		<Polygon>
			<outerBoundaryIs>
				<LinearRing>
					<coordinates>
						10.7917628589663,52.5917333779519,0 10.7832681552078,52.5906392216059,0 10.7755674179012,52.59624374341099,0 10.7375890069162,52.6675569007288,0 10.7394878910478,52.67693175799911,0 10.754730937317,52.6736614352401,0 10.7875399073522,52.6077086553954,0 10.7980326958569,52.5996264302444,0 10.7917628589663,52.5917333779519,0 
					</coordinates>
				</LinearRing>
			</outerBoundaryIs>
		</Polygon>
	</Placemark>
	<Placemark>
		<name>01955bd8-7692-7e47-8fd0-9aad9e4c784a</name>
		<Style>
			<LineStyle>
				<color>ff0000ff</color>
			</LineStyle>
			<PolyStyle>
				<fill>0</fill>
			</PolyStyle>
		</Style>
		<Polygon>
			<outerBoundaryIs>
				<LinearRing>
					<coordinates>
						11.0344814615043,47.4778225232068,0 11.1068143621979,47.5205920086368,0 11.105567046134,47.53225098034559,0 11.1202754136415,47.53389367605831,0 11.1090416719639,47.5029062923693,0 11.1289596246275,47.4873903597626,0 11.1276715363278,47.4830667227245,0 11.0575038244939,47.4786187553429,0 11.0467128384769,47.4660900880007,0 11.0131934789976,47.474424812673,0 11.0344814615043,47.4778225232068,0 
					</coordinates>
				</LinearRing>
			</outerBoundaryIs>
		</Polygon>
	</Placemark>
	<Placemark>
		<name>01955bd8-7692-7148-b2b4-91b82507b804</name>
		<Style>
			<LineStyle>
				<color>ff0000ff</color>
			</LineStyle>
			<PolyStyle>
				<fill>0</fill>
			</PolyStyle>
		</Style>
		<Polygon>
			<outerBoundaryIs>
				<LinearRing>
					<coordinates>
						11.1549400377574,47.86384599603671,0 11.1594310227898,47.83529030775431,0 11.1287459482163,47.8296145482474,0 11.1238645044377,47.8472467518341,0 11.1434255659821,47.85198362063571,0 11.1549400377574,47.86384599603671,0 
					</coordinates>
				</LinearRing>
			</outerBoundaryIs>
		</Polygon>
	</Placemark>
	<Placemark>
		<name>01955bd8-7692-7fe8-8294-e929754cc0ab</name>
		<Style>
			<LineStyle>
				<color>ff0000ff</color>
			</LineStyle>
			<PolyStyle>
				<fill>0</fill>
			</PolyStyle>
		</Style>
		<Polygon>
			<outerBoundaryIs>
				<LinearRing>
					<coordinates>
						11.157613646099,47.8670726634037,0 11.156003327061,47.87894541251531,0 11.1629101751287,47.8798694777913,0 11.1729470902579,47.8700041889385,0 11.157613646099,47.8670726634037,0 
					</coordinates>
				</LinearRing>
			</outerBoundaryIs>
		</Polygon>
	</Placemark>
	<Placemark>
		<name>01955bd8-7692-7d40-808f-3b8de19d02d0</name>
		<Style>
			<LineStyle>
				<color>ff0000ff</color>
			</LineStyle>
			<PolyStyle>
				<fill>0</fill>
			</PolyStyle>
		</Style>
		<Polygon>
			<outerBoundaryIs>
				<LinearRing>
					<coordinates>
						11.2781772754017,48.1967522617806,0 11.2848750466541,48.1828259349075,0 11.3039304417944,48.1797329308947,0 11.2890724555002,48.1803407936268,0 11.2442020117383,48.1680661794284,0 11.2189352694177,48.1554309950054,0 11.2249036840842,48.1729400298336,0 11.220497658733,48.189038198649,0 11.2405021244443,48.189104811639,0 11.2512943241525,48.19988820908231,0 11.2781772754017,48.1967522617806,0 
					</coordinates>
				</LinearRing>
			</outerBoundaryIs>
		</Polygon>
	</Placemark>
	<Placemark>
		<name>01955bd8-7692-7438-8b53-ac8dd200ef72</name>
		<Style>
			<LineStyle>
				<color>ff0000ff</color>
			</LineStyle>
			<PolyStyle>
				<fill>0</fill>
			</PolyStyle>
		</Style>
		<Polygon>
			<outerBoundaryIs>
				<LinearRing>
					<coordinates>
						11.1581059634377,48.47759086597439,0 11.148019176235,48.4640769167931,0 11.1565253194481,48.4570833389587,0 11.1470857485147,48.4528645863618,0 11.1425471226812,48.44141276845519,0 11.1056056717415,48.43373847341411,0 11.1057537340527,48.4472813385216,0 11.1218542921166,48.4517383298965,0 11.1150470973996,48.4599013594883,0 11.118681184127,48.4741713691325,0 11.1442430064967,48.4723655028477,0 11.1581059634377,48.47759086597439,0 
					</coordinates>
				</LinearRing>
			</outerBoundaryIs>
		</Polygon>
	</Placemark>
	<Placemark>
		<name>01955bd8-7692-73b2-a3ea-36406b78029a</name>
		<Style>
			<LineStyle>
				<color>ff0000ff</color>
			</LineStyle>
			<PolyStyle>
				<fill>0</fill>
			</PolyStyle>
		</Style>
		<Polygon>
			<outerBoundaryIs>
				<LinearRing>
					<coordinates>
						11.2808929953047,48.54575544779319,0 11.2719972603098,48.5434853753299,0 11.2480118477766,48.5541178608747,0 11.2379046481269,48.57076690678111,0 11.2413772917108,48.5754182036947,0 11.2846410951653,48.5747208680627,0 11.2915665262846,48.5624413712473,0 11.2808929953047,48.54575544779319,0 
					</coordinates>
				</LinearRing>
			</outerBoundaryIs>
		</Polygon>
	</Placemark>
	<Placemark>
		<name>01955bd8-7692-7c3c-ac7c-579b44947e5e</name>
		<Style>
			<LineStyle>
				<color>ff0000ff</color>
			</LineStyle>
			<PolyStyle>
				<fill>0</fill>
			</PolyStyle>
		</Style>
		<Polygon>
			<outerBoundaryIs>
				<LinearRing>
					<coordinates>
						11.1773986587747,48.7516244740518,0 11.1936023556942,48.7497497856326,0 11.1938852567645,48.74000917837069,0 11.2090677563129,48.7386622796979,0 11.2183938358967,48.7456138779476,0 11.2258108757428,48.7409074825767,0 11.2443791846834,48.7434953921411,0 11.2480916313128,48.7392937554223,0 11.2386033040885,48.7353020532116,0 11.2411818133281,48.72818514862221,0 11.2186641958714,48.71597648920359,0 11.2085666353277,48.7200251861105,0 11.1765222718238,48.71617862647461,0 11.1628283913383,48.73091579574339,0 11.1640949487375,48.7389374128932,0 11.1515813522529,48.74361288407259,0 11.1773986587747,48.7516244740518,0 
					</coordinates>
				</LinearRing>
			</outerBoundaryIs>
		</Polygon>
	</Placemark>
	<Placemark>
		<name>01955bd8-7692-717c-94de-e7635ad10e8a</name>
		<Style>
			<LineStyle>
				<color>ff0000ff</color>
			</LineStyle>
			<PolyStyle>
				<fill>0</fill>
			</PolyStyle>
		</Style>
		<Polygon>
			<outerBoundaryIs>
				<LinearRing>
					<coordinates>
						11.0832331420597,49.26300163674771,0 11.0555989549751,49.261287366761,0 11.049717040237,49.2651701599945,0 11.0686472687418,49.27295076733959,0 11.083884283061,49.27288917065809,0 11.0832331420597,49.26300163674771,0 
					</coordinates>
				</LinearRing>
			</outerBoundaryIs>
		</Polygon>
	</Placemark>
	<Placemark>
		<name>01955bd8-7692-7252-ab7c-a149f457c09b</name>
		<Style>
			<LineStyle>
				<color>ff0000ff</color>
			</LineStyle>
			<PolyStyle>
				<fill>0</fill>
			</PolyStyle>
		</Style>
		<Polygon>
			<outerBoundaryIs>
				<LinearRing>
					<coordinates>
						11.0843599033442,49.26056950420351,0 11.1202565923463,49.24734900210049,0 11.0903791685649,49.22978388704319,0 11.0849316594466,49.2207272112465,0 11.073011753273,49.2363946500661,0 11.0843599033442,49.26056950420351,0 
					</coordinates>
				</LinearRing>
			</outerBoundaryIs>
		</Polygon>
	</Placemark>
	<Placemark>
		<name>01955bd8-7692-7fbd-a93d-05d84316e515</name>
		<Style>
			<LineStyle>
				<color>ff0000ff</color>
			</LineStyle>
			<PolyStyle>
				<fill>0</fill>
			</PolyStyle>
		</Style>
		<Polygon>
			<outerBoundaryIs>
				<LinearRing>
					<coordinates>
						11.0850548376228,49.213708826372,0 11.0924503809484,49.2110394532816,0 11.0883087792709,49.20693029295799,0 11.0803948331243,49.2092713242401,0 11.0850548376228,49.213708826372,0 
					</coordinates>
				</LinearRing>
			</outerBoundaryIs>
		</Polygon>
	</Placemark>
	<Placemark>
		<name>01955bd8-7692-72b4-9a14-380c7c0ae705</name>
		<Style>
			<LineStyle>
				<color>ff0000ff</color>
			</LineStyle>
			<PolyStyle>
				<fill>0</fill>
			</PolyStyle>
		</Style>
		<Polygon>
			<outerBoundaryIs>
				<LinearRing>
					<coordinates>
						11.1431604654058,49.360128960029,0 11.1543885879632,49.3573178280928,0 11.1701795459828,49.3686805597457,0 11.1800211582603,49.3644145771553,0 11.174310320546,49.3523473436977,0 11.1501791478078,49.34227413457901,0 11.1363719352588,49.3471322822815,0 11.1116761765022,49.3382897735605,0 11.0918633806266,49.3534504318593,0 11.1022469531381,49.3611111070371,0 11.132129245621,49.3478313783322,0 11.1431604654058,49.360128960029,0 
					</coordinates>
				</LinearRing>
			</outerBoundaryIs>
		</Polygon>
	</Placemark>
	<Placemark>
		<name>01955bd8-7692-721a-a58a-2b716d7f1994</name>
		<Style>
			<LineStyle>
				<color>ff0000ff</color>
			</LineStyle>
			<PolyStyle>
				<fill>0</fill>
			</PolyStyle>
		</Style>
		<Polygon>
			<outerBoundaryIs>
				<LinearRing>
					<coordinates>
						10.974822884322,49.5648338544207,0 10.9585319435022,49.5541296528034,0 10.9510949838571,49.55460429342949,0 10.9581699807502,49.5847819487825,0 10.9287330339516,49.6030301014522,0 10.9517689286363,49.6004164997934,0 10.9575922526311,49.6077448066898,0 10.9730864852423,49.6127904618666,0 10.9939864713216,49.6061752174887,0 11.0121025357592,49.6310379128039,0 11.0264070537497,49.6291120558106,0 11.0253418212271,49.6086051073003,0 11.0478449307656,49.6043245242467,0 11.0580995635055,49.6096498519296,0 11.0630787051306,49.6037370607326,0 11.0818576470042,49.5993148557907,0 11.0730632760039,49.59029430472179,0 11.0339618545774,49.585845795778,0 11.0311242921927,49.571553490719,0 11.0114353649387,49.5695633387415,0 11.0074070254283,49.5552319513764,0 10.9939740879261,49.54155286391889,0 10.9848566822182,49.5415470287519,0 10.9804361687818,49.5775042215995,0 10.9748205108304,49.575583718455,0 10.974822884322,49.5648338544207,0 
					</coordinates>
				</LinearRing>
			</outerBoundaryIs>
		</Polygon>
	</Placemark>
	<Placemark>
		<name>01955bd8-7692-7641-810c-f513d99fc520</name>
		<Style>
			<LineStyle>
				<color>ff0000ff</color>
			</LineStyle>
			<PolyStyle>
				<fill>0</fill>
			</PolyStyle>
		</Style>
		<Polygon>
			<outerBoundaryIs>
				<LinearRing>
					<coordinates>
						11.0135363263011,49.5543737002642,0 11.0220549248775,49.55826665427229,0 11.0320856017229,49.5546824717737,0 11.033020434513,49.5345893483591,0 11.0242666606172,49.5247926813387,0 11.053998154142,49.5212937885497,0 11.0553197171225,49.50877201683539,0 11.0491253171011,49.5074904615694,0 11.0243340290162,49.51459189981519,0 11.0168461699498,49.5220521654307,0 11.0090685058455,49.51644452488929,0 11.0228135583641,49.50696314690691,0 11.0140207327087,49.49434160924909,0 11.0223358478472,49.4808985458248,0 11.0433913935154,49.47678520427879,0 11.0481912868139,49.4882343605229,0 11.029088943235,49.4897307869582,0 11.0464399247989,49.5033233430607,0 11.0597682437243,49.4945382437557,0 11.1281893628905,49.489284145594,0 11.1506116159525,49.46889699340671,0 11.1744254170969,49.47032445395319,0 11.1780030199822,49.4778435652036,0 11.2018489691789,49.4883191345445,0 11.2155109915823,49.4813681702657,0 11.2340915918186,49.4861885804584,0 11.2292687778479,49.4976094393241,0 11.259101368493,49.5090449531606,0 11.2493358729515,49.5230080355901,0 11.2555346075551,49.5323913928273,0 11.2755981218888,49.5321261937685,0 11.2814548016218,49.5253507448399,0 11.3047889618567,49.5203743092147,0 11.3194134202428,49.5333381292954,0 11.3318927260932,49.5242450590795,0 11.3438105528421,49.5342537390643,0 11.3481842244762,49.5257902130276,0 11.3391253120151,49.515968584358,0 11.3482625775161,49.5065874355955,0 11.3376587563246,49.50513623565221,0 11.3273408608118,49.51663664965331,0 11.3009608758798,49.5148795147721,0 11.2938617480794,49.5009462599659,0 11.2589020179052,49.4886778047965,0 11.2449235383847,49.4686401587974,0 11.2142522515531,49.4741840504352,0 11.2099113922185,49.4662213924171,0 11.1845963089423,49.4665819177169,0 11.1438694532486,49.4544155396268,0 11.1339849828757,49.4339049079325,0 11.1492408161956,49.4178176205596,0 11.1759774983913,49.41450348648139,0 11.1886595066663,49.39281089138561,0 11.1825128228166,49.3866721723118,0 11.1648157630257,49.3862220836671,0 11.1552268435865,49.3996668979005,0 11.1331562740694,49.3926127399193,0 11.0997682856498,49.3979236944337,0 11.0832197888836,49.3907975727935,0 11.075151895352,49.4038277430631,0 11.062080793852,49.3872196958799,0 11.0413795898721,49.3824273119619,0 11.0687621586721,49.3502130300143,0 11.0535450232321,49.3389163122549,0 11.0801116906376,49.3296336489894,0 11.0814698547207,49.32325447644909,0 11.0648427147016,49.3235104099885,0 11.060408195855,49.3134105787431,0 11.0746503220749,49.3068558453411,0 11.0860978930703,49.3075402011995,0 11.0913848315583,49.29893857751961,0 11.0839276016916,49.2929673402151,0 11.0759669844137,49.2990993445699,0 11.0565854087744,49.29805833044099,0 11.0423171769484,49.3146745266915,0 11.0151548059552,49.3100231864599,0 10.9912171073856,49.33005444737559,0 11.0033908653273,49.3336147483754,0 11.0097384801779,49.3455664712753,0 11.0428527583946,49.3451787523189,0 11.0393935883519,49.3572790035782,0 11.0109363272786,49.3562822727119,0 11.0089536192723,49.3629462955334,0 10.9937010897069,49.3697192138417,0 11.0238802543226,49.3670710144184,0 11.0117738332056,49.3811056546552,0 11.0248526294764,49.38416135588901,0 11.0207850611635,49.3950344034643,0 10.9885756629408,49.40390297165969,0 11.0049746632078,49.4229184758828,0 10.9918057707619,49.4339452011279,0 10.9851896329624,49.43210015597091,0 10.9868342793298,49.4157268072757,0 10.9648541585285,49.4133597449342,0 10.951336553958,49.4250483688869,0 10.9327827660038,49.4306914237326,0 10.9399362148573,49.448698876102,0 10.9660562466237,49.4552344410247,0 10.9359283092589,49.4669336274546,0 10.9325680001323,49.4744044433759,0 10.9400446899354,49.4825673812687,0 10.9122056708352,49.4861238810617,0 10.9062376121101,49.4908210021209,0 10.9095511119146,49.4969289569524,0 10.9435719530436,49.494748120557,0 10.9570771558804,49.5169395957075,0 10.9550881819619,49.5257511186444,0 10.9647157236723,49.5324358270776,0 11.0002701769871,49.52295470308751,0 11.0202693487253,49.5371390054155,0 11.0135363263011,49.5543737002642,0 
					</coordinates>
				</LinearRing>
			</outerBoundaryIs>
		</Polygon>
	</Placemark>
	<Placemark>
		<name>01955bd8-7692-7010-be1e-4a2e8d4dc180</name>
		<Style>
			<LineStyle>
				<color>ff0000ff</color>
			</LineStyle>
			<PolyStyle>
				<fill>0</fill>
			</PolyStyle>
		</Style>
		<Polygon>
			<outerBoundaryIs>
				<LinearRing>
					<coordinates>
						11.0667292887843,49.3668811736255,0 11.0656079650926,49.3764072605801,0 11.0723893984218,49.381444310107,0 11.0891223262774,49.3749565561959,0 11.101367565603,49.3760401831226,0 11.1047384694202,49.3699081350936,0 11.0773991415372,49.36155813303039,0 11.0667292887843,49.3668811736255,0 
					</coordinates>
				</LinearRing>
			</outerBoundaryIs>
		</Polygon>
	</Placemark>
	<Placemark>
		<name>01955bd8-7692-7841-b1dc-f47726c406f4</name>
		<Style>
			<LineStyle>
				<color>ff0000ff</color>
			</LineStyle>
			<PolyStyle>
				<fill>0</fill>
			</PolyStyle>
		</Style>
		<Polygon>
			<outerBoundaryIs>
				<LinearRing>
					<coordinates>
						11.1828411825224,49.4186053832511,0 11.1835068440498,49.4283409599206,0 11.2048442298436,49.4212889503607,0 11.1977752891899,49.4150037391973,0 11.1828411825224,49.4186053832511,0 
					</coordinates>
				</LinearRing>
			</outerBoundaryIs>
		</Polygon>
	</Placemark>
	<Placemark>
		<name>01955bd8-7692-74e4-ade4-6e3360551a27</name>
		<Style>
			<LineStyle>
				<color>ff0000ff</color>
			</LineStyle>
			<PolyStyle>
				<fill>0</fill>
			</PolyStyle>
		</Style>
		<Polygon>
			<outerBoundaryIs>
				<LinearRing>
					<coordinates>
						11.1082378807151,49.499109058048,0 11.1017309249607,49.5074973599025,0 11.11214375674,49.5118697870226,0 11.1194037605529,49.5045593518967,0 11.1082378807151,49.499109058048,0 
					</coordinates>
				</LinearRing>
			</outerBoundaryIs>
		</Polygon>
	</Placemark>
	<Placemark>
		<name>01955bd8-7692-7ec5-82d7-0481477fa2c5</name>
		<Style>
			<LineStyle>
				<color>ff0000ff</color>
			</LineStyle>
			<PolyStyle>
				<fill>0</fill>
			</PolyStyle>
		</Style>
		<Polygon>
			<outerBoundaryIs>
				<LinearRing>
					<coordinates>
						11.3439540916005,49.5380849144073,0 11.3254835577606,49.5449231072133,0 11.3245466947525,49.5664734564052,0 11.3372948738684,49.57181374642079,0 11.3452474904071,49.57065858578,0 11.3505617386106,49.5623979923228,0 11.3436197991285,49.5474524206498,0 11.3623548443094,49.5419774155064,0 11.3439540916005,49.5380849144073,0 
					</coordinates>
				</LinearRing>
			</outerBoundaryIs>
		</Polygon>
	</Placemark>
	<Placemark>
		<name>01955bd8-7692-72f8-9982-a4ed5a86bde6</name>
		<Style>
			<LineStyle>
				<color>ff0000ff</color>
			</LineStyle>
			<PolyStyle>
				<fill>0</fill>
			</PolyStyle>
		</Style>
		<Polygon>
			<outerBoundaryIs>
				<LinearRing>
					<coordinates>
						11.3148898556994,49.568628621568,0 11.300238855896,49.56842339427919,0 11.300162796289,49.5705856704307,0 11.3092713081258,49.57196416541899,0 11.3148898556994,49.568628621568,0 
					</coordinates>
				</LinearRing>
			</outerBoundaryIs>
		</Polygon>
	</Placemark>
	<Placemark>
		<name>01955bd8-7692-73b3-9dd2-955719ca723f</name>
		<Style>
			<LineStyle>
				<color>ff0000ff</color>
			</LineStyle>
			<PolyStyle>
				<fill>0</fill>
			</PolyStyle>
		</Style>
		<Polygon>
			<outerBoundaryIs>
				<LinearRing>
					<coordinates>
						11.0301649116534,49.6294537870894,0 11.0391603112469,49.6351705155036,0 11.0436669338608,49.63472632832979,0 11.0398692138885,49.6275973252667,0 11.0301649116534,49.6294537870894,0 
					</coordinates>
				</LinearRing>
			</outerBoundaryIs>
		</Polygon>
	</Placemark>
	<Placemark>
		<name>01955bd8-7692-7add-862e-9e6757f5ac83</name>
		<Style>
			<LineStyle>
				<color>ff0000ff</color>
			</LineStyle>
			<PolyStyle>
				<fill>0</fill>
			</PolyStyle>
		</Style>
		<Polygon>
			<outerBoundaryIs>
				<LinearRing>
					<coordinates>
						11.0401565786965,49.69476814885109,0 11.0371131484963,49.68633172179659,0 11.0126930717494,49.6858364149982,0 10.9932658668266,49.69172760993759,0 11.0025916549887,49.6971844641298,0 11.0191278957283,49.6931330244416,0 11.0401565786965,49.69476814885109,0 
					</coordinates>
				</LinearRing>
			</outerBoundaryIs>
		</Polygon>
	</Placemark>
	<Placemark>
		<name>01955bd8-7692-788d-b438-2be1b00fb5b6</name>
		<Style>
			<LineStyle>
				<color>ff0000ff</color>
			</LineStyle>
			<PolyStyle>
				<fill>0</fill>
			</PolyStyle>
		</Style>
		<Polygon>
			<outerBoundaryIs>
				<LinearRing>
					<coordinates>
						11.0437978078617,49.69928296045829,0 11.0553974278239,49.71108329078609,0 11.033001345597,49.7184973360575,0 11.0403480722882,49.7278722067955,0 11.0365890837067,49.74338450364201,0 11.0476811447819,49.73717543293851,0 11.0740370432222,49.7335201523813,0 11.0935395086194,49.71963624205949,0 11.1089059882504,49.7253079185875,0 11.1157575173229,49.72116128359281,0 11.0742431872654,49.7113073417958,0 11.0687003116633,49.696226265939,0 11.0437978078617,49.69928296045829,0 
					</coordinates>
				</LinearRing>
			</outerBoundaryIs>
		</Polygon>
	</Placemark>
	<Placemark>
		<name>01955bd8-7692-77b8-8648-885458c717d1</name>
		<Style>
			<LineStyle>
				<color>ff0000ff</color>
			</LineStyle>
			<PolyStyle>
				<fill>0</fill>
			</PolyStyle>
		</Style>
		<Polygon>
			<outerBoundaryIs>
				<LinearRing>
					<coordinates>
						11.0770223836266,50.16898572349229,0 11.0758423166915,50.1588340313124,0 11.0858104170127,50.1492905644099,0 11.066237559127,50.13352756044121,0 11.0371265914162,50.12965756157049,0 11.0339145338575,50.1202437057837,0 11.027586412161,50.1307086886233,0 11.0378375090665,50.1311547306157,0 11.0551527391657,50.14851627014341,0 11.0529040124478,50.1566661986739,0 11.0770223836266,50.16898572349229,0 
					</coordinates>
				</LinearRing>
			</outerBoundaryIs>
		</Polygon>
	</Placemark>
	<Placemark>
		<name>01955bd8-7692-711a-afb7-c056882a7d12</name>
		<Style>
			<LineStyle>
				<color>ff0000ff</color>
			</LineStyle>
			<PolyStyle>
				<fill>0</fill>
			</PolyStyle>
		</Style>
		<Polygon>
			<outerBoundaryIs>
				<LinearRing>
					<coordinates>
						11.14406563839,50.3699738069475,0 11.1876355788033,50.3747374278495,0 11.1854454737371,50.36444133432539,0 11.1949583494892,50.3583188827451,0 11.2119888938751,50.3650270693032,0 11.2210581033743,50.35660130060539,0 11.2213020266827,50.344694183391,0 11.2347668140158,50.34017133577071,0 11.2325721120725,50.3363470777822,0 11.2109511036618,50.33782132144901,0 11.1955472941777,50.3441882980019,0 11.1809586520969,50.3376087211105,0 11.1618919898069,50.34697946732581,0 11.1476454194318,50.3419382059243,0 11.1434288458585,50.34984364186601,0 11.1572760486527,50.358004353196,0 11.141592418763,50.3645538886476,0 11.14406563839,50.3699738069475,0 
					</coordinates>
				</LinearRing>
			</outerBoundaryIs>
		</Polygon>
	</Placemark>
	<Placemark>
		<name>01955bd8-7692-7864-9114-b242be8108c2</name>
		<Style>
			<LineStyle>
				<color>ff0000ff</color>
			</LineStyle>
			<PolyStyle>
				<fill>0</fill>
			</PolyStyle>
		</Style>
		<Polygon>
			<outerBoundaryIs>
				<LinearRing>
					<coordinates>
						10.9875196716984,50.9190779127361,0 10.981490459318,50.9366130268133,0 10.9951063113389,50.9419029297302,0 11.0055855844921,50.92939275410339,0 10.9970973029493,50.9204735460827,0 10.9875196716984,50.9190779127361,0 
					</coordinates>
				</LinearRing>
			</outerBoundaryIs>
		</Polygon>
	</Placemark>
	<Placemark>
		<name>01955bd8-7692-7cca-84a7-31c0c291e586</name>
		<Style>
			<LineStyle>
				<color>ff0000ff</color>
			</LineStyle>
			<PolyStyle>
				<fill>0</fill>
			</PolyStyle>
		</Style>
		<Polygon>
			<outerBoundaryIs>
				<LinearRing>
					<coordinates>
						10.9963870410677,50.9489060565835,0 10.9792847791882,50.9580530582437,0 10.978624275483,50.9692270035258,0 10.9421086507436,50.9741425236796,0 10.9791562404751,50.9772458527161,0 10.9741496386219,50.9956596944886,0 10.9923913084997,51.0039121423293,0 10.9646246033124,51.0330216824882,0 10.9723957657725,51.0383094912694,0 11.0073314297484,51.0439937050064,0 11.0117032919054,51.0308726176759,0 11.0265532013021,51.0260592190686,0 11.0409566479609,51.0427252775532,0 11.0323251410579,51.0586830162277,0 11.0454617668353,51.0647747128388,0 11.0509637938135,51.05064905197259,0 11.0389838458941,51.0204814829696,0 11.0499089139966,51.0078926222189,0 11.0511119575902,50.9948070236346,0 11.0743587477772,50.9960289048804,0 11.0682786554717,50.98011398668879,0 11.1017594971077,50.9819695103522,0 11.1066690278793,50.99096150280919,0 11.125553556062,50.9890816387089,0 11.1456953731759,51.0040277896704,0 11.1512337254217,50.99990479448,0 11.1429125472256,50.98587086320151,0 11.132246085215,50.9824244930688,0 11.1324797234693,50.9762994245474,0 11.0946257179246,50.9740441034739,0 11.0850255596334,50.9697607771607,0 11.0860172875475,50.96576780377629,0 11.0993975230782,50.9631335552608,0 11.1097442301966,50.9697910943425,0 11.1126627149412,50.9626604080365,0 11.1030298239374,50.9576613055607,0 11.1091472994167,50.9492322299267,0 11.0972772566394,50.941405245823,0 11.0421071130905,50.9469036698379,0 11.01371702332,50.9591883510281,0 10.9963870410677,50.9489060565835,0 
					</coordinates>
				</LinearRing>
			</outerBoundaryIs>
		</Polygon>
	</Placemark>
	<Placemark>
		<name>01955bd8-7692-73ec-aac2-b7043a4b22f9</name>
		<Style>
			<LineStyle>
				<color>ff0000ff</color>
			</LineStyle>
			<PolyStyle>
				<fill>0</fill>
			</PolyStyle>
		</Style>
		<Polygon>
			<outerBoundaryIs>
				<LinearRing>
					<coordinates>
						11.0950054676739,51.90292265091149,0 11.0804577768924,51.87847688040041,0 11.0657350627863,51.877942607593,0 11.0533978247986,51.8701815823962,0 11.0285936406257,51.8848348071125,0 11.0152121471934,51.9109814356304,0 11.0274987370134,51.9151888251613,0 11.0520311567953,51.90603667997851,0 11.0950054676739,51.90292265091149,0 
					</coordinates>
				</LinearRing>
			</outerBoundaryIs>
		</Polygon>
	</Placemark>
	<Placemark>
		<name>01955bd8-7692-73b1-a369-3ef232eca9a5</name>
		<Style>
			<LineStyle>
				<color>ff0000ff</color>
			</LineStyle>
			<PolyStyle>
				<fill>0</fill>
			</PolyStyle>
		</Style>
		<Polygon>
			<outerBoundaryIs>
				<LinearRing>
					<coordinates>
						10.9912846080925,52.25311797609401,0 11.0254814216437,52.23502103419081,0 11.0407785604763,52.2207445330851,0 11.0257303302022,52.21159655537811,0 11.0406951771353,52.20692154785189,0 11.053682687687,52.1891471486716,0 11.0396561453416,52.17546199529111,0 11.0093134480038,52.1956825406795,0 10.9844881933747,52.2388530744848,0 10.9584374287626,52.244552109388,0 10.9912846080925,52.25311797609401,0 
					</coordinates>
				</LinearRing>
			</outerBoundaryIs>
		</Polygon>
	</Placemark>
	<Placemark>
		<name>01955bd8-7692-7540-87bb-ae4aaab1cdc4</name>
		<Style>
			<LineStyle>
				<color>ff0000ff</color>
			</LineStyle>
			<PolyStyle>
				<fill>0</fill>
			</PolyStyle>
		</Style>
		<Polygon>
			<outerBoundaryIs>
				<LinearRing>
					<coordinates>
						11.1643551828529,52.8670429065268,0 11.1796384619213,52.8470674270987,0 11.1986514887292,52.83380130166889,0 11.1513238018404,52.8382253706563,0 11.1333432462054,52.8479492513887,0 11.1234258158052,52.8427371493587,0 11.1168543172125,52.84441512397281,0 11.1173042221764,52.8628942816564,0 11.133491025121,52.8592362021977,0 11.1643551828529,52.8670429065268,0 
					</coordinates>
				</LinearRing>
			</outerBoundaryIs>
		</Polygon>
	</Placemark>
	<Placemark>
		<name>01955bd8-7692-76ba-97bb-c5ba4ca27503</name>
		<Style>
			<LineStyle>
				<color>ff0000ff</color>
			</LineStyle>
			<PolyStyle>
				<fill>0</fill>
			</PolyStyle>
		</Style>
		<Polygon>
			<outerBoundaryIs>
				<LinearRing>
					<coordinates>
						11.5527536456652,47.7169222321399,0 11.5693012977867,47.7129330791167,0 11.5730683783897,47.6934432280899,0 11.5932501819342,47.6709106524303,0 11.5834083660553,47.6581950079657,0 11.5703287142152,47.6627524032957,0 11.5488526173054,47.7103842822957,0 11.5527536456652,47.7169222321399,0 
					</coordinates>
				</LinearRing>
			</outerBoundaryIs>
		</Polygon>
	</Placemark>
	<Placemark>
		<name>01955bd8-7692-7c2c-8463-534b22a47d08</name>
		<Style>
			<LineStyle>
				<color>ff0000ff</color>
			</LineStyle>
			<PolyStyle>
				<fill>0</fill>
			</PolyStyle>
		</Style>
		<Polygon>
			<outerBoundaryIs>
				<LinearRing>
					<coordinates>
						11.551370886328,47.7762374275422,0 11.5895455132497,47.7590323249697,0 11.575385537697,47.7528729052627,0 11.580299023081,47.73401953288811,0 11.5702030362146,47.7306138139491,0 11.5585882114173,47.74899996072919,0 11.5377099411559,47.7561443955755,0 11.5362090970279,47.7635251654401,0 11.5525952002615,47.767246619122,0 11.551370886328,47.7762374275422,0 
					</coordinates>
				</LinearRing>
			</outerBoundaryIs>
		</Polygon>
	</Placemark>
	<Placemark>
		<name>01955bd8-7692-7b7e-8f9e-df2bc400c998</name>
		<Style>
			<LineStyle>
				<color>ff0000ff</color>
			</LineStyle>
			<PolyStyle>
				<fill>0</fill>
			</PolyStyle>
		</Style>
		<Polygon>
			<outerBoundaryIs>
				<LinearRing>
					<coordinates>
						11.3723911543821,47.9575573952997,0 11.3682142235172,47.9480074225192,0 11.3585818698918,47.94736390877719,0 11.345259031883,47.93520735132009,0 11.3442867852125,47.9542764768246,0 11.3575641252493,47.9935977876055,0 11.351576458144,47.9961886708421,0 11.3242772840124,47.9825143027191,0 11.3198181050669,47.9891092408652,0 11.3244428682473,47.9952211518187,0 11.3119004695561,48.0001946523647,0 11.3294866955175,48.0141696069728,0 11.3477627656327,48.0172791548051,0 11.3535827403785,48.0050114412287,0 11.3696730508168,48.00278924083749,0 11.3606938939419,47.9741560062853,0 11.3723911543821,47.9575573952997,0 
					</coordinates>
				</LinearRing>
			</outerBoundaryIs>
		</Polygon>
	</Placemark>
	<Placemark>
		<name>01955bd8-7692-76e0-b1b3-da2a0825c514</name>
		<Style>
			<LineStyle>
				<color>ff0000ff</color>
			</LineStyle>
			<PolyStyle>
				<fill>0</fill>
			</PolyStyle>
		</Style>
		<Polygon>
			<outerBoundaryIs>
				<LinearRing>
					<coordinates>
						11.3758569784482,47.9586197632748,0 11.382121213641,47.9650493956068,0 11.3879902035092,47.9629092672438,0 11.3881043060177,47.9547953510352,0 11.3758569784482,47.9586197632748,0 
					</coordinates>
				</LinearRing>
			</outerBoundaryIs>
		</Polygon>
	</Placemark>
	<Placemark>
		<name>01955bd8-7692-7ade-a26d-7340d1cbbf41</name>
		<Style>
			<LineStyle>
				<color>ff0000ff</color>
			</LineStyle>
			<PolyStyle>
				<fill>0</fill>
			</PolyStyle>
		</Style>
		<Polygon>
			<outerBoundaryIs>
				<LinearRing>
					<coordinates>
						11.3933242386568,47.94784061428549,0 11.4009416717295,47.94563570078239,0 11.4000729969104,47.92692100704129,0 11.3747802873434,47.9353927346784,0 11.3753300682238,47.9391624123205,0 11.3887560478446,47.9399642509747,0 11.3933242386568,47.94784061428549,0 
					</coordinates>
				</LinearRing>
			</outerBoundaryIs>
		</Polygon>
	</Placemark>
	<Placemark>
		<name>01955bd8-7692-756c-a582-5e2e89c97fcb</name>
		<Style>
			<LineStyle>
				<color>ff0000ff</color>
			</LineStyle>
			<PolyStyle>
				<fill>0</fill>
			</PolyStyle>
		</Style>
		<Polygon>
			<outerBoundaryIs>
				<LinearRing>
					<coordinates>
						11.3520275057713,48.1449118215327,0 11.3413477801562,48.1473194180551,0 11.340166780858,48.1513665873745,0 11.3475078198641,48.15258481760801,0 11.3520275057713,48.1449118215327,0 
					</coordinates>
				</LinearRing>
			</outerBoundaryIs>
		</Polygon>
	</Placemark>
	<Placemark>
		<name>01955bd8-7692-7602-b91c-719d2cf2bac6</name>
		<Style>
			<LineStyle>
				<color>ff0000ff</color>
			</LineStyle>
			<PolyStyle>
				<fill>0</fill>
			</PolyStyle>
		</Style>
		<Polygon>
			<outerBoundaryIs>
				<LinearRing>
					<coordinates>
						11.3550014781242,48.14222739279361,0 11.4040309337993,48.1408934094834,0 11.4043704087133,48.170386064565,0 11.3831574202591,48.1702996486716,0 11.3745794328397,48.1765079727926,0 11.3480534592561,48.1619887156893,0 11.3189749214032,48.1577873008639,0 11.3120105664141,48.1637102877885,0 11.3139013024122,48.1733934877984,0 11.3273441817527,48.18023386948621,0 11.342706098433,48.17493428302231,0 11.3578987797821,48.1856389970124,0 11.359741401292,48.19930974173801,0 11.3464976948308,48.2064868794105,0 11.3249199226111,48.19058020403439,0 11.3011450674911,48.19909622303519,0 11.3186048509002,48.2200851963981,0 11.3423014964006,48.23111245444969,0 11.3467094924031,48.2396740774544,0 11.3535684655344,48.2376610202358,0 11.3449979040994,48.21989151780241,0 11.3632911512143,48.20791710420419,0 11.3934066998261,48.2070070607694,0 11.3880725277336,48.1946517453702,0 11.3947015018444,48.18404806851591,0 11.4397531293505,48.1881682111683,0 11.4537369659513,48.2266041875364,0 11.446822884571,48.2352349841781,0 11.4351554567069,48.2341773754014,0 11.4163774354637,48.2552935965128,0 11.4226062732755,48.2711512335858,0 11.4694731357027,48.27640420546,0 11.4798735726031,48.2631468032127,0 11.4600968471411,48.2500122397051,0 11.4825187594865,48.2444004750256,0 11.465833030496,48.2425042202026,0 11.4590106131717,48.2365723999194,0 11.4732715442496,48.2363639909584,0 11.4856123876712,48.2298042902265,0 11.4882441243628,48.20763916598951,0 11.4668726991284,48.2057158891037,0 11.4757851630031,48.19956296042371,0 11.5252717681472,48.2036927992576,0 11.5258649521684,48.2079935278432,0 11.5069354128531,48.21563718028229,0 11.5131522032197,48.2261690464158,0 11.5416544544702,48.2209618228281,0 11.5615042490674,48.223820288597,0 11.5766224594467,48.2124983430809,0 11.587924400632,48.21577498224669,0 11.5871465880165,48.2295749607375,0 11.5944057617364,48.22650495412149,0 11.5908063971206,48.21504125088979,0 11.6049368607045,48.2096175467378,0 11.62148323249,48.2237593031324,0 11.6318237085468,48.2251974959714,0 11.6383057935125,48.2154573874536,0 11.6316253353259,48.1980441463806,0 11.6497362103137,48.20052670771,0 11.6572193738106,48.1920610112531,0 11.6542638076383,48.1841145996334,0 11.6438716116353,48.1803200082708,0 11.6626819114396,48.1657118836195,0 11.6647337623871,48.1485659309793,0 11.6888734492396,48.1558757173278,0 11.7141917896201,48.1429996257213,0 11.7229118523328,48.1579081916275,0 11.7090707241103,48.1675947958916,0 11.7090491515626,48.1777531313894,0 11.7304170845852,48.1727035294346,0 11.7671483587553,48.18084919863169,0 11.7774063930462,48.189505916856,0 11.7762214902367,48.18090288500031,0 11.7634540061211,48.1708833307396,0 11.7690035012871,48.1596449900913,0 11.7523513470273,48.1498646697633,0 11.7692184378655,48.1337131002638,0 11.7631855966939,48.1313732716392,0 11.752616348081,48.1408800629765,0 11.7186356828903,48.1422155045599,0 11.7195334490506,48.1299991907661,0 11.7100919791457,48.12342898896971,0 11.721630682732,48.1150729211268,0 11.7599033865529,48.1273486370184,0 11.7500524366398,48.1090818635288,0 11.7734765126493,48.116474712289,0 11.8057327338221,48.0982557061081,0 11.7891667072663,48.08848043735869,0 11.7603245608462,48.09092073259361,0 11.743503901575,48.10330057096001,0 11.7273078428057,48.0956854187043,0 11.7130764626154,48.1027991779077,0 11.6940384460607,48.10198655679841,0 11.6837340742071,48.0963173690037,0 11.6649172811533,48.098109052337,0 11.6640772456572,48.0940235107129,0 11.6852381986574,48.0831888189135,0 11.6999458122223,48.08534179417001,0 11.7067581025482,48.0794264740426,0 11.7216675422609,48.0796262450327,0 11.7250620875895,48.0737361777594,0 11.6998002545656,48.07258919969569,0 11.6968410231914,48.0596756453164,0 11.666798937475,48.0463453180052,0 11.6671513837039,48.03600449708171,0 11.6790216625502,48.0419845558946,0 11.6872259070169,48.0336771034899,0 11.6764554036308,48.0297787450859,0 11.6493470889215,48.0408569895207,0 11.6474967876228,48.069158333194,0 11.6361147172841,48.0758663961265,0 11.6315692345807,48.03977246209719,0 11.607864420972,48.0286604299891,0 11.5905459015019,48.0103451408214,0 11.5704476797909,48.02586539103901,0 11.573275443118,48.0361309545614,0 11.5945928973316,48.0391106870863,0 11.5950212203845,48.0560970289955,0 11.6058405743008,48.060728602887,0 11.5854237432925,48.0896482743711,0 11.5561899820115,48.0825043895553,0 11.5498962205237,48.0731221809914,0 11.5566707723766,48.062954604168,0 11.5331115638456,48.0329526641457,0 11.5217999174315,48.0310930498032,0 11.5050854741776,48.0386504110075,0 11.5110066141733,48.0678262290274,0 11.5035317945219,48.074790562181,0 11.4839050690893,48.0742136655718,0 11.4515708908305,48.0889062743278,0 11.4528749288483,48.0941253032595,0 11.476133446261,48.0977777342315,0 11.4766927670918,48.1026596898101,0 11.4380942969914,48.1042230043615,0 11.4003714603336,48.08239349979439,0 11.3985341925215,48.10087826806931,0 11.4114808924559,48.1083767483449,0 11.4165498560283,48.1295374263603,0 11.3937926543953,48.1348942631737,0 11.3703506771014,48.1118245555737,0 11.3694810370967,48.0972958365803,0 11.3571080861688,48.0953389872127,0 11.3454824355017,48.1259470476684,0 11.3550014781242,48.14222739279361,0 
					</coordinates>
				</LinearRing>
			</outerBoundaryIs>
		</Polygon>
	</Placemark>
	<Placemark>
		<name>01955bd8-7692-7677-8ff9-7239abc222e1</name>
		<Style>
			<LineStyle>
				<color>ff0000ff</color>
			</LineStyle>
			<PolyStyle>
				<fill>0</fill>
			</PolyStyle>
		</Style>
		<Polygon>
			<outerBoundaryIs>
				<LinearRing>
					<coordinates>
						11.4989536957249,48.0335848111846,0 11.4875754039177,48.01806483817979,0 11.4784691715876,48.0158989302347,0 11.4748597891742,48.0204493274477,0 11.4840987793725,48.0303813269621,0 11.4989536957249,48.0335848111846,0 
					</coordinates>
				</LinearRing>
			</outerBoundaryIs>
		</Polygon>
	</Placemark>
	<Placemark>
		<name>01955bd8-7692-7b5d-869a-4e323f040e90</name>
		<Style>
			<LineStyle>
				<color>ff0000ff</color>
			</LineStyle>
			<PolyStyle>
				<fill>0</fill>
			</PolyStyle>
		</Style>
		<Polygon>
			<outerBoundaryIs>
				<LinearRing>
					<coordinates>
						11.3105310806421,48.1068901801112,0 11.3238438792312,48.1106442413827,0 11.3291957183311,48.10716260457361,0 11.3134452233141,48.1048486962171,0 11.3120598086627,48.0930414080684,0 11.2878318619373,48.08918894495479,0 11.2552927263108,48.0679344208847,0 11.2414935872577,48.0701615216087,0 11.2450781444529,48.07850469310989,0 11.2713109110589,48.0822691206035,0 11.2889870072364,48.12280364848669,0 11.3105310806421,48.1068901801112,0 
					</coordinates>
				</LinearRing>
			</outerBoundaryIs>
		</Polygon>
	</Placemark>
	<Placemark>
		<name>01955bd8-7692-71fd-a920-bb22a69df88b</name>
		<Style>
			<LineStyle>
				<color>ff0000ff</color>
			</LineStyle>
			<PolyStyle>
				<fill>0</fill>
			</PolyStyle>
		</Style>
		<Polygon>
			<outerBoundaryIs>
				<LinearRing>
					<coordinates>
						11.494612760042,48.4868713753481,0 11.5034093824529,48.4955643061877,0 11.5021890517308,48.51476179433419,0 11.4789733061587,48.5166312807453,0 11.4776638459965,48.53863341628039,0 11.5000906967482,48.5401493132902,0 11.5078513272291,48.549603259066,0 11.5230930868479,48.548137759158,0 11.522618170297,48.5359431194804,0 11.5328380014658,48.53172923548961,0 11.5060920867891,48.5098557151841,0 11.5112075103633,48.5001197974474,0 11.5038146749593,48.49415147416929,0 11.5100223419092,48.4844099627738,0 11.4988993401282,48.483108301386,0 11.494612760042,48.4868713753481,0 
					</coordinates>
				</LinearRing>
			</outerBoundaryIs>
		</Polygon>
	</Placemark>
	<Placemark>
		<name>01955bd8-7692-729d-ab15-c75163cab880</name>
		<Style>
			<LineStyle>
				<color>ff0000ff</color>
			</LineStyle>
			<PolyStyle>
				<fill>0</fill>
			</PolyStyle>
		</Style>
		<Polygon>
			<outerBoundaryIs>
				<LinearRing>
					<coordinates>
						11.4398487230292,48.71963096099459,0 11.4210239346222,48.7116955533077,0 11.4237598647611,48.70351161484599,0 11.3992782586915,48.7072613664381,0 11.3913787153048,48.7295360979495,0 11.4144602881631,48.75385361727389,0 11.3769683163335,48.7634769967961,0 11.364412367682,48.77878529358209,0 11.3707599686281,48.79156478902251,0 11.358798362683,48.80492202593079,0 11.3624100920001,48.8147629912083,0 11.378144289496,48.81504397356301,0 11.3883016605824,48.8053410649012,0 11.4035933978233,48.8119285940861,0 11.4064449945971,48.82711176497669,0 11.4134858645839,48.8308634417552,0 11.4243754620649,48.821328089291,0 11.413420847274,48.8108347375594,0 11.4121686705841,48.7958496391067,0 11.4310259589895,48.790222810111,0 11.4426215804125,48.7968250017181,0 11.4613813561276,48.78971537930951,0 11.4701021267598,48.7965981527202,0 11.4828204479552,48.7920873208692,0 11.481073210273,48.7797961843243,0 11.4923108912017,48.7751757612778,0 11.4914673509374,48.762339215236,0 11.4826924794073,48.7667429618572,0 11.4618616615608,48.7631644520984,0 11.4631787687507,48.754944213361,0 11.4930606704744,48.7533108919808,0 11.4825924713183,48.7340056317813,0 11.4524298032162,48.7318406362682,0 11.4398487230292,48.71963096099459,0 
					</coordinates>
				</LinearRing>
			</outerBoundaryIs>
		</Polygon>
	</Placemark>
	<Placemark>
		<name>01955bd8-7692-7091-8428-b4b1e43a2cd3</name>
		<Style>
			<LineStyle>
				<color>ff0000ff</color>
			</LineStyle>
			<PolyStyle>
				<fill>0</fill>
			</PolyStyle>
		</Style>
		<Polygon>
			<outerBoundaryIs>
				<LinearRing>
					<coordinates>
						11.4447353596646,48.7145058825029,0 11.4975062731429,48.72407465326799,0 11.5095564324995,48.7117385162456,0 11.5245074917847,48.71188974887649,0 11.5096515025087,48.7048469913826,0 11.4823969587625,48.7096285882789,0 11.452488752684,48.7079869582122,0 11.4447353596646,48.7145058825029,0 
					</coordinates>
				</LinearRing>
			</outerBoundaryIs>
		</Polygon>
	</Placemark>
	<Placemark>
		<name>01955bd8-7692-7166-851d-1704bceca074</name>
		<Style>
			<LineStyle>
				<color>ff0000ff</color>
			</LineStyle>
			<PolyStyle>
				<fill>0</fill>
			</PolyStyle>
		</Style>
		<Polygon>
			<outerBoundaryIs>
				<LinearRing>
					<coordinates>
						11.4311547481022,49.2922408739073,0 11.4593155653018,49.30087285047019,0 11.4806937473253,49.29776738360181,0 11.4980038045582,49.2741063867831,0 11.4835463091646,49.2743671185216,0 11.4778550825682,49.26059206649299,0 11.4625281980206,49.2525163831072,0 11.43857018632,49.2581345507127,0 11.4312697621229,49.2641177675722,0 11.4360440035286,49.2682887557253,0 11.4431593724135,49.2647751775969,0 11.4450339087519,49.2694407957867,0 11.4261985719317,49.2754803093869,0 11.4258265987791,49.2832474184736,0 11.4134703828414,49.2910326864635,0 11.4170569421488,49.2949209029889,0 11.4311547481022,49.2922408739073,0 
					</coordinates>
				</LinearRing>
			</outerBoundaryIs>
		</Polygon>
	</Placemark>
	<Placemark>
		<name>01955bd8-7692-7237-9304-ece89ef97fe8</name>
		<Style>
			<LineStyle>
				<color>ff0000ff</color>
			</LineStyle>
			<PolyStyle>
				<fill>0</fill>
			</PolyStyle>
		</Style>
		<Polygon>
			<outerBoundaryIs>
				<LinearRing>
					<coordinates>
						11.3408502304602,49.318641054568,0 11.3198345935602,49.32519006074731,0 11.3074355976672,49.3204420260213,0 11.3033956487723,49.3251435271422,0 11.3296340883226,49.3361027431859,0 11.3529198424615,49.3290817065103,0 11.3408502304602,49.318641054568,0 
					</coordinates>
				</LinearRing>
			</outerBoundaryIs>
		</Polygon>
	</Placemark>
	<Placemark>
		<name>01955bd8-7692-79e7-9c4f-f3e6c6223c4b</name>
		<Style>
			<LineStyle>
				<color>ff0000ff</color>
			</LineStyle>
			<PolyStyle>
				<fill>0</fill>
			</PolyStyle>
		</Style>
		<Polygon>
			<outerBoundaryIs>
				<LinearRing>
					<coordinates>
						11.3335806951258,49.2988130617633,0 11.3555564242799,49.3146402105313,0 11.3651397835683,49.3041559956688,0 11.3647806226471,49.2884370145528,0 11.3335806951258,49.2988130617633,0 
					</coordinates>
				</LinearRing>
			</outerBoundaryIs>
		</Polygon>
	</Placemark>
	<Placemark>
		<name>01955bd8-7692-7b63-823d-0e9a2e14ddf8</name>
		<Style>
			<LineStyle>
				<color>ff0000ff</color>
			</LineStyle>
			<PolyStyle>
				<fill>0</fill>
			</PolyStyle>
		</Style>
		<Polygon>
			<outerBoundaryIs>
				<LinearRing>
					<coordinates>
						11.3338749778694,49.3924680791033,0 11.3119012731117,49.38739954934359,0 11.3066487049004,49.3777003302101,0 11.2902613935713,49.38801348202671,0 11.3188427656272,49.3927848462598,0 11.3409522469379,49.4067565289439,0 11.3510165767279,49.4067269589285,0 11.3559295573788,49.39574007092939,0 11.3730495835841,49.3865688581038,0 11.3661096715832,49.3747342077117,0 11.3561648881633,49.3728185401426,0 11.3369249386625,49.3803508976521,0 11.3239392880673,49.37219741417501,0 11.3439646262553,49.3957876089089,0 11.3364725252679,49.3968906461508,0 11.3338749778694,49.3924680791033,0 
					</coordinates>
				</LinearRing>
			</outerBoundaryIs>
		</Polygon>
	</Placemark>
	<Placemark>
		<name>01955bd8-7692-7ca8-af3d-5fdf03481889</name>
		<Style>
			<LineStyle>
				<color>ff0000ff</color>
			</LineStyle>
			<PolyStyle>
				<fill>0</fill>
			</PolyStyle>
		</Style>
		<Polygon>
			<outerBoundaryIs>
				<LinearRing>
					<coordinates>
						11.373871258877,49.3710450560618,0 11.3825956563514,49.3685828636122,0 11.3826095610104,49.36183901936931,0 11.3789709372159,49.36243145547589,0 11.373871258877,49.3710450560618,0 
					</coordinates>
				</LinearRing>
			</outerBoundaryIs>
		</Polygon>
	</Placemark>
	<Placemark>
		<name>01955bd8-7692-78e9-81be-6f3cf5c23cfc</name>
		<Style>
			<LineStyle>
				<color>ff0000ff</color>
			</LineStyle>
			<PolyStyle>
				<fill>0</fill>
			</PolyStyle>
		</Style>
		<Polygon>
			<outerBoundaryIs>
				<LinearRing>
					<coordinates>
						11.5126552255986,49.9483286187737,0 11.5351854859936,49.9468415710309,0 11.5474639362984,49.9564986745299,0 11.5626076326588,49.95638292989911,0 11.5923724117374,49.9715936730269,0 11.6065374209045,49.9872942405058,0 11.6193744791057,49.9882029190231,0 11.6254967134014,49.98030148237411,0 11.6194711254648,49.968311271928,0 11.648185826268,49.9611945248496,0 11.6202239919836,49.9538421525389,0 11.6279542930829,49.9301966105874,0 11.6058615151509,49.9306447720539,0 11.6129728608701,49.9054377144673,0 11.6075820881427,49.90338695992751,0 11.6022032543017,49.9155199763029,0 11.5730729118278,49.9238105743285,0 11.5612365032645,49.9158654257047,0 11.5469863155291,49.93211633208431,0 11.5332351267475,49.931865477183,0 11.5126552255986,49.9483286187737,0 
					</coordinates>
				</LinearRing>
			</outerBoundaryIs>
		</Polygon>
	</Placemark>
	<Placemark>
		<name>01955bd8-7692-7109-be97-4a9727d3fea8</name>
		<Style>
			<LineStyle>
				<color>ff0000ff</color>
			</LineStyle>
			<PolyStyle>
				<fill>0</fill>
			</PolyStyle>
		</Style>
		<Polygon>
			<outerBoundaryIs>
				<LinearRing>
					<coordinates>
						11.6276364742952,49.9415635013959,0 11.6496108313305,49.9465970905886,0 11.6519063382706,49.94401334160801,0 11.6408811512893,49.9387963336665,0 11.6276364742952,49.9415635013959,0 
					</coordinates>
				</LinearRing>
			</outerBoundaryIs>
		</Polygon>
	</Placemark>
	<Placemark>
		<name>01955bd8-7692-7e90-805c-094fec4f201d</name>
		<Style>
			<LineStyle>
				<color>ff0000ff</color>
			</LineStyle>
			<PolyStyle>
				<fill>0</fill>
			</PolyStyle>
		</Style>
		<Polygon>
			<outerBoundaryIs>
				<LinearRing>
					<coordinates>
						11.5179942571104,49.93518183166071,0 11.5050995490047,49.9262878562774,0 11.4917381615197,49.9294989676305,0 11.4890209316805,49.9363244155185,0 11.4977478006432,49.9411873716703,0 11.5179942571104,49.93518183166071,0 
					</coordinates>
				</LinearRing>
			</outerBoundaryIs>
		</Polygon>
	</Placemark>
	<Placemark>
		<name>01955bd8-7692-7c94-b7a1-179078e82443</name>
		<Style>
			<LineStyle>
				<color>ff0000ff</color>
			</LineStyle>
			<PolyStyle>
				<fill>0</fill>
			</PolyStyle>
		</Style>
		<Polygon>
			<outerBoundaryIs>
				<LinearRing>
					<coordinates>
						11.6253432594742,49.99267318919829,0 11.6268689882975,49.9973513125319,0 11.6348673197857,49.99001914120831,0 11.6341514668475,49.9897431966527,0 11.6253432594742,49.99267318919829,0 
					</coordinates>
				</LinearRing>
			</outerBoundaryIs>
		</Polygon>
	</Placemark>
	<Placemark>
		<name>01955bd8-7692-7e54-ad93-5ed7fd9d43bc</name>
		<Style>
			<LineStyle>
				<color>ff0000ff</color>
			</LineStyle>
			<PolyStyle>
				<fill>0</fill>
			</PolyStyle>
		</Style>
		<Polygon>
			<outerBoundaryIs>
				<LinearRing>
					<coordinates>
						11.3682482187373,50.10802741024079,0 11.3596759731946,50.1096288983819,0 11.3624310161831,50.11357401292359,0 11.3679852224427,50.1124382940106,0 11.3682482187373,50.10802741024079,0 
					</coordinates>
				</LinearRing>
			</outerBoundaryIs>
		</Polygon>
	</Placemark>
	<Placemark>
		<name>01955bd8-7692-7a77-8273-11d137314fe6</name>
		<Style>
			<LineStyle>
				<color>ff0000ff</color>
			</LineStyle>
			<PolyStyle>
				<fill>0</fill>
			</PolyStyle>
		</Style>
		<Polygon>
			<outerBoundaryIs>
				<LinearRing>
					<coordinates>
						11.3721461961867,50.1055293319066,0 11.3985501424658,50.1030772642476,0 11.4074102373329,50.11276019623931,0 11.4306104625783,50.1175739171568,0 11.4365773459088,50.12493467046789,0 11.4501106805378,50.1191345226381,0 11.4658313539107,50.1192224007894,0 11.4716866035278,50.1126638088683,0 11.4579109724195,50.0884090472034,0 11.4461619282946,50.08796199063569,0 11.4306114527692,50.0963052183787,0 11.4127412845311,50.0888046838538,0 11.4180346978897,50.1008788156037,0 11.3818338320443,50.09605749949539,0 11.3721461961867,50.1055293319066,0 
					</coordinates>
				</LinearRing>
			</outerBoundaryIs>
		</Polygon>
	</Placemark>
	<Placemark>
		<name>01955bd8-7692-7ea2-ade4-ca12a705085f</name>
		<Style>
			<LineStyle>
				<color>ff0000ff</color>
			</LineStyle>
			<PolyStyle>
				<fill>0</fill>
			</PolyStyle>
		</Style>
		<Polygon>
			<outerBoundaryIs>
				<LinearRing>
					<coordinates>
						11.2622081297115,50.21540297614821,0 11.2543676660253,50.21275536011849,0 11.2537506303734,50.215975981865,0 11.2622081297115,50.21540297614821,0 
					</coordinates>
				</LinearRing>
			</outerBoundaryIs>
		</Polygon>
	</Placemark>
	<Placemark>
		<name>01955bd8-7692-7eee-948c-1b34ff4f9959</name>
		<Style>
			<LineStyle>
				<color>ff0000ff</color>
			</LineStyle>
			<PolyStyle>
				<fill>0</fill>
			</PolyStyle>
		</Style>
		<Polygon>
			<outerBoundaryIs>
				<LinearRing>
					<coordinates>
						11.2728230782518,50.2146837909231,0 11.2946131586142,50.2134142028241,0 11.3138730573551,50.2227989243121,0 11.3029760858737,50.2292524623758,0 11.3221551086807,50.2489207933079,0 11.3657331587321,50.2339798309363,0 11.3254565953892,50.22879135032241,0 11.3145775604119,50.2223745830925,0 11.3167935733557,50.2118403545047,0 11.3038389163149,50.206992489774,0 11.2854389943052,50.2045494283323,0 11.2728230782518,50.2146837909231,0 
					</coordinates>
				</LinearRing>
			</outerBoundaryIs>
		</Polygon>
	</Placemark>
	<Placemark>
		<name>01955bd8-7692-716a-bbd1-b43b63441ded</name>
		<Style>
			<LineStyle>
				<color>ff0000ff</color>
			</LineStyle>
			<PolyStyle>
				<fill>0</fill>
			</PolyStyle>
		</Style>
		<Polygon>
			<outerBoundaryIs>
				<LinearRing>
					<coordinates>
						11.3833666967573,50.66206997719011,0 11.4058320634107,50.6554693671628,0 11.3826023883219,50.6491171383037,0 11.3761634464883,50.63389642125631,0 11.3605311098124,50.6278433425232,0 11.3500615566203,50.62864561574181,0 11.3367011230549,50.644097810807,0 11.324811420796,50.647963524762,0 11.3256372071582,50.65552224177009,0 11.3474684880464,50.660745148758,0 11.3550717898666,50.6714060464791,0 11.3660598355884,50.6654487209773,0 11.382367067008,50.6674252921468,0 11.3833666967573,50.66206997719011,0 
					</coordinates>
				</LinearRing>
			</outerBoundaryIs>
		</Polygon>
	</Placemark>
	<Placemark>
		<name>01955bd8-7692-7ef0-a670-9720730264d8</name>
		<Style>
			<LineStyle>
				<color>ff0000ff</color>
			</LineStyle>
			<PolyStyle>
				<fill>0</fill>
			</PolyStyle>
		</Style>
		<Polygon>
			<outerBoundaryIs>
				<LinearRing>
					<coordinates>
						11.3043934062274,50.68656465366521,0 11.3115522984218,50.6926729011725,0 11.3084684227292,50.7235180104347,0 11.3248738154997,50.7230971183491,0 11.34028403591,50.7317182400228,0 11.3519368867694,50.7250571681619,0 11.3691942569595,50.7264791140249,0 11.3519090073038,50.7141568726048,0 11.3466224878223,50.69584783888489,0 11.3339534852429,50.6824792219954,0 11.3118816604388,50.6824863834146,0 11.3043934062274,50.68656465366521,0 
					</coordinates>
				</LinearRing>
			</outerBoundaryIs>
		</Polygon>
	</Placemark>
	<Placemark>
		<name>01955bd8-7692-726d-8f83-2677a723735e</name>
		<Style>
			<LineStyle>
				<color>ff0000ff</color>
			</LineStyle>
			<PolyStyle>
				<fill>0</fill>
			</PolyStyle>
		</Style>
		<Polygon>
			<outerBoundaryIs>
				<LinearRing>
					<coordinates>
						11.3026530487791,50.9985586645098,0 11.3272293815943,51.00603084753541,0 11.3373773681421,51.01573524220391,0 11.3485376200729,51.0140169408296,0 11.3335754546771,51.0039056496893,0 11.350880878063,50.9951712877398,0 11.3670296115904,50.99606727546131,0 11.3626406621157,51.004977763633,0 11.3732730316686,51.0023036079065,0 11.3758258064339,50.9960205924137,0 11.34526161389,50.9836527218367,0 11.3606929299039,50.95771649784099,0 11.3436756345744,50.9538100765143,0 11.3317995173299,50.9608780334143,0 11.2992042681663,50.9494928482944,0 11.3158566602507,50.9640970408015,0 11.304877315193,50.9734441301136,0 11.2880562738602,50.97337206459279,0 11.2762441982181,50.9819336631768,0 11.3001475876754,50.9894895882752,0 11.3026530487791,50.9985586645098,0 
					</coordinates>
				</LinearRing>
			</outerBoundaryIs>
		</Polygon>
	</Placemark>
	<Placemark>
		<name>01955bd8-7692-791a-9446-5b9f42bb3f3f</name>
		<Style>
			<LineStyle>
				<color>ff0000ff</color>
			</LineStyle>
			<PolyStyle>
				<fill>0</fill>
			</PolyStyle>
		</Style>
		<Polygon>
			<outerBoundaryIs>
				<LinearRing>
					<coordinates>
						11.2662143043212,51.46566267153211,0 11.2945778913716,51.4873393160466,0 11.3192219731258,51.4834099359663,0 11.3216907739523,51.4736389805988,0 11.3075104681395,51.46533670829039,0 11.3010824956368,51.4453619579821,0 11.2819006884495,51.4639981110809,0 11.2662143043212,51.46566267153211,0 
					</coordinates>
				</LinearRing>
			</outerBoundaryIs>
		</Polygon>
	</Placemark>
	<Placemark>
		<name>01955bd8-7692-7ef0-8479-5b6c7deebc53</name>
		<Style>
			<LineStyle>
				<color>ff0000ff</color>
			</LineStyle>
			<PolyStyle>
				<fill>0</fill>
			</PolyStyle>
		</Style>
		<Polygon>
			<outerBoundaryIs>
				<LinearRing>
					<coordinates>
						11.3017082787425,51.4431556284392,0 11.3115619637963,51.440613300856,0 11.3125990566699,51.4369884332371,0 11.3019593545717,51.43771912794,0 11.3017082787425,51.4431556284392,0 
					</coordinates>
				</LinearRing>
			</outerBoundaryIs>
		</Polygon>
	</Placemark>
	<Placemark>
		<name>01955bd8-7692-7ea6-865b-3de3fa5db700</name>
		<Style>
			<LineStyle>
				<color>ff0000ff</color>
			</LineStyle>
			<PolyStyle>
				<fill>0</fill>
			</PolyStyle>
		</Style>
		<Polygon>
			<outerBoundaryIs>
				<LinearRing>
					<coordinates>
						11.4930972555821,51.5906101949879,0 11.4984367815708,51.58758336684491,0 11.4949524751886,51.5635136197125,0 11.5041147081844,51.5546099784958,0 11.4822373870343,51.53977681783971,0 11.4840589143962,51.5292968239594,0 11.4644173359805,51.5422302277753,0 11.4615065332678,51.550941384361,0 11.4722256110392,51.56060664780179,0 11.4912020231871,51.5637493878933,0 11.4817098548235,51.5700451414647,0 11.4865323757503,51.575723783279,0 11.4817457852893,51.5854355042081,0 11.4930972555821,51.5906101949879,0 
					</coordinates>
				</LinearRing>
			</outerBoundaryIs>
		</Polygon>
	</Placemark>
	<Placemark>
		<name>01955bd8-7692-7381-932e-018b71beab5d</name>
		<Style>
			<LineStyle>
				<color>ff0000ff</color>
			</LineStyle>
			<PolyStyle>
				<fill>0</fill>
			</PolyStyle>
		</Style>
		<Polygon>
			<outerBoundaryIs>
				<LinearRing>
					<coordinates>
						11.4987741600836,51.6360028799758,0 11.4856009505968,51.6555294815943,0 11.4891980139609,51.6608588444276,0 11.5340610455269,51.6660868845886,0 11.5173929838142,51.65831451880531,0 11.5239391122551,51.6454214591591,0 11.5165898833468,51.635471171078,0 11.5043240823283,51.6315956268432,0 11.5138353996009,51.62580158764639,0 11.4856751246906,51.6107657435502,0 11.483039091471,51.6156992457282,0 11.4987741600836,51.6360028799758,0 
					</coordinates>
				</LinearRing>
			</outerBoundaryIs>
		</Polygon>
	</Placemark>
	<Placemark>
		<name>01955bd8-7692-7b95-a74d-68891e7bbc26</name>
		<Style>
			<LineStyle>
				<color>ff0000ff</color>
			</LineStyle>
			<PolyStyle>
				<fill>0</fill>
			</PolyStyle>
		</Style>
		<Polygon>
			<outerBoundaryIs>
				<LinearRing>
					<coordinates>
						11.4200387205329,52.2947400016281,0 11.4496876569556,52.2792432411069,0 11.4444294650852,52.27400195641259,0 11.4302202730845,52.2718931326245,0 11.4277310090833,52.2597105478276,0 11.421938637522,52.25808123316149,0 11.4117776005724,52.26623071712,0 11.4133101782786,52.2739531381677,0 11.3701221184732,52.28208323887531,0 11.4190135793261,52.302152756048,0 11.4200387205329,52.2947400016281,0 
					</coordinates>
				</LinearRing>
			</outerBoundaryIs>
		</Polygon>
	</Placemark>
	<Placemark>
		<name>01955bd8-7692-76ed-91e7-20d5337c9ff7</name>
		<Style>
			<LineStyle>
				<color>ff0000ff</color>
			</LineStyle>
			<PolyStyle>
				<fill>0</fill>
			</PolyStyle>
		</Style>
		<Polygon>
			<outerBoundaryIs>
				<LinearRing>
					<coordinates>
						11.4959474402551,53.5910725629379,0 11.4852413954068,53.5953272045827,0 11.4735295875282,53.5804236776542,0 11.4435970295818,53.59601859140451,0 11.4301907795305,53.590711252236,0 11.4182483733856,53.5926474116305,0 11.4109717812149,53.5836447781083,0 11.4008283349538,53.58175177999651,0 11.3972538894665,53.57204186570711,0 11.429851183325,53.5737912795685,0 11.4273311401415,53.5617154913798,0 11.4153070205289,53.5551455361469,0 11.4045462978377,53.5558925109094,0 11.3948050729758,53.5645102342194,0 11.3533422746851,53.5630388780261,0 11.3511282649246,53.5703674006571,0 11.374325983742,53.5740832801452,0 11.3960298956137,53.58856207215621,0 11.382254280097,53.60182518662249,0 11.3686728670027,53.6061089892826,0 11.3777495269021,53.6151703683906,0 11.36139927154,53.6235251013315,0 11.3597426829968,53.6329869568567,0 11.3238335044336,53.6552340720929,0 11.3382678495493,53.65777750193109,0 11.3489490995179,53.6663598602638,0 11.395167733978,53.6474212573,0 11.4049787567855,53.656440512234,0 11.4168558585114,53.6488131239446,0 11.433375722373,53.6492193918074,0 11.4342271272878,53.63795304384919,0 11.4219458418063,53.62380738690871,0 11.4353680922566,53.6147590895158,0 11.4334006131052,53.60738202222871,0 11.4949816574133,53.59781530597651,0 11.5051903847596,53.6007847769609,0 11.5064896906541,53.5932126611698,0 11.4959474402551,53.5910725629379,0 
					</coordinates>
				</LinearRing>
			</outerBoundaryIs>
		</Polygon>
	</Placemark>
	<Placemark>
		<name>01955bd8-7692-7781-90e5-7e308733aa81</name>
		<Style>
			<LineStyle>
				<color>ff0000ff</color>
			</LineStyle>
			<PolyStyle>
				<fill>0</fill>
			</PolyStyle>
		</Style>
		<Polygon>
			<outerBoundaryIs>
				<LinearRing>
					<coordinates>
						11.4864832399181,53.9121897793018,0 11.4799296927039,53.9006819625278,0 11.4897737405053,53.8946563405134,0 11.507899640396,53.8951487086495,0 11.5123449599994,53.89089926404889,0 11.4869774640862,53.8886788550191,0 11.4732948038003,53.87909195824481,0 11.4547794916631,53.8768301781639,0 11.4487523656485,53.871585780523,0 11.4408006206013,53.8761817735939,0 11.4217300873105,53.874184665818,0 11.4266002575952,53.889777729812,0 11.4106588464382,53.9009701717073,0 11.3928753721416,53.9032750038458,0 11.381485085978,53.89804741201149,0 11.3775630897169,53.9019113309567,0 11.3915531778699,53.90385957628071,0 11.3987969006364,53.9098728219117,0 11.4264774173265,53.910683286416,0 11.4345123425203,53.8985377523297,0 11.4496030105403,53.8989250405954,0 11.4506351555909,53.9113669281054,0 11.481110200883,53.922221540025,0 11.4864832399181,53.9121897793018,0 
					</coordinates>
				</LinearRing>
			</outerBoundaryIs>
		</Polygon>
	</Placemark>
	<Placemark>
		<name>01955bd8-7692-7820-a8bd-e2adcfdfc9a0</name>
		<Style>
			<LineStyle>
				<color>ff0000ff</color>
			</LineStyle>
			<PolyStyle>
				<fill>0</fill>
			</PolyStyle>
		</Style>
		<Polygon>
			<outerBoundaryIs>
				<LinearRing>
					<coordinates>
						11.5517179489865,48.2440204550354,0 11.5439474300389,48.2586963165289,0 11.5587088094892,48.26363224820011,0 11.5653270959841,48.2553946151893,0 11.560068193451,48.24783348600211,0 11.5517179489865,48.2440204550354,0 
					</coordinates>
				</LinearRing>
			</outerBoundaryIs>
		</Polygon>
	</Placemark>
	<Placemark>
		<name>01955bd8-7692-77b2-8692-5f6b5294d255</name>
		<Style>
			<LineStyle>
				<color>ff0000ff</color>
			</LineStyle>
			<PolyStyle>
				<fill>0</fill>
			</PolyStyle>
		</Style>
		<Polygon>
			<outerBoundaryIs>
				<LinearRing>
					<coordinates>
						11.5627528897406,48.26898000319341,0 11.5529316184137,48.2820196709014,0 11.5669993856035,48.2970817488878,0 11.5790203026925,48.2972780961655,0 11.5878380740611,48.2912115814583,0 11.5967408722277,48.2646344736243,0 11.6128178016167,48.25742511795589,0 11.6403845833807,48.2543890969305,0 11.6704304212391,48.2694398397521,0 11.6765245898237,48.26709410802191,0 11.6564913254828,48.24001800286251,0 11.6414004534771,48.2402682241948,0 11.6343472995446,48.2459390838282,0 11.6039526035854,48.24321311630461,0 11.5976791529861,48.2572160063295,0 11.5864673051536,48.258477867268,0 11.5793941529998,48.26732597344551,0 11.5627528897406,48.26898000319341,0 
					</coordinates>
				</LinearRing>
			</outerBoundaryIs>
		</Polygon>
	</Placemark>
	<Placemark>
		<name>01955bd8-7692-77aa-9feb-2a5028474afb</name>
		<Style>
			<LineStyle>
				<color>ff0000ff</color>
			</LineStyle>
			<PolyStyle>
				<fill>0</fill>
			</PolyStyle>
		</Style>
		<Polygon>
			<outerBoundaryIs>
				<LinearRing>
					<coordinates>
						11.6973485728632,48.3248713714629,0 11.6941389754502,48.3163976766599,0 11.6779393368251,48.3138519236083,0 11.6678469814195,48.3042673045908,0 11.6479265955939,48.3066677308613,0 11.6349260580929,48.30051998295049,0 11.6330992503987,48.2926844576579,0 11.6134126698857,48.2929968722115,0 11.6114557349769,48.30261906810781,0 11.6216728411817,48.31028173519799,0 11.6207662365298,48.3191708014047,0 11.6279123147821,48.3200391641565,0 11.6227599773887,48.3131004184987,0 11.6272703182426,48.30957849562839,0 11.6456943240922,48.313621940956,0 11.6579608370217,48.3258301102329,0 11.6699654919681,48.3256215890789,0 11.6780752373394,48.31997717820211,0 11.6973485728632,48.3248713714629,0 
					</coordinates>
				</LinearRing>
			</outerBoundaryIs>
		</Polygon>
	</Placemark>
	<Placemark>
		<name>01955bd8-7692-7723-91a1-341ce0f3dba4</name>
		<Style>
			<LineStyle>
				<color>ff0000ff</color>
			</LineStyle>
			<PolyStyle>
				<fill>0</fill>
			</PolyStyle>
		</Style>
		<Polygon>
			<outerBoundaryIs>
				<LinearRing>
					<coordinates>
						11.7677788211448,48.4113892113631,0 11.8033976150284,48.4126907870212,0 11.8004180832132,48.4073784827616,0 11.7683642820167,48.4051154313939,0 11.7818622861899,48.3882470080854,0 11.774757394537,48.3718823125694,0 11.7685372356414,48.3817468653201,0 11.7525888550271,48.3790962720532,0 11.7442371295441,48.3863175284824,0 11.7312981356375,48.3810546720408,0 11.7241542238403,48.3900455814622,0 11.7090764782156,48.3944498970322,0 11.732784980317,48.41677058686659,0 11.7677788211448,48.4113892113631,0 
					</coordinates>
				</LinearRing>
			</outerBoundaryIs>
		</Polygon>
	</Placemark>
	<Placemark>
		<name>01955bd8-7692-713e-9f4a-14a2cd533596</name>
		<Style>
			<LineStyle>
				<color>ff0000ff</color>
			</LineStyle>
			<PolyStyle>
				<fill>0</fill>
			</PolyStyle>
		</Style>
		<Polygon>
			<outerBoundaryIs>
				<LinearRing>
					<coordinates>
						11.8599718776555,49.47251491554481,0 11.8657259450117,49.4549595677521,0 11.8797551173257,49.4520144753545,0 11.9013892907474,49.4613980020391,0 11.8896812294891,49.4373957241865,0 11.9070451682749,49.4336831547705,0 11.9008161195349,49.4072919545391,0 11.8710025299348,49.41236014796709,0 11.8631143795685,49.4260146833049,0 11.8275591707396,49.4274012916169,0 11.8353512042264,49.4381449558941,0 11.8258080136981,49.4492187787647,0 11.8416689731048,49.4586295936125,0 11.8222365279788,49.4777713916506,0 11.8293133444095,49.47813042867169,0 11.8436295641736,49.4627910509813,0 11.8599718776555,49.47251491554481,0 
					</coordinates>
				</LinearRing>
			</outerBoundaryIs>
		</Polygon>
	</Placemark>
	<Placemark>
		<name>01955bd8-7692-7d62-bcf5-ecd79944a03c</name>
		<Style>
			<LineStyle>
				<color>ff0000ff</color>
			</LineStyle>
			<PolyStyle>
				<fill>0</fill>
			</PolyStyle>
		</Style>
		<Polygon>
			<outerBoundaryIs>
				<LinearRing>
					<coordinates>
						11.7868593439496,49.4840535770689,0 11.7638918594266,49.48457450873569,0 11.7292907576622,49.49364356481519,0 11.7299724085489,49.5098342302522,0 11.7435716005239,49.5126909586245,0 11.7662152909615,49.49826388138361,0 11.7856520924696,49.49800388987401,0 11.798478885719,49.48886452363331,0 11.7868593439496,49.4840535770689,0 
					</coordinates>
				</LinearRing>
			</outerBoundaryIs>
		</Polygon>
	</Placemark>
	<Placemark>
		<name>01955bd8-7692-75c7-a1c7-5312c1fc4511</name>
		<Style>
			<LineStyle>
				<color>ff0000ff</color>
			</LineStyle>
			<PolyStyle>
				<fill>0</fill>
			</PolyStyle>
		</Style>
		<Polygon>
			<outerBoundaryIs>
				<LinearRing>
					<coordinates>
						11.7925212835992,49.4793157272354,0 11.8038582698592,49.47694322044331,0 11.8042668094852,49.4758881274322,0 11.7908325393029,49.4752934488451,0 11.7925212835992,49.4793157272354,0 
					</coordinates>
				</LinearRing>
			</outerBoundaryIs>
		</Polygon>
	</Placemark>
	<Placemark>
		<name>01955bd8-7692-7e4c-b6b6-b56a1385349d</name>
		<Style>
			<LineStyle>
				<color>ff0000ff</color>
			</LineStyle>
			<PolyStyle>
				<fill>0</fill>
			</PolyStyle>
		</Style>
		<Polygon>
			<outerBoundaryIs>
				<LinearRing>
					<coordinates>
						11.6037431534617,50.7153104735468,0 11.6178396543432,50.7104410791145,0 11.6263471089144,50.6973895190954,0 11.5909154068465,50.6831899443097,0 11.5761609638604,50.6884189952358,0 11.5599028238103,50.686001114777,0 11.5563620812825,50.6977180613091,0 11.5758993240111,50.7011287032931,0 11.5752863928613,50.70887795933561,0 11.5972199178343,50.7096537128752,0 11.6037431534617,50.7153104735468,0 
					</coordinates>
				</LinearRing>
			</outerBoundaryIs>
		</Polygon>
	</Placemark>
	<Placemark>
		<name>01955bd8-7692-7bef-8935-5f43f4e8b83c</name>
		<Style>
			<LineStyle>
				<color>ff0000ff</color>
			</LineStyle>
			<PolyStyle>
				<fill>0</fill>
			</PolyStyle>
		</Style>
		<Polygon>
			<outerBoundaryIs>
				<LinearRing>
					<coordinates>
						11.5987596103939,50.9550769706377,0 11.6224416280649,50.9621660778986,0 11.6407745911039,50.9541878336932,0 11.623390541923,50.95271625168589,0 11.6145420033417,50.9426760847761,0 11.6301535320282,50.9346517521429,0 11.6204403378133,50.9260288856573,0 11.6241302029858,50.9188867444368,0 11.5983719836718,50.9162335130936,0 11.5924315118349,50.9090585180143,0 11.6043682178401,50.9054550187824,0 11.6204333409012,50.8909155583247,0 11.6348497320161,50.8893284744232,0 11.6470553328107,50.8726698547701,0 11.6401288454073,50.8695273430979,0 11.6317836781091,50.8743020291367,0 11.5994863640572,50.8779019381612,0 11.6033110757652,50.8659275839918,0 11.5971996740261,50.8620318130049,0 11.5874376467513,50.8850235336132,0 11.5751194244559,50.88900676202061,0 11.5540366726431,50.9071692618994,0 11.5636158114015,50.9352246988057,0 11.5822359101148,50.9398136461409,0 11.5987596103939,50.9550769706377,0 
					</coordinates>
				</LinearRing>
			</outerBoundaryIs>
		</Polygon>
	</Placemark>
	<Placemark>
		<name>01955bd8-7692-7941-a41d-54424496ac3e</name>
		<Style>
			<LineStyle>
				<color>ff0000ff</color>
			</LineStyle>
			<PolyStyle>
				<fill>0</fill>
			</PolyStyle>
		</Style>
		<Polygon>
			<outerBoundaryIs>
				<LinearRing>
					<coordinates>
						11.7771095479599,51.2960359095825,0 11.804048716701,51.3099107095988,0 11.8199590374306,51.3028194955344,0 11.8106196938591,51.288701967354,0 11.793676015565,51.2975248293456,0 11.7771095479599,51.2960359095825,0 
					</coordinates>
				</LinearRing>
			</outerBoundaryIs>
		</Polygon>
	</Placemark>
	<Placemark>
		<name>01955bd8-7692-7619-af2e-5e60c7ca0745</name>
		<Style>
			<LineStyle>
				<color>ff0000ff</color>
			</LineStyle>
			<PolyStyle>
				<fill>0</fill>
			</PolyStyle>
		</Style>
		<Polygon>
			<outerBoundaryIs>
				<LinearRing>
					<coordinates>
						11.8278324589873,51.30131856417371,0 11.9033337070213,51.2912275948892,0 11.9062145721858,51.28784618081941,0 11.872132829301,51.2731734503605,0 11.8718808613798,51.28444193726069,0 11.8415559695219,51.2925336254167,0 11.8278324589873,51.30131856417371,0 
					</coordinates>
				</LinearRing>
			</outerBoundaryIs>
		</Polygon>
	</Placemark>
	<Placemark>
		<name>01955bd8-7692-7834-b91b-1627eccded98</name>
		<Style>
			<LineStyle>
				<color>ff0000ff</color>
			</LineStyle>
			<PolyStyle>
				<fill>0</fill>
			</PolyStyle>
		</Style>
		<Polygon>
			<outerBoundaryIs>
				<LinearRing>
					<coordinates>
						11.7208071268019,51.8178060157416,0 11.7569911607228,51.8246809985619,0 11.7581111511118,51.8034977886456,0 11.7768992744009,51.7990105117589,0 11.764779211298,51.792846379034,0 11.767236086359,51.7786988346022,0 11.7482132365785,51.77187902717639,0 11.7278078364824,51.7719041968403,0 11.716700999108,51.7814471500324,0 11.7269965988036,51.7911505922354,0 11.7193356390947,51.7962051017928,0 11.7208071268019,51.8178060157416,0 
					</coordinates>
				</LinearRing>
			</outerBoundaryIs>
		</Polygon>
	</Placemark>
	<Placemark>
		<name>01955bd8-7692-7df0-b024-d9a5dbac2982</name>
		<Style>
			<LineStyle>
				<color>ff0000ff</color>
			</LineStyle>
			<PolyStyle>
				<fill>0</fill>
			</PolyStyle>
		</Style>
		<Polygon>
			<outerBoundaryIs>
				<LinearRing>
					<coordinates>
						11.7442345332788,52.032137931609,0 11.7467182285976,52.02163655198891,0 11.766290226925,52.0155329356248,0 11.7556849879186,52.00566066557481,0 11.7604624337876,51.99845060262799,0 11.7135288122812,51.9928037155653,0 11.706480280485,52.0033695942274,0 11.7109018768157,52.0139762519105,0 11.6904618183405,52.0151495829354,0 11.6900665440466,52.02066855548181,0 11.7036444151139,52.0326175290739,0 11.733684055289,52.02478301400501,0 11.7442345332788,52.032137931609,0 
					</coordinates>
				</LinearRing>
			</outerBoundaryIs>
		</Polygon>
	</Placemark>
	<Placemark>
		<name>01955bd8-7692-7a04-ba26-682346cd86ac</name>
		<Style>
			<LineStyle>
				<color>ff0000ff</color>
			</LineStyle>
			<PolyStyle>
				<fill>0</fill>
			</PolyStyle>
		</Style>
		<Polygon>
			<outerBoundaryIs>
				<LinearRing>
					<coordinates>
						11.5640763066731,52.1609722028624,0 11.5967291433909,52.15844378673999,0 11.6168960334248,52.1753836946044,0 11.6121304012324,52.1899028215143,0 11.5999602661095,52.1959581369336,0 11.6058610112697,52.2088408294154,0 11.624430675718,52.2091766852744,0 11.6234777047891,52.1846542611137,0 11.6472362191085,52.1732698015113,0 11.6510841617966,52.1857401157522,0 11.6690306548978,52.1925130465614,0 11.6635776948262,52.2134483684049,0 11.6791271929874,52.2153607792572,0 11.6860485942044,52.1929626329799,0 11.6623710545464,52.1443007667563,0 11.6769419550668,52.1452327625763,0 11.6866057885786,52.13694406024829,0 11.7101067865398,52.1382172993759,0 11.71573523573,52.1347816487199,0 11.7036402381254,52.1318947006001,0 11.6843315905022,52.1175524748874,0 11.6833503221288,52.1024118081568,0 11.6746408540642,52.1028488996356,0 11.6519211220271,52.1198247443907,0 11.6365932924419,52.11512928209821,0 11.6690932478069,52.0844120467008,0 11.6799918974246,52.0544668711377,0 11.6441368520809,52.07694754392529,0 11.5916940505081,52.0811242926799,0 11.5772204242042,52.0775790519734,0 11.5543079811749,52.0845464273027,0 11.5566824982518,52.0957891566715,0 11.5734798038636,52.1062526598708,0 11.5678847411651,52.1251313312647,0 11.5563333406348,52.1299269463128,0 11.5679525695419,52.1376520829665,0 11.5640763066731,52.1609722028624,0 
					</coordinates>
				</LinearRing>
			</outerBoundaryIs>
		</Polygon>
	</Placemark>
	<Placemark>
		<name>01955bd8-7692-75a8-b1c0-2d0e6a063d31</name>
		<Style>
			<LineStyle>
				<color>ff0000ff</color>
			</LineStyle>
			<PolyStyle>
				<fill>0</fill>
			</PolyStyle>
		</Style>
		<Polygon>
			<outerBoundaryIs>
				<LinearRing>
					<coordinates>
						11.8773848015919,52.2468732365987,0 11.857974562896,52.2616462060146,0 11.8412932130762,52.2591191815516,0 11.8324005555044,52.2650867117709,0 11.8321997649163,52.27486256922469,0 11.8644530793054,52.2833609469678,0 11.8960215072208,52.2673306848532,0 11.8700849025515,52.2599610641244,0 11.8712004069847,52.25596158896991,0 11.8913900647973,52.2527850200413,0 11.8882737281527,52.24700193727399,0 11.8773848015919,52.2468732365987,0 
					</coordinates>
				</LinearRing>
			</outerBoundaryIs>
		</Polygon>
	</Placemark>
	<Placemark>
		<name>01955bd8-7692-7bec-828b-17f25971bddc</name>
		<Style>
			<LineStyle>
				<color>ff0000ff</color>
			</LineStyle>
			<PolyStyle>
				<fill>0</fill>
			</PolyStyle>
		</Style>
		<Polygon>
			<outerBoundaryIs>
				<LinearRing>
					<coordinates>
						11.8856327749244,52.61825604751409,0 11.8858022699507,52.5836344610728,0 11.8734378469305,52.5785566116923,0 11.8642103874925,52.5867350029772,0 11.8235244591462,52.5883485108096,0 11.8194069507847,52.5954002052513,0 11.8324925968928,52.60543710242649,0 11.830795414884,52.613592467393,0 11.8431988730423,52.6273873866081,0 11.87289456343,52.62648347909001,0 11.8856327749244,52.61825604751409,0 
					</coordinates>
				</LinearRing>
			</outerBoundaryIs>
		</Polygon>
	</Placemark>
	<Placemark>
		<name>01955bd8-7692-73f5-a45d-4eecd00df296</name>
		<Style>
			<LineStyle>
				<color>ff0000ff</color>
			</LineStyle>
			<PolyStyle>
				<fill>0</fill>
			</PolyStyle>
		</Style>
		<Polygon>
			<outerBoundaryIs>
				<LinearRing>
					<coordinates>
						11.870348229045,53.4413829368037,0 11.8825474130299,53.4378401425052,0 11.8621799220361,53.4185525542118,0 11.8421481069773,53.41004096816869,0 11.8153056911271,53.4162947404304,0 11.8111206430511,53.42522157008769,0 11.8316135263618,53.4435471356774,0 11.854346718342,53.4434295571793,0 11.8588316809898,53.4329086225044,0 11.870348229045,53.4413829368037,0 
					</coordinates>
				</LinearRing>
			</outerBoundaryIs>
		</Polygon>
	</Placemark>
	<Placemark>
		<name>01955bd8-7692-7939-9184-e28a04799626</name>
		<Style>
			<LineStyle>
				<color>ff0000ff</color>
			</LineStyle>
			<PolyStyle>
				<fill>0</fill>
			</PolyStyle>
		</Style>
		<Polygon>
			<outerBoundaryIs>
				<LinearRing>
					<coordinates>
						12.1346532844678,47.74045355402291,0 12.1308519064458,47.7193598149824,0 12.0901133600087,47.72814964142589,0 12.0857764787723,47.7402176236595,0 12.1068412742589,47.74601651886119,0 12.1142993072476,47.7394241658047,0 12.1346532844678,47.74045355402291,0 
					</coordinates>
				</LinearRing>
			</outerBoundaryIs>
		</Polygon>
	</Placemark>
	<Placemark>
		<name>01955bd8-7692-7b62-a420-3ac29b926c36</name>
		<Style>
			<LineStyle>
				<color>ff0000ff</color>
			</LineStyle>
			<PolyStyle>
				<fill>0</fill>
			</PolyStyle>
		</Style>
		<Polygon>
			<outerBoundaryIs>
				<LinearRing>
					<coordinates>
						12.1380366008946,47.7416176114565,0 12.1493369362249,47.7476963135431,0 12.1631106423068,47.7414453036794,0 12.1584298080068,47.7380379491446,0 12.1380366008946,47.7416176114565,0 
					</coordinates>
				</LinearRing>
			</outerBoundaryIs>
		</Polygon>
	</Placemark>
	<Placemark>
		<name>01955bd8-7692-7347-b471-fc3a9b25b449</name>
		<Style>
			<LineStyle>
				<color>ff0000ff</color>
			</LineStyle>
			<PolyStyle>
				<fill>0</fill>
			</PolyStyle>
		</Style>
		<Polygon>
			<outerBoundaryIs>
				<LinearRing>
					<coordinates>
						12.036031884363,47.8417255610928,0 12.0440438075322,47.8474148096453,0 12.0425792840486,47.8559608260921,0 12.0548482225555,47.86348064142231,0 12.0898253942327,47.8529921359667,0 12.1037597040735,47.8792760407547,0 12.1191801699371,47.88282735306629,0 12.128132204674,47.8799717938408,0 12.1357401429157,47.8652218100401,0 12.1721340996821,47.8661309374379,0 12.1904567211815,47.8544528968702,0 12.1644179529921,47.8550723807775,0 12.163182943188,47.8445233822513,0 12.1408441371535,47.8417318019713,0 12.1294802133312,47.8275096136822,0 12.1159468615878,47.82749510598811,0 12.0982132691042,47.8193991238513,0 12.0768890450408,47.82122801478721,0 12.0889340323067,47.8325955706342,0 12.0803580893993,47.8401224336274,0 12.0437062220673,47.8342859537971,0 12.036031884363,47.8417255610928,0 
					</coordinates>
				</LinearRing>
			</outerBoundaryIs>
		</Polygon>
	</Placemark>
	<Placemark>
		<name>01955bd8-7692-7304-bd96-646f819b65cf</name>
		<Style>
			<LineStyle>
				<color>ff0000ff</color>
			</LineStyle>
			<PolyStyle>
				<fill>0</fill>
			</PolyStyle>
		</Style>
		<Polygon>
			<outerBoundaryIs>
				<LinearRing>
					<coordinates>
						11.9135447188741,47.8932346586127,0 11.9226089904666,47.88571047880609,0 11.9477055514939,47.8774523861266,0 11.9734056353333,47.8762489500368,0 11.9763132422349,47.8706448527082,0 11.9437531201586,47.86172265645511,0 11.9274771539926,47.8743134400738,0 11.8957930886562,47.86896750143299,0 11.8779245013741,47.8713174715897,0 11.9066910298746,47.88373662632959,0 11.9135447188741,47.8932346586127,0 
					</coordinates>
				</LinearRing>
			</outerBoundaryIs>
		</Polygon>
	</Placemark>
	<Placemark>
		<name>01955bd8-7692-7b57-8aa4-f1d58c2bdca8</name>
		<Style>
			<LineStyle>
				<color>ff0000ff</color>
			</LineStyle>
			<PolyStyle>
				<fill>0</fill>
			</PolyStyle>
		</Style>
		<Polygon>
			<outerBoundaryIs>
				<LinearRing>
					<coordinates>
						11.8969610938687,48.3225308242303,0 11.9187436033962,48.3193365412501,0 11.9237209948324,48.34976620939019,0 11.9338043509885,48.34085350233491,0 11.9293475435523,48.31974108237549,0 11.9380794502844,48.3062761882165,0 11.9171119193281,48.2964191323809,0 11.9148745547627,48.2743648321058,0 11.8934512334517,48.27267376234911,0 11.8839492434287,48.2915484178199,0 11.8898987630897,48.3031588705997,0 11.8638200538475,48.3039963113073,0 11.8594195556272,48.30829933317839,0 11.8785114970945,48.30808641761241,0 11.8969610938687,48.3225308242303,0 
					</coordinates>
				</LinearRing>
			</outerBoundaryIs>
		</Polygon>
	</Placemark>
	<Placemark>
		<name>01955bd8-7692-71ce-846c-53a07f45b7bf</name>
		<Style>
			<LineStyle>
				<color>ff0000ff</color>
			</LineStyle>
			<PolyStyle>
				<fill>0</fill>
			</PolyStyle>
		</Style>
		<Polygon>
			<outerBoundaryIs>
				<LinearRing>
					<coordinates>
						12.1120090486322,48.5395914037096,0 12.1053903752383,48.5416028604463,0 12.0794825669925,48.5282494620234,0 12.0790387197717,48.5341159665781,0 12.0902062013187,48.5400011210299,0 12.0767593446957,48.5447495123446,0 12.0770843927458,48.5512889127257,0 12.0972264909549,48.5541979663804,0 12.0963489374186,48.56622006845021,0 12.1225069487112,48.561481771251,0 12.1502703159914,48.5638872498649,0 12.160370172247,48.5799343693112,0 12.1848405809892,48.5787154803502,0 12.197283139331,48.59786908278179,0 12.2124408116537,48.5964153298535,0 12.2127452318614,48.5867349147938,0 12.1888840885685,48.577830514118,0 12.1737079290504,48.5588890886905,0 12.1784313200296,48.5553786642722,0 12.201883313206,48.56160292882431,0 12.2027068797961,48.55538385510279,0 12.1609118432048,48.5174176140295,0 12.1602788705567,48.4975278093706,0 12.148329227825,48.4971561862457,0 12.1559163719709,48.5061776800237,0 12.1266806184163,48.5271365485264,0 12.1153821892058,48.52829034463851,0 12.1120090486322,48.5395914037096,0 
					</coordinates>
				</LinearRing>
			</outerBoundaryIs>
		</Polygon>
	</Placemark>
	<Placemark>
		<name>01955bd8-7692-75cb-91d6-81a10cc4ae40</name>
		<Style>
			<LineStyle>
				<color>ff0000ff</color>
			</LineStyle>
			<PolyStyle>
				<fill>0</fill>
			</PolyStyle>
		</Style>
		<Polygon>
			<outerBoundaryIs>
				<LinearRing>
					<coordinates>
						12.2032271547122,48.56395751741429,0 12.2033924948529,48.5691143621703,0 12.2178818747949,48.5719189714637,0 12.2184776283709,48.56893458673251,0 12.2032271547122,48.56395751741429,0 
					</coordinates>
				</LinearRing>
			</outerBoundaryIs>
		</Polygon>
	</Placemark>
	<Placemark>
		<name>01955bd8-7692-7fc9-82be-ba7fc0b2da81</name>
		<Style>
			<LineStyle>
				<color>ff0000ff</color>
			</LineStyle>
			<PolyStyle>
				<fill>0</fill>
			</PolyStyle>
		</Style>
		<Polygon>
			<outerBoundaryIs>
				<LinearRing>
					<coordinates>
						11.9229420294205,48.9148345327455,0 11.934062330088,48.9064456016745,0 11.9478857963472,48.908979502955,0 11.9281250105316,48.89195112378181,0 11.8741538417666,48.9052558836899,0 11.8520961124128,48.925298492361,0 11.8572554107608,48.9436170704477,0 11.8676189735343,48.9449227147321,0 11.8703599954985,48.9358615912562,0 11.8927269326175,48.9199554894896,0 11.9229420294205,48.9148345327455,0 
					</coordinates>
				</LinearRing>
			</outerBoundaryIs>
		</Polygon>
	</Placemark>
	<Placemark>
		<name>01955bd8-7692-796d-a176-eab4a6fde36e</name>
		<Style>
			<LineStyle>
				<color>ff0000ff</color>
			</LineStyle>
			<PolyStyle>
				<fill>0</fill>
			</PolyStyle>
		</Style>
		<Polygon>
			<outerBoundaryIs>
				<LinearRing>
					<coordinates>
						11.934299794142,49.0478873024957,0 11.9100003794765,49.0265856470167,0 11.9043558184925,49.028178748877,0 11.9016936275656,49.0346761109039,0 11.9136999227384,49.0468198933489,0 11.927668075173,49.0513414808341,0 11.934299794142,49.0478873024957,0 
					</coordinates>
				</LinearRing>
			</outerBoundaryIs>
		</Polygon>
	</Placemark>
	<Placemark>
		<name>01955bd8-7692-7f6f-99a4-c5c57926fe6c</name>
		<Style>
			<LineStyle>
				<color>ff0000ff</color>
			</LineStyle>
			<PolyStyle>
				<fill>0</fill>
			</PolyStyle>
		</Style>
		<Polygon>
			<outerBoundaryIs>
				<LinearRing>
					<coordinates>
						11.9319914879127,49.0374663729958,0 11.9509215819923,49.0304163683983,0 11.9870218197036,49.0345028419847,0 11.9898181204269,49.03114053200481,0 11.9628478380744,49.0181614866196,0 11.9583222738149,49.00574351116709,0 11.9529140520123,49.01897851415499,0 11.9260848259791,49.02373505777171,0 11.9319914879127,49.0374663729958,0 
					</coordinates>
				</LinearRing>
			</outerBoundaryIs>
		</Polygon>
	</Placemark>
	<Placemark>
		<name>01955bd8-7692-7e58-9de9-db001f8a86af</name>
		<Style>
			<LineStyle>
				<color>ff0000ff</color>
			</LineStyle>
			<PolyStyle>
				<fill>0</fill>
			</PolyStyle>
		</Style>
		<Polygon>
			<outerBoundaryIs>
				<LinearRing>
					<coordinates>
						12.0202641902111,48.99253629424451,0 12.0283560301795,48.99781804637351,0 12.0415632829577,48.9913673631607,0 12.0341426806521,48.98465835010429,0 12.0202641902111,48.99253629424451,0 
					</coordinates>
				</LinearRing>
			</outerBoundaryIs>
		</Polygon>
	</Placemark>
	<Placemark>
		<name>01955bd8-7692-7cbb-a89b-e89661d38843</name>
		<Style>
			<LineStyle>
				<color>ff0000ff</color>
			</LineStyle>
			<PolyStyle>
				<fill>0</fill>
			</PolyStyle>
		</Style>
		<Polygon>
			<outerBoundaryIs>
				<LinearRing>
					<coordinates>
						12.0290979312877,49.0022280449153,0 12.0281861133555,49.01732646229109,0 12.039106652029,49.0212944776323,0 12.0291088341798,49.0275048221998,0 12.0519316660582,49.0333819837884,0 12.0812869454239,49.03261774260771,0 12.0657314440939,49.0584771870744,0 12.0820222666959,49.0568352938854,0 12.084671549102,49.06977461811699,0 12.0943479736521,49.0706591841266,0 12.110528610786,49.08309962256649,0 12.1197823328831,49.0827485096806,0 12.1204934275437,49.0773764374026,0 12.10682679474,49.0678235430466,0 12.0939194889015,49.0665054677596,0 12.0957875217833,49.0536797726025,0 12.1206172386862,49.0524447198261,0 12.1195768608593,49.0652132183365,0 12.1380258100796,49.0654263203289,0 12.1309276471034,49.0508324183063,0 12.1460952618602,49.0291284451759,0 12.1598001873116,49.0262315688119,0 12.1808986782647,49.0346908801783,0 12.2228474185489,49.03559487551271,0 12.2210725029134,49.0309424005397,0 12.2054151689488,49.0268082722155,0 12.186753522839,49.0323774289955,0 12.181228621805,49.0208049281513,0 12.1647275847615,49.01483712581179,0 12.2074666892142,49.0053952324452,0 12.2099845438473,48.99450060016869,0 12.2334892903376,48.9970869775249,0 12.2411493370653,48.9883426680727,0 12.2260029004684,48.99060418594889,0 12.210943800576,48.97939528997151,0 12.1788963157423,48.971553609108,0 12.1846852162392,48.96006182270029,0 12.1767051966062,48.9565509960021,0 12.1623712670195,48.9627779816354,0 12.1474730632403,48.9622231068005,0 12.1546623182914,48.9826205990281,0 12.1361972244174,48.9819192160533,0 12.12036537671,48.9909519147383,0 12.1116740740062,48.9804193020195,0 12.0908637541354,48.9787142091132,0 12.0714359901596,48.9851616011573,0 12.0672912243683,48.9720507250511,0 12.04302281206,48.9555946562556,0 12.0559985415299,48.9755079997214,0 12.0511529805541,48.98442894738171,0 12.0576620817853,49.0024871571757,0 12.0427548593356,49.008984949966,0 12.0290979312877,49.0022280449153,0 
					</coordinates>
				</LinearRing>
			</outerBoundaryIs>
		</Polygon>
	</Placemark>
	<Placemark>
		<name>01955bd8-7692-714f-91a9-a10c4662fb74</name>
		<Style>
			<LineStyle>
				<color>ff0000ff</color>
			</LineStyle>
			<PolyStyle>
				<fill>0</fill>
			</PolyStyle>
		</Style>
		<Polygon>
			<outerBoundaryIs>
				<LinearRing>
					<coordinates>
						12.1090791092924,49.08989463694731,0 12.1014761749177,49.0993649965594,0 12.1167808542984,49.1025155828279,0 12.1183999444318,49.0983128435767,0 12.1090791092924,49.08989463694731,0 
					</coordinates>
				</LinearRing>
			</outerBoundaryIs>
		</Polygon>
	</Placemark>
	<Placemark>
		<name>01955bd8-7692-74dc-b0cc-661ab065c6be</name>
		<Style>
			<LineStyle>
				<color>ff0000ff</color>
			</LineStyle>
			<PolyStyle>
				<fill>0</fill>
			</PolyStyle>
		</Style>
		<Polygon>
			<outerBoundaryIs>
				<LinearRing>
					<coordinates>
						12.1200871323789,49.1065618426484,0 12.1130672179036,49.1354274165328,0 12.1174710716772,49.13812837901741,0 12.1275452074366,49.1364100494544,0 12.1441086774874,49.1176346589904,0 12.1200871323789,49.1065618426484,0 
					</coordinates>
				</LinearRing>
			</outerBoundaryIs>
		</Polygon>
	</Placemark>
	<Placemark>
		<name>01955bd8-7692-700a-936a-6a8c00b3f0b2</name>
		<Style>
			<LineStyle>
				<color>ff0000ff</color>
			</LineStyle>
			<PolyStyle>
				<fill>0</fill>
			</PolyStyle>
		</Style>
		<Polygon>
			<outerBoundaryIs>
				<LinearRing>
					<coordinates>
						12.0626786373125,49.06192321150089,0 12.052067185471,49.063799248595,0 12.0453758510139,49.0733220823641,0 12.0520100017904,49.0776309833502,0 12.0616949017845,49.0751951255322,0 12.0626786373125,49.06192321150089,0 
					</coordinates>
				</LinearRing>
			</outerBoundaryIs>
		</Polygon>
	</Placemark>
	<Placemark>
		<name>01955bd8-7692-71a5-90ac-b0bfe644c065</name>
		<Style>
			<LineStyle>
				<color>ff0000ff</color>
			</LineStyle>
			<PolyStyle>
				<fill>0</fill>
			</PolyStyle>
		</Style>
		<Polygon>
			<outerBoundaryIs>
				<LinearRing>
					<coordinates>
						12.0731679938152,49.3302818207849,0 12.1008909243249,49.3377956380368,0 12.1310768866695,49.3245592059039,0 12.1518736156817,49.3235526957617,0 12.1606194160807,49.3149075629724,0 12.183486934071,49.3205003278694,0 12.1868651470392,49.3172817251139,0 12.1742969105885,49.3010774010045,0 12.1420097493713,49.31155497751049,0 12.1346606343244,49.320493280676,0 12.1193286372701,49.3124382966543,0 12.0838853129184,49.3066489457884,0 12.0753981170497,49.310542215998,0 12.0934562986022,49.3184062731049,0 12.0731679938152,49.3302818207849,0 
					</coordinates>
				</LinearRing>
			</outerBoundaryIs>
		</Polygon>
	</Placemark>
	<Placemark>
		<name>01955bd8-7692-7c95-bf3e-9d8ce464540b</name>
		<Style>
			<LineStyle>
				<color>ff0000ff</color>
			</LineStyle>
			<PolyStyle>
				<fill>0</fill>
			</PolyStyle>
		</Style>
		<Polygon>
			<outerBoundaryIs>
				<LinearRing>
					<coordinates>
						12.1399050617531,49.6282528218315,0 12.1398140783844,49.6644580250028,0 12.1277299820112,49.6707046275818,0 12.1339306510221,49.679478931431,0 12.1101934810172,49.6878294960731,0 12.1325293867039,49.696938985762,0 12.1548418930587,49.6952708777398,0 12.1502875012541,49.7218970533684,0 12.1712829555683,49.7401849519736,0 12.1945345347449,49.7337237603902,0 12.2094938473046,49.73547654990421,0 12.2112252913748,49.73074490601519,0 12.1646685238164,49.7203393916914,0 12.1778367897301,49.6955422690391,0 12.17685178319,49.6835083005528,0 12.1932390327088,49.67483767246,0 12.1750936316358,49.6658199174956,0 12.1621409143927,49.666389509616,0 12.1492176266746,49.6530068948154,0 12.1399050617531,49.6282528218315,0 
					</coordinates>
				</LinearRing>
			</outerBoundaryIs>
		</Polygon>
	</Placemark>
	<Placemark>
		<name>01955bd8-7692-7611-8bef-1e7d35a26ceb</name>
		<Style>
			<LineStyle>
				<color>ff0000ff</color>
			</LineStyle>
			<PolyStyle>
				<fill>0</fill>
			</PolyStyle>
		</Style>
		<Polygon>
			<outerBoundaryIs>
				<LinearRing>
					<coordinates>
						12.1750749395043,49.65842741310979,0 12.1781192661816,49.6555265760754,0 12.1685824023246,49.6483476060429,0 12.1671346985262,49.6489406720244,0 12.1750749395043,49.65842741310979,0 
					</coordinates>
				</LinearRing>
			</outerBoundaryIs>
		</Polygon>
	</Placemark>
	<Placemark>
		<name>01955bd8-7692-70a5-be8e-7b055cb78a24</name>
		<Style>
			<LineStyle>
				<color>ff0000ff</color>
			</LineStyle>
			<PolyStyle>
				<fill>0</fill>
			</PolyStyle>
		</Style>
		<Polygon>
			<outerBoundaryIs>
				<LinearRing>
					<coordinates>
						12.0677619537307,49.9930328504872,0 12.0612957448459,50.01085990636041,0 12.1116292513595,50.0249442184255,0 12.114039034577,50.0181589220986,0 12.1045568515715,50.0141212990513,0 12.1127305754433,50.0039824561819,0 12.0922167704998,49.9916001198853,0 12.0712957220648,49.9913364368951,0 12.0729481676158,49.981113561351,0 12.0640212619642,49.9740550098935,0 12.0549094235053,49.98134449737019,0 12.0677619537307,49.9930328504872,0 
					</coordinates>
				</LinearRing>
			</outerBoundaryIs>
		</Polygon>
	</Placemark>
	<Placemark>
		<name>01955bd8-7692-7a0b-a81a-725b68604e4a</name>
		<Style>
			<LineStyle>
				<color>ff0000ff</color>
			</LineStyle>
			<PolyStyle>
				<fill>0</fill>
			</PolyStyle>
		</Style>
		<Polygon>
			<outerBoundaryIs>
				<LinearRing>
					<coordinates>
						12.1210234349275,50.1958126894414,0 12.1212821797865,50.1876140969892,0 12.1091393061711,50.1878449599122,0 12.1073886937576,50.18936786954481,0 12.1210234349275,50.1958126894414,0 
					</coordinates>
				</LinearRing>
			</outerBoundaryIs>
		</Polygon>
	</Placemark>
	<Placemark>
		<name>01955bd8-7692-73bc-b05a-55c4d64750ca</name>
		<Style>
			<LineStyle>
				<color>ff0000ff</color>
			</LineStyle>
			<PolyStyle>
				<fill>0</fill>
			</PolyStyle>
		</Style>
		<Polygon>
			<outerBoundaryIs>
				<LinearRing>
					<coordinates>
						12.0978678413269,50.1654528265826,0 12.1418802369833,50.1939932804091,0 12.1522569290122,50.1916171758636,0 12.1454410865457,50.18289791318169,0 12.1567369031301,50.1727741218129,0 12.1499711056548,50.1552411937265,0 12.1139184393768,50.1648243259003,0 12.1029067179998,50.1553974832898,0 12.0826484111462,50.164593861322,0 12.0978678413269,50.1654528265826,0 
					</coordinates>
				</LinearRing>
			</outerBoundaryIs>
		</Polygon>
	</Placemark>
	<Placemark>
		<name>01955bd8-7694-786e-b43c-00e077c4c341</name>
		<Style>
			<LineStyle>
				<color>ff0000ff</color>
			</LineStyle>
			<PolyStyle>
				<fill>0</fill>
			</PolyStyle>
		</Style>
		<Polygon>
			<outerBoundaryIs>
				<LinearRing>
					<coordinates>
						11.8970393405818,50.3375691728779,0 11.9068575888452,50.33221381321201,0 11.9164642775467,50.33586254359741,0 11.9475836880469,50.3240719478647,0 11.9398353144016,50.3176524029418,0 11.946702436903,50.3070757668351,0 11.9345868099544,50.3028391348327,0 11.9355066243295,50.2892345416997,0 11.9473700092552,50.2869570178914,0 11.9475466895152,50.27988773234719,0 11.9325263904603,50.28484252647349,0 11.923269725886,50.2804660031572,0 11.8957528452204,50.2925497985723,0 11.8735695725728,50.3111059050353,0 11.8866404956479,50.3174270414213,0 11.8762081229147,50.3290906637859,0 11.8868803515101,50.3298141606765,0 11.8970393405818,50.3375691728779,0 
					</coordinates>
				</LinearRing>
			</outerBoundaryIs>
		</Polygon>
	</Placemark>
	<Placemark>
		<name>01955bd8-7694-788b-b1ec-d96f3bab2ecf</name>
		<Style>
			<LineStyle>
				<color>ff0000ff</color>
			</LineStyle>
			<PolyStyle>
				<fill>0</fill>
			</PolyStyle>
		</Style>
		<Polygon>
			<outerBoundaryIs>
				<LinearRing>
					<coordinates>
						11.9243471993152,50.2761161662694,0 11.9445831468176,50.2666472180746,0 11.9323119740849,50.2530488686802,0 11.9220754075544,50.257654468842,0 11.9243471993152,50.2761161662694,0 
					</coordinates>
				</LinearRing>
			</outerBoundaryIs>
		</Polygon>
	</Placemark>
	<Placemark>
		<name>01955bd8-7694-7bff-8718-a776d049c75d</name>
		<Style>
			<LineStyle>
				<color>ff0000ff</color>
			</LineStyle>
			<PolyStyle>
				<fill>0</fill>
			</PolyStyle>
		</Style>
		<Polygon>
			<outerBoundaryIs>
				<LinearRing>
					<coordinates>
						12.1384667617574,50.52020360393421,0 12.1518239033771,50.5270901395644,0 12.173943287276,50.4995642125869,0 12.1863244225165,50.4940727570354,0 12.1865972919769,50.4877116118622,0 12.1763224706579,50.48439295502689,0 12.1610220302642,50.4874304722536,0 12.1550914340206,50.4781947712878,0 12.1449263810472,50.4748251765886,0 12.1226277599682,50.4739598660628,0 12.1144889986292,50.4806977762096,0 12.1039040363436,50.4700117049873,0 12.0832801308521,50.4926086218821,0 12.0979001048573,50.5027394986344,0 12.1119151579571,50.5045481326054,0 12.1002005640358,50.5366724593095,0 12.1132982694354,50.5327331868698,0 12.1184903170311,50.5227114035007,0 12.1384667617574,50.52020360393421,0 
					</coordinates>
				</LinearRing>
			</outerBoundaryIs>
		</Polygon>
	</Placemark>
	<Placemark>
		<name>01955bd8-7694-770a-a50a-a6d37d4fb876</name>
		<Style>
			<LineStyle>
				<color>ff0000ff</color>
			</LineStyle>
			<PolyStyle>
				<fill>0</fill>
			</PolyStyle>
		</Style>
		<Polygon>
			<outerBoundaryIs>
				<LinearRing>
					<coordinates>
						12.2330452552741,50.6460525102688,0 12.1933789666613,50.642079651888,0 12.1879421467258,50.6238576112127,0 12.1784796452196,50.62231444055221,0 12.1745524449993,50.6400573315313,0 12.1984848124589,50.665097252999,0 12.2232358430105,50.66697662394601,0 12.2202173084791,50.6585708582971,0 12.2353990481134,50.65008006886101,0 12.2330452552741,50.6460525102688,0 
					</coordinates>
				</LinearRing>
			</outerBoundaryIs>
		</Polygon>
	</Placemark>
	<Placemark>
		<name>01955bd8-7694-7f8b-b461-e2a1d8ed94b8</name>
		<Style>
			<LineStyle>
				<color>ff0000ff</color>
			</LineStyle>
			<PolyStyle>
				<fill>0</fill>
			</PolyStyle>
		</Style>
		<Polygon>
			<outerBoundaryIs>
				<LinearRing>
					<coordinates>
						12.0663033696577,50.9143024128972,0 12.0851227844831,50.9134920175019,0 12.1175634051032,50.8983018793857,0 12.1275942900864,50.9028189046937,0 12.1336626356254,50.8973903021484,0 12.1305866858829,50.8937318505505,0 12.1030164315176,50.8928809895366,0 12.1175061783216,50.87746176086549,0 12.1129044871062,50.8636840141788,0 12.0932983145094,50.8550000653977,0 12.1012997407917,50.84841455881911,0 12.0916025353191,50.8408470030486,0 12.0965186787028,50.8269085544378,0 12.0657089432421,50.83063564545419,0 12.0472678766186,50.8396462136116,0 12.0614541530313,50.856616283188,0 12.0651676572298,50.8756163365515,0 12.0452026019586,50.9026842262027,0 12.0526859381764,50.9103227732991,0 12.0336879778606,50.9279543133687,0 12.0027298394906,50.9311189333598,0 12.0071400558034,50.935157183518,0 12.0200588384641,50.9335635249941,0 12.0249069246627,50.9389686910724,0 12.0612684786149,50.92547157672849,0 12.0663033696577,50.9143024128972,0 
					</coordinates>
				</LinearRing>
			</outerBoundaryIs>
		</Polygon>
	</Placemark>
	<Placemark>
		<name>01955bd8-7694-7d6a-9a31-579180c20abd</name>
		<Style>
			<LineStyle>
				<color>ff0000ff</color>
			</LineStyle>
			<PolyStyle>
				<fill>0</fill>
			</PolyStyle>
		</Style>
		<Polygon>
			<outerBoundaryIs>
				<LinearRing>
					<coordinates>
						12.0735534176433,51.0550178901416,0 12.0819588989982,51.05970372921369,0 12.0844625069494,51.0575387492426,0 12.0735534176433,51.0550178901416,0 
					</coordinates>
				</LinearRing>
			</outerBoundaryIs>
		</Polygon>
	</Placemark>
	<Placemark>
		<name>01955bd8-7694-77e5-826d-6b6ead28a2ff</name>
		<Style>
			<LineStyle>
				<color>ff0000ff</color>
			</LineStyle>
			<PolyStyle>
				<fill>0</fill>
			</PolyStyle>
		</Style>
		<Polygon>
			<outerBoundaryIs>
				<LinearRing>
					<coordinates>
						12.0979412485157,51.0550804329006,0 12.1170730352807,51.05843813589439,0 12.1242748628643,51.0700039570673,0 12.1419969597156,51.0675792478706,0 12.168339639512,51.0398169703638,0 12.1577729814873,51.0324338030923,0 12.1307057539176,51.0311110378118,0 12.1126649406994,51.045446021156,0 12.0974154139386,51.0407535245318,0 12.1031268082648,51.0501085255769,0 12.0979412485157,51.0550804329006,0 
					</coordinates>
				</LinearRing>
			</outerBoundaryIs>
		</Polygon>
	</Placemark>
	<Placemark>
		<name>01955bd8-7694-7591-ba4d-f1aa4bc06ebf</name>
		<Style>
			<LineStyle>
				<color>ff0000ff</color>
			</LineStyle>
			<PolyStyle>
				<fill>0</fill>
			</PolyStyle>
		</Style>
		<Polygon>
			<outerBoundaryIs>
				<LinearRing>
					<coordinates>
						11.9593547946752,51.1858037949026,0 11.9338378878422,51.195878822929,0 11.934572253677,51.2018935840753,0 11.955503183649,51.2059103290506,0 11.9574947074563,51.21877854706209,0 11.9884994457699,51.2267272399548,0 11.9867554427997,51.2186629700571,0 11.9966665111342,51.2138213131901,0 11.9911523759892,51.203460245936,0 12.0160553574991,51.2014979843644,0 12.0231726507111,51.1922764046233,0 12.0145971411746,51.19026713591231,0 11.9943019819221,51.19578660741159,0 11.9902901096416,51.1855951827229,0 11.970088740344,51.1859006167848,0 11.9676194086033,51.1776237244968,0 11.9536119727599,51.1741539107978,0 11.9593547946752,51.1858037949026,0 
					</coordinates>
				</LinearRing>
			</outerBoundaryIs>
		</Polygon>
	</Placemark>
	<Placemark>
		<name>01955bd8-7694-7d10-adf4-9d2c85fa8431</name>
		<Style>
			<LineStyle>
				<color>ff0000ff</color>
			</LineStyle>
			<PolyStyle>
				<fill>0</fill>
			</PolyStyle>
		</Style>
		<Polygon>
			<outerBoundaryIs>
				<LinearRing>
					<coordinates>
						11.927481858822,51.3342494240135,0 11.9234360702961,51.33028606384361,0 11.9183186276047,51.3324732097853,0 11.920437064654,51.3355638204282,0 11.927481858822,51.3342494240135,0 
					</coordinates>
				</LinearRing>
			</outerBoundaryIs>
		</Polygon>
	</Placemark>
	<Placemark>
		<name>01955bd8-7694-72d2-9be9-73deed4ff036</name>
		<Style>
			<LineStyle>
				<color>ff0000ff</color>
			</LineStyle>
			<PolyStyle>
				<fill>0</fill>
			</PolyStyle>
		</Style>
		<Polygon>
			<outerBoundaryIs>
				<LinearRing>
					<coordinates>
						11.9368051916738,51.33736284772449,0 11.9653798982878,51.3437890306892,0 11.972908508982,51.3676948813686,0 11.9558180460898,51.3780243684114,0 11.9555501495558,51.3844993388794,0 11.9249149224414,51.39299614045049,0 11.9347138306066,51.4034623453215,0 11.972451890318,51.40730305635831,0 11.99203391089,51.3928042968289,0 11.9983332864124,51.3674945684427,0 12.0209216947738,51.3622016367129,0 12.0005504614863,51.3475208888321,0 12.0000831993427,51.33704129723931,0 12.0395242429164,51.32135582209109,0 12.0378420658279,51.31240264592581,0 12.021349377931,51.315659869766,0 12.0254029625266,51.2941209857036,0 12.0036319813332,51.27829856737119,0 11.981935587459,51.2815144041725,0 11.9852631257381,51.3004872257119,0 12.0042337038622,51.3073903562177,0 11.9996938950265,51.3208856417363,0 11.9799001986877,51.3310525028047,0 11.9745575579306,51.34012484329909,0 11.9368051916738,51.33736284772449,0 
					</coordinates>
				</LinearRing>
			</outerBoundaryIs>
		</Polygon>
	</Placemark>
	<Placemark>
		<name>01955bd8-7694-766e-9b73-882718006f2e</name>
		<Style>
			<LineStyle>
				<color>ff0000ff</color>
			</LineStyle>
			<PolyStyle>
				<fill>0</fill>
			</PolyStyle>
		</Style>
		<Polygon>
			<outerBoundaryIs>
				<LinearRing>
					<coordinates>
						11.9022597297938,51.5275478262585,0 11.9257522221764,51.52323726053891,0 11.9191466071561,51.51206480302211,0 11.8619911915361,51.4986654879996,0 11.8574161540864,51.5065462802134,0 11.8709215795467,51.50515729012029,0 11.880073446511,51.5176802417172,0 11.9003903785695,51.5176946947995,0 11.9022597297938,51.5275478262585,0 
					</coordinates>
				</LinearRing>
			</outerBoundaryIs>
		</Polygon>
	</Placemark>
	<Placemark>
		<name>01955bd8-7694-77ae-a15d-a5afaa822d89</name>
		<Style>
			<LineStyle>
				<color>ff0000ff</color>
			</LineStyle>
			<PolyStyle>
				<fill>0</fill>
			</PolyStyle>
		</Style>
		<Polygon>
			<outerBoundaryIs>
				<LinearRing>
					<coordinates>
						11.9308659892779,51.52484725325511,0 11.9308969556141,51.53191597765589,0 11.9401266347252,51.53312609211341,0 11.9700629409896,51.5197753574541,0 12.0125344765864,51.5187502632774,0 12.0068804448615,51.5056155786288,0 12.0206644135537,51.5015322503976,0 12.0472800471034,51.51284352104121,0 12.0507646014075,51.5212594724088,0 12.061334999028,51.52203483169171,0 12.0664224672287,51.51541323038669,0 12.0601062477746,51.5028957139049,0 12.0323959362868,51.4981698193861,0 12.0547377906254,51.483671362722,0 12.0488304544538,51.47264197637269,0 12.0245713633656,51.4715710989953,0 12.0106413759152,51.4759789022478,0 11.999995481324,51.4710819211717,0 12.0202308353024,51.455985841343,0 12.0354286500743,51.4566704704047,0 12.0318321058725,51.4478597599051,0 12.0501932032503,51.4501051421442,0 12.0557240799727,51.4458798446601,0 12.0405580263476,51.4363737919468,0 12.0350423266562,51.4422279688799,0 12.009729447387,51.44515471711361,0 12.0050768158809,51.4547162657906,0 11.99805160004,51.455091637845,0 12.0022740987085,51.4303478869775,0 12.0137262286063,51.422601981855,0 12.0086892002835,51.4162885405454,0 11.9632046389287,51.42840699052721,0 11.9423978967231,51.4413802078833,0 11.9378722305323,51.4517839254807,0 11.9542671796254,51.4743370595712,0 11.9511324705449,51.4782245300972,0 11.9111507202744,51.45933541411949,0 11.9040536005604,51.4322685041859,0 11.895730775241,51.4350966986241,0 11.8939292884509,51.4723488238769,0 11.8857140474286,51.48023619910139,0 11.9060025190787,51.4956804138789,0 11.9262364867543,51.5006046084565,0 11.9323045715838,51.5135305721637,0 11.9431199850404,51.5177215763717,0 11.9308659892779,51.52484725325511,0 
					</coordinates>
				</LinearRing>
			</outerBoundaryIs>
		</Polygon>
	</Placemark>
	<Placemark>
		<name>01955bd8-7694-7b42-b2e4-b94e13e99aa6</name>
		<Style>
			<LineStyle>
				<color>ff0000ff</color>
			</LineStyle>
			<PolyStyle>
				<fill>0</fill>
			</PolyStyle>
		</Style>
		<Polygon>
			<outerBoundaryIs>
				<LinearRing>
					<coordinates>
						11.9875870229623,51.7644155645258,0 11.988876149468,51.7588604185215,0 12.0026820854008,51.7584459473047,0 12.0116065565443,51.7520532085193,0 12.0085134923017,51.7335962028411,0 11.9871206587757,51.7337896197455,0 11.9741754107545,51.7267637651157,0 11.9632432776902,51.7381805901566,0 11.9361796027465,51.7406662822884,0 11.950456045547,51.764236699998,0 11.9706552493892,51.75942381129239,0 11.9875870229623,51.7644155645258,0 
					</coordinates>
				</LinearRing>
			</outerBoundaryIs>
		</Polygon>
	</Placemark>
	<Placemark>
		<name>01955bd8-7694-7018-bc7a-72705f14bfba</name>
		<Style>
			<LineStyle>
				<color>ff0000ff</color>
			</LineStyle>
			<PolyStyle>
				<fill>0</fill>
			</PolyStyle>
		</Style>
		<Polygon>
			<outerBoundaryIs>
				<LinearRing>
					<coordinates>
						12.2271786133626,53.7941129844246,0 12.2172391257612,53.7910310876841,0 12.1885322340073,53.796651873159,0 12.1983820972139,53.7831209407879,0 12.1802427064207,53.772729611945,0 12.1687495318953,53.7714997595619,0 12.1645447401454,53.7743932965922,0 12.171991245271,53.7860326449105,0 12.1481664678217,53.79040460859839,0 12.1458583131319,53.80217347463561,0 12.1931270946999,53.81457400275539,0 12.2102537023574,53.8011998984821,0 12.2256385313768,53.7993701985933,0 12.2271786133626,53.7941129844246,0 
					</coordinates>
				</LinearRing>
			</outerBoundaryIs>
		</Polygon>
	</Placemark>
	<Placemark>
		<name>01955bd8-7694-770b-a4db-8a5681d87db1</name>
		<Style>
			<LineStyle>
				<color>ff0000ff</color>
			</LineStyle>
			<PolyStyle>
				<fill>0</fill>
			</PolyStyle>
		</Style>
		<Polygon>
			<outerBoundaryIs>
				<LinearRing>
					<coordinates>
						12.0374069594293,54.0470589253092,0 12.068736640798,54.0684763162805,0 12.0619558762709,54.07488372838281,0 12.069215596325,54.07921825616761,0 12.0602790221337,54.1026341247704,0 12.0467850503962,54.1116488118373,0 12.0149294781514,54.1001934468922,0 12.0077099006611,54.1046340561048,0 12.0447001190414,54.1190236819975,0 12.0440640354233,54.1296144152838,0 12.0236313108306,54.135767390812,0 12.0212946918141,54.1419393054009,0 12.0439098050273,54.1482850441119,0 12.0515747249139,54.1610302483835,0 12.0279278625205,54.1674532094381,0 12.0262884290964,54.1719564009298,0 12.0397606209703,54.1708286370215,0 12.0454498454478,54.1757209028598,0 12.0857204510993,54.18232768745081,0 12.1073593341288,54.1781384055825,0 12.1221507614151,54.1801884211077,0 12.0978469685848,54.16903740426219,0 12.0923134895148,54.1504611441412,0 12.082151715204,54.1440175649455,0 12.0940730075699,54.1063425894364,0 12.1021933401839,54.1015969218779,0 12.1074976292712,54.10336248674161,0 12.1024582139058,54.12049699222909,0 12.113468719171,54.1170507022625,0 12.1155056651791,54.1095707126254,0 12.1315849578736,54.1060686225239,0 12.1403848074914,54.12828459932059,0 12.1269164508716,54.1345533418037,0 12.1049589999561,54.1338476511,0 12.0968567884151,54.14925791080871,0 12.1140683818608,54.1586841527531,0 12.150168886463,54.1559002783092,0 12.1612327412415,54.14684358401951,0 12.1748731126236,54.1482708353608,0 12.1749182191498,54.1428019861735,0 12.1645498802266,54.13498692899771,0 12.1366145461276,54.14377118808531,0 12.1390080192548,54.1312678485147,0 12.1646259070788,54.1292014522344,0 12.1909654053742,54.11932962592339,0 12.2137948760902,54.1207449637845,0 12.1834924318712,54.0948532180139,0 12.1947901793675,54.0859720001447,0 12.2133638554433,54.0834857918756,0 12.2286156714899,54.08955041971679,0 12.2292708831729,54.06765742263,0 12.2163837534718,54.0649524682114,0 12.1932053654701,54.0733423520774,0 12.1797493040628,54.06137256035309,0 12.1512230363786,54.07806551751099,0 12.1499626085746,54.0674891244958,0 12.1421531890284,54.06421828384969,0 12.1117975702206,54.0571560615018,0 12.0999923780692,54.0594643528704,0 12.091638672434,54.067183621341,0 12.0614241440124,54.0585081005651,0 12.0573472234599,54.0451689397725,0 12.0187850160054,54.0375380390032,0 12.0210630095036,54.0457391237215,0 12.0374069594293,54.0470589253092,0 
					</coordinates>
				</LinearRing>
			</outerBoundaryIs>
		</Polygon>
	</Placemark>
	<Placemark>
		<name>01955bd8-7694-7565-928b-c42de8901daa</name>
		<Style>
			<LineStyle>
				<color>ff0000ff</color>
			</LineStyle>
			<PolyStyle>
				<fill>0</fill>
			</PolyStyle>
		</Style>
		<Polygon>
			<outerBoundaryIs>
				<LinearRing>
					<coordinates>
						12.5738484953075,48.0524000227913,0 12.5620716083757,48.0551657576667,0 12.5695135554571,48.0660859726885,0 12.5627273489956,48.0802190529099,0 12.5679420420841,48.0848959707689,0 12.5840316082604,48.0673997051437,0 12.5738484953075,48.0524000227913,0 
					</coordinates>
				</LinearRing>
			</outerBoundaryIs>
		</Polygon>
	</Placemark>
	<Placemark>
		<name>01955bd8-7694-7516-97ab-1e6a95a649e7</name>
		<Style>
			<LineStyle>
				<color>ff0000ff</color>
			</LineStyle>
			<PolyStyle>
				<fill>0</fill>
			</PolyStyle>
		</Style>
		<Polygon>
			<outerBoundaryIs>
				<LinearRing>
					<coordinates>
						12.5780123094852,48.049130668606,0 12.5900339164937,48.0495837377208,0 12.5918767731394,48.0452982149848,0 12.5575579017991,48.0180360772827,0 12.5397241492997,48.01414911609199,0 12.5318831648251,48.0185536782934,0 12.5309199995572,48.0321959792076,0 12.5653828506606,48.0370141768419,0 12.5780123094852,48.049130668606,0 
					</coordinates>
				</LinearRing>
			</outerBoundaryIs>
		</Polygon>
	</Placemark>
	<Placemark>
		<name>01955bd8-7694-710e-8dc6-11b74611c7bb</name>
		<Style>
			<LineStyle>
				<color>ff0000ff</color>
			</LineStyle>
			<PolyStyle>
				<fill>0</fill>
			</PolyStyle>
		</Style>
		<Polygon>
			<outerBoundaryIs>
				<LinearRing>
					<coordinates>
						12.4405332398821,48.1858899045353,0 12.4294860967483,48.1809623857505,0 12.4104257864223,48.1988178697725,0 12.3820064526443,48.1976412703761,0 12.3967540647162,48.223119453039,0 12.4154267814715,48.2180819407472,0 12.4252839174755,48.1961751588712,0 12.4405332398821,48.1858899045353,0 
					</coordinates>
				</LinearRing>
			</outerBoundaryIs>
		</Polygon>
	</Placemark>
	<Placemark>
		<name>01955bd8-7694-7399-92d3-faf08ef36418</name>
		<Style>
			<LineStyle>
				<color>ff0000ff</color>
			</LineStyle>
			<PolyStyle>
				<fill>0</fill>
			</PolyStyle>
		</Style>
		<Polygon>
			<outerBoundaryIs>
				<LinearRing>
					<coordinates>
						12.5510547938251,48.2585154772113,0 12.5532874500417,48.233351386296,0 12.5350805902871,48.2291673929065,0 12.514289147351,48.24230762656941,0 12.4782926223629,48.242756965786,0 12.4595801336336,48.25413645474931,0 12.4674404404124,48.2567220962391,0 12.4823430482904,48.2502525617185,0 12.5062480102852,48.2525069334751,0 12.5246055824057,48.270636583848,0 12.5510547938251,48.2585154772113,0 
					</coordinates>
				</LinearRing>
			</outerBoundaryIs>
		</Polygon>
	</Placemark>
	<Placemark>
		<name>01955bd8-7694-7347-9a92-f303628ef0e4</name>
		<Style>
			<LineStyle>
				<color>ff0000ff</color>
			</LineStyle>
			<PolyStyle>
				<fill>0</fill>
			</PolyStyle>
		</Style>
		<Polygon>
			<outerBoundaryIs>
				<LinearRing>
					<coordinates>
						12.4658372573804,48.65567443614479,0 12.5170178596517,48.6488738273095,0 12.5105367330164,48.6298199182043,0 12.4864791123746,48.6151489165005,0 12.4786207826435,48.6200276685172,0 12.4828742304411,48.6335485351573,0 12.4516504974473,48.63796321509,0 12.4341099605122,48.6268343125029,0 12.4343262704272,48.6153511483592,0 12.4266939738703,48.61388903976611,0 12.4305901108135,48.6268161764096,0 12.4223664030686,48.6415350132315,0 12.4320833627027,48.6413613407539,0 12.4658372573804,48.65567443614479,0 
					</coordinates>
				</LinearRing>
			</outerBoundaryIs>
		</Polygon>
	</Placemark>
	<Placemark>
		<name>01955bd8-7694-7699-ae43-b72fb343d5d4</name>
		<Style>
			<LineStyle>
				<color>ff0000ff</color>
			</LineStyle>
			<PolyStyle>
				<fill>0</fill>
			</PolyStyle>
		</Style>
		<Polygon>
			<outerBoundaryIs>
				<LinearRing>
					<coordinates>
						12.4081994306031,50.5205197185427,0 12.4378076517573,50.50143735729661,0 12.4270989137799,50.4984603680868,0 12.4214019164817,50.49017366137569,0 12.4051359899795,50.495121832281,0 12.3950968823431,50.4926301052368,0 12.3753466754577,50.5069232602173,0 12.3708161199214,50.5243101089016,0 12.3905963159423,50.5228176825091,0 12.4035016898273,50.5335089348626,0 12.4193742373441,50.53272222770139,0 12.4081994306031,50.5205197185427,0 
					</coordinates>
				</LinearRing>
			</outerBoundaryIs>
		</Polygon>
	</Placemark>
	<Placemark>
		<name>01955bd8-7694-7bd6-9bf5-aa0d98d6e1f3</name>
		<Style>
			<LineStyle>
				<color>ff0000ff</color>
			</LineStyle>
			<PolyStyle>
				<fill>0</fill>
			</PolyStyle>
		</Style>
		<Polygon>
			<outerBoundaryIs>
				<LinearRing>
					<coordinates>
						12.3030369418832,50.6416960564646,0 12.3103917740266,50.6374474957417,0 12.3299164085278,50.6388000478328,0 12.3310256720925,50.6317793758144,0 12.3198560249971,50.6194192721718,0 12.3234542829657,50.612597894011,0 12.3390612349985,50.61113754011419,0 12.3411816527768,50.6045833862038,0 12.3336047721993,50.59847481899539,0 12.3118125832756,50.5915810303901,0 12.2991137129629,50.60986294922461,0 12.2783982755381,50.6144013029745,0 12.2589381929086,50.6140626550319,0 12.2422259897613,50.60263873882981,0 12.2339070795469,50.613353984311,0 12.2382544086689,50.6200293268751,0 12.2727013942776,50.6271715864655,0 12.2740849207182,50.63678800904579,0 12.2887071507606,50.6356279594793,0 12.3030369418832,50.6416960564646,0 
					</coordinates>
				</LinearRing>
			</outerBoundaryIs>
		</Polygon>
	</Placemark>
	<Placemark>
		<name>01955bd8-7694-7c1d-bb66-3bec92cde185</name>
		<Style>
			<LineStyle>
				<color>ff0000ff</color>
			</LineStyle>
			<PolyStyle>
				<fill>0</fill>
			</PolyStyle>
		</Style>
		<Polygon>
			<outerBoundaryIs>
				<LinearRing>
					<coordinates>
						12.4360870812682,50.6982858412366,0 12.4409307381699,50.66488911204459,0 12.4651735464086,50.6809292756138,0 12.4569978041269,50.6976933506306,0 12.4792668680168,50.6970932365441,0 12.4936195007347,50.7109861454201,0 12.4336535989579,50.71717725629221,0 12.4322455681816,50.7294134882786,0 12.4647617562528,50.7291526310008,0 12.4633377942104,50.73989237158,0 12.4804269395172,50.7516325535596,0 12.497792910968,50.7409858277269,0 12.527733350175,50.7364123711558,0 12.5248345603846,50.7199353918891,0 12.5061373365934,50.714234475214,0 12.490328625669,50.69315677191639,0 12.5011552465695,50.6855588624259,0 12.5169661416775,50.6876220906579,0 12.5182247366349,50.6804487367205,0 12.5325910250329,50.6731601362809,0 12.5110618699662,50.6674493614053,0 12.4869484661351,50.6708724840468,0 12.473762957926,50.663270958092,0 12.4627572476175,50.6688766982341,0 12.4458989405747,50.6583116009946,0 12.4478513815869,50.6485734220669,0 12.4221378395695,50.6448704240203,0 12.4369311685351,50.6553134396247,0 12.4361943446555,50.666965201025,0 12.4251145931263,50.6774745055813,0 12.4298658893819,50.6841367038917,0 12.4221190283406,50.6913344049018,0 12.3999491756655,50.69177530743559,0 12.4062875809809,50.6985199030053,0 12.4360870812682,50.6982858412366,0 
					</coordinates>
				</LinearRing>
			</outerBoundaryIs>
		</Polygon>
	</Placemark>
	<Placemark>
		<name>01955bd8-7694-7e1f-88fe-d53f0ba6f048</name>
		<Style>
			<LineStyle>
				<color>ff0000ff</color>
			</LineStyle>
			<PolyStyle>
				<fill>0</fill>
			</PolyStyle>
		</Style>
		<Polygon>
			<outerBoundaryIs>
				<LinearRing>
					<coordinates>
						12.3679670565123,50.7783704961774,0 12.3751112242636,50.7618826869878,0 12.3717615226403,50.7487059111624,0 12.3954320618013,50.73721125610651,0 12.4056898856045,50.7379000040145,0 12.4019838908608,50.7306657829844,0 12.3679242519367,50.71960725934581,0 12.3726807401454,50.70625875914449,0 12.3546463786586,50.72151202537879,0 12.3598615319847,50.7292800518762,0 12.3483555867649,50.7396466003198,0 12.3704026664316,50.7468803891795,0 12.3629865228465,50.7670619426975,0 12.3679670565123,50.7783704961774,0 
					</coordinates>
				</LinearRing>
			</outerBoundaryIs>
		</Polygon>
	</Placemark>
	<Placemark>
		<name>01955bd8-7694-76c6-bd1a-b0d1b6d853eb</name>
		<Style>
			<LineStyle>
				<color>ff0000ff</color>
			</LineStyle>
			<PolyStyle>
				<fill>0</fill>
			</PolyStyle>
		</Style>
		<Polygon>
			<outerBoundaryIs>
				<LinearRing>
					<coordinates>
						12.3703580291365,50.783798349126,0 12.3795030419664,50.80509109766051,0 12.3687651976576,50.8161587713566,0 12.3789025603625,50.826307729233,0 12.3957263416745,50.8268654867162,0 12.3851078406745,50.7860725163493,0 12.3703580291365,50.783798349126,0 
					</coordinates>
				</LinearRing>
			</outerBoundaryIs>
		</Polygon>
	</Placemark>
	<Placemark>
		<name>01955bd8-7694-7753-8153-933b6a068fc2</name>
		<Style>
			<LineStyle>
				<color>ff0000ff</color>
			</LineStyle>
			<PolyStyle>
				<fill>0</fill>
			</PolyStyle>
		</Style>
		<Polygon>
			<outerBoundaryIs>
				<LinearRing>
					<coordinates>
						12.4024965832517,50.818583368357,0 12.4020486647432,50.8270750884672,0 12.4049963452043,50.8271728115582,0 12.4106334674489,50.8191423660131,0 12.4024965832517,50.818583368357,0 
					</coordinates>
				</LinearRing>
			</outerBoundaryIs>
		</Polygon>
	</Placemark>
	<Placemark>
		<name>01955bd8-7694-75c5-989f-c1e067e1e890</name>
		<Style>
			<LineStyle>
				<color>ff0000ff</color>
			</LineStyle>
			<PolyStyle>
				<fill>0</fill>
			</PolyStyle>
		</Style>
		<Polygon>
			<outerBoundaryIs>
				<LinearRing>
					<coordinates>
						12.5594442576887,50.83646167681099,0 12.5692005565864,50.8167127082206,0 12.5627922196949,50.8106370210289,0 12.5481196139411,50.8062289301781,0 12.5085636047641,50.8198391039972,0 12.5100481121995,50.83225769362371,0 12.5397260997726,50.8485588100191,0 12.546900144677,50.839228806545,0 12.5594442576887,50.83646167681099,0 
					</coordinates>
				</LinearRing>
			</outerBoundaryIs>
		</Polygon>
	</Placemark>
	<Placemark>
		<name>01955bd8-7694-7252-abb2-51d8a5b25eed</name>
		<Style>
			<LineStyle>
				<color>ff0000ff</color>
			</LineStyle>
			<PolyStyle>
				<fill>0</fill>
			</PolyStyle>
		</Style>
		<Polygon>
			<outerBoundaryIs>
				<LinearRing>
					<coordinates>
						12.4186429402976,51.0105114281466,0 12.4408208655104,51.01854615641849,0 12.4475363848758,51.0087293084761,0 12.4543217490058,51.0156799697274,0 12.4707834219785,51.0185964163023,0 12.4636615551551,51.00590339121781,0 12.4766342368275,51.0052433945109,0 12.4640729255878,50.9971974161333,0 12.4572310064442,50.9791293408246,0 12.4392438509203,50.9713423621586,0 12.4150326951184,50.9749659975703,0 12.4090061206337,50.98620906426881,0 12.4129719865074,50.9938929330634,0 12.4032242035027,50.9987757264153,0 12.420331007135,51.00351941320901,0 12.4186429402976,51.0105114281466,0 
					</coordinates>
				</LinearRing>
			</outerBoundaryIs>
		</Polygon>
	</Placemark>
	<Placemark>
		<name>01955bd8-7694-73e9-9210-2774410348fc</name>
		<Style>
			<LineStyle>
				<color>ff0000ff</color>
			</LineStyle>
			<PolyStyle>
				<fill>0</fill>
			</PolyStyle>
		</Style>
		<Polygon>
			<outerBoundaryIs>
				<LinearRing>
					<coordinates>
						12.2531629405649,51.397389983455,0 12.2662822723563,51.3867157088,0 12.2936284275501,51.39611341283749,0 12.2786438197744,51.40291224469989,0 12.2841122833884,51.41311460441351,0 12.2964908303532,51.4169616438923,0 12.2909656057691,51.424690245845,0 12.3054882755749,51.4237625217439,0 12.3133193270778,51.41511653190791,0 12.2955077923706,51.39545286145161,0 12.3241868024199,51.3892259042063,0 12.3358701055339,51.39830733095041,0 12.347606384438,51.39168956274771,0 12.3624880880997,51.3935005764097,0 12.3608947267171,51.40393850800201,0 12.3821370036709,51.4039068532751,0 12.3871191127696,51.41397490132621,0 12.3959278765248,51.41354575473079,0 12.4035544540469,51.4057193187707,0 12.4172918533246,51.4077900005797,0 12.424936293524,51.4001022092076,0 12.4426257225676,51.4153523314604,0 12.4412647040529,51.4211288375837,0 12.4508126428241,51.42245720523891,0 12.4437198664061,51.4147168974185,0 12.4621230349709,51.40373186224641,0 12.4608608148981,51.3886828989607,0 12.4743403405752,51.3843025466759,0 12.4881855402049,51.3906938496646,0 12.5136261612819,51.39195077943499,0 12.5265193774634,51.3851561814797,0 12.5168192010683,51.3693750624362,0 12.507490975357,51.3685969978063,0 12.4998337179861,51.3738979576332,0 12.4796422794223,51.36436774421851,0 12.4788235111843,51.355491792668,0 12.4931005354585,51.35628718382459,0 12.5013446323258,51.3513625778109,0 12.5123681967126,51.3537263551634,0 12.5282773180833,51.3474165439709,0 12.5373891576587,51.3558585983663,0 12.5226525774315,51.3612280609002,0 12.5386475375525,51.36331133389029,0 12.5519048962677,51.3504481401434,0 12.5459087590013,51.3421348134393,0 12.5518365184333,51.3354340359612,0 12.5461593439825,51.3334067569772,0 12.5396657351893,51.3410328642437,0 12.5190976824108,51.3388677748288,0 12.5040163761619,51.3480639445905,0 12.4858520678152,51.3297121570091,0 12.4919353741965,51.3221275609191,0 12.4778451722783,51.31954087621839,0 12.4669049449781,51.3049989360225,0 12.4525840047475,51.3013797186262,0 12.4526285580592,51.28786002637781,0 12.4741146461585,51.28574663293699,0 12.4718009611142,51.2778664755747,0 12.4372535046318,51.2830130411853,0 12.4299388387213,51.2732103593317,0 12.4020358730927,51.27009762029711,0 12.3856270778444,51.2729637834791,0 12.3824369580087,51.2586777511683,0 12.3928954070158,51.2481796530013,0 12.3832108317379,51.2473809462026,0 12.3735547631257,51.25928275835901,0 12.3469291172471,51.2659506342293,0 12.3539702116083,51.29314812718439,0 12.3772138518923,51.2962989180674,0 12.3585776800726,51.31804083993659,0 12.3359463887406,51.310879047452,0 12.3324543126651,51.291626236203,0 12.3071165994022,51.2948536272101,0 12.3018539923368,51.3084512115528,0 12.2603563025544,51.29934867310809,0 12.2512376465974,51.3310645641656,0 12.2267431817042,51.33946086318871,0 12.2484214790875,51.3394379107526,0 12.2628291317313,51.3609002856147,0 12.2720072004948,51.36342650268,0 12.3199315690933,51.3575220750654,0 12.3397675428996,51.344674193825,0 12.3315899220284,51.3664090322221,0 12.2890336013024,51.3808408097542,0 12.2787166562272,51.3792560986893,0 12.2303192438113,51.3903924611084,0 12.1872478439927,51.391326819106,0 12.1925071012547,51.40115254924329,0 12.2116453792231,51.4081992714115,0 12.2550911478627,51.4052390351606,0 12.2531629405649,51.397389983455,0 
					</coordinates>
				</LinearRing>
			</outerBoundaryIs>
		</Polygon>
	</Placemark>
	<Placemark>
		<name>01955bd8-7694-7ef9-9c28-f0c46f9c3ec1</name>
		<Style>
			<LineStyle>
				<color>ff0000ff</color>
			</LineStyle>
			<PolyStyle>
				<fill>0</fill>
			</PolyStyle>
		</Style>
		<Polygon>
			<outerBoundaryIs>
				<LinearRing>
					<coordinates>
						12.2472776839965,51.668947620029,0 12.2677098792616,51.6697564510416,0 12.2438711522994,51.6861635749157,0 12.2692297156789,51.6953861962204,0 12.2883388576098,51.6849859915218,0 12.3005093954143,51.688351084776,0 12.3072066888675,51.6829730707826,0 12.2895661425361,51.6813152476271,0 12.2787696988134,51.6721109535599,0 12.2986711952189,51.6613462329395,0 12.3090501045914,51.64209294850311,0 12.333294039132,51.63918814431611,0 12.3425811130081,51.62908983789821,0 12.3370024272789,51.6177498002284,0 12.311999237668,51.61132088239111,0 12.3163546490631,51.6015077675502,0 12.3106080125108,51.596638262348,0 12.3030591167582,51.59624702318709,0 12.2822007110592,51.6138479767674,0 12.2678315377241,51.6098644464174,0 12.2661197111649,51.6181560091315,0 12.2554683914276,51.6206552342107,0 12.2540500889349,51.6313448173264,0 12.2805087583725,51.6305343720208,0 12.2718440637672,51.6495826011588,0 12.2445042460797,51.6468073568038,0 12.2403077773303,51.63926325221569,0 12.2260810715999,51.6360923101149,0 12.2119974933935,51.6385683353539,0 12.2109578983935,51.64605234216629,0 12.2218529777957,51.6503871314557,0 12.2243944874471,51.6582301030359,0 12.235978281772,51.65611158324181,0 12.2468682063343,51.6606163599325,0 12.2472776839965,51.668947620029,0 
					</coordinates>
				</LinearRing>
			</outerBoundaryIs>
		</Polygon>
	</Placemark>
	<Placemark>
		<name>01955bd8-7694-7aa0-9fce-07f1ad5eefe2</name>
		<Style>
			<LineStyle>
				<color>ff0000ff</color>
			</LineStyle>
			<PolyStyle>
				<fill>0</fill>
			</PolyStyle>
		</Style>
		<Polygon>
			<outerBoundaryIs>
				<LinearRing>
					<coordinates>
						12.2403683582461,51.858297591821,0 12.2544842965645,51.8558501125706,0 12.2626440397765,51.83886723472951,0 12.2833399900946,51.8500465635385,0 12.2911702292184,51.8471244886094,0 12.2764662074064,51.8358192793688,0 12.2634499138948,51.8381029936506,0 12.2508874124646,51.8295454207168,0 12.2667173404855,51.78504802471011,0 12.2543675399971,51.78943509027111,0 12.2435107220323,51.7851102043257,0 12.2221918626509,51.8068442709947,0 12.1781450014172,51.8183347403308,0 12.2095730847888,51.8305766838051,0 12.1760227700254,51.8388656933384,0 12.1748210207325,51.8528548118754,0 12.1839825311931,51.85236122471469,0 12.1948439880111,51.8402287730213,0 12.2061409002796,51.8530831216243,0 12.2203047831587,51.8565148799815,0 12.2345044447762,51.8517474787664,0 12.2403683582461,51.858297591821,0 
					</coordinates>
				</LinearRing>
			</outerBoundaryIs>
		</Polygon>
	</Placemark>
	<Placemark>
		<name>01955bd8-7694-7cbd-a2b5-07cb591b0748</name>
		<Style>
			<LineStyle>
				<color>ff0000ff</color>
			</LineStyle>
			<PolyStyle>
				<fill>0</fill>
			</PolyStyle>
		</Style>
		<Polygon>
			<outerBoundaryIs>
				<LinearRing>
					<coordinates>
						12.5434655279769,52.3641994391796,0 12.5014649124699,52.3815588871073,0 12.5053184679417,52.3851879385244,0 12.5301379143579,52.3864518439665,0 12.5348021278297,52.3997864179338,0 12.5055681756503,52.3942327588333,0 12.489577955313,52.3960827359,0 12.4902209790598,52.4133410143899,0 12.469167471995,52.421674977588,0 12.4745629761645,52.4240303902035,0 12.4927930576903,52.4163262416103,0 12.493763531163,52.4320015631328,0 12.5130343027889,52.4355761385414,0 12.5289580084356,52.4510557290359,0 12.5457234549761,52.452353689855,0 12.550668955213,52.43556051485899,0 12.5655175778848,52.4262683618878,0 12.579133740211,52.4335025709526,0 12.5833785378549,52.421941717657,0 12.569252338242,52.4119633149733,0 12.5821235513979,52.403531411223,0 12.5499569618913,52.3940567899985,0 12.5479077873815,52.379079906956,0 12.5387514752704,52.3723231124416,0 12.5530432295061,52.365741692498,0 12.5434655279769,52.3641994391796,0 
					</coordinates>
				</LinearRing>
			</outerBoundaryIs>
		</Polygon>
	</Placemark>
	<Placemark>
		<name>01955bd8-7694-762c-ac83-6a46e4dc6a72</name>
		<Style>
			<LineStyle>
				<color>ff0000ff</color>
			</LineStyle>
			<PolyStyle>
				<fill>0</fill>
			</PolyStyle>
		</Style>
		<Polygon>
			<outerBoundaryIs>
				<LinearRing>
					<coordinates>
						12.3308690277659,52.56267399612119,0 12.3355010796915,52.5555844798099,0 12.330174175042,52.5539889170975,0 12.3254785914493,52.5573805082694,0 12.3308690277659,52.56267399612119,0 
					</coordinates>
				</LinearRing>
			</outerBoundaryIs>
		</Polygon>
	</Placemark>
	<Placemark>
		<name>01955bd8-7694-7070-807d-868d8c27e330</name>
		<Style>
			<LineStyle>
				<color>ff0000ff</color>
			</LineStyle>
			<PolyStyle>
				<fill>0</fill>
			</PolyStyle>
		</Style>
		<Polygon>
			<outerBoundaryIs>
				<LinearRing>
					<coordinates>
						12.3338983972035,52.5666239945707,0 12.334403425924,52.58747207158589,0 12.3263960844156,52.5937305380323,0 12.3332490942798,52.6029016903704,0 12.3026906629284,52.60288828600461,0 12.3097265963362,52.61046075980691,0 12.3267609416834,52.6102094813273,0 12.3280343015499,52.6223149638964,0 12.3400235256298,52.6214011655821,0 12.3495165805895,52.6295354686997,0 12.3535721587093,52.616934630632,0 12.3792078701534,52.60229746881469,0 12.3511510638373,52.5946412531122,0 12.3430056605768,52.5698790132119,0 12.3338983972035,52.5666239945707,0 
					</coordinates>
				</LinearRing>
			</outerBoundaryIs>
		</Polygon>
	</Placemark>
	<Placemark>
		<name>01955bd8-7694-7ea8-90df-60736faaad25</name>
		<Style>
			<LineStyle>
				<color>ff0000ff</color>
			</LineStyle>
			<PolyStyle>
				<fill>0</fill>
			</PolyStyle>
		</Style>
		<Polygon>
			<outerBoundaryIs>
				<LinearRing>
					<coordinates>
						12.8315553719974,48.2024651981525,0 12.8578289374877,48.197316540359,0 12.8489946914153,48.1737200475562,0 12.856415163809,48.1661638844242,0 12.8424648686565,48.1573706366686,0 12.8396366171124,48.1488790275014,0 12.8254854209818,48.15065893709451,0 12.8133111029027,48.1378687130524,0 12.7962185778911,48.16335119165711,0 12.8194511774511,48.1789241097242,0 12.8315553719974,48.2024651981525,0 
					</coordinates>
				</LinearRing>
			</outerBoundaryIs>
		</Polygon>
	</Placemark>
	<Placemark>
		<name>01955bd8-7694-7fae-956e-b513e45aa497</name>
		<Style>
			<LineStyle>
				<color>ff0000ff</color>
			</LineStyle>
			<PolyStyle>
				<fill>0</fill>
			</PolyStyle>
		</Style>
		<Polygon>
			<outerBoundaryIs>
				<LinearRing>
					<coordinates>
						12.6701464683449,48.2581548734173,0 12.691089132163,48.25969698671101,0 12.6924324363508,48.24933081598879,0 12.7104334282105,48.2410265255513,0 12.692431573302,48.2312466539111,0 12.6938534059696,48.2181163457777,0 12.6713923492178,48.2139028938601,0 12.6566993401544,48.22546009839559,0 12.6787513230615,48.2485399559313,0 12.6701464683449,48.2581548734173,0 
					</coordinates>
				</LinearRing>
			</outerBoundaryIs>
		</Polygon>
	</Placemark>
	<Placemark>
		<name>01955bd8-7694-7aee-83dd-49fa726aaae1</name>
		<Style>
			<LineStyle>
				<color>ff0000ff</color>
			</LineStyle>
			<PolyStyle>
				<fill>0</fill>
			</PolyStyle>
		</Style>
		<Polygon>
			<outerBoundaryIs>
				<LinearRing>
					<coordinates>
						12.5561534704571,48.8935908546371,0 12.5715165275351,48.8908007705816,0 12.5814746508253,48.90218118056719,0 12.5873879907555,48.8912799147187,0 12.6137866033651,48.895256545499,0 12.6407678417698,48.8904125330803,0 12.6424394269012,48.882511165875,0 12.6281752767356,48.8683299784715,0 12.6229060493998,48.87822879642259,0 12.5998950681156,48.8760941666038,0 12.6003868402996,48.8666754826944,0 12.5828421942775,48.8626386196961,0 12.5762809543993,48.8562504153629,0 12.5508373174799,48.8656134294853,0 12.5336619436653,48.8649196825702,0 12.5561534704571,48.8935908546371,0 
					</coordinates>
				</LinearRing>
			</outerBoundaryIs>
		</Polygon>
	</Placemark>
	<Placemark>
		<name>01955bd8-7694-7a11-a23b-1bce08c06560</name>
		<Style>
			<LineStyle>
				<color>ff0000ff</color>
			</LineStyle>
			<PolyStyle>
				<fill>0</fill>
			</PolyStyle>
		</Style>
		<Polygon>
			<outerBoundaryIs>
				<LinearRing>
					<coordinates>
						12.6644394280187,49.2319105751305,0 12.6708935820982,49.2344038705059,0 12.6675948907459,49.2485098881819,0 12.6868343198873,49.2247439234836,0 12.6734491798416,49.21807384909519,0 12.6788216066326,49.2060459841511,0 12.6738696386434,49.2006207588391,0 12.6603120945788,49.19810372818589,0 12.6261777840241,49.20634328547231,0 12.6364014575989,49.2196757249086,0 12.6387152034907,49.2084602981207,0 12.663946621415,49.2096572603121,0 12.642332522065,49.2316670707012,0 12.6294714369321,49.2356129048459,0 12.6456410353429,49.2378933464111,0 12.6644394280187,49.2319105751305,0 
					</coordinates>
				</LinearRing>
			</outerBoundaryIs>
		</Polygon>
	</Placemark>
	<Placemark>
		<name>01955bd8-7694-721a-a051-2af7691ad806</name>
		<Style>
			<LineStyle>
				<color>ff0000ff</color>
			</LineStyle>
			<PolyStyle>
				<fill>0</fill>
			</PolyStyle>
		</Style>
		<Polygon>
			<outerBoundaryIs>
				<LinearRing>
					<coordinates>
						12.719315999614,50.5730933633556,0 12.7072772451379,50.577540008627,0 12.6941121451615,50.5726080399264,0 12.6719214227298,50.5798233132594,0 12.6362548391439,50.5585929564865,0 12.6360080366256,50.5658701706518,0 12.6512291202409,50.57145390588361,0 12.6616998541574,50.5850454533358,0 12.6879412583949,50.5842601361328,0 12.691120062676,50.5877668692385,0 12.653222457704,50.5974151659361,0 12.6416977048881,50.578475198549,0 12.6336315483691,50.5771499935848,0 12.6334988281774,50.5944713910017,0 12.6124110545843,50.6053372863476,0 12.6357179694808,50.6094903604707,0 12.661788412317,50.6025436634384,0 12.6824701393475,50.61446473594311,0 12.6897877800265,50.6080737393474,0 12.6763019541875,50.5999364948713,0 12.7163803957226,50.59701966156361,0 12.7216035500875,50.5917459717708,0 12.719315999614,50.5730933633556,0 
					</coordinates>
				</LinearRing>
			</outerBoundaryIs>
		</Polygon>
	</Placemark>
	<Placemark>
		<name>01955bd8-7694-74cf-8b81-02813ce871c6</name>
		<Style>
			<LineStyle>
				<color>ff0000ff</color>
			</LineStyle>
			<PolyStyle>
				<fill>0</fill>
			</PolyStyle>
		</Style>
		<Polygon>
			<outerBoundaryIs>
				<LinearRing>
					<coordinates>
						12.7225858209697,50.5701203063707,0 12.7530786637835,50.56562698377309,0 12.7563777602325,50.559196644801,0 12.7743723987269,50.55572769415701,0 12.7817963592878,50.5667766622396,0 12.805126697983,50.57354260342229,0 12.7969925060482,50.58243093874939,0 12.8106389464331,50.5868912457013,0 12.8167743559239,50.5781947031383,0 12.7951582486474,50.5600975356565,0 12.7928639483908,50.5503466971325,0 12.8035378193124,50.5353579789308,0 12.7898322211232,50.533701767745,0 12.78689431553,50.506602398233,0 12.7826726611683,50.513880401182,0 12.7706162532454,50.5175428344827,0 12.7722883239975,50.5267882817598,0 12.7638831135554,50.5342627507007,0 12.7729542004749,50.5428422132603,0 12.7517501060753,50.5578829757515,0 12.7342248436954,50.555922495891,0 12.7141446303615,50.5633876652517,0 12.7225858209697,50.5701203063707,0 
					</coordinates>
				</LinearRing>
			</outerBoundaryIs>
		</Polygon>
	</Placemark>
	<Placemark>
		<name>01955bd8-7694-7350-b07a-6be48f813123</name>
		<Style>
			<LineStyle>
				<color>ff0000ff</color>
			</LineStyle>
			<PolyStyle>
				<fill>0</fill>
			</PolyStyle>
		</Style>
		<Polygon>
			<outerBoundaryIs>
				<LinearRing>
					<coordinates>
						12.7599102743772,50.5704229914372,0 12.7519756593694,50.58705757479359,0 12.7799284548051,50.5811154154779,0 12.7757302372348,50.5703767981874,0 12.7599102743772,50.5704229914372,0 
					</coordinates>
				</LinearRing>
			</outerBoundaryIs>
		</Polygon>
	</Placemark>
	<Placemark>
		<name>01955bd8-7694-7fd3-a81f-6f00c5a42d83</name>
		<Style>
			<LineStyle>
				<color>ff0000ff</color>
			</LineStyle>
			<PolyStyle>
				<fill>0</fill>
			</PolyStyle>
		</Style>
		<Polygon>
			<outerBoundaryIs>
				<LinearRing>
					<coordinates>
						12.8124852102835,50.5315495023881,0 12.8586404207898,50.5373192083447,0 12.8779630585663,50.5353885091379,0 12.876384669443,50.5316814254549,0 12.8502761606247,50.5339977571585,0 12.8225871063912,50.521878069695,0 12.8124852102835,50.5315495023881,0 
					</coordinates>
				</LinearRing>
			</outerBoundaryIs>
		</Polygon>
	</Placemark>
	<Placemark>
		<name>01955bd8-7694-751e-af00-69556e9781a8</name>
		<Style>
			<LineStyle>
				<color>ff0000ff</color>
			</LineStyle>
			<PolyStyle>
				<fill>0</fill>
			</PolyStyle>
		</Style>
		<Polygon>
			<outerBoundaryIs>
				<LinearRing>
					<coordinates>
						12.8725838316474,50.7139065019616,0 12.843182848124,50.6842424008221,0 12.8400440833122,50.6837324688648,0 12.8343409699193,50.6908842109286,0 12.83973171139,50.706425598293,0 12.8725838316474,50.7139065019616,0 
					</coordinates>
				</LinearRing>
			</outerBoundaryIs>
		</Polygon>
	</Placemark>
	<Placemark>
		<name>01955bd8-7694-7868-907c-14875acab760</name>
		<Style>
			<LineStyle>
				<color>ff0000ff</color>
			</LineStyle>
			<PolyStyle>
				<fill>0</fill>
			</PolyStyle>
		</Style>
		<Polygon>
			<outerBoundaryIs>
				<LinearRing>
					<coordinates>
						12.8746074897085,50.7149502207572,0 12.8780077286636,50.72195495019119,0 12.8872761225953,50.7236525409498,0 12.8914737619082,50.71355177681249,0 12.8864404858007,50.7037364285125,0 12.8938415900863,50.6961645020055,0 12.8810161371955,50.69680374328309,0 12.8805294958957,50.7132436639193,0 12.8746074897085,50.7149502207572,0 
					</coordinates>
				</LinearRing>
			</outerBoundaryIs>
		</Polygon>
	</Placemark>
	<Placemark>
		<name>01955bd8-7694-7c3c-85ea-0424a16bb26f</name>
		<Style>
			<LineStyle>
				<color>ff0000ff</color>
			</LineStyle>
			<PolyStyle>
				<fill>0</fill>
			</PolyStyle>
		</Style>
		<Polygon>
			<outerBoundaryIs>
				<LinearRing>
					<coordinates>
						12.9018326289242,50.6923286095132,0 12.9134625746884,50.6894865623627,0 12.9204268301018,50.6800825985837,0 12.9156387908147,50.6763006132612,0 12.9079841097475,50.6774717981915,0 12.9100622252078,50.6841386565226,0 12.9018326289242,50.6923286095132,0 
					</coordinates>
				</LinearRing>
			</outerBoundaryIs>
		</Polygon>
	</Placemark>
	<Placemark>
		<name>01955bd8-7694-7299-ac60-959dcaf476ad</name>
		<Style>
			<LineStyle>
				<color>ff0000ff</color>
			</LineStyle>
			<PolyStyle>
				<fill>0</fill>
			</PolyStyle>
		</Style>
		<Polygon>
			<outerBoundaryIs>
				<LinearRing>
					<coordinates>
						12.6617298114013,50.7527773314535,0 12.6967196332922,50.73416026811499,0 12.7133982116598,50.7356669425128,0 12.7103115977104,50.7228336572915,0 12.7008481412351,50.71828941476581,0 12.6816135086529,50.7183545736109,0 12.6912991648273,50.727680863873,0 12.6693284133056,50.7425607083824,0 12.6523039362223,50.7431800964665,0 12.6617298114013,50.7527773314535,0 
					</coordinates>
				</LinearRing>
			</outerBoundaryIs>
		</Polygon>
	</Placemark>
	<Placemark>
		<name>01955bd8-7694-7041-a2eb-45e3577b78f5</name>
		<Style>
			<LineStyle>
				<color>ff0000ff</color>
			</LineStyle>
			<PolyStyle>
				<fill>0</fill>
			</PolyStyle>
		</Style>
		<Polygon>
			<outerBoundaryIs>
				<LinearRing>
					<coordinates>
						12.6628625227375,50.7551607014203,0 12.6589163361178,50.7777657945024,0 12.6863711509106,50.7963302282654,0 12.6703630509819,50.8128747153088,0 12.689904912309,50.8054008002713,0 12.7270936366157,50.80838941815421,0 12.7315416152356,50.81652175505249,0 12.7562008034555,50.8120749129148,0 12.7681727082213,50.81664695248961,0 12.7799319590886,50.8152534659372,0 12.8120295666398,50.82267355229169,0 12.8167408958563,50.8350791556592,0 12.8629885729666,50.8393741650946,0 12.8685215787038,50.8454217198899,0 12.8840435807794,50.84863150518729,0 12.8169745982011,50.8611793971924,0 12.7998417081903,50.8566724125469,0 12.7791246930128,50.8376636908505,0 12.7646173911987,50.8319971753092,0 12.7672091344645,50.8512171510777,0 12.7388374282971,50.8529700777718,0 12.7302405183546,50.8462121549953,0 12.7113650795261,50.847613798323,0 12.7389793355365,50.8568491742019,0 12.7309754646984,50.8640279612338,0 12.7398372929628,50.8769554148566,0 12.7207453099127,50.8941025580784,0 12.7211862336697,50.90027482980601,0 12.7491189086819,50.8818923816364,0 12.7579950201248,50.867511783221,0 12.7739752408633,50.8694329058697,0 12.7912848834991,50.8602786173551,0 12.8046557778675,50.86624275246869,0 12.8395737284162,50.8636594679304,0 12.851140911187,50.8683500616243,0 12.8763177274077,50.8626674172275,0 12.8793932821883,50.8701924655689,0 12.8966225295854,50.8783331482814,0 12.9227913050969,50.879612445894,0 12.9302234279888,50.8897101317655,0 12.9493672279648,50.8977471999589,0 12.9380191397561,50.9046152526179,0 12.9657168713756,50.9187943469007,0 12.9716071901256,50.90868881164431,0 13.0091959420875,50.9120508604899,0 13.007388527126,50.9074908874309,0 12.9794549734583,50.9020600130155,0 12.9602325540632,50.9033139994889,0 12.9451612194755,50.8891458758872,0 12.9572670902812,50.8748652564046,0 12.9796696888959,50.882573708536,0 12.9652462797349,50.86451350544179,0 12.9681875065411,50.85634045958869,0 12.9529957448988,50.8449017052957,0 12.9798106395326,50.8270333148166,0 12.9915715546052,50.83342840900371,0 12.9839437156522,50.8211158862495,0 12.9930821251683,50.81447722369861,0 12.9840093111636,50.79707269496729,0 13.0131291670698,50.80058361237689,0 12.9938564618643,50.7938703080507,0 13.0043463346782,50.78421569589629,0 12.9945542775962,50.7816681787935,0 12.963928564581,50.8048982470031,0 12.9577166513442,50.7852846524045,0 12.9301821819221,50.7859157741419,0 12.9213984856969,50.7716921425763,0 12.9173958653437,50.7834768345862,0 12.9103008477158,50.7838004492481,0 12.9087069463104,50.7599625690683,0 12.8967696757323,50.7687977524531,0 12.854156893878,50.77147224689359,0 12.8400170787584,50.7889079987741,0 12.865139591693,50.78318930807159,0 12.8702637060045,50.794939106281,0 12.8153996147511,50.8085822627773,0 12.7822794199083,50.790325729315,0 12.7959733485657,50.8073098463641,0 12.7694224136975,50.80791047882621,0 12.7625208633265,50.80280069413511,0 12.7424871724359,50.80382512430909,0 12.7344169533181,50.7972027723799,0 12.6973056984048,50.78806943376691,0 12.7011257484777,50.7840180294571,0 12.7381883783201,50.7931266255065,0 12.7561363474354,50.7943740603607,0 12.7590821773263,50.7908660026787,0 12.7094959515575,50.7777887461965,0 12.7114065967028,50.7540140144458,0 12.7250500344152,50.7434789556884,0 12.7057813967709,50.7512029072438,0 12.6917486340193,50.7801249997199,0 12.6645091085535,50.7782729938677,0 12.6689752027522,50.76225631451251,0 12.6628625227375,50.7551607014203,0 
					</coordinates>
				</LinearRing>
			</outerBoundaryIs>
		</Polygon>
	</Placemark>
	<Placemark>
		<name>01955bd8-7694-7380-8dae-9c1d925e7d52</name>
		<Style>
			<LineStyle>
				<color>ff0000ff</color>
			</LineStyle>
			<PolyStyle>
				<fill>0</fill>
			</PolyStyle>
		</Style>
		<Polygon>
			<outerBoundaryIs>
				<LinearRing>
					<coordinates>
						12.8743659070339,50.8722466524602,0 12.8488350212626,50.8805153280843,0 12.8307080682325,50.879537704814,0 12.8141626106612,50.8728991293288,0 12.7856155940739,50.8819435858382,0 12.7871008325262,50.8949269359747,0 12.8025009799764,50.8997183126537,0 12.797906318393,50.9138880046817,0 12.8058187643434,50.9274853313077,0 12.8270952301194,50.9266080948715,0 12.8035694473697,50.8881489536125,0 12.8326888520627,50.8872550026831,0 12.8464188827761,50.88065805162491,0 12.8839571641832,50.8912566627187,0 12.8743659070339,50.8722466524602,0 
					</coordinates>
				</LinearRing>
			</outerBoundaryIs>
		</Polygon>
	</Placemark>
	<Placemark>
		<name>01955bd8-7694-7752-bfc9-09bb50cb2473</name>
		<Style>
			<LineStyle>
				<color>ff0000ff</color>
			</LineStyle>
			<PolyStyle>
				<fill>0</fill>
			</PolyStyle>
		</Style>
		<Polygon>
			<outerBoundaryIs>
				<LinearRing>
					<coordinates>
						12.9318686858091,50.9031190694431,0 12.9265109465901,50.8998269370457,0 12.9037666145777,50.900075440203,0 12.9035358315005,50.9039165871047,0 12.9318686858091,50.9031190694431,0 
					</coordinates>
				</LinearRing>
			</outerBoundaryIs>
		</Polygon>
	</Placemark>
	<Placemark>
		<name>01955bd8-7694-7323-8cff-cf4b32f54f89</name>
		<Style>
			<LineStyle>
				<color>ff0000ff</color>
			</LineStyle>
			<PolyStyle>
				<fill>0</fill>
			</PolyStyle>
		</Style>
		<Polygon>
			<outerBoundaryIs>
				<LinearRing>
					<coordinates>
						12.7270726146656,50.7422737586147,0 12.7387511378362,50.7414012005556,0 12.7606200700627,50.7496060586279,0 12.7521087727085,50.7276338731577,0 12.7727352071736,50.719802260055,0 12.7886314701081,50.7307661920198,0 12.7952443475593,50.7179338198872,0 12.78960268578,50.7010921306086,0 12.7580259890598,50.69009585109499,0 12.7646534984047,50.69714368351921,0 12.7520529463307,50.703318207557,0 12.7528518585686,50.7149501628307,0 12.7248277165044,50.7195708146992,0 12.7317980328244,50.73122405560751,0 12.7270726146656,50.7422737586147,0 
					</coordinates>
				</LinearRing>
			</outerBoundaryIs>
		</Polygon>
	</Placemark>
	<Placemark>
		<name>01955bd8-7694-7d66-a8c1-6dd3653fb517</name>
		<Style>
			<LineStyle>
				<color>ff0000ff</color>
			</LineStyle>
			<PolyStyle>
				<fill>0</fill>
			</PolyStyle>
		</Style>
		<Polygon>
			<outerBoundaryIs>
				<LinearRing>
					<coordinates>
						12.6985252202659,51.3732653974226,0 12.7086917055221,51.3633360217486,0 12.7232361484507,51.36815244627261,0 12.7232658433019,51.3845828683764,0 12.7389467792896,51.385396350794,0 12.7552948967263,51.3807225190313,0 12.7706923856204,51.3656450371287,0 12.7651193479439,51.3591055768145,0 12.7474960871461,51.360636841541,0 12.7367863874746,51.3493714400861,0 12.7214512260006,51.34624138188931,0 12.6998443592862,51.35114531873321,0 12.7023288622532,51.3581665604897,0 12.692765984285,51.3660170580583,0 12.6985252202659,51.3732653974226,0 
					</coordinates>
				</LinearRing>
			</outerBoundaryIs>
		</Polygon>
	</Placemark>
	<Placemark>
		<name>01955bd8-7694-75cd-8bf0-d3fe08757f6b</name>
		<Style>
			<LineStyle>
				<color>ff0000ff</color>
			</LineStyle>
			<PolyStyle>
				<fill>0</fill>
			</PolyStyle>
		</Style>
		<Polygon>
			<outerBoundaryIs>
				<LinearRing>
					<coordinates>
						12.613802704847,51.8811296281456,0 12.6158108620349,51.8727552585067,0 12.6270678202813,51.87000637708509,0 12.6342842654108,51.8784550455188,0 12.6464047974573,51.8790494239493,0 12.6494575341197,51.8910671889261,0 12.6611660433045,51.8923134086559,0 12.6808174716124,51.8828207946185,0 12.6739667407212,51.8716036639171,0 12.6972797995221,51.86647759393999,0 12.6513624124247,51.86131520017161,0 12.5980034854339,51.8643351770838,0 12.5632715408791,51.874268555778,0 12.5619921328545,51.8857526039673,0 12.5706120620384,51.89256222616229,0 12.5847722800956,51.8901493840416,0 12.5851175827854,51.8834159912185,0 12.5943525356789,51.87953022200231,0 12.613802704847,51.8811296281456,0 
					</coordinates>
				</LinearRing>
			</outerBoundaryIs>
		</Polygon>
	</Placemark>
	<Placemark>
		<name>01955bd8-7694-7d55-b872-d1456606d147</name>
		<Style>
			<LineStyle>
				<color>ff0000ff</color>
			</LineStyle>
			<PolyStyle>
				<fill>0</fill>
			</PolyStyle>
		</Style>
		<Polygon>
			<outerBoundaryIs>
				<LinearRing>
					<coordinates>
						12.8209478905055,52.92471591185151,0 12.8121287212944,52.91545125592981,0 12.8199323930221,52.915369777112,0 12.8225882871935,52.924128211002,0 12.8321013136267,52.9214453672715,0 12.8407729521978,52.9078511258649,0 12.8115400049026,52.91254402563669,0 12.802253235678,52.8977871500716,0 12.8109044578415,52.8861319176869,0 12.7955899315301,52.8771553030055,0 12.7918254662408,52.9074393311868,0 12.7837410355368,52.91296971693541,0 12.7654692447208,52.91157478983829,0 12.7614428694586,52.91733074307479,0 12.7771491587251,52.9179374410238,0 12.7767356980509,52.92905388155331,0 12.7870901364223,52.934991097072,0 12.767112988045,52.9423178625928,0 12.8091455720984,52.9477331406621,0 12.8272355426985,52.9615574614792,0 12.8359772209454,52.9557479663507,0 12.8659517489014,52.9508509585015,0 12.8526621883043,52.9428013064026,0 12.8343348818464,52.9492328830784,0 12.8249791854452,52.9461971790673,0 12.8209478905055,52.92471591185151,0 
					</coordinates>
				</LinearRing>
			</outerBoundaryIs>
		</Polygon>
	</Placemark>
	<Placemark>
		<name>01955bd8-7694-77cc-81a1-e710e66b95f4</name>
		<Style>
			<LineStyle>
				<color>ff0000ff</color>
			</LineStyle>
			<PolyStyle>
				<fill>0</fill>
			</PolyStyle>
		</Style>
		<Polygon>
			<outerBoundaryIs>
				<LinearRing>
					<coordinates>
						12.7091057872314,53.5278995011753,0 12.7197738180371,53.5187424359237,0 12.697616903839,53.5046287783614,0 12.66620100678,53.51702257454419,0 12.6353266850527,53.5158811138208,0 12.6437062998083,53.5214496122457,0 12.6397610465933,53.5315564366426,0 12.6833384405366,53.5314636193391,0 12.6938093587886,53.5212301511598,0 12.7091057872314,53.5278995011753,0 
					</coordinates>
				</LinearRing>
			</outerBoundaryIs>
		</Polygon>
	</Placemark>
	<Placemark>
		<name>01955bd8-7694-7516-b134-a0669f4b3a75</name>
		<Style>
			<LineStyle>
				<color>ff0000ff</color>
			</LineStyle>
			<PolyStyle>
				<fill>0</fill>
			</PolyStyle>
		</Style>
		<Polygon>
			<outerBoundaryIs>
				<LinearRing>
					<coordinates>
						12.9641013087954,47.6235870053292,0 12.9776858539846,47.6295992953731,0 12.9644916139874,47.6381349894052,0 12.9633515436837,47.65153106560351,0 12.9754711469246,47.635024207238,0 12.9919525922564,47.6340332475047,0 13.0025468854005,47.6443147963959,0 13.0194729955156,47.6403781633719,0 13.0024923836096,47.6238188285465,0 12.9798285347179,47.6241102533467,0 12.9986973524324,47.5905835884345,0 12.9862277397102,47.5885198707823,0 12.975303348579,47.5995221428824,0 12.9641013087954,47.6235870053292,0 
					</coordinates>
				</LinearRing>
			</outerBoundaryIs>
		</Polygon>
	</Placemark>
	<Placemark>
		<name>01955bd8-7694-7859-8f36-629463f4620e</name>
		<Style>
			<LineStyle>
				<color>ff0000ff</color>
			</LineStyle>
			<PolyStyle>
				<fill>0</fill>
			</PolyStyle>
		</Style>
		<Polygon>
			<outerBoundaryIs>
				<LinearRing>
					<coordinates>
						12.9341151475424,48.25611030672221,0 12.9826863234071,48.2628064360806,0 12.9946836316431,48.2591323511521,0 13.0055671108949,48.27470283629879,0 13.0336587727001,48.2791493398964,0 13.0490556466013,48.27748629103759,0 13.0425699794915,48.26392883960671,0 13.0578397158748,48.2641128646906,0 13.0828940594045,48.25254842870051,0 13.0755448585388,48.2470888996473,0 13.0353701973515,48.2389078286999,0 13.0382857879553,48.2239981286138,0 13.0288075401245,48.2201534825413,0 13.0027176534274,48.231493511232,0 13.0230956702608,48.24419848290259,0 13.0267277994833,48.25848472984561,0 12.9947236264499,48.2514577871136,0 12.9784662699307,48.2394826737256,0 12.9560078258858,48.2353956884501,0 12.9559566739754,48.245911035428,0 12.9341151475424,48.25611030672221,0 
					</coordinates>
				</LinearRing>
			</outerBoundaryIs>
		</Polygon>
	</Placemark>
	<Placemark>
		<name>01955bd8-7694-7109-bfeb-af23283f1dea</name>
		<Style>
			<LineStyle>
				<color>ff0000ff</color>
			</LineStyle>
			<PolyStyle>
				<fill>0</fill>
			</PolyStyle>
		</Style>
		<Polygon>
			<outerBoundaryIs>
				<LinearRing>
					<coordinates>
						13.0884199755805,48.25291470759,0 13.0964455954251,48.2580912209811,0 13.1016816118504,48.2549938773498,0 13.0964719176553,48.2512186864143,0 13.0884199755805,48.25291470759,0 
					</coordinates>
				</LinearRing>
			</outerBoundaryIs>
		</Polygon>
	</Placemark>
	<Placemark>
		<name>01955bd8-7694-7d0d-9fea-505887e7579b</name>
		<Style>
			<LineStyle>
				<color>ff0000ff</color>
			</LineStyle>
			<PolyStyle>
				<fill>0</fill>
			</PolyStyle>
		</Style>
		<Polygon>
			<outerBoundaryIs>
				<LinearRing>
					<coordinates>
						12.8847823644153,48.8194878245809,0 12.8972903419043,48.8255946955228,0 12.9427221333418,48.8277468007545,0 12.9361076402459,48.8403217594273,0 12.9419040403547,48.84997750120429,0 12.9537450749034,48.8537018194299,0 12.9532953392711,48.8644575763312,0 12.9740660084184,48.8522888495005,0 12.9944704441806,48.8603664695454,0 13.0030616096805,48.85825247377189,0 13.0005434469537,48.8491156504432,0 12.9881796257711,48.845333485403,0 12.9940461472667,48.83134029156321,0 12.937317322959,48.81577142854431,0 12.9256279098321,48.82158495254391,0 12.9025113906674,48.817653466623,0 12.9058281129124,48.794217881596,0 12.8828569949353,48.7721466060768,0 12.8615042381832,48.7657717727588,0 12.8474272195912,48.7846669463601,0 12.8591480398572,48.79103300126431,0 12.8509272979962,48.8024907426304,0 12.8870032049168,48.8032294710582,0 12.8847823644153,48.8194878245809,0 
					</coordinates>
				</LinearRing>
			</outerBoundaryIs>
		</Polygon>
	</Placemark>
	<Placemark>
		<name>01955bd8-7694-73b1-9740-47508ecd51d9</name>
		<Style>
			<LineStyle>
				<color>ff0000ff</color>
			</LineStyle>
			<PolyStyle>
				<fill>0</fill>
			</PolyStyle>
		</Style>
		<Polygon>
			<outerBoundaryIs>
				<LinearRing>
					<coordinates>
						12.9701549780853,48.8184368155819,0 12.9846018756561,48.816470530302,0 12.9814025070526,48.8097121421514,0 12.9743745101043,48.8085292578287,0 12.9701549780853,48.8184368155819,0 
					</coordinates>
				</LinearRing>
			</outerBoundaryIs>
		</Polygon>
	</Placemark>
	<Placemark>
		<name>01955bd8-7694-7d82-af9b-45b1b056d01b</name>
		<Style>
			<LineStyle>
				<color>ff0000ff</color>
			</LineStyle>
			<PolyStyle>
				<fill>0</fill>
			</PolyStyle>
		</Style>
		<Polygon>
			<outerBoundaryIs>
				<LinearRing>
					<coordinates>
						12.9925294434892,50.574893499649,0 12.9840850241754,50.58189931079541,0 12.9967823172552,50.5847681627632,0 13.0159234940568,50.6013916961419,0 13.0232734063256,50.5994417267838,0 13.0244772787893,50.589368738292,0 13.0475695172183,50.59020327988551,0 13.0266300164603,50.58113708190831,0 13.0007545855867,50.5492330806751,0 12.9844886009271,50.5651329426098,0 12.9925294434892,50.574893499649,0 
					</coordinates>
				</LinearRing>
			</outerBoundaryIs>
		</Polygon>
	</Placemark>
	<Placemark>
		<name>01955bd8-7694-78c1-9c3d-a4168de28b3b</name>
		<Style>
			<LineStyle>
				<color>ff0000ff</color>
			</LineStyle>
			<PolyStyle>
				<fill>0</fill>
			</PolyStyle>
		</Style>
		<Polygon>
			<outerBoundaryIs>
				<LinearRing>
					<coordinates>
						12.9980388216531,50.54539297706669,0 13.0010489415753,50.5330686518921,0 12.9967376284429,50.5296966028781,0 12.9901907561665,50.53596606112549,0 12.9980388216531,50.54539297706669,0 
					</coordinates>
				</LinearRing>
			</outerBoundaryIs>
		</Polygon>
	</Placemark>
	<Placemark>
		<name>01955bd8-7695-776b-933d-d07398f3d5ce</name>
		<Style>
			<LineStyle>
				<color>ff0000ff</color>
			</LineStyle>
			<PolyStyle>
				<fill>0</fill>
			</PolyStyle>
		</Style>
		<Polygon>
			<outerBoundaryIs>
				<LinearRing>
					<coordinates>
						13.0024540262415,50.735339494352,0 12.9816193385491,50.7469711473918,0 12.9883434095238,50.7546165123259,0 13.0204831053207,50.7631136828724,0 13.0543417248651,50.7623659639044,0 13.0522753459502,50.7572796290273,0 13.0165371141621,50.75942559765699,0 12.9981429442451,50.7477860985895,0 13.0212225392291,50.7366648195468,0 13.0024540262415,50.735339494352,0 
					</coordinates>
				</LinearRing>
			</outerBoundaryIs>
		</Polygon>
	</Placemark>
	<Placemark>
		<name>01955bd8-7695-7ef1-87f9-5887822c175f</name>
		<Style>
			<LineStyle>
				<color>ff0000ff</color>
			</LineStyle>
			<PolyStyle>
				<fill>0</fill>
			</PolyStyle>
		</Style>
		<Polygon>
			<outerBoundaryIs>
				<LinearRing>
					<coordinates>
						13.0591119767553,50.7463419938974,0 13.0697559791889,50.759337531035,0 13.0850983909788,50.7485271691562,0 13.066849374741,50.73781322735969,0 13.0591119767553,50.7463419938974,0 
					</coordinates>
				</LinearRing>
			</outerBoundaryIs>
		</Polygon>
	</Placemark>
	<Placemark>
		<name>01955bd8-7695-7d3f-b4f9-fa5ad7c695de</name>
		<Style>
			<LineStyle>
				<color>ff0000ff</color>
			</LineStyle>
			<PolyStyle>
				<fill>0</fill>
			</PolyStyle>
		</Style>
		<Polygon>
			<outerBoundaryIs>
				<LinearRing>
					<coordinates>
						12.9894494196927,52.2906153843038,0 13.0236815880977,52.2985204093301,0 13.0090220777129,52.3102797246974,0 13.0255103777197,52.31803170512369,0 13.0289589657796,52.3252257127571,0 13.0351179649238,52.32493664555329,0 13.0497627092743,52.3126059321294,0 13.0301298460223,52.30352278513081,0 13.0292790483768,52.2816305550795,0 13.0226258461317,52.2782664773174,0 13.0160754643352,52.2854147155808,0 12.9842928597525,52.2848153878804,0 12.9894494196927,52.2906153843038,0 
					</coordinates>
				</LinearRing>
			</outerBoundaryIs>
		</Polygon>
	</Placemark>
	<Placemark>
		<name>01955bd8-7695-71b8-8748-06e47e7e13a1</name>
		<Style>
			<LineStyle>
				<color>ff0000ff</color>
			</LineStyle>
			<PolyStyle>
				<fill>0</fill>
			</PolyStyle>
		</Style>
		<Polygon>
			<outerBoundaryIs>
				<LinearRing>
					<coordinates>
						13.0546040411279,52.3125612459077,0 13.0606367312922,52.31686849113721,0 13.0685839377648,52.31550413477599,0 13.0687548780521,52.3124306312943,0 13.0546040411279,52.3125612459077,0 
					</coordinates>
				</LinearRing>
			</outerBoundaryIs>
		</Polygon>
	</Placemark>
	<Placemark>
		<name>01955bd8-7695-7761-b0c2-0f2ffd97c1c0</name>
		<Style>
			<LineStyle>
				<color>ff0000ff</color>
			</LineStyle>
			<PolyStyle>
				<fill>0</fill>
			</PolyStyle>
		</Style>
		<Polygon>
			<outerBoundaryIs>
				<LinearRing>
					<coordinates>
						12.9439181530897,52.3821333774343,0 12.9402469784463,52.3626071922982,0 12.9171736955968,52.36724154016089,0 12.9171981232282,52.3564213778434,0 12.901449604627,52.3494053012185,0 12.8973400587024,52.3688332314765,0 12.9189304121217,52.37705010996301,0 12.8962682033982,52.3969563746955,0 12.9269476691213,52.3945061728928,0 12.9439181530897,52.3821333774343,0 
					</coordinates>
				</LinearRing>
			</outerBoundaryIs>
		</Polygon>
	</Placemark>
	<Placemark>
		<name>01955bd8-7695-7b68-b183-42f124fa62a1</name>
		<Style>
			<LineStyle>
				<color>ff0000ff</color>
			</LineStyle>
			<PolyStyle>
				<fill>0</fill>
			</PolyStyle>
		</Style>
		<Polygon>
			<outerBoundaryIs>
				<LinearRing>
					<coordinates>
						12.9934905132454,52.4230249623368,0 13.0078576318787,52.42825052070221,0 13.0288754620052,52.4214730284979,0 13.0634143964939,52.426979930972,0 13.0705470588902,52.41565858583301,0 13.0864230287045,52.41245854524009,0 13.0802180867648,52.3993965115994,0 13.0957098987447,52.4016437032372,0 13.098725783322,52.411541113898,0 13.1075244782071,52.4128702287766,0 13.1232481524357,52.3977934366728,0 13.1388327712904,52.3974126024758,0 13.1348110566828,52.391901791186,0 13.1521665964659,52.3712811841121,0 13.1366741885534,52.3557962121193,0 13.1176856883399,52.3555201229515,0 13.1094340975467,52.33827583639789,0 13.0964474238506,52.3379400519585,0 13.0996089627497,52.35473465348291,0 13.0865766082605,52.3599769542671,0 13.0716262349317,52.3798582985566,0 13.0533151665276,52.3784947489459,0 13.0293876314839,52.38558546283489,0 13.0160747457004,52.3790384578322,0 13.0069735785286,52.4023320592577,0 12.9791581020888,52.4011607938662,0 12.9637669878023,52.4054384829202,0 12.9688708515565,52.4149418990189,0 13.0157822175343,52.4084727019469,0 13.0147698122031,52.41724593833499,0 12.9934905132454,52.4230249623368,0 
					</coordinates>
				</LinearRing>
			</outerBoundaryIs>
		</Polygon>
	</Placemark>
	<Placemark>
		<name>01955bd8-7695-7428-a9ca-4a9fece3d317</name>
		<Style>
			<LineStyle>
				<color>ff0000ff</color>
			</LineStyle>
			<PolyStyle>
				<fill>0</fill>
			</PolyStyle>
		</Style>
		<Polygon>
			<outerBoundaryIs>
				<LinearRing>
					<coordinates>
						13.1851923967113,52.64272817793319,0 13.1943573054283,52.6557062896929,0 13.217811104469,52.6571290145388,0 13.2088037655279,52.64658795309,0 13.2147743002201,52.6371261532399,0 13.2464724817513,52.6250153336594,0 13.2595102097772,52.6087919796006,0 13.2462593219307,52.5991526876325,0 13.2183547365345,52.5963867547699,0 13.2073393755985,52.6015140528448,0 13.1987156197547,52.5986222940677,0 13.1851923967113,52.64272817793319,0 
					</coordinates>
				</LinearRing>
			</outerBoundaryIs>
		</Polygon>
	</Placemark>
	<Placemark>
		<name>01955bd8-7695-77e8-98dc-a46f68295ffb</name>
		<Style>
			<LineStyle>
				<color>ff0000ff</color>
			</LineStyle>
			<PolyStyle>
				<fill>0</fill>
			</PolyStyle>
		</Style>
		<Polygon>
			<outerBoundaryIs>
				<LinearRing>
					<coordinates>
						13.1665652415253,52.7064713209806,0 13.1730934340105,52.7068571141514,0 13.1873686642111,52.689410499907,0 13.2016225351505,52.6895721119401,0 13.1994052218166,52.6768326495646,0 13.1859868870833,52.6804889139581,0 13.1702127297146,52.6746966772427,0 13.1521454106129,52.65355636813131,0 13.1309339172727,52.64786339034239,0 13.1365461360774,52.66154290791331,0 13.1548897026191,52.6692457051866,0 13.1343227055971,52.6754573881455,0 13.1587648093044,52.6814863998707,0 13.1665652415253,52.7064713209806,0 
					</coordinates>
				</LinearRing>
			</outerBoundaryIs>
		</Polygon>
	</Placemark>
	<Placemark>
		<name>01955bd8-7695-7fba-9aae-ce35d66bae51</name>
		<Style>
			<LineStyle>
				<color>ff0000ff</color>
			</LineStyle>
			<PolyStyle>
				<fill>0</fill>
			</PolyStyle>
		</Style>
		<Polygon>
			<outerBoundaryIs>
				<LinearRing>
					<coordinates>
						13.1559299129437,52.7462277102576,0 13.1647280309607,52.7543537105899,0 13.1876007238311,52.75075915881549,0 13.2115721802422,52.7567882152988,0 13.2340510063927,52.772292599578,0 13.2326504108475,52.7794555623313,0 13.2451910385744,52.7838667807524,0 13.2478560254147,52.7747122405114,0 13.2660658880098,52.7765289438468,0 13.2588918772799,52.7690742960471,0 13.2686308844826,52.76353148506341,0 13.264453866303,52.7554903114218,0 13.2741214463915,52.7509611542154,0 13.271084403718,52.739102546159,0 13.2633571940082,52.7276180743737,0 13.2379075328321,52.7203501935231,0 13.2250386610901,52.73526277094929,0 13.2135348474392,52.7330436822595,0 13.2011753847895,52.7439523895821,0 13.1559299129437,52.7462277102576,0 
					</coordinates>
				</LinearRing>
			</outerBoundaryIs>
		</Polygon>
	</Placemark>
	<Placemark>
		<name>01955bd8-7695-75f3-93e4-37ba80816d25</name>
		<Style>
			<LineStyle>
				<color>ff0000ff</color>
			</LineStyle>
			<PolyStyle>
				<fill>0</fill>
			</PolyStyle>
		</Style>
		<Polygon>
			<outerBoundaryIs>
				<LinearRing>
					<coordinates>
						13.0541091461564,53.3553115029448,0 13.0495783105245,53.3743474655496,0 13.0603596683224,53.3698437647948,0 13.0881062802639,53.3688250117018,0 13.0975577105263,53.35129044828649,0 13.114184536841,53.34703279339689,0 13.1018019257829,53.3383737591843,0 13.104403355602,53.3291346384659,0 13.0830496998001,53.3324576699441,0 13.0647188646236,53.3569957469016,0 13.0541091461564,53.3553115029448,0 
					</coordinates>
				</LinearRing>
			</outerBoundaryIs>
		</Polygon>
	</Placemark>
	<Placemark>
		<name>01955bd8-7695-74c7-b4c4-9033f28496ba</name>
		<Style>
			<LineStyle>
				<color>ff0000ff</color>
			</LineStyle>
			<PolyStyle>
				<fill>0</fill>
			</PolyStyle>
		</Style>
		<Polygon>
			<outerBoundaryIs>
				<LinearRing>
					<coordinates>
						13.0796254522352,53.3313741957067,0 13.0757990212832,53.32889885824559,0 13.0570827436728,53.33539338286879,0 13.0694592449355,53.3390184950083,0 13.0796254522352,53.3313741957067,0 
					</coordinates>
				</LinearRing>
			</outerBoundaryIs>
		</Polygon>
	</Placemark>
	<Placemark>
		<name>01955bd8-7695-754b-9fa3-5c51edc125c4</name>
		<Style>
			<LineStyle>
				<color>ff0000ff</color>
			</LineStyle>
			<PolyStyle>
				<fill>0</fill>
			</PolyStyle>
		</Style>
		<Polygon>
			<outerBoundaryIs>
				<LinearRing>
					<coordinates>
						13.0757105530902,54.3399752551387,0 13.1056750179609,54.3110019714998,0 13.1232182583017,54.3073524179223,0 13.1116238294944,54.30416523167221,0 13.1046987160928,54.2834193923324,0 13.1214587774968,54.27114574249781,0 13.1461075829572,54.2657403932932,0 13.114766234155,54.2637780984033,0 13.0981929710855,54.2805484798238,0 13.083997837667,54.2835351922128,0 13.0825565410889,54.29279335851601,0 13.0605397229462,54.2894796171074,0 13.0630451337708,54.2788812980786,0 13.0577100406843,54.27870149275441,0 13.0438877423599,54.29927791364471,0 13.017225932577,54.3023360125766,0 13.0401621523455,54.3173937637325,0 13.0519233904936,54.3330722684298,0 13.0456088321066,54.3440323602779,0 13.057831356165,54.3385819267365,0 13.0651818248026,54.342094051973,0 13.0757105530902,54.3399752551387,0 
					</coordinates>
				</LinearRing>
			</outerBoundaryIs>
		</Polygon>
	</Placemark>
	<Placemark>
		<name>01955bd8-7695-7958-a424-3f346a89f9ce</name>
		<Style>
			<LineStyle>
				<color>ff0000ff</color>
			</LineStyle>
			<PolyStyle>
				<fill>0</fill>
			</PolyStyle>
		</Style>
		<Polygon>
			<outerBoundaryIs>
				<LinearRing>
					<coordinates>
						13.4700983281916,48.4705365387695,0 13.467843004,48.4662653016149,0 13.4481138770425,48.4648171222765,0 13.4759261385438,48.4426331962114,0 13.4588985606691,48.43862818036801,0 13.4518378027548,48.4209193338545,0 13.4353264367145,48.4472474529258,0 13.4154038842249,48.4561310322661,0 13.4126966366934,48.4649905220055,0 13.4356397129033,48.46742298416449,0 13.440437922671,48.481558723827,0 13.4284508525292,48.48628995829041,0 13.4352242326891,48.4895429546296,0 13.4482356105514,48.4858215057416,0 13.4568250524756,48.4726186174748,0 13.4700983281916,48.4705365387695,0 
					</coordinates>
				</LinearRing>
			</outerBoundaryIs>
		</Polygon>
	</Placemark>
	<Placemark>
		<name>01955bd8-7695-71b3-8d02-d4cc2cd3c49a</name>
		<Style>
			<LineStyle>
				<color>ff0000ff</color>
			</LineStyle>
			<PolyStyle>
				<fill>0</fill>
			</PolyStyle>
		</Style>
		<Polygon>
			<outerBoundaryIs>
				<LinearRing>
					<coordinates>
						13.4206439778391,48.5780667613841,0 13.4364616510872,48.5866412587812,0 13.4556039175669,48.58076868362439,0 13.4630734875558,48.5946695297473,0 13.4761180614279,48.597628366244,0 13.5022418044539,48.58811091226951,0 13.491974717342,48.5668961877638,0 13.4448231086077,48.5599488858558,0 13.4386222369741,48.5535756577889,0 13.4077797186862,48.55217605982809,0 13.4057383668762,48.5715308761434,0 13.3830329638168,48.56333267775181,0 13.3563060804596,48.5953351268283,0 13.3553286011108,48.6057535512461,0 13.3656228886948,48.6094924655617,0 13.3771766588754,48.59386530759551,0 13.4206439778391,48.5780667613841,0 
					</coordinates>
				</LinearRing>
			</outerBoundaryIs>
		</Polygon>
	</Placemark>
	<Placemark>
		<name>01955bd8-7695-7a5e-8508-8cfaab36d5d2</name>
		<Style>
			<LineStyle>
				<color>ff0000ff</color>
			</LineStyle>
			<PolyStyle>
				<fill>0</fill>
			</PolyStyle>
		</Style>
		<Polygon>
			<outerBoundaryIs>
				<LinearRing>
					<coordinates>
						13.666490771078,50.83119650170931,0 13.6683093767737,50.8389819831907,0 13.6569619836382,50.84113804811479,0 13.6635360754776,50.85279784493851,0 13.6529575836646,50.8609850085572,0 13.6679407075831,50.8674956423011,0 13.671086780888,50.8774346208672,0 13.6558776679719,50.8988330121218,0 13.6748136953714,50.9068041144433,0 13.6786174741041,50.87820027944681,0 13.6689725399964,50.8666069282261,0 13.668633867442,50.8537366451007,0 13.6845121518172,50.8311188336684,0 13.666490771078,50.83119650170931,0 
					</coordinates>
				</LinearRing>
			</outerBoundaryIs>
		</Polygon>
	</Placemark>
	<Placemark>
		<name>01955bd8-7695-7bf8-ab3a-0470d00992fa</name>
		<Style>
			<LineStyle>
				<color>ff0000ff</color>
			</LineStyle>
			<PolyStyle>
				<fill>0</fill>
			</PolyStyle>
		</Style>
		<Polygon>
			<outerBoundaryIs>
				<LinearRing>
					<coordinates>
						13.3102917606859,50.9034370306431,0 13.3135470690294,50.92605434756109,0 13.3274521134015,50.9349820677863,0 13.3505741612454,50.9307564180768,0 13.3723746344527,50.9069963992534,0 13.3591905444731,50.8898331759246,0 13.3472286088009,50.886652556153,0 13.3246822793554,50.853171977813,0 13.2904134696009,50.87319802469581,0 13.3132396540998,50.8720049701866,0 13.3227040860439,50.8811190642099,0 13.3381705969501,50.8821425020675,0 13.3403301460439,50.8913847066559,0 13.3289252023433,50.89182005453179,0 13.3102917606859,50.9034370306431,0 
					</coordinates>
				</LinearRing>
			</outerBoundaryIs>
		</Polygon>
	</Placemark>
	<Placemark>
		<name>01955bd8-7695-739e-97fb-6fa3de0b3786</name>
		<Style>
			<LineStyle>
				<color>ff0000ff</color>
			</LineStyle>
			<PolyStyle>
				<fill>0</fill>
			</PolyStyle>
		</Style>
		<Polygon>
			<outerBoundaryIs>
				<LinearRing>
					<coordinates>
						13.3795042620748,50.9055688817541,0 13.3922820515349,50.91584121485471,0 13.3987656985846,50.92870464435289,0 13.3939274947895,50.91622577588889,0 13.4021488038798,50.9083741637253,0 13.388003562993,50.9016292946254,0 13.3795042620748,50.9055688817541,0 
					</coordinates>
				</LinearRing>
			</outerBoundaryIs>
		</Polygon>
	</Placemark>
	<Placemark>
		<name>01955bd8-7695-772c-bbce-132880a14025</name>
		<Style>
			<LineStyle>
				<color>ff0000ff</color>
			</LineStyle>
			<PolyStyle>
				<fill>0</fill>
			</PolyStyle>
		</Style>
		<Polygon>
			<outerBoundaryIs>
				<LinearRing>
					<coordinates>
						13.5041398802902,51.1752623191719,0 13.5075271362475,51.1632575141297,0 13.5186870088311,51.1578383993165,0 13.5143250795633,51.1517609275395,0 13.4997843127891,51.14550180889591,0 13.4822273556149,51.14958154435969,0 13.4574794818502,51.13506848303929,0 13.4457395983252,51.1542717236725,0 13.4461296724469,51.1668042146441,0 13.4937987083825,51.17862798527921,0 13.5041398802902,51.1752623191719,0 
					</coordinates>
				</LinearRing>
			</outerBoundaryIs>
		</Polygon>
	</Placemark>
	<Placemark>
		<name>01955bd8-7695-734e-ade8-f79da4628405</name>
		<Style>
			<LineStyle>
				<color>ff0000ff</color>
			</LineStyle>
			<PolyStyle>
				<fill>0</fill>
			</PolyStyle>
		</Style>
		<Polygon>
			<outerBoundaryIs>
				<LinearRing>
					<coordinates>
						13.3354882986897,51.3350845672468,0 13.3688095571969,51.3356981616656,0 13.3880579121778,51.3229582882644,0 13.3775927469111,51.312754119731,0 13.3972756420117,51.3001572903014,0 13.4098415814762,51.29846175192669,0 13.4051429450241,51.28776689166411,0 13.4151932019847,51.2743381467656,0 13.4094796889785,51.2611182647697,0 13.3957690983161,51.27066949339049,0 13.4021536020375,51.276646128888,0 13.3961056050236,51.2883818226585,0 13.3647613178318,51.3048763531269,0 13.3713235720872,51.3098243402347,0 13.364344290273,51.3171922611891,0 13.3700483629994,51.328211472331,0 13.3359467274552,51.3295687453892,0 13.3354882986897,51.3350845672468,0 
					</coordinates>
				</LinearRing>
			</outerBoundaryIs>
		</Polygon>
	</Placemark>
	<Placemark>
		<name>01955bd8-7695-79eb-8048-57f155d7a01f</name>
		<Style>
			<LineStyle>
				<color>ff0000ff</color>
			</LineStyle>
			<PolyStyle>
				<fill>0</fill>
			</PolyStyle>
		</Style>
		<Polygon>
			<outerBoundaryIs>
				<LinearRing>
					<coordinates>
						13.3257792670375,51.3041940241365,0 13.3193650268602,51.2957413067402,0 13.2874550136578,51.28681215488551,0 13.2755141681563,51.2959883040189,0 13.2490554746013,51.2978187642482,0 13.2447733286953,51.30364709000549,0 13.2501521954692,51.31905742205311,0 13.273562051214,51.32850378489071,0 13.2833509920418,51.3266884142222,0 13.3004617302282,51.3085567093487,0 13.3257792670375,51.3041940241365,0 
					</coordinates>
				</LinearRing>
			</outerBoundaryIs>
		</Polygon>
	</Placemark>
	<Placemark>
		<name>01955bd8-7695-7626-9c41-f51d8840c3fc</name>
		<Style>
			<LineStyle>
				<color>ff0000ff</color>
			</LineStyle>
			<PolyStyle>
				<fill>0</fill>
			</PolyStyle>
		</Style>
		<Polygon>
			<outerBoundaryIs>
				<LinearRing>
					<coordinates>
						13.2748081404241,52.3187403741968,0 13.3137246653306,52.3160673168111,0 13.314305793818,52.3081260553174,0 13.2923585960611,52.30648634328981,0 13.2804368673842,52.2927762253559,0 13.2694820646758,52.2893403507822,0 13.2462692927114,52.2921057622782,0 13.2439098849578,52.3005029432931,0 13.2274579963456,52.3102077083716,0 13.2298181912628,52.320053589065,0 13.2477750825054,52.3142645143858,0 13.2516790271888,52.32668762139831,0 13.2706969512087,52.33004638093441,0 13.2748081404241,52.3187403741968,0 
					</coordinates>
				</LinearRing>
			</outerBoundaryIs>
		</Polygon>
	</Placemark>
	<Placemark>
		<name>01955bd8-7695-72de-a52d-ce1cc728f94c</name>
		<Style>
			<LineStyle>
				<color>ff0000ff</color>
			</LineStyle>
			<PolyStyle>
				<fill>0</fill>
			</PolyStyle>
		</Style>
		<Polygon>
			<outerBoundaryIs>
				<LinearRing>
					<coordinates>
						13.6157699283052,52.26285939706661,0 13.6187713303737,52.2800384138092,0 13.6068803238954,52.2825799671865,0 13.599657649321,52.3003772086093,0 13.627022962585,52.30446534098149,0 13.6313036915086,52.3111559386337,0 13.6046885154915,52.3116830635435,0 13.5956303382452,52.3183936342966,0 13.6129138847063,52.3259251688849,0 13.5847728228069,52.3480424103372,0 13.5905188036369,52.35392637152101,0 13.5875286665926,52.3814695689977,0 13.604887577946,52.3763219377264,0 13.6376534274558,52.3826161971844,0 13.6511580086692,52.3768281077326,0 13.6336997729201,52.3602657967947,0 13.6383201025327,52.34090035982,0 13.6535625286458,52.33691090037501,0 13.6657891935884,52.3536292264506,0 13.6916375631239,52.3633656786448,0 13.6954054949403,52.371408469679,0 13.706836348093,52.3727517526209,0 13.6979741545207,52.3603971983827,0 13.6723668193961,52.3523703435592,0 13.6699114316882,52.33882250147019,0 13.6568912836646,52.3362595943611,0 13.6547366881421,52.3276013909721,0 13.6441896026238,52.3262724280996,0 13.6347538489439,52.31365623703109,0 13.64109634521,52.3116132455052,0 13.6519095267792,52.3175601603773,0 13.679038835053,52.2987978555346,0 13.6920631896142,52.3134297891052,0 13.7174490717332,52.3209470924452,0 13.7141480122471,52.3032226757077,0 13.7218466090995,52.2969847959454,0 13.7131446110268,52.2934105270142,0 13.7043870280938,52.2977953977874,0 13.6925757029257,52.2948378037997,0 13.6960324765937,52.291075387997,0 13.7120724825812,52.2919440132728,0 13.7121567719879,52.2882312158615,0 13.6653315959627,52.2874331966654,0 13.6633145700407,52.2928436335229,0 13.6514519737565,52.2954152130551,0 13.6340195133454,52.29038945603611,0 13.6449730223677,52.2804165213517,0 13.6572493880146,52.2841111058096,0 13.6592751019477,52.2763043692697,0 13.6456163149475,52.2771955792848,0 13.6374687824621,52.2652734544605,0 13.6495496322622,52.2603525604527,0 13.6622984671245,52.2610327784697,0 13.6419205689612,52.252947831669,0 13.6427130476916,52.2446313914492,0 13.6559491310381,52.2479568010165,0 13.6586944535562,52.2438823643401,0 13.6399997948297,52.2344386098325,0 13.6203749858829,52.2422323230868,0 13.6246530235452,52.2505098129741,0 13.6396544780572,52.2530214081758,0 13.6401868189728,52.26121505026251,0 13.6157699283052,52.26285939706661,0 
					</coordinates>
				</LinearRing>
			</outerBoundaryIs>
		</Polygon>
	</Placemark>
	<Placemark>
		<name>01955bd8-7695-729b-ba95-e482d3a09d60</name>
		<Style>
			<LineStyle>
				<color>ff0000ff</color>
			</LineStyle>
			<PolyStyle>
				<fill>0</fill>
			</PolyStyle>
		</Style>
		<Polygon>
			<outerBoundaryIs>
				<LinearRing>
					<coordinates>
						13.636447607519,52.3847405305042,0 13.6297010938907,52.3931215876214,0 13.6343213132265,52.3953348941812,0 13.6396894250892,52.3920269381721,0 13.636447607519,52.3847405305042,0 
					</coordinates>
				</LinearRing>
			</outerBoundaryIs>
		</Polygon>
	</Placemark>
	<Placemark>
		<name>01955bd8-7695-7538-acda-2fcb8de41498</name>
		<Style>
			<LineStyle>
				<color>ff0000ff</color>
			</LineStyle>
			<PolyStyle>
				<fill>0</fill>
			</PolyStyle>
		</Style>
		<Polygon>
			<outerBoundaryIs>
				<LinearRing>
					<coordinates>
						13.1663085998556,52.4681851391636,0 13.1430083389566,52.4470035876553,0 13.1231706543237,52.44410014913921,0 13.1110754748675,52.45485974406171,0 13.0967305681672,52.4579731650464,0 13.1017111455299,52.4739071473444,0 13.124743097124,52.4779136072148,0 13.1338217661279,52.4651128276441,0 13.1452352922564,52.4617514513762,0 13.1543412515789,52.4688016220343,0 13.1663085998556,52.4681851391636,0 
					</coordinates>
				</LinearRing>
			</outerBoundaryIs>
		</Polygon>
	</Placemark>
	<Placemark>
		<name>01955bd8-7695-7fb6-8575-5397fd3140d8</name>
		<Style>
			<LineStyle>
				<color>ff0000ff</color>
			</LineStyle>
			<PolyStyle>
				<fill>0</fill>
			</PolyStyle>
		</Style>
		<Polygon>
			<outerBoundaryIs>
				<LinearRing>
					<coordinates>
						13.1695553968499,52.4694511503604,0 13.1774309156183,52.4787702825117,0 13.1730422288427,52.4866893151841,0 13.1808489390767,52.49784400538299,0 13.1807149699457,52.4715181018085,0 13.1695553968499,52.4694511503604,0 
					</coordinates>
				</LinearRing>
			</outerBoundaryIs>
		</Polygon>
	</Placemark>
	<Placemark>
		<name>01955bd8-7695-7614-bbc4-5df519fa9e21</name>
		<Style>
			<LineStyle>
				<color>ff0000ff</color>
			</LineStyle>
			<PolyStyle>
				<fill>0</fill>
			</PolyStyle>
		</Style>
		<Polygon>
			<outerBoundaryIs>
				<LinearRing>
					<coordinates>
						13.1818858969239,52.5006178004375,0 13.1462864033713,52.521796452843,0 13.1276139258736,52.51962753593541,0 13.121363279328,52.5285531856504,0 13.126588693723,52.5344080223916,0 13.1228279186719,52.54931089256559,0 13.0725986019142,52.5463737915298,0 13.0854355307699,52.5303405248514,0 13.0463098205595,52.53366245876361,0 13.0371882821814,52.5413565292943,0 13.0462455553691,52.5483563005965,0 13.019719769236,52.5625103018202,0 13.0581168849241,52.5712830775147,0 13.0654951247807,52.583700585865,0 13.0780905736103,52.5865165076952,0 13.0927794823604,52.5835256286924,0 13.0992048464854,52.5744797756712,0 13.1266993675847,52.5770169461941,0 13.1486226020534,52.5681337618489,0 13.1894607596593,52.5620060393431,0 13.192154552675,52.5733465257311,0 13.2101759105403,52.5750632469603,0 13.2267170980283,52.59002637251299,0 13.2363632163451,52.5855997026625,0 13.2305005489387,52.578046333022,0 13.2508267594565,52.55476070688999,0 13.3068501061252,52.55901857684369,0 13.3066214842436,52.5639756344621,0 13.2674434127199,52.5741580683399,0 13.2750055208339,52.5821816076285,0 13.2678178679468,52.5931103426376,0 13.2877288333358,52.6025065729086,0 13.2925014756495,52.61696104990309,0 13.2862164750441,52.623745855507,0 13.2650859403956,52.6270868671312,0 13.263981080107,52.6360407753307,0 13.2854503638494,52.64655002636771,0 13.3047637766721,52.6471385035549,0 13.322853021409,52.6466396119113,0 13.3394599867345,52.6343469527776,0 13.3571295601276,52.6355387031482,0 13.3550053427214,52.64393339196261,0 13.3644178675866,52.6466027215967,0 13.3778741877083,52.6703573549734,0 13.3849562468971,52.66851928220181,0 13.3869655376309,52.6561987048576,0 13.3764819384586,52.65381906562281,0 13.3818760337088,52.6510890406095,0 13.3875735414717,52.6547525520043,0 13.3947967102299,52.6487264891761,0 13.3788036843208,52.6398216630529,0 13.3835164330239,52.6280836315149,0 13.3569333789555,52.6323243626711,0 13.3391304186318,52.6239884514985,0 13.3585357201028,52.6196547750739,0 13.3655102931837,52.60775859333049,0 13.4091387723273,52.6040526646346,0 13.4101867694428,52.6165729295561,0 13.4280770483559,52.6247749702412,0 13.4479269623042,52.61272537957441,0 13.4853704879076,52.6290845463862,0 13.4849914970105,52.6416148485691,0 13.5181217636945,52.6595075011399,0 13.5232214105355,52.6782186312866,0 13.5514581376964,52.6801393778064,0 13.5555470987538,52.6899339487517,0 13.5447752051451,52.6978863168387,0 13.5764339343006,52.6864263220671,0 13.5837904371553,52.70343015450899,0 13.590367706747,52.7043885078876,0 13.5948058592162,52.70036338753891,0 13.5883401396987,52.6912653311856,0 13.6123990822444,52.68601087474649,0 13.6231045853267,52.6762648412643,0 13.6207950714257,52.6714002039397,0 13.5892160071168,52.6732221611148,0 13.5804096657908,52.66242618460009,0 13.5629511551237,52.66753985529711,0 13.5690777762155,52.64959793351949,0 13.5640983944135,52.6410342062111,0 13.5382756301208,52.6405394151997,0 13.4736553018917,52.5902078320505,0 13.4602366787106,52.5868993382562,0 13.4442338775331,52.5893616867354,0 13.4396006687757,52.5825008535499,0 13.4665248986026,52.57843236718919,0 13.4861600464667,52.5660403181061,0 13.4904768724147,52.5688195751058,0 13.4794779069366,52.57448854519839,0 13.4823492642194,52.5830695400079,0 13.493233724756,52.5865548166228,0 13.4967459005528,52.5804206207685,0 13.4884840309244,52.5803677240564,0 13.4886453392706,52.5745087552505,0 13.5156828165629,52.58006803566141,0 13.5282633981379,52.5730996660929,0 13.5367321544908,52.591435152484,0 13.5333192656628,52.57310798793559,0 13.5381723753189,52.5707174437282,0 13.5611377842242,52.5752269677394,0 13.5632562779662,52.5825034819737,0 13.5897427241418,52.5893901341758,0 13.58230236237,52.57143450535511,0 13.5899567805019,52.5673944999601,0 13.5884456819676,52.5576623210475,0 13.5792830660064,52.563027605456,0 13.5789479538929,52.5557672414088,0 13.6214418221976,52.5426064661495,0 13.6374664147809,52.5491720420066,0 13.6603401689471,52.5341559612469,0 13.6782193704064,52.5323691328989,0 13.7048559152504,52.5397242617823,0 13.7025622492617,52.5512062454924,0 13.7153114594105,52.5547911055903,0 13.7291819631781,52.5675805107065,0 13.7143289529945,52.528568074323,0 13.7281754845,52.5171577013453,0 13.7452124178642,52.5238618792968,0 13.7401391112654,52.5491638324766,0 13.7648998140597,52.5479380070048,0 13.7724495960266,52.5603910295593,0 13.7997004639003,52.5361618872152,0 13.8169709253842,52.541216018306,0 13.824233534658,52.5561689317529,0 13.8367546750001,52.5529679452353,0 13.8468860229908,52.5380868438471,0 13.8385998873897,52.5258363050928,0 13.8144634083816,52.532421468078,0 13.7981146047877,52.5160406363529,0 13.7775631899427,52.5111754251054,0 13.7579572836887,52.49593263748031,0 13.7431018192829,52.498813569281,0 13.7455128351008,52.5119582128082,0 13.6913504833842,52.5016740537872,0 13.6724270852993,52.5156726448762,0 13.6538861126485,52.5011814478463,0 13.6259822185058,52.5015122814193,0 13.6328898352998,52.4806160954508,0 13.6166034963119,52.4729886769872,0 13.5760969083052,52.47802698217459,0 13.601451231824,52.4581099457441,0 13.634178232866,52.4586725727982,0 13.6482445664354,52.4507345739518,0 13.6243420327474,52.44543500715071,0 13.6030624272861,52.4496765678749,0 13.6042980770447,52.43069385516981,0 13.5962366997159,52.4233884432817,0 13.5882529450241,52.3918571623585,0 13.5630895443872,52.38756372866289,0 13.5521782428164,52.3969867702055,0 13.5311750653663,52.3912528748106,0 13.5525962710059,52.3752809685727,0 13.5647911006386,52.3785375823914,0 13.5593409963488,52.36062913973289,0 13.5509441774829,52.3607526902486,0 13.5434211235467,52.3688248109755,0 13.5266081659281,52.3618225418212,0 13.506399720125,52.3627747425789,0 13.5065025273973,52.3675152440565,0 13.5283588794997,52.37472712189071,0 13.5326406876528,52.3824357678547,0 13.508395451288,52.3808764539529,0 13.490674168296,52.3845355076551,0 13.4967311892848,52.3937533247876,0 13.4804406876176,52.3988427466521,0 13.4650494848478,52.4197274451562,0 13.4449131581514,52.4057007190201,0 13.4559119674171,52.40101395780761,0 13.4455046560231,52.39422019964881,0 13.4394770337185,52.3957157556194,0 13.435995046415,52.412423711305,0 13.4235071692246,52.41129939757391,0 13.4270419767901,52.38443174924651,0 13.3984861637905,52.3708799586749,0 13.4401954475803,52.3629277310791,0 13.4378129493471,52.3502736400768,0 13.4464677213385,52.3441137320936,0 13.4303156966046,52.34226340032031,0 13.4156146759382,52.3326851542814,0 13.446807136597,52.3194711236922,0 13.4487717827096,52.30545803129381,0 13.4373919794498,52.3082656496656,0 13.4340116205531,52.31940633132471,0 13.3878450873341,52.3224686159451,0 13.3891265393974,52.33965704850199,0 13.402382412132,52.3475013619663,0 13.3878567499728,52.36546790047441,0 13.3913673637097,52.3779978078496,0 13.3685161415763,52.4070125854444,0 13.3632993667653,52.3983585992999,0 13.3423172865405,52.4081518395553,0 13.3087119366753,52.4064422744737,0 13.309171611924,52.3872048269911,0 13.3243779650976,52.37765670667401,0 13.308017748402,52.3480025039068,0 13.2736186626695,52.35045942405801,0 13.2815092181654,52.36100669210071,0 13.3024253208071,52.36272237879849,0 13.2954592536611,52.3835420436748,0 13.2686764138416,52.3805596765715,0 13.2579588069268,52.3684974081621,0 13.2433469158487,52.3720694786257,0 13.2279333034475,52.3845153315888,0 13.2249894152966,52.374677057415,0 13.2018462087402,52.3726150527023,0 13.2136100719154,52.361493119933,0 13.1942578610012,52.3598795072291,0 13.19355976571,52.3719672898593,0 13.200603458127,52.375749604691,0 13.1670485610733,52.3746035839572,0 13.1880614380392,52.3832344714143,0 13.1966717881293,52.3978667577196,0 13.1847280772378,52.4037655371238,0 13.1972230140663,52.4146130056273,0 13.1802080325772,52.4180112144016,0 13.1352771521399,52.40794907800229,0 13.1274145947804,52.41329943564421,0 13.1483643937717,52.4213876816111,0 13.1606414751418,52.43375992245699,0 13.1736051726915,52.4215000591733,0 13.1932139689762,52.4357758967101,0 13.2722864100664,52.4620317538704,0 13.2699355082607,52.4758568285405,0 13.25231564684,52.48018022551669,0 13.2550779818293,52.4880379785867,0 13.2451477511217,52.4931424371408,0 13.253853480066,52.5027489468768,0 13.214370468389,52.5040088757405,0 13.2134011796343,52.5091634737165,0 13.2279203902664,52.5162071012959,0 13.2226912500587,52.5237424569428,0 13.1818858969239,52.5006178004375,0 
					</coordinates>
				</LinearRing>
			</outerBoundaryIs>
		</Polygon>
	</Placemark>
	<Placemark>
		<name>01955bd8-7695-7e13-bc4c-d5e1dcbc0448</name>
		<Style>
			<LineStyle>
				<color>ff0000ff</color>
			</LineStyle>
			<PolyStyle>
				<fill>0</fill>
			</PolyStyle>
		</Style>
		<Polygon>
			<outerBoundaryIs>
				<LinearRing>
					<coordinates>
						13.4499261773452,52.3016490730645,0 13.4613384240324,52.2966175827669,0 13.45630344477,52.2855141227374,0 13.4416977114422,52.2781123135875,0 13.4232155327209,52.276141290093,0 13.4149231439529,52.28756798520379,0 13.4262835533747,52.30155123873951,0 13.4499261773452,52.3016490730645,0 
					</coordinates>
				</LinearRing>
			</outerBoundaryIs>
		</Polygon>
	</Placemark>
	<Placemark>
		<name>01955bd8-7695-76d3-9238-d413a5510beb</name>
		<Style>
			<LineStyle>
				<color>ff0000ff</color>
			</LineStyle>
			<PolyStyle>
				<fill>0</fill>
			</PolyStyle>
		</Style>
		<Polygon>
			<outerBoundaryIs>
				<LinearRing>
					<coordinates>
						13.377279018695,52.6709162463831,0 13.3694325503341,52.6742279771916,0 13.3706879930927,52.6889501596975,0 13.3761342043232,52.6877941136713,0 13.377279018695,52.6709162463831,0 
					</coordinates>
				</LinearRing>
			</outerBoundaryIs>
		</Polygon>
	</Placemark>
	<Placemark>
		<name>01955bd8-7695-7f26-9a85-a5ccc7af1cca</name>
		<Style>
			<LineStyle>
				<color>ff0000ff</color>
			</LineStyle>
			<PolyStyle>
				<fill>0</fill>
			</PolyStyle>
		</Style>
		<Polygon>
			<outerBoundaryIs>
				<LinearRing>
					<coordinates>
						13.2994541832057,52.6663182940826,0 13.2825832263549,52.6563701210951,0 13.2658934866463,52.66043083263749,0 13.2563906845252,52.65308439491359,0 13.2459398885472,52.6559367309646,0 13.2568839142583,52.66860393679,0 13.2418923933304,52.6797921911086,0 13.2529254621773,52.6853027758332,0 13.2623393660511,52.7025294645917,0 13.2484487750416,52.7071074107423,0 13.2634039364915,52.70969529348061,0 13.27488957092,52.7196583672067,0 13.2855382532069,52.70054825880869,0 13.3002514087926,52.6936225426664,0 13.293722315453,52.680501582322,0 13.2994541832057,52.6663182940826,0 
					</coordinates>
				</LinearRing>
			</outerBoundaryIs>
		</Polygon>
	</Placemark>
	<Placemark>
		<name>01955bd8-7695-7be4-92ac-a29d055545aa</name>
		<Style>
			<LineStyle>
				<color>ff0000ff</color>
			</LineStyle>
			<PolyStyle>
				<fill>0</fill>
			</PolyStyle>
		</Style>
		<Polygon>
			<outerBoundaryIs>
				<LinearRing>
					<coordinates>
						13.3045776628889,52.6644883047052,0 13.3152262913533,52.6767183809292,0 13.3245740520352,52.671697097184,0 13.3155078029834,52.6618408918371,0 13.3045776628889,52.6644883047052,0 
					</coordinates>
				</LinearRing>
			</outerBoundaryIs>
		</Polygon>
	</Placemark>
	<Placemark>
		<name>01955bd8-7695-7da6-aa0c-02070983dbf4</name>
		<Style>
			<LineStyle>
				<color>ff0000ff</color>
			</LineStyle>
			<PolyStyle>
				<fill>0</fill>
			</PolyStyle>
		</Style>
		<Polygon>
			<outerBoundaryIs>
				<LinearRing>
					<coordinates>
						13.2353080167506,53.56014303776831,0 13.2443202387426,53.5766563557126,0 13.2637558893644,53.5792847437538,0 13.2774483008691,53.5926447395786,0 13.2916494345294,53.5826491537388,0 13.310339947489,53.5845631867499,0 13.3013146555191,53.5739529337171,0 13.2864940686869,53.5699028318535,0 13.291702983927,53.5600623897136,0 13.3137610728866,53.5556913548084,0 13.3170686868021,53.5451785619812,0 13.2968029590063,53.5399889701274,0 13.2785723672803,53.5490182362509,0 13.2714926198074,53.5309679620023,0 13.2781247855394,53.52520014007601,0 13.2696621149936,53.5158134094838,0 13.2616048613998,53.5141832259543,0 13.2515337752467,53.5222023169688,0 13.2606974905941,53.54720604167079,0 13.243073550396,53.5513655526681,0 13.2197815565063,53.545871717731,0 13.2144715227232,53.5491286037885,0 13.2353080167506,53.56014303776831,0 
					</coordinates>
				</LinearRing>
			</outerBoundaryIs>
		</Polygon>
	</Placemark>
	<Placemark>
		<name>01955bd8-7695-7de7-b2ba-46fad8af663c</name>
		<Style>
			<LineStyle>
				<color>ff0000ff</color>
			</LineStyle>
			<PolyStyle>
				<fill>0</fill>
			</PolyStyle>
		</Style>
		<Polygon>
			<outerBoundaryIs>
				<LinearRing>
					<coordinates>
						13.3974563075277,54.0983299881791,0 13.4414943180444,54.0913152249308,0 13.437449645235,54.1013069505889,0 13.4427599857171,54.1070344167294,0 13.4584335151839,54.0870051919989,0 13.4303176234932,54.0744289743927,0 13.4163987847152,54.0759845829748,0 13.3922205409607,54.0678296985437,0 13.3458759965438,54.0899267692031,0 13.3478852231804,54.0940276895143,0 13.3799263001013,54.10235380292701,0 13.3929001034963,54.1035472979792,0 13.3974563075277,54.0983299881791,0 
					</coordinates>
				</LinearRing>
			</outerBoundaryIs>
		</Polygon>
	</Placemark>
	<Placemark>
		<name>01955bd8-7695-7d8c-bba9-ede5b638883c</name>
		<Style>
			<LineStyle>
				<color>ff0000ff</color>
			</LineStyle>
			<PolyStyle>
				<fill>0</fill>
			</PolyStyle>
		</Style>
		<Polygon>
			<outerBoundaryIs>
				<LinearRing>
					<coordinates>
						13.7620969641855,51.00306476012119,0 13.7326981257554,51.01082937288039,0 13.7285509644888,50.9928779999154,0 13.7159760661349,50.9869315760365,0 13.7192082217462,50.98328307409371,0 13.7354063789396,50.9834255805565,0 13.721917839784,50.9734515987726,0 13.720285778089,50.96302422406011,0 13.710452746975,50.9627435956671,0 13.697159047874,50.9703281470433,0 13.7119964177044,50.9753319325162,0 13.7046628814912,50.98806202785439,0 13.6656625105326,50.99867049440499,0 13.6608885406667,50.9952475768244,0 13.6691837647109,50.9860341480327,0 13.6411508199521,50.98445556196819,0 13.6299763782093,50.97410263997621,0 13.6203424531003,50.9754962701098,0 13.6259954661719,50.985548823794,0 13.6207295414583,50.992326869329,0 13.6348083633317,51.0013013740346,0 13.6287010082905,51.01724983605531,0 13.6112199892643,51.02354033254521,0 13.6283575110354,51.0341760900158,0 13.5855908684862,51.027272993985,0 13.5817872911859,51.03475648072401,0 13.5864359066911,51.0415237592224,0 13.6054628291623,51.04564026704679,0 13.6493741103125,51.0462383544326,0 13.6414167259064,51.05500918537081,0 13.6547184134613,51.06359179603879,0 13.6545619579667,51.07536925764289,0 13.6410550539885,51.0761148269558,0 13.6193025466757,51.0865931332855,0 13.6550853977126,51.09635623975469,0 13.6502817049551,51.102521317902,0 13.5935159912171,51.1062128217674,0 13.5714060865615,51.1152854474679,0 13.5635029105002,51.12541077750079,0 13.5383284364138,51.1314699690561,0 13.5615254668727,51.1380611521187,0 13.565624136685,51.1447677846682,0 13.5596335860454,51.1473181894466,0 13.5482444551828,51.1420197302047,0 13.5354622660033,51.14601275897359,0 13.560817657103,51.1556285817526,0 13.552981290716,51.1705951425154,0 13.5402624288056,51.1733497125829,0 13.5423580163962,51.17950570518019,0 13.5620162210792,51.17963293183239,0 13.5822719949537,51.1716228986902,0 13.5967605307044,51.1712485793613,0 13.5933758510951,51.1553029844594,0 13.5790425944056,51.1508556204518,0 13.5971549560295,51.1420787487515,0 13.6149533537293,51.11833067273431,0 13.6599765688589,51.1413752937981,0 13.6582215637258,51.1300250250139,0 13.6462230403992,51.1223901189032,0 13.6581498936858,51.1162647046624,0 13.6819748916563,51.1326509504834,0 13.6920809121798,51.1249110225959,0 13.7044977477735,51.130184707428,0 13.7287462155351,51.1280824163019,0 13.7388047897341,51.1313152642286,0 13.7576608660615,51.12378135476501,0 13.7889981632749,51.1400646252896,0 13.7870783476581,51.1523888890206,0 13.8033362401484,51.15729309019199,0 13.7893015230361,51.1682657229917,0 13.7892318794427,51.1751470710181,0 13.7760839549728,51.1816331147647,0 13.7787937162125,51.1902979969549,0 13.7869560645632,51.1913283819705,0 13.7989268186688,51.1828845173288,0 13.8372515495893,51.19335932262891,0 13.8485932185783,51.1832051829918,0 13.846760260989,51.1608757158908,0 13.8317548218311,51.1686602688353,0 13.8158303155871,51.16408578483789,0 13.8185201534779,51.17663425992081,0 13.7957001995388,51.1818383268067,0 13.7915955249779,51.1744806099835,0 13.8168344756453,51.1474297329406,0 13.7942770667904,51.1300768589587,0 13.7955255022885,51.1212449607261,0 13.7715000773076,51.0997821269179,0 13.7423829229223,51.10817705130519,0 13.7382471973611,51.0957689705249,0 13.770825400506,51.09828001893261,0 13.7709372873476,51.0787389569559,0 13.7779178913887,51.07326777129549,0 13.7895390413751,51.0734639702063,0 13.7877991146301,51.061251212819,0 13.799817848707,51.0577554795268,0 13.8085672085729,51.0648294428648,0 13.881540893473,51.0709675012791,0 13.8958953743198,51.0670000459155,0 13.898209350073,51.0549723779817,0 13.8741690030063,51.0576693051677,0 13.8710660688749,51.0460210764825,0 13.861275386443,51.0443803463912,0 13.859645373215,51.0536327549196,0 13.8503894320923,51.0534049167337,0 13.848537778627,51.0427342766142,0 13.8568773447918,51.0402411027594,0 13.8541304771728,51.02107669227671,0 13.8750366338482,51.0144792853651,0 13.8822160939194,51.0056480528919,0 13.8794179068311,51.0018226654051,0 13.8693615150391,51.0024477098684,0 13.8829226505954,50.993100811714,0 13.8692021654381,50.9867487970784,0 13.8781521377096,50.9808820763793,0 13.8894621973183,50.98194958454841,0 13.8902946639812,50.9714600604334,0 13.9051358888944,50.9694193135893,0 13.9312961169951,50.9871693684633,0 13.8958042338609,51.0003464613946,0 13.8965811439232,51.00545426862951,0 13.9281658757195,51.0035102948261,0 13.9382444755574,50.9945605567734,0 13.9481769629171,50.9938315905542,0 13.9480447827509,50.9828311667094,0 13.9604054309553,50.97855992219319,0 13.9556096369992,50.9669367078537,0 13.9631308439488,50.9533404890023,0 13.947535069186,50.9447353084925,0 13.9705474555558,50.9200958281123,0 13.9797463053536,50.9169872408711,0 13.9796753482024,50.9030029654673,0 13.975924434812,50.9133502329129,0 13.959900284693,50.916707649655,0 13.9544335216038,50.9261457414827,0 13.9439983590084,50.928224408446,0 13.9395631601219,50.943027579579,0 13.9133596409379,50.9317990920957,0 13.9231084061663,50.9427892457337,0 13.9209358966456,50.95037937095,0 13.8787837664981,50.9620042880914,0 13.8647901855188,50.95541824707491,0 13.8619614649128,50.9471403091581,0 13.852752501389,50.95543525245191,0 13.8519856007812,50.9766990848633,0 13.8296120375991,50.9821778620974,0 13.8213590540067,50.989001451452,0 13.7955213245483,50.9805945685881,0 13.7909751725326,50.98757438086189,0 13.7750807347338,50.9922300259308,0 13.7804805751556,51.0025981149341,0 13.7620969641855,51.00306476012119,0 
					</coordinates>
				</LinearRing>
			</outerBoundaryIs>
		</Polygon>
	</Placemark>
	<Placemark>
		<name>01955bd8-7695-7fa8-87b3-7f8bade07b57</name>
		<Style>
			<LineStyle>
				<color>ff0000ff</color>
			</LineStyle>
			<PolyStyle>
				<fill>0</fill>
			</PolyStyle>
		</Style>
		<Polygon>
			<outerBoundaryIs>
				<LinearRing>
					<coordinates>
						13.7730204070642,51.194617239738,0 13.7675431864789,51.1964140696512,0 13.7687243862307,51.2061622043381,0 13.771709981922,51.205793420343,0 13.7730204070642,51.194617239738,0 
					</coordinates>
				</LinearRing>
			</outerBoundaryIs>
		</Polygon>
	</Placemark>
	<Placemark>
		<name>01955bd8-7695-796c-8833-806d8e58072a</name>
		<Style>
			<LineStyle>
				<color>ff0000ff</color>
			</LineStyle>
			<PolyStyle>
				<fill>0</fill>
			</PolyStyle>
		</Style>
		<Polygon>
			<outerBoundaryIs>
				<LinearRing>
					<coordinates>
						13.7686551659413,50.99237015300369,0 13.7629692693879,50.98775003685531,0 13.7550812171377,50.9871138050761,0 13.7550673716566,50.9908854767697,0 13.7686551659413,50.99237015300369,0 
					</coordinates>
				</LinearRing>
			</outerBoundaryIs>
		</Polygon>
	</Placemark>
	<Placemark>
		<name>01955bd8-7695-7f74-ab3c-1ac5ddceb2d1</name>
		<Style>
			<LineStyle>
				<color>ff0000ff</color>
			</LineStyle>
			<PolyStyle>
				<fill>0</fill>
			</PolyStyle>
		</Style>
		<Polygon>
			<outerBoundaryIs>
				<LinearRing>
					<coordinates>
						14.0723555227706,51.15355069851239,0 14.0955349674317,51.1609822504161,0 14.0932270388471,51.1522940695871,0 14.0512055713995,51.1388623390403,0 14.0361858843463,51.1388338752674,0 14.031913838749,51.133816213428,0 14.0215970824322,51.13814986572039,0 13.9958778157454,51.1367273863963,0 14.0167871498955,51.15488222285001,0 14.0488285455398,51.147367478649,0 14.0534637788812,51.1503340033504,0 14.0413723172434,51.1686497805472,0 14.0228818820497,51.1779724609524,0 14.0087941901387,51.172163539717,0 14.0010803359265,51.1853447918533,0 14.0208277002433,51.19276428414841,0 14.0314164208038,51.1776159857903,0 14.055142647582,51.1788372962943,0 14.0544647990648,51.170089533577,0 14.0636310771023,51.16841701721841,0 14.0622927127631,51.1599913112751,0 14.0723555227706,51.15355069851239,0 
					</coordinates>
				</LinearRing>
			</outerBoundaryIs>
		</Polygon>
	</Placemark>
	<Placemark>
		<name>01955bd8-7695-7a66-bd29-8523deb71988</name>
		<Style>
			<LineStyle>
				<color>ff0000ff</color>
			</LineStyle>
			<PolyStyle>
				<fill>0</fill>
			</PolyStyle>
		</Style>
		<Polygon>
			<outerBoundaryIs>
				<LinearRing>
					<coordinates>
						14.1268725925484,51.2856740045245,0 14.1187294902763,51.2694783387501,0 14.1284842407768,51.2644309426937,0 14.1209997043961,51.2547147496381,0 14.1039576110245,51.2639530109128,0 14.0898584678745,51.261745148518,0 14.0786343352592,51.28012557673,0 14.0887680156088,51.2858185071136,0 14.093998145878,51.2990385963135,0 14.1268725925484,51.2856740045245,0 
					</coordinates>
				</LinearRing>
			</outerBoundaryIs>
		</Polygon>
	</Placemark>
	<Placemark>
		<name>01955bd8-7695-7ca7-98a3-aa71aa75134e</name>
		<Style>
			<LineStyle>
				<color>ff0000ff</color>
			</LineStyle>
			<PolyStyle>
				<fill>0</fill>
			</PolyStyle>
		</Style>
		<Polygon>
			<outerBoundaryIs>
				<LinearRing>
					<coordinates>
						13.8949880866195,51.4702874083735,0 13.8719190998569,51.4676258692989,0 13.8801389718262,51.4578719586737,0 13.8717858683302,51.4506212189433,0 13.8459459339343,51.44939323081481,0 13.8503967362872,51.4584607150816,0 13.8640793270281,51.4653970603092,0 13.8470144457415,51.4733218214508,0 13.8470075041162,51.4806843589093,0 13.8717133559182,51.478037124562,0 13.8984411082391,51.4915191456281,0 13.9111542148181,51.4809702915636,0 13.8949880866195,51.4702874083735,0 
					</coordinates>
				</LinearRing>
			</outerBoundaryIs>
		</Polygon>
	</Placemark>
	<Placemark>
		<name>01955bd8-7695-759c-a228-7260a588484b</name>
		<Style>
			<LineStyle>
				<color>ff0000ff</color>
			</LineStyle>
			<PolyStyle>
				<fill>0</fill>
			</PolyStyle>
		</Style>
		<Polygon>
			<outerBoundaryIs>
				<LinearRing>
					<coordinates>
						13.792136543593,51.5067432915361,0 13.8036494582026,51.49666441676639,0 13.7841005474419,51.4876665465595,0 13.795156175343,51.4789435806834,0 13.7912175427504,51.4696185467387,0 13.7304257199187,51.4658941628815,0 13.7188849542186,51.48720130611,0 13.725279246219,51.4918284443856,0 13.7403990124133,51.49216285720379,0 13.7489699913491,51.5128009997459,0 13.7566667716592,51.5129217393763,0 13.7623831121849,51.5041315590642,0 13.7789317884057,51.4995478022257,0 13.792136543593,51.5067432915361,0 
					</coordinates>
				</LinearRing>
			</outerBoundaryIs>
		</Polygon>
	</Placemark>
	<Placemark>
		<name>01955bd8-7695-77fe-95d9-ab1e2b4d9ad5</name>
		<Style>
			<LineStyle>
				<color>ff0000ff</color>
			</LineStyle>
			<PolyStyle>
				<fill>0</fill>
			</PolyStyle>
		</Style>
		<Polygon>
			<outerBoundaryIs>
				<LinearRing>
					<coordinates>
						13.9653603901384,51.5257627029357,0 13.9398674820126,51.5238861625739,0 13.9110148486661,51.53587960960989,0 13.9354793229357,51.53801759590781,0 13.942769169709,51.5314348261138,0 13.9653603901384,51.5257627029357,0 
					</coordinates>
				</LinearRing>
			</outerBoundaryIs>
		</Polygon>
	</Placemark>
	<Placemark>
		<name>01955bd8-7695-7daa-8ff1-984922752c0b</name>
		<Style>
			<LineStyle>
				<color>ff0000ff</color>
			</LineStyle>
			<PolyStyle>
				<fill>0</fill>
			</PolyStyle>
		</Style>
		<Polygon>
			<outerBoundaryIs>
				<LinearRing>
					<coordinates>
						13.9718039620856,51.5244585562941,0 13.9962591893135,51.53379853525421,0 14.0157482698071,51.531817085117,0 14.0264947779048,51.5130630619129,0 13.9907638266342,51.5075881017658,0 13.9824528077019,51.4952308926395,0 13.9657719615369,51.4963281377916,0 13.9718039620856,51.5244585562941,0 
					</coordinates>
				</LinearRing>
			</outerBoundaryIs>
		</Polygon>
	</Placemark>
	<Placemark>
		<name>01955bd8-7695-77bb-9333-e42cc5984dfc</name>
		<Style>
			<LineStyle>
				<color>ff0000ff</color>
			</LineStyle>
			<PolyStyle>
				<fill>0</fill>
			</PolyStyle>
		</Style>
		<Polygon>
			<outerBoundaryIs>
				<LinearRing>
					<coordinates>
						14.0468122124013,52.3805287768794,0 14.0833254387155,52.3793446680354,0 14.0815367155503,52.3633527212526,0 14.0974519879262,52.3496839161639,0 14.0937291027888,52.3318469271448,0 14.0781429789468,52.3297998663557,0 14.0470071944819,52.3460047472414,0 14.0418810387327,52.354929667986,0 14.0513998159573,52.366926262043,0 14.0236791801659,52.37118660832071,0 14.0468122124013,52.3805287768794,0 
					</coordinates>
				</LinearRing>
			</outerBoundaryIs>
		</Polygon>
	</Placemark>
	<Placemark>
		<name>01955bd8-7695-7603-840e-9f4b9996cf98</name>
		<Style>
			<LineStyle>
				<color>ff0000ff</color>
			</LineStyle>
			<PolyStyle>
				<fill>0</fill>
			</PolyStyle>
		</Style>
		<Polygon>
			<outerBoundaryIs>
				<LinearRing>
					<coordinates>
						13.7132392426019,52.462252879453,0 13.6995872602137,52.456259063798,0 13.6781642675753,52.4704377225307,0 13.7052914746283,52.4837740615655,0 13.7303945392959,52.4723957287751,0 13.7375218390145,52.4627213475728,0 13.7673025486567,52.4696336628541,0 13.7671430951032,52.48574547058481,0 13.7783338406243,52.48449004312789,0 13.7856198337034,52.4687207066622,0 13.8150793535826,52.4699313415058,0 13.8091786335518,52.4633917048372,0 13.7777583642666,52.4646928062746,0 13.7645917411049,52.45925684105911,0 13.7652369764897,52.4434155629265,0 13.7570373693862,52.43920802606699,0 13.7668363940304,52.409615767185,0 13.7613899903014,52.4066906796311,0 13.7465944914415,52.4077423682133,0 13.7339191006878,52.414376600506,0 13.7340216834974,52.4278865122852,0 13.753320554335,52.4456388506268,0 13.7293245792776,52.45118505924831,0 13.7132392426019,52.462252879453,0 
					</coordinates>
				</LinearRing>
			</outerBoundaryIs>
		</Polygon>
	</Placemark>
	<Placemark>
		<name>01955bd8-7695-7cf2-bb50-d5301fdb3423</name>
		<Style>
			<LineStyle>
				<color>ff0000ff</color>
			</LineStyle>
			<PolyStyle>
				<fill>0</fill>
			</PolyStyle>
		</Style>
		<Polygon>
			<outerBoundaryIs>
				<LinearRing>
					<coordinates>
						13.7305510139631,52.4275190892365,0 13.7200178885862,52.4205576125583,0 13.6868653340584,52.4299274051942,0 13.6825867329576,52.43933534400941,0 13.6876892927976,52.443765425017,0 13.7127343507952,52.4435008389223,0 13.7305510139631,52.4275190892365,0 
					</coordinates>
				</LinearRing>
			</outerBoundaryIs>
		</Polygon>
	</Placemark>
	<Placemark>
		<name>01955bd8-7695-7f98-9016-c58d32ee8b3f</name>
		<Style>
			<LineStyle>
				<color>ff0000ff</color>
			</LineStyle>
			<PolyStyle>
				<fill>0</fill>
			</PolyStyle>
		</Style>
		<Polygon>
			<outerBoundaryIs>
				<LinearRing>
					<coordinates>
						13.7633755658234,52.8564447900084,0 13.7445962326951,52.8609742788422,0 13.7449271655568,52.8689286622594,0 13.7534340179175,52.86874852570211,0 13.7626484391876,52.8587233661579,0 13.7882359871415,52.8579513590461,0 13.7935178922144,52.8493171504152,0 13.780000225312,52.84750829157999,0 13.777516364097,52.83982878828419,0 13.769381135824,52.8387547807107,0 13.7633755658234,52.8564447900084,0 
					</coordinates>
				</LinearRing>
			</outerBoundaryIs>
		</Polygon>
	</Placemark>
	<Placemark>
		<name>01955bd8-7695-7d92-a82c-53ee7e00d072</name>
		<Style>
			<LineStyle>
				<color>ff0000ff</color>
			</LineStyle>
			<PolyStyle>
				<fill>0</fill>
			</PolyStyle>
		</Style>
		<Polygon>
			<outerBoundaryIs>
				<LinearRing>
					<coordinates>
						13.7676741202161,52.8359302731186,0 13.7612005189149,52.8282744090484,0 13.7201075385547,52.8366307295031,0 13.7143331844923,52.847266750881,0 13.738361850385,52.85066889200329,0 13.7484596845744,52.8385464658338,0 13.7676741202161,52.8359302731186,0 
					</coordinates>
				</LinearRing>
			</outerBoundaryIs>
		</Polygon>
	</Placemark>
	<Placemark>
		<name>01955bd8-7695-7888-a4f3-f1e5e2021750</name>
		<Style>
			<LineStyle>
				<color>ff0000ff</color>
			</LineStyle>
			<PolyStyle>
				<fill>0</fill>
			</PolyStyle>
		</Style>
		<Polygon>
			<outerBoundaryIs>
				<LinearRing>
					<coordinates>
						13.7811901556211,52.838660669484,0 13.7948587699551,52.8343069953051,0 13.8102641020088,52.8420951308938,0 13.8116395178064,52.8486707337967,0 13.8241406842469,52.8504205223512,0 13.8298773151475,52.84072577188179,0 13.8254644219413,52.8311942859734,0 13.7950248458749,52.824691897825,0 13.7832598688284,52.8298872404256,0 13.7811901556211,52.838660669484,0 
					</coordinates>
				</LinearRing>
			</outerBoundaryIs>
		</Polygon>
	</Placemark>
	<Placemark>
		<name>01955bd8-7695-7fc7-b446-0b55e7e58eb0</name>
		<Style>
			<LineStyle>
				<color>ff0000ff</color>
			</LineStyle>
			<PolyStyle>
				<fill>0</fill>
			</PolyStyle>
		</Style>
		<Polygon>
			<outerBoundaryIs>
				<LinearRing>
					<coordinates>
						14.7660006705597,50.9025441001995,0 14.7909187997285,50.903492684302,0 14.8049805679946,50.9114892562441,0 14.82007797916,50.90656655452611,0 14.8434625800735,50.9106828497196,0 14.8471924319966,50.8986130366928,0 14.8412207704713,50.8912329025469,0 14.8249382823324,50.8955469376216,0 14.8142654372427,50.87519153162879,0 14.7868725997527,50.8869147755014,0 14.7660006705597,50.9025441001995,0 
					</coordinates>
				</LinearRing>
			</outerBoundaryIs>
		</Polygon>
	</Placemark>
	<Placemark>
		<name>01955bd8-7695-769c-bdb5-f8278eb60182</name>
		<Style>
			<LineStyle>
				<color>ff0000ff</color>
			</LineStyle>
			<PolyStyle>
				<fill>0</fill>
			</PolyStyle>
		</Style>
		<Polygon>
			<outerBoundaryIs>
				<LinearRing>
					<coordinates>
						14.7809659751969,50.8821412932173,0 14.7694734508373,50.8634643746641,0 14.756407344585,50.8597623886228,0 14.7543336112059,50.8698590928603,0 14.7809659751969,50.8821412932173,0 
					</coordinates>
				</LinearRing>
			</outerBoundaryIs>
		</Polygon>
	</Placemark>
	<Placemark>
		<name>01955bd8-7695-7435-a3f0-6102e0705a93</name>
		<Style>
			<LineStyle>
				<color>ff0000ff</color>
			</LineStyle>
			<PolyStyle>
				<fill>0</fill>
			</PolyStyle>
		</Style>
		<Polygon>
			<outerBoundaryIs>
				<LinearRing>
					<coordinates>
						14.5914081221363,50.9401914810869,0 14.6248784783592,50.9392270815728,0 14.6234098103491,50.9218862938437,0 14.6357867546688,50.9220175976576,0 14.6551016726535,50.9059591528248,0 14.6833147939521,50.8969072938808,0 14.6846941457452,50.8925695881854,0 14.6481325407628,50.88504850532131,0 14.6565555876307,50.8933193890812,0 14.6404609422492,50.9024367779986,0 14.6289275706556,50.8826905325303,0 14.6231041300348,50.8818175936938,0 14.6038988174406,50.9059676184914,0 14.6098456098875,50.9270253558697,0 14.568467245563,50.9447192595324,0 14.5434352984191,50.94273008309891,0 14.5271387000079,50.9606404529278,0 14.5548904245588,50.96211861714831,0 14.5635358714999,50.9682682955245,0 14.5672977592072,50.9529035246294,0 14.5914081221363,50.9401914810869,0 
					</coordinates>
				</LinearRing>
			</outerBoundaryIs>
		</Polygon>
	</Placemark>
	<Placemark>
		<name>01955bd8-7695-7d2f-9d71-be1070c28d2e</name>
		<Style>
			<LineStyle>
				<color>ff0000ff</color>
			</LineStyle>
			<PolyStyle>
				<fill>0</fill>
			</PolyStyle>
		</Style>
		<Polygon>
			<outerBoundaryIs>
				<LinearRing>
					<coordinates>
						14.6440426625931,50.9947945341625,0 14.6308587556036,50.99866576500289,0 14.6448260724282,50.999840907855,0 14.6440426625931,50.9947945341625,0 
					</coordinates>
				</LinearRing>
			</outerBoundaryIs>
		</Polygon>
	</Placemark>
	<Placemark>
		<name>01955bd8-7695-77b4-b483-f11d09d34c28</name>
		<Style>
			<LineStyle>
				<color>ff0000ff</color>
			</LineStyle>
			<PolyStyle>
				<fill>0</fill>
			</PolyStyle>
		</Style>
		<Polygon>
			<outerBoundaryIs>
				<LinearRing>
					<coordinates>
						14.6476422404286,50.9911940601077,0 14.6625514265213,50.9883592158831,0 14.6739777136505,50.9781409508089,0 14.7001411737697,50.9767395369243,0 14.7472197805219,50.94147599465371,0 14.7178069558188,50.952350319816,0 14.6982995205554,50.9709839264736,0 14.6517486920868,50.9785189402955,0 14.6476422404286,50.9911940601077,0 
					</coordinates>
				</LinearRing>
			</outerBoundaryIs>
		</Polygon>
	</Placemark>
	<Placemark>
		<name>01955bd8-7695-7c7b-9bcf-6aa1f2a9280f</name>
		<Style>
			<LineStyle>
				<color>ff0000ff</color>
			</LineStyle>
			<PolyStyle>
				<fill>0</fill>
			</PolyStyle>
		</Style>
		<Polygon>
			<outerBoundaryIs>
				<LinearRing>
					<coordinates>
						14.5713706225787,51.0199290158351,0 14.618945146627,51.0037528275455,0 14.6155819071213,50.993644199224,0 14.6272298515097,50.9800393189829,0 14.6139432669147,50.9660987084643,0 14.598002143347,50.9685510812874,0 14.5854657714485,50.9868530179502,0 14.5679572257347,50.9870383855606,0 14.569042955046,51.00474317194941,0 14.5558804222352,51.0342838443064,0 14.5713706225787,51.0199290158351,0 
					</coordinates>
				</LinearRing>
			</outerBoundaryIs>
		</Polygon>
	</Placemark>
	<Placemark>
		<name>01955bd8-7695-71b4-849b-81007256a9ea</name>
		<Style>
			<LineStyle>
				<color>ff0000ff</color>
			</LineStyle>
			<PolyStyle>
				<fill>0</fill>
			</PolyStyle>
		</Style>
		<Polygon>
			<outerBoundaryIs>
				<LinearRing>
					<coordinates>
						14.2119556203192,51.1056893263341,0 14.2615157348633,51.0976760456949,0 14.2308895399319,51.09574126442241,0 14.2119556203192,51.1056893263341,0 
					</coordinates>
				</LinearRing>
			</outerBoundaryIs>
		</Polygon>
	</Placemark>
	<Placemark>
		<name>01955bd8-7695-7ea9-b465-489adde78a7f</name>
		<Style>
			<LineStyle>
				<color>ff0000ff</color>
			</LineStyle>
			<PolyStyle>
				<fill>0</fill>
			</PolyStyle>
		</Style>
		<Polygon>
			<outerBoundaryIs>
				<LinearRing>
					<coordinates>
						14.2673779165505,51.0970090634479,0 14.3031681563176,51.102416943607,0 14.3365631605597,51.0978742170552,0 14.3304537997913,51.0849002348472,0 14.3489886733391,51.0602919448418,0 14.3425032848997,51.0584954469911,0 14.3380752180179,51.07334696724279,0 14.328705687507,51.0759278852774,0 14.3207399361177,51.0867024292511,0 14.2940815531501,51.0930140104269,0 14.2830928239441,51.0862898447875,0 14.2673779165505,51.0970090634479,0 
					</coordinates>
				</LinearRing>
			</outerBoundaryIs>
		</Polygon>
	</Placemark>
	<Placemark>
		<name>01955bd8-7695-7744-bed1-9aa45b11bfd0</name>
		<Style>
			<LineStyle>
				<color>ff0000ff</color>
			</LineStyle>
			<PolyStyle>
				<fill>0</fill>
			</PolyStyle>
		</Style>
		<Polygon>
			<outerBoundaryIs>
				<LinearRing>
					<coordinates>
						14.649376086625,51.1000977243684,0 14.6649814755416,51.110190057536,0 14.6890298524244,51.1075826173231,0 14.6806029632547,51.095267259455,0 14.6838446176298,51.0745692853412,0 14.6605204352464,51.08213819299619,0 14.6573898793147,51.0904356869706,0 14.6314476791774,51.0995874345281,0 14.649376086625,51.1000977243684,0 
					</coordinates>
				</LinearRing>
			</outerBoundaryIs>
		</Polygon>
	</Placemark>
	<Placemark>
		<name>01955bd8-7695-777d-a0d5-d1d9d0ed71a5</name>
		<Style>
			<LineStyle>
				<color>ff0000ff</color>
			</LineStyle>
			<PolyStyle>
				<fill>0</fill>
			</PolyStyle>
		</Style>
		<Polygon>
			<outerBoundaryIs>
				<LinearRing>
					<coordinates>
						14.6550926034166,51.07662629884079,0 14.6578828148647,51.07283365514719,0 14.6463683614433,51.0650080392358,0 14.6319682428449,51.0614817235796,0 14.641186228125,51.0731376878853,0 14.6550926034166,51.07662629884079,0 
					</coordinates>
				</LinearRing>
			</outerBoundaryIs>
		</Polygon>
	</Placemark>
	<Placemark>
		<name>01955bd8-7695-748b-8612-6c9e9221718c</name>
		<Style>
			<LineStyle>
				<color>ff0000ff</color>
			</LineStyle>
			<PolyStyle>
				<fill>0</fill>
			</PolyStyle>
		</Style>
		<Polygon>
			<outerBoundaryIs>
				<LinearRing>
					<coordinates>
						14.4358070701445,51.0973664196978,0 14.4414873662588,51.0895991489251,0 14.4319331654099,51.085584679087,0 14.4367001603612,51.0782028233184,0 14.4309451999119,51.07071857955619,0 14.4066015368013,51.0746881378202,0 14.4230972600022,51.0829973310373,0 14.4110130630388,51.09408373871761,0 14.3915632712532,51.0916970079638,0 14.3527883831723,51.0980877685615,0 14.403665995964,51.1031341456321,0 14.412139346228,51.0939617239956,0 14.4358070701445,51.0973664196978,0 
					</coordinates>
				</LinearRing>
			</outerBoundaryIs>
		</Polygon>
	</Placemark>
	<Placemark>
		<name>01955bd8-7695-7954-90b0-2b6d546e4f2f</name>
		<Style>
			<LineStyle>
				<color>ff0000ff</color>
			</LineStyle>
			<PolyStyle>
				<fill>0</fill>
			</PolyStyle>
		</Style>
		<Polygon>
			<outerBoundaryIs>
				<LinearRing>
					<coordinates>
						14.4417693678129,51.1009645502761,0 14.44643801676,51.11039427852881,0 14.4323330013995,51.117352355534,0 14.4391342318445,51.1311468965045,0 14.4574412968482,51.1120481950524,0 14.4503735529336,51.1085524867145,0 14.4514987729623,51.1021849586042,0 14.4417693678129,51.1009645502761,0 
					</coordinates>
				</LinearRing>
			</outerBoundaryIs>
		</Polygon>
	</Placemark>
	<Placemark>
		<name>01955bd8-7695-7b52-9bf4-a8ed31e4d028</name>
		<Style>
			<LineStyle>
				<color>ff0000ff</color>
			</LineStyle>
			<PolyStyle>
				<fill>0</fill>
			</PolyStyle>
		</Style>
		<Polygon>
			<outerBoundaryIs>
				<LinearRing>
					<coordinates>
						15.0064227162524,51.1313131173207,0 15.0090593634368,51.1380926699301,0 14.9943390530652,51.1406632085082,0 14.985310719351,51.13439702006141,0 14.9857128692982,51.12032666515239,0 14.9759007535644,51.1174571590521,0 14.9691618796161,51.136209469349,0 14.9391959714736,51.1299348708471,0 14.9333348668831,51.1436542248001,0 14.9219090263962,51.1448713602776,0 14.9221891158371,51.1504692219224,0 14.9546774182195,51.1526655756404,0 14.9654566625099,51.1742378160647,0 15.007912513807,51.16962843703659,0 15.0041293941814,51.16215309363821,0 15.0250328153941,51.1563037654808,0 15.0269479086291,51.1507104363763,0 15.0134866149692,51.1426592998017,0 15.0207688121421,51.1366062195802,0 15.0064227162524,51.1313131173207,0 
					</coordinates>
				</LinearRing>
			</outerBoundaryIs>
		</Polygon>
	</Placemark>
	<Placemark>
		<name>01955bd8-7695-7e00-bec9-ee5d5dac17d2</name>
		<Style>
			<LineStyle>
				<color>ff0000ff</color>
			</LineStyle>
			<PolyStyle>
				<fill>0</fill>
			</PolyStyle>
		</Style>
		<Polygon>
			<outerBoundaryIs>
				<LinearRing>
					<coordinates>
						14.4274718975418,51.1920174756456,0 14.4664418429291,51.1991647677503,0 14.4612598288878,51.1842014013627,0 14.4715162654562,51.1727098276042,0 14.4380470430909,51.1609953726926,0 14.4334918316106,51.1540069368257,0 14.3936091728596,51.1740059862589,0 14.3895895705885,51.1831870279272,0 14.4048118196889,51.18803188898071,0 14.4119011818229,51.2031067058458,0 14.4274718975418,51.1920174756456,0 
					</coordinates>
				</LinearRing>
			</outerBoundaryIs>
		</Polygon>
	</Placemark>
	<Placemark>
		<name>01955bd8-7695-73b1-9655-9769a4f0898b</name>
		<Style>
			<LineStyle>
				<color>ff0000ff</color>
			</LineStyle>
			<PolyStyle>
				<fill>0</fill>
			</PolyStyle>
		</Style>
		<Polygon>
			<outerBoundaryIs>
				<LinearRing>
					<coordinates>
						14.2140177030419,51.4518309447663,0 14.2499595634997,51.4449806501197,0 14.2627897196812,51.4554769405386,0 14.2785567607212,51.4521669574182,0 14.2843174592002,51.4367054292602,0 14.295991628741,51.4298141841868,0 14.2774249408113,51.4212625822609,0 14.2676590299514,51.4278766770059,0 14.2480202525442,51.4309390912184,0 14.2301461662877,51.4164635896892,0 14.2040022236254,51.42269099368351,0 14.1964804303247,51.41465896476999,0 14.1893454956214,51.41994335258559,0 14.2172081324922,51.42805814329329,0 14.2112531064079,51.43855424528419,0 14.2140177030419,51.4518309447663,0 
					</coordinates>
				</LinearRing>
			</outerBoundaryIs>
		</Polygon>
	</Placemark>
	<Placemark>
		<name>01955bd8-7695-7a92-a5b9-06e51367875f</name>
		<Style>
			<LineStyle>
				<color>ff0000ff</color>
			</LineStyle>
			<PolyStyle>
				<fill>0</fill>
			</PolyStyle>
		</Style>
		<Polygon>
			<outerBoundaryIs>
				<LinearRing>
					<coordinates>
						14.4118813066297,51.5719863436924,0 14.3842066197073,51.5566984261963,0 14.3828375546732,51.54186108242011,0 14.3685922219743,51.5580551178326,0 14.338681544571,51.56282005058039,0 14.3588518214291,51.5827043226558,0 14.3655473815051,51.57801782825289,0 14.4080000071492,51.5776143765264,0 14.4118813066297,51.5719863436924,0 
					</coordinates>
				</LinearRing>
			</outerBoundaryIs>
		</Polygon>
	</Placemark>
	<Placemark>
		<name>01955bd8-7695-7b6e-9321-b22e0b5e0ab2</name>
		<Style>
			<LineStyle>
				<color>ff0000ff</color>
			</LineStyle>
			<PolyStyle>
				<fill>0</fill>
			</PolyStyle>
		</Style>
		<Polygon>
			<outerBoundaryIs>
				<LinearRing>
					<coordinates>
						14.6671644241597,51.7343818616177,0 14.6646527920231,51.72778653240089,0 14.6393160133034,51.7186043933198,0 14.6132966568118,51.7202043444215,0 14.6253298017179,51.7378645601777,0 14.6139448429449,51.7567255827728,0 14.6215355795511,51.76044985162059,0 14.6454142399968,51.7549184238146,0 14.6671644241597,51.7343818616177,0 
					</coordinates>
				</LinearRing>
			</outerBoundaryIs>
		</Polygon>
	</Placemark>
	<Placemark>
		<name>01955bd8-7695-79a7-a100-6facc9b22f5d</name>
		<Style>
			<LineStyle>
				<color>ff0000ff</color>
			</LineStyle>
			<PolyStyle>
				<fill>0</fill>
			</PolyStyle>
		</Style>
		<Polygon>
			<outerBoundaryIs>
				<LinearRing>
					<coordinates>
						14.3575395695286,51.7949687539161,0 14.355749605841,51.7778497523034,0 14.3878810037974,51.78050243247681,0 14.3862320793093,51.77099789926899,0 14.3965579546832,51.7641421388237,0 14.3768021737952,51.7592356174593,0 14.3720387044988,51.7507150233688,0 14.3538075404277,51.7473348933447,0 14.3422442572431,51.734314006285,0 14.3552304703892,51.7279258020035,0 14.3625750416008,51.7392194601298,0 14.3737153209626,51.7426618093193,0 14.3670498514947,51.7276339584493,0 14.3757370625526,51.7204580721234,0 14.357747424652,51.7139174453857,0 14.3682459771232,51.70285085252709,0 14.3118498162143,51.7103043132669,0 14.3121385396859,51.7275775151819,0 14.2872916197845,51.7108472942836,0 14.2882796275922,51.7215042229127,0 14.3126193624817,51.736041011009,0 14.303760428497,51.7436491678422,0 14.2906107406201,51.7401944727213,0 14.2788757264379,51.7477723451626,0 14.2937819715064,51.75790610735981,0 14.2751604650326,51.7660651464334,0 14.3089736324773,51.7807932495105,0 14.2995869842356,51.802098077171,0 14.3135275679132,51.80262792977379,0 14.3231648055047,51.7887191436875,0 14.3575395695286,51.7949687539161,0 
					</coordinates>
				</LinearRing>
			</outerBoundaryIs>
		</Polygon>
	</Placemark>
	<Placemark>
		<name>01955bd8-7695-77d2-9fa2-b94a5ec055f0</name>
		<Style>
			<LineStyle>
				<color>ff0000ff</color>
			</LineStyle>
			<PolyStyle>
				<fill>0</fill>
			</PolyStyle>
		</Style>
		<Polygon>
			<outerBoundaryIs>
				<LinearRing>
					<coordinates>
						14.6992847767942,51.9743812446611,0 14.7319577790806,51.97755576556569,0 14.7382220186676,51.9631824884445,0 14.7559497352097,51.9597295300934,0 14.7778431526244,51.9646665959961,0 14.7822736125586,51.9606360844952,0 14.7635310894898,51.9512733708242,0 14.7624617426995,51.9425832052313,0 14.7124784112249,51.9384781496513,0 14.6987516269787,51.9218801817542,0 14.685515891013,51.94270262921479,0 14.6623803853153,51.9468756862712,0 14.6579909961812,51.952861625804,0 14.6689547639286,51.9524109941224,0 14.6803272262286,51.96324156865991,0 14.6961139434822,51.96360279945119,0 14.6992847767942,51.9743812446611,0 
					</coordinates>
				</LinearRing>
			</outerBoundaryIs>
		</Polygon>
	</Placemark>
	<Placemark>
		<name>01955bd8-7695-7b89-9abf-944a706ca5e3</name>
		<Style>
			<LineStyle>
				<color>ff0000ff</color>
			</LineStyle>
			<PolyStyle>
				<fill>0</fill>
			</PolyStyle>
		</Style>
		<Polygon>
			<outerBoundaryIs>
				<LinearRing>
					<coordinates>
						14.6623712419421,52.1549737673258,0 14.6823997880078,52.1519466416445,0 14.670448312008,52.13471785794109,0 14.6468248419227,52.1302005471992,0 14.6408482577003,52.1251445131484,0 14.6184239845375,52.1323444270847,0 14.6121988990177,52.1469273711175,0 14.6029404634852,52.1505208624031,0 14.5970944287082,52.170322928149,0 14.6072916986344,52.1819677979767,0 14.6319902196804,52.1815696955049,0 14.6623712419421,52.1549737673258,0 
					</coordinates>
				</LinearRing>
			</outerBoundaryIs>
		</Polygon>
	</Placemark>
	<Placemark>
		<name>01955bd8-7695-7f35-8960-93d1b9028284</name>
		<Style>
			<LineStyle>
				<color>ff0000ff</color>
			</LineStyle>
			<PolyStyle>
				<fill>0</fill>
			</PolyStyle>
		</Style>
		<Polygon>
			<outerBoundaryIs>
				<LinearRing>
					<coordinates>
						14.4803990725375,52.34763347495321,0 14.4813403052275,52.3549022827886,0 14.5055844296485,52.3614348717045,0 14.506920319273,52.3717421778058,0 14.5437845570256,52.3677070761447,0 14.5545226709586,52.3566632919821,0 14.5676596488288,52.3692351511537,0 14.5766406034654,52.35511042081279,0 14.5866760742718,52.3517157289381,0 14.5597964117692,52.34520535422139,0 14.5538596748836,52.30981274505899,0 14.5297746648504,52.308879610451,0 14.5127695992031,52.3184886337643,0 14.4981403406567,52.3192780135633,0 14.4833338516351,52.3061200698551,0 14.4809122689461,52.2922341584438,0 14.4713423718652,52.2883207089398,0 14.4657546555176,52.29721484628211,0 14.4751982495463,52.30126802132381,0 14.4742823905562,52.3080930381976,0 14.4841280312697,52.3168003344531,0 14.4964165023652,52.32046717296729,0 14.5045161464177,52.3343184839729,0 14.4803990725375,52.34763347495321,0 
					</coordinates>
				</LinearRing>
			</outerBoundaryIs>
		</Polygon>
	</Placemark>
	<Placemark>
		<name>01955bd8-7695-7e38-a438-bd4adc26d715</name>
		<Style>
			<LineStyle>
				<color>ff0000ff</color>
			</LineStyle>
			<PolyStyle>
				<fill>0</fill>
			</PolyStyle>
		</Style>
		<Polygon>
			<outerBoundaryIs>
				<LinearRing>
					<coordinates>
						14.6128743661209,52.56951778351979,0 14.6055999509503,52.56138853839289,0 14.6030844722509,52.5683204357102,0 14.6128743661209,52.56951778351979,0 
					</coordinates>
				</LinearRing>
			</outerBoundaryIs>
		</Polygon>
	</Placemark>
	<Placemark>
		<name>01955bd8-7695-7846-8d5e-24ee049858ec</name>
		<Style>
			<LineStyle>
				<color>ff0000ff</color>
			</LineStyle>
			<PolyStyle>
				<fill>0</fill>
			</PolyStyle>
		</Style>
		<Polygon>
			<outerBoundaryIs>
				<LinearRing>
					<coordinates>
						14.6269980577854,52.57589108984461,0 14.6440951262504,52.5849643488224,0 14.6189252273718,52.59621513892831,0 14.6221603259661,52.6055602525093,0 14.6151187168761,52.6175261928083,0 14.6487386504207,52.602070667803,0 14.6843583278675,52.59647294271289,0 14.6625292282347,52.5827631219773,0 14.6474759959802,52.5839539441297,0 14.6417158088338,52.5775276422024,0 14.6269980577854,52.57589108984461,0 
					</coordinates>
				</LinearRing>
			</outerBoundaryIs>
		</Polygon>
	</Placemark>
</Document>
</kml>
