{
    "type": "FeatureCollection",
    "name": "obstacles",
    "crs": {
        "type": "name",
        "properties": {
            "name": "urn:ogc:def:crs:EPSG::32632"
        }
    },
    "features": [
        {
            "type": "Feature",
            "properties": {
                "name": "Obstacle"
            },
            "geometry": {
                "type": "Point",
                "coordinates": [
                    9.367466667,
                    48.717069444
                ]
            }
        },
        {
            "type": "Feature",
            "properties": {
                "name": "Obstacle"
            },
            "geometry": {
                "type": "Point",
                "coordinates": [
                    9.895798963,
                    48.390429221
                ]
            }
        },
        {
            "type": "Feature",
            "properties": {
                "name": "Obstacle"
            },
            "geometry": {
                "type": "Point",
                "coordinates": [
                    9.399219444,
                    47.821813889
                ]
            }
        },
        {
            "type": "Feature",
            "properties": {
                "name": "Obstacle"
            },
            "geometry": {
                "type": "Point",
                "coordinates": [
                    8.308577778,
                    49.012752778
                ]
            }
        },
        {
            "type": "Feature",
            "properties": {
                "name": "Obstacle"
            },
            "geometry": {
                "type": "Point",
                "coordinates": [
                    8.464314824,
                    49.536679501
                ]
            }
        },
        {
            "type": "Feature",
            "properties": {
                "name": "Obstacle"
            },
            "geometry": {
                "type": "Point",
                "coordinates": [
                    9.157427778,
                    49.018394444
                ]
            }
        },
        {
            "type": "Feature",
            "properties": {
                "name": "Obstacle"
            },
            "geometry": {
                "type": "Point",
                "coordinates": [
                    8.997302144,
                    49.034793629
                ]
            }
        },
        {
            "type": "Feature",
            "properties": {
                "name": "Obstacle"
            },
            "geometry": {
                "type": "Point",
                "coordinates": [
                    9.698430556,
                    48.297986111
                ]
            }
        },
        {
            "type": "Feature",
            "properties": {
                "name": "Obstacle"
            },
            "geometry": {
                "type": "Point",
                "coordinates": [
                    8.815398148,
                    48.217661027
                ]
            }
        },
        {
            "type": "Feature",
            "properties": {
                "name": "Obstacle"
            },
            "geometry": {
                "type": "Point",
                "coordinates": [
                    9.785521974,
                    49.177006398
                ]
            }
        },
        {
            "type": "Feature",
            "properties": {
                "name": "Obstacle"
            },
            "geometry": {
                "type": "Point",
                "coordinates": [
                    9.101341667,
                    47.807313889
                ]
            }
        },
        {
            "type": "Feature",
            "properties": {
                "name": "Obstacle"
            },
            "geometry": {
                "type": "Point",
                "coordinates": [
                    9.232544722,
                    49.181445833
                ]
            }
        },
        {
            "type": "Feature",
            "properties": {
                "name": "Obstacle"
            },
            "geometry": {
                "type": "Point",
                "coordinates": [
                    9.949722222,
                    48.694444444
                ]
            }
        },
        {
            "type": "Feature",
            "properties": {
                "name": "Obstacle"
            },
            "geometry": {
                "type": "Point",
                "coordinates": [
                    7.939624444,
                    48.196958333
                ]
            }
        },
        {
            "type": "Feature",
            "properties": {
                "name": "Obstacle"
            },
            "geometry": {
                "type": "Point",
                "coordinates": [
                    9.945972871,
                    48.655244043
                ]
            }
        },
        {
            "type": "Feature",
            "properties": {
                "name": "Obstacle"
            },
            "geometry": {
                "type": "Point",
                "coordinates": [
                    8.550254996,
                    48.363970833
                ]
            }
        },
        {
            "type": "Feature",
            "properties": {
                "name": "Obstacle"
            },
            "geometry": {
                "type": "Point",
                "coordinates": [
                    8.0055,
                    47.872694444
                ]
            }
        },
        {
            "type": "Feature",
            "properties": {
                "name": "Obstacle"
            },
            "geometry": {
                "type": "Point",
                "coordinates": [
                    8.505,
                    48.303888889
                ]
            }
        },
        {
            "type": "Feature",
            "properties": {
                "name": "Obstacle"
            },
            "geometry": {
                "type": "Point",
                "coordinates": [
                    9.517166667,
                    49.560055556
                ]
            }
        },
        {
            "type": "Feature",
            "properties": {
                "name": "Obstacle"
            },
            "geometry": {
                "type": "Point",
                "coordinates": [
                    9.573357504,
                    49.515471526
                ]
            }
        },
        {
            "type": "Feature",
            "properties": {
                "name": "Obstacle"
            },
            "geometry": {
                "type": "Point",
                "coordinates": [
                    10.002804917,
                    49.309996028
                ]
            }
        },
        {
            "type": "Feature",
            "properties": {
                "name": "Obstacle"
            },
            "geometry": {
                "type": "Point",
                "coordinates": [
                    7.897652778,
                    48.300330556
                ]
            }
        },
        {
            "type": "Feature",
            "properties": {
                "name": "Obstacle"
            },
            "geometry": {
                "type": "Point",
                "coordinates": [
                    8.061841556,
                    48.059701333
                ]
            }
        },
        {
            "type": "Feature",
            "properties": {
                "name": "Obstacle"
            },
            "geometry": {
                "type": "Point",
                "coordinates": [
                    9.863373056,
                    48.663177472
                ]
            }
        },
        {
            "type": "Feature",
            "properties": {
                "name": "Obstacle"
            },
            "geometry": {
                "type": "Point",
                "coordinates": [
                    8.257882722,
                    48.235498917
                ]
            }
        },
        {
            "type": "Feature",
            "properties": {
                "name": "Obstacle"
            },
            "geometry": {
                "type": "Point",
                "coordinates": [
                    10.206388889,
                    48.836880556
                ]
            }
        },
        {
            "type": "Feature",
            "properties": {
                "name": "Obstacle"
            },
            "geometry": {
                "type": "Point",
                "coordinates": [
                    9.868204806,
                    48.479633972
                ]
            }
        },
        {
            "type": "Feature",
            "properties": {
                "name": "Obstacle"
            },
            "geometry": {
                "type": "Point",
                "coordinates": [
                    8.463333333,
                    48.607777778
                ]
            }
        },
        {
            "type": "Feature",
            "properties": {
                "name": "Obstacle"
            },
            "geometry": {
                "type": "Point",
                "coordinates": [
                    8.467222222,
                    48.625277778
                ]
            }
        },
        {
            "type": "Feature",
            "properties": {
                "name": "Obstacle"
            },
            "geometry": {
                "type": "Point",
                "coordinates": [
                    10.001390361,
                    48.769531833
                ]
            }
        },
        {
            "type": "Feature",
            "properties": {
                "name": "Obstacle"
            },
            "geometry": {
                "type": "Point",
                "coordinates": [
                    9.685150333,
                    49.713818861
                ]
            }
        },
        {
            "type": "Feature",
            "properties": {
                "name": "Obstacle"
            },
            "geometry": {
                "type": "Point",
                "coordinates": [
                    9.691241306,
                    49.347975667
                ]
            }
        },
        {
            "type": "Feature",
            "properties": {
                "name": "Obstacle"
            },
            "geometry": {
                "type": "Point",
                "coordinates": [
                    9.274572222,
                    49.453530556
                ]
            }
        },
        {
            "type": "Feature",
            "properties": {
                "name": "Obstacle"
            },
            "geometry": {
                "type": "Point",
                "coordinates": [
                    8.285939611,
                    48.402598333
                ]
            }
        },
        {
            "type": "Feature",
            "properties": {
                "name": "Obstacle"
            },
            "geometry": {
                "type": "Point",
                "coordinates": [
                    10.002583333,
                    48.692388889
                ]
            }
        },
        {
            "type": "Feature",
            "properties": {
                "name": "Obstacle"
            },
            "geometry": {
                "type": "Point",
                "coordinates": [
                    9.27025,
                    48.664527778
                ]
            }
        },
        {
            "type": "Feature",
            "properties": {
                "name": "Obstacle"
            },
            "geometry": {
                "type": "Point",
                "coordinates": [
                    9.960661111,
                    49.482544444
                ]
            }
        },
        {
            "type": "Feature",
            "properties": {
                "name": "Obstacle"
            },
            "geometry": {
                "type": "Point",
                "coordinates": [
                    9.966666667,
                    49.483888889
                ]
            }
        },
        {
            "type": "Feature",
            "properties": {
                "name": "Obstacle"
            },
            "geometry": {
                "type": "Point",
                "coordinates": [
                    9.466496111,
                    49.528025222
                ]
            }
        },
        {
            "type": "Feature",
            "properties": {
                "name": "Obstacle"
            },
            "geometry": {
                "type": "Point",
                "coordinates": [
                    9.171666667,
                    48.974444444
                ]
            }
        },
        {
            "type": "Feature",
            "properties": {
                "name": "Obstacle"
            },
            "geometry": {
                "type": "Point",
                "coordinates": [
                    8.481388889,
                    48.333611111
                ]
            }
        },
        {
            "type": "Feature",
            "properties": {
                "name": "Obstacle"
            },
            "geometry": {
                "type": "Point",
                "coordinates": [
                    10.048888889,
                    48.960555556
                ]
            }
        },
        {
            "type": "Feature",
            "properties": {
                "name": "Obstacle"
            },
            "geometry": {
                "type": "Point",
                "coordinates": [
                    10.308027778,
                    48.71975
                ]
            }
        },
        {
            "type": "Feature",
            "properties": {
                "name": "Obstacle"
            },
            "geometry": {
                "type": "Point",
                "coordinates": [
                    9.554747222,
                    49.657925
                ]
            }
        },
        {
            "type": "Feature",
            "properties": {
                "name": "Obstacle"
            },
            "geometry": {
                "type": "Point",
                "coordinates": [
                    10.120372389,
                    48.769292472
                ]
            }
        },
        {
            "type": "Feature",
            "properties": {
                "name": "Obstacle"
            },
            "geometry": {
                "type": "Point",
                "coordinates": [
                    9.410558333,
                    49.297002778
                ]
            }
        },
        {
            "type": "Feature",
            "properties": {
                "name": "Obstacle"
            },
            "geometry": {
                "type": "Point",
                "coordinates": [
                    8.170833333,
                    48.216388889
                ]
            }
        },
        {
            "type": "Feature",
            "properties": {
                "name": "Obstacle"
            },
            "geometry": {
                "type": "Point",
                "coordinates": [
                    9.868476333,
                    48.868945806
                ]
            }
        },
        {
            "type": "Feature",
            "properties": {
                "name": "Obstacle"
            },
            "geometry": {
                "type": "Point",
                "coordinates": [
                    8.201713333,
                    48.607374139
                ]
            }
        },
        {
            "type": "Feature",
            "properties": {
                "name": "Obstacle"
            },
            "geometry": {
                "type": "Point",
                "coordinates": [
                    10.078888889,
                    49.481944444
                ]
            }
        },
        {
            "type": "Feature",
            "properties": {
                "name": "Obstacle"
            },
            "geometry": {
                "type": "Point",
                "coordinates": [
                    9.492201556,
                    49.414653806
                ]
            }
        },
        {
            "type": "Feature",
            "properties": {
                "name": "Obstacle"
            },
            "geometry": {
                "type": "Point",
                "coordinates": [
                    9.915311111,
                    48.737661111
                ]
            }
        },
        {
            "type": "Feature",
            "properties": {
                "name": "Obstacle"
            },
            "geometry": {
                "type": "Point",
                "coordinates": [
                    9.908630556,
                    48.721972222
                ]
            }
        },
        {
            "type": "Feature",
            "properties": {
                "name": "Obstacle"
            },
            "geometry": {
                "type": "Point",
                "coordinates": [
                    7.921361111,
                    48.258483333
                ]
            }
        },
        {
            "type": "Feature",
            "properties": {
                "name": "Obstacle"
            },
            "geometry": {
                "type": "Point",
                "coordinates": [
                    10.367292222,
                    48.792293889
                ]
            }
        },
        {
            "type": "Feature",
            "properties": {
                "name": "Obstacle"
            },
            "geometry": {
                "type": "Point",
                "coordinates": [
                    10.168625556,
                    48.762618611
                ]
            }
        },
        {
            "type": "Feature",
            "properties": {
                "name": "Obstacle"
            },
            "geometry": {
                "type": "Point",
                "coordinates": [
                    10.180792917,
                    48.755947917
                ]
            }
        },
        {
            "type": "Feature",
            "properties": {
                "name": "Obstacle"
            },
            "geometry": {
                "type": "Point",
                "coordinates": [
                    9.571786111,
                    49.478691667
                ]
            }
        },
        {
            "type": "Feature",
            "properties": {
                "name": "Obstacle"
            },
            "geometry": {
                "type": "Point",
                "coordinates": [
                    9.373543333,
                    49.758633056
                ]
            }
        },
        {
            "type": "Feature",
            "properties": {
                "name": "Obstacle"
            },
            "geometry": {
                "type": "Point",
                "coordinates": [
                    9.96838,
                    49.184182778
                ]
            }
        },
        {
            "type": "Feature",
            "properties": {
                "name": "Obstacle"
            },
            "geometry": {
                "type": "Point",
                "coordinates": [
                    10.172975,
                    49.043688889
                ]
            }
        },
        {
            "type": "Feature",
            "properties": {
                "name": "Obstacle"
            },
            "geometry": {
                "type": "Point",
                "coordinates": [
                    9.512519444,
                    49.465588889
                ]
            }
        },
        {
            "type": "Feature",
            "properties": {
                "name": "Obstacle"
            },
            "geometry": {
                "type": "Point",
                "coordinates": [
                    10.123408889,
                    49.304585
                ]
            }
        },
        {
            "type": "Feature",
            "properties": {
                "name": "Obstacle"
            },
            "geometry": {
                "type": "Point",
                "coordinates": [
                    7.935027778,
                    47.716680556
                ]
            }
        },
        {
            "type": "Feature",
            "properties": {
                "name": "Obstacle"
            },
            "geometry": {
                "type": "Point",
                "coordinates": [
                    7.979932389,
                    48.36141525
                ]
            }
        },
        {
            "type": "Feature",
            "properties": {
                "name": "Obstacle"
            },
            "geometry": {
                "type": "Point",
                "coordinates": [
                    10.014194444,
                    49.037430556
                ]
            }
        },
        {
            "type": "Feature",
            "properties": {
                "name": "Obstacle"
            },
            "geometry": {
                "type": "Point",
                "coordinates": [
                    9.281944444,
                    48.816111111
                ]
            }
        },
        {
            "type": "Feature",
            "properties": {
                "name": "Obstacle"
            },
            "geometry": {
                "type": "Point",
                "coordinates": [
                    9.971361111,
                    49.018722222
                ]
            }
        },
        {
            "type": "Feature",
            "properties": {
                "name": "Obstacle"
            },
            "geometry": {
                "type": "Point",
                "coordinates": [
                    9.385419444,
                    49.297844444
                ]
            }
        },
        {
            "type": "Feature",
            "properties": {
                "name": "Obstacle"
            },
            "geometry": {
                "type": "Point",
                "coordinates": [
                    9.691336111,
                    49.470952778
                ]
            }
        },
        {
            "type": "Feature",
            "properties": {
                "name": "Obstacle"
            },
            "geometry": {
                "type": "Point",
                "coordinates": [
                    9.897597222,
                    49.201713889
                ]
            }
        },
        {
            "type": "Feature",
            "properties": {
                "name": "Obstacle"
            },
            "geometry": {
                "type": "Point",
                "coordinates": [
                    9.637222222,
                    49.079722222
                ]
            }
        },
        {
            "type": "Feature",
            "properties": {
                "name": "Obstacle"
            },
            "geometry": {
                "type": "Point",
                "coordinates": [
                    9.514188889,
                    49.514677778
                ]
            }
        },
        {
            "type": "Feature",
            "properties": {
                "name": "Obstacle"
            },
            "geometry": {
                "type": "Point",
                "coordinates": [
                    10.277972222,
                    48.951222222
                ]
            }
        },
        {
            "type": "Feature",
            "properties": {
                "name": "Obstacle"
            },
            "geometry": {
                "type": "Point",
                "coordinates": [
                    10.049375,
                    48.973563889
                ]
            }
        },
        {
            "type": "Feature",
            "properties": {
                "name": "Obstacle"
            },
            "geometry": {
                "type": "Point",
                "coordinates": [
                    9.840833333,
                    49.004305556
                ]
            }
        },
        {
            "type": "Feature",
            "properties": {
                "name": "Obstacle"
            },
            "geometry": {
                "type": "Point",
                "coordinates": [
                    9.931555556,
                    48.659777778
                ]
            }
        },
        {
            "type": "Feature",
            "properties": {
                "name": "Obstacle"
            },
            "geometry": {
                "type": "Point",
                "coordinates": [
                    9.615160139,
                    49.602228417
                ]
            }
        },
        {
            "type": "Feature",
            "properties": {
                "name": "Obstacle"
            },
            "geometry": {
                "type": "Point",
                "coordinates": [
                    9.881413889,
                    49.285283333
                ]
            }
        },
        {
            "type": "Feature",
            "properties": {
                "name": "Obstacle"
            },
            "geometry": {
                "type": "Point",
                "coordinates": [
                    9.64,
                    49.088888889
                ]
            }
        },
        {
            "type": "Feature",
            "properties": {
                "name": "Obstacle"
            },
            "geometry": {
                "type": "Point",
                "coordinates": [
                    8.531158333,
                    48.812466667
                ]
            }
        },
        {
            "type": "Feature",
            "properties": {
                "name": "Obstacle"
            },
            "geometry": {
                "type": "Point",
                "coordinates": [
                    9.812072667,
                    48.991815639
                ]
            }
        },
        {
            "type": "Feature",
            "properties": {
                "name": "Obstacle"
            },
            "geometry": {
                "type": "Point",
                "coordinates": [
                    7.914472222,
                    47.681877778
                ]
            }
        },
        {
            "type": "Feature",
            "properties": {
                "name": "Obstacle"
            },
            "geometry": {
                "type": "Point",
                "coordinates": [
                    7.989772222,
                    48.206908333
                ]
            }
        },
        {
            "type": "Feature",
            "properties": {
                "name": "Obstacle"
            },
            "geometry": {
                "type": "Point",
                "coordinates": [
                    10.223091667,
                    48.721838889
                ]
            }
        },
        {
            "type": "Feature",
            "properties": {
                "name": "Obstacle"
            },
            "geometry": {
                "type": "Point",
                "coordinates": [
                    8.191406917,
                    48.32445275
                ]
            }
        },
        {
            "type": "Feature",
            "properties": {
                "name": "Obstacle"
            },
            "geometry": {
                "type": "Point",
                "coordinates": [
                    9.698496417,
                    48.540917861
                ]
            }
        },
        {
            "type": "Feature",
            "properties": {
                "name": "Obstacle"
            },
            "geometry": {
                "type": "Point",
                "coordinates": [
                    8.313280556,
                    48.213116667
                ]
            }
        },
        {
            "type": "Feature",
            "properties": {
                "name": "Obstacle"
            },
            "geometry": {
                "type": "Point",
                "coordinates": [
                    9.441363889,
                    49.105383333
                ]
            }
        },
        {
            "type": "Feature",
            "properties": {
                "name": "Obstacle"
            },
            "geometry": {
                "type": "Point",
                "coordinates": [
                    10.296032,
                    48.989113
                ]
            }
        },
        {
            "type": "Feature",
            "properties": {
                "name": "Obstacle"
            },
            "geometry": {
                "type": "Point",
                "coordinates": [
                    9.301105694,
                    49.559218278
                ]
            }
        },
        {
            "type": "Feature",
            "properties": {
                "name": "Obstacle"
            },
            "geometry": {
                "type": "Point",
                "coordinates": [
                    9.477180556,
                    49.536122222
                ]
            }
        },
        {
            "type": "Feature",
            "properties": {
                "name": "Obstacle"
            },
            "geometry": {
                "type": "Point",
                "coordinates": [
                    7.974887167,
                    48.305442944
                ]
            }
        },
        {
            "type": "Feature",
            "properties": {
                "name": "Obstacle"
            },
            "geometry": {
                "type": "Point",
                "coordinates": [
                    9.518416667,
                    48.743777778
                ]
            }
        },
        {
            "type": "Feature",
            "properties": {
                "name": "Obstacle"
            },
            "geometry": {
                "type": "Point",
                "coordinates": [
                    8.278388889,
                    48.40735
                ]
            }
        },
        {
            "type": "Feature",
            "properties": {
                "name": "Obstacle"
            },
            "geometry": {
                "type": "Point",
                "coordinates": [
                    9.694983333,
                    49.4774415
                ]
            }
        },
        {
            "type": "Feature",
            "properties": {
                "name": "Obstacle"
            },
            "geometry": {
                "type": "Point",
                "coordinates": [
                    9.462855556,
                    47.9601
                ]
            }
        },
        {
            "type": "Feature",
            "properties": {
                "name": "Obstacle"
            },
            "geometry": {
                "type": "Point",
                "coordinates": [
                    7.897888889,
                    48.259991667
                ]
            }
        },
        {
            "type": "Feature",
            "properties": {
                "name": "Obstacle"
            },
            "geometry": {
                "type": "Point",
                "coordinates": [
                    9.654838194,
                    47.906999389
                ]
            }
        },
        {
            "type": "Feature",
            "properties": {
                "name": "Obstacle"
            },
            "geometry": {
                "type": "Point",
                "coordinates": [
                    9.615210333,
                    48.41591825
                ]
            }
        },
        {
            "type": "Feature",
            "properties": {
                "name": "Obstacle"
            },
            "geometry": {
                "type": "Point",
                "coordinates": [
                    12.838191667,
                    48.195072222
                ]
            }
        },
        {
            "type": "Feature",
            "properties": {
                "name": "Obstacle"
            },
            "geometry": {
                "type": "Point",
                "coordinates": [
                    9.986591634,
                    49.901369666
                ]
            }
        },
        {
            "type": "Feature",
            "properties": {
                "name": "Obstacle"
            },
            "geometry": {
                "type": "Point",
                "coordinates": [
                    11.477369444,
                    48.791994444
                ]
            }
        },
        {
            "type": "Feature",
            "properties": {
                "name": "Obstacle"
            },
            "geometry": {
                "type": "Point",
                "coordinates": [
                    11.535571414,
                    48.171581534
                ]
            }
        },
        {
            "type": "Feature",
            "properties": {
                "name": "Obstacle"
            },
            "geometry": {
                "type": "Point",
                "coordinates": [
                    11.756580556,
                    48.783311111
                ]
            }
        },
        {
            "type": "Feature",
            "properties": {
                "name": "Obstacle"
            },
            "geometry": {
                "type": "Point",
                "coordinates": [
                    13.109302778,
                    48.668772222
                ]
            }
        },
        {
            "type": "Feature",
            "properties": {
                "name": "Obstacle"
            },
            "geometry": {
                "type": "Point",
                "coordinates": [
                    11.594286111,
                    48.765711111
                ]
            }
        },
        {
            "type": "Feature",
            "properties": {
                "name": "Obstacle"
            },
            "geometry": {
                "type": "Point",
                "coordinates": [
                    11.640694444,
                    48.180558333
                ]
            }
        },
        {
            "type": "Feature",
            "properties": {
                "name": "Obstacle"
            },
            "geometry": {
                "type": "Point",
                "coordinates": [
                    10.507093179,
                    48.765946999
                ]
            }
        },
        {
            "type": "Feature",
            "properties": {
                "name": "Obstacle"
            },
            "geometry": {
                "type": "Point",
                "coordinates": [
                    11.617505254,
                    48.149917935
                ]
            }
        },
        {
            "type": "Feature",
            "properties": {
                "name": "Obstacle"
            },
            "geometry": {
                "type": "Point",
                "coordinates": [
                    11.130045546,
                    49.405323749
                ]
            }
        },
        {
            "type": "Feature",
            "properties": {
                "name": "Obstacle"
            },
            "geometry": {
                "type": "Point",
                "coordinates": [
                    10.864825007,
                    48.546809396
                ]
            }
        },
        {
            "type": "Feature",
            "properties": {
                "name": "Obstacle"
            },
            "geometry": {
                "type": "Point",
                "coordinates": [
                    10.718277778,
                    48.447944444
                ]
            }
        },
        {
            "type": "Feature",
            "properties": {
                "name": "Obstacle"
            },
            "geometry": {
                "type": "Point",
                "coordinates": [
                    10.214328305,
                    50.42686712
                ]
            }
        },
        {
            "type": "Feature",
            "properties": {
                "name": "Obstacle"
            },
            "geometry": {
                "type": "Point",
                "coordinates": [
                    11.412669444,
                    48.928366667
                ]
            }
        },
        {
            "type": "Feature",
            "properties": {
                "name": "Obstacle"
            },
            "geometry": {
                "type": "Point",
                "coordinates": [
                    12.516779823,
                    49.652250934
                ]
            }
        },
        {
            "type": "Feature",
            "properties": {
                "name": "Obstacle"
            },
            "geometry": {
                "type": "Point",
                "coordinates": [
                    10.438055556,
                    47.787777778
                ]
            }
        },
        {
            "type": "Feature",
            "properties": {
                "name": "Obstacle"
            },
            "geometry": {
                "type": "Point",
                "coordinates": [
                    11.535277778,
                    48.140555556
                ]
            }
        },
        {
            "type": "Feature",
            "properties": {
                "name": "Obstacle"
            },
            "geometry": {
                "type": "Point",
                "coordinates": [
                    11.595,
                    48.520833333
                ]
            }
        },
        {
            "type": "Feature",
            "properties": {
                "name": "Obstacle"
            },
            "geometry": {
                "type": "Point",
                "coordinates": [
                    10.005626389,
                    49.988875833
                ]
            }
        },
        {
            "type": "Feature",
            "properties": {
                "name": "Obstacle"
            },
            "geometry": {
                "type": "Point",
                "coordinates": [
                    10.357646914,
                    50.047910001
                ]
            }
        },
        {
            "type": "Feature",
            "properties": {
                "name": "Obstacle"
            },
            "geometry": {
                "type": "Point",
                "coordinates": [
                    11.065555556,
                    49.036666667
                ]
            }
        },
        {
            "type": "Feature",
            "properties": {
                "name": "Obstacle"
            },
            "geometry": {
                "type": "Point",
                "coordinates": [
                    11.773037443,
                    50.396352012
                ]
            }
        },
        {
            "type": "Feature",
            "properties": {
                "name": "Obstacle"
            },
            "geometry": {
                "type": "Point",
                "coordinates": [
                    10.5875,
                    49.555277778
                ]
            }
        },
        {
            "type": "Feature",
            "properties": {
                "name": "Obstacle"
            },
            "geometry": {
                "type": "Point",
                "coordinates": [
                    10.107675083,
                    49.766386611
                ]
            }
        },
        {
            "type": "Feature",
            "properties": {
                "name": "Obstacle"
            },
            "geometry": {
                "type": "Point",
                "coordinates": [
                    11.095555556,
                    49.852777778
                ]
            }
        },
        {
            "type": "Feature",
            "properties": {
                "name": "Obstacle"
            },
            "geometry": {
                "type": "Point",
                "coordinates": [
                    9.858320778,
                    49.983597222
                ]
            }
        },
        {
            "type": "Feature",
            "properties": {
                "name": "Obstacle"
            },
            "geometry": {
                "type": "Point",
                "coordinates": [
                    9.706737861,
                    49.944464917
                ]
            }
        },
        {
            "type": "Feature",
            "properties": {
                "name": "Obstacle"
            },
            "geometry": {
                "type": "Point",
                "coordinates": [
                    10.188072222,
                    49.444194444
                ]
            }
        },
        {
            "type": "Feature",
            "properties": {
                "name": "Obstacle"
            },
            "geometry": {
                "type": "Point",
                "coordinates": [
                    9.854476778,
                    49.995556944
                ]
            }
        },
        {
            "type": "Feature",
            "properties": {
                "name": "Obstacle"
            },
            "geometry": {
                "type": "Point",
                "coordinates": [
                    10.374832139,
                    47.900242722
                ]
            }
        },
        {
            "type": "Feature",
            "properties": {
                "name": "Obstacle"
            },
            "geometry": {
                "type": "Point",
                "coordinates": [
                    11.696666667,
                    50.085055556
                ]
            }
        },
        {
            "type": "Feature",
            "properties": {
                "name": "Obstacle"
            },
            "geometry": {
                "type": "Point",
                "coordinates": [
                    10.060512806,
                    50.033850778
                ]
            }
        },
        {
            "type": "Feature",
            "properties": {
                "name": "Obstacle"
            },
            "geometry": {
                "type": "Point",
                "coordinates": [
                    10.098866667,
                    49.753291667
                ]
            }
        },
        {
            "type": "Feature",
            "properties": {
                "name": "Obstacle"
            },
            "geometry": {
                "type": "Point",
                "coordinates": [
                    10.050485528,
                    49.719796667
                ]
            }
        },
        {
            "type": "Feature",
            "properties": {
                "name": "Obstacle"
            },
            "geometry": {
                "type": "Point",
                "coordinates": [
                    9.707665556,
                    49.914021167
                ]
            }
        },
        {
            "type": "Feature",
            "properties": {
                "name": "Obstacle"
            },
            "geometry": {
                "type": "Point",
                "coordinates": [
                    9.638191667,
                    49.905677778
                ]
            }
        },
        {
            "type": "Feature",
            "properties": {
                "name": "Obstacle"
            },
            "geometry": {
                "type": "Point",
                "coordinates": [
                    10.053459583,
                    49.714091972
                ]
            }
        },
        {
            "type": "Feature",
            "properties": {
                "name": "Obstacle"
            },
            "geometry": {
                "type": "Point",
                "coordinates": [
                    12.654705,
                    48.894801111
                ]
            }
        },
        {
            "type": "Feature",
            "properties": {
                "name": "Obstacle"
            },
            "geometry": {
                "type": "Point",
                "coordinates": [
                    12.006305556,
                    50.300888889
                ]
            }
        },
        {
            "type": "Feature",
            "properties": {
                "name": "Obstacle"
            },
            "geometry": {
                "type": "Point",
                "coordinates": [
                    12.028055556,
                    50.325833333
                ]
            }
        },
        {
            "type": "Feature",
            "properties": {
                "name": "Obstacle"
            },
            "geometry": {
                "type": "Point",
                "coordinates": [
                    11.490841667,
                    49.216686111
                ]
            }
        },
        {
            "type": "Feature",
            "properties": {
                "name": "Obstacle"
            },
            "geometry": {
                "type": "Point",
                "coordinates": [
                    9.883269444,
                    49.892255556
                ]
            }
        },
        {
            "type": "Feature",
            "properties": {
                "name": "Obstacle"
            },
            "geometry": {
                "type": "Point",
                "coordinates": [
                    11.590833333,
                    49.226111111
                ]
            }
        },
        {
            "type": "Feature",
            "properties": {
                "name": "Obstacle"
            },
            "geometry": {
                "type": "Point",
                "coordinates": [
                    10.113333333,
                    49.545277778
                ]
            }
        },
        {
            "type": "Feature",
            "properties": {
                "name": "Obstacle"
            },
            "geometry": {
                "type": "Point",
                "coordinates": [
                    10.161355778,
                    49.583664889
                ]
            }
        },
        {
            "type": "Feature",
            "properties": {
                "name": "Obstacle"
            },
            "geometry": {
                "type": "Point",
                "coordinates": [
                    9.880813889,
                    49.697386111
                ]
            }
        },
        {
            "type": "Feature",
            "properties": {
                "name": "Obstacle"
            },
            "geometry": {
                "type": "Point",
                "coordinates": [
                    11.959722222,
                    50.374444444
                ]
            }
        },
        {
            "type": "Feature",
            "properties": {
                "name": "Obstacle"
            },
            "geometry": {
                "type": "Point",
                "coordinates": [
                    11.776507611,
                    50.245262528
                ]
            }
        },
        {
            "type": "Feature",
            "properties": {
                "name": "Obstacle"
            },
            "geometry": {
                "type": "Point",
                "coordinates": [
                    12.087610028,
                    50.086037583
                ]
            }
        },
        {
            "type": "Feature",
            "properties": {
                "name": "Obstacle"
            },
            "geometry": {
                "type": "Point",
                "coordinates": [
                    9.712177778,
                    49.739475
                ]
            }
        },
        {
            "type": "Feature",
            "properties": {
                "name": "Obstacle"
            },
            "geometry": {
                "type": "Point",
                "coordinates": [
                    10.683038417,
                    49.068108583
                ]
            }
        },
        {
            "type": "Feature",
            "properties": {
                "name": "Obstacle"
            },
            "geometry": {
                "type": "Point",
                "coordinates": [
                    11.478412222,
                    49.378278361
                ]
            }
        },
        {
            "type": "Feature",
            "properties": {
                "name": "Obstacle"
            },
            "geometry": {
                "type": "Point",
                "coordinates": [
                    11.091741778,
                    49.942053611
                ]
            }
        },
        {
            "type": "Feature",
            "properties": {
                "name": "Obstacle"
            },
            "geometry": {
                "type": "Point",
                "coordinates": [
                    11.049032778,
                    49.046636278
                ]
            }
        },
        {
            "type": "Feature",
            "properties": {
                "name": "Obstacle"
            },
            "geometry": {
                "type": "Point",
                "coordinates": [
                    10.145741667,
                    49.899236111
                ]
            }
        },
        {
            "type": "Feature",
            "properties": {
                "name": "Obstacle"
            },
            "geometry": {
                "type": "Point",
                "coordinates": [
                    11.911012833,
                    50.417150389
                ]
            }
        },
        {
            "type": "Feature",
            "properties": {
                "name": "Obstacle"
            },
            "geometry": {
                "type": "Point",
                "coordinates": [
                    11.483158333,
                    49.096838889
                ]
            }
        },
        {
            "type": "Feature",
            "properties": {
                "name": "Obstacle"
            },
            "geometry": {
                "type": "Point",
                "coordinates": [
                    11.133852111,
                    49.511506556
                ]
            }
        },
        {
            "type": "Feature",
            "properties": {
                "name": "Obstacle"
            },
            "geometry": {
                "type": "Point",
                "coordinates": [
                    10.755829444,
                    49.772307611
                ]
            }
        },
        {
            "type": "Feature",
            "properties": {
                "name": "Obstacle"
            },
            "geometry": {
                "type": "Point",
                "coordinates": [
                    9.681769444,
                    49.834230556
                ]
            }
        },
        {
            "type": "Feature",
            "properties": {
                "name": "Obstacle"
            },
            "geometry": {
                "type": "Point",
                "coordinates": [
                    11.438747167,
                    49.42705125
                ]
            }
        },
        {
            "type": "Feature",
            "properties": {
                "name": "Obstacle"
            },
            "geometry": {
                "type": "Point",
                "coordinates": [
                    11.774838889,
                    50.354336111
                ]
            }
        },
        {
            "type": "Feature",
            "properties": {
                "name": "Obstacle"
            },
            "geometry": {
                "type": "Point",
                "coordinates": [
                    11.06720725,
                    49.051106278
                ]
            }
        },
        {
            "type": "Feature",
            "properties": {
                "name": "Obstacle"
            },
            "geometry": {
                "type": "Point",
                "coordinates": [
                    10.288578583,
                    48.690248556
                ]
            }
        },
        {
            "type": "Feature",
            "properties": {
                "name": "Obstacle"
            },
            "geometry": {
                "type": "Point",
                "coordinates": [
                    11.592777778,
                    48.475833333
                ]
            }
        },
        {
            "type": "Feature",
            "properties": {
                "name": "Obstacle"
            },
            "geometry": {
                "type": "Point",
                "coordinates": [
                    11.764111111,
                    50.355394444
                ]
            }
        },
        {
            "type": "Feature",
            "properties": {
                "name": "Obstacle"
            },
            "geometry": {
                "type": "Point",
                "coordinates": [
                    11.211111111,
                    49.024166667
                ]
            }
        },
        {
            "type": "Feature",
            "properties": {
                "name": "Obstacle"
            },
            "geometry": {
                "type": "Point",
                "coordinates": [
                    9.728052778,
                    49.810252778
                ]
            }
        },
        {
            "type": "Feature",
            "properties": {
                "name": "Obstacle"
            },
            "geometry": {
                "type": "Point",
                "coordinates": [
                    11.495620889,
                    48.954062417
                ]
            }
        },
        {
            "type": "Feature",
            "properties": {
                "name": "Obstacle"
            },
            "geometry": {
                "type": "Point",
                "coordinates": [
                    11.560727778,
                    49.298622222
                ]
            }
        },
        {
            "type": "Feature",
            "properties": {
                "name": "Obstacle"
            },
            "geometry": {
                "type": "Point",
                "coordinates": [
                    10.122308333,
                    50.258644444
                ]
            }
        },
        {
            "type": "Feature",
            "properties": {
                "name": "Obstacle"
            },
            "geometry": {
                "type": "Point",
                "coordinates": [
                    10.135121778,
                    49.331318083
                ]
            }
        },
        {
            "type": "Feature",
            "properties": {
                "name": "Obstacle"
            },
            "geometry": {
                "type": "Point",
                "coordinates": [
                    10.121419444,
                    49.937958333
                ]
            }
        },
        {
            "type": "Feature",
            "properties": {
                "name": "Obstacle"
            },
            "geometry": {
                "type": "Point",
                "coordinates": [
                    11.882673528,
                    50.366584528
                ]
            }
        },
        {
            "type": "Feature",
            "properties": {
                "name": "Obstacle"
            },
            "geometry": {
                "type": "Point",
                "coordinates": [
                    10.352253583,
                    50.031581083
                ]
            }
        },
        {
            "type": "Feature",
            "properties": {
                "name": "Obstacle"
            },
            "geometry": {
                "type": "Point",
                "coordinates": [
                    11.515169444,
                    49.859363889
                ]
            }
        },
        {
            "type": "Feature",
            "properties": {
                "name": "Obstacle"
            },
            "geometry": {
                "type": "Point",
                "coordinates": [
                    10.308661111,
                    50.175547222
                ]
            }
        },
        {
            "type": "Feature",
            "properties": {
                "name": "Obstacle"
            },
            "geometry": {
                "type": "Point",
                "coordinates": [
                    10.337825,
                    50.052208333
                ]
            }
        },
        {
            "type": "Feature",
            "properties": {
                "name": "Obstacle"
            },
            "geometry": {
                "type": "Point",
                "coordinates": [
                    11.715699806,
                    50.291159083
                ]
            }
        },
        {
            "type": "Feature",
            "properties": {
                "name": "Obstacle"
            },
            "geometry": {
                "type": "Point",
                "coordinates": [
                    11.755109472,
                    50.145829361
                ]
            }
        },
        {
            "type": "Feature",
            "properties": {
                "name": "Obstacle"
            },
            "geometry": {
                "type": "Point",
                "coordinates": [
                    9.7411,
                    49.743505556
                ]
            }
        },
        {
            "type": "Feature",
            "properties": {
                "name": "Obstacle"
            },
            "geometry": {
                "type": "Point",
                "coordinates": [
                    10.04476375,
                    49.713147139
                ]
            }
        },
        {
            "type": "Feature",
            "properties": {
                "name": "Obstacle"
            },
            "geometry": {
                "type": "Point",
                "coordinates": [
                    9.904298889,
                    49.926544278
                ]
            }
        },
        {
            "type": "Feature",
            "properties": {
                "name": "Obstacle"
            },
            "geometry": {
                "type": "Point",
                "coordinates": [
                    10.742946333,
                    49.510295444
                ]
            }
        },
        {
            "type": "Feature",
            "properties": {
                "name": "Obstacle"
            },
            "geometry": {
                "type": "Point",
                "coordinates": [
                    11.174722222,
                    48.190833333
                ]
            }
        },
        {
            "type": "Feature",
            "properties": {
                "name": "Obstacle"
            },
            "geometry": {
                "type": "Point",
                "coordinates": [
                    11.546111111,
                    49.272222222
                ]
            }
        },
        {
            "type": "Feature",
            "properties": {
                "name": "Obstacle"
            },
            "geometry": {
                "type": "Point",
                "coordinates": [
                    11.304161111,
                    50.046408333
                ]
            }
        },
        {
            "type": "Feature",
            "properties": {
                "name": "Obstacle"
            },
            "geometry": {
                "type": "Point",
                "coordinates": [
                    10.155091667,
                    50.220116667
                ]
            }
        },
        {
            "type": "Feature",
            "properties": {
                "name": "Obstacle"
            },
            "geometry": {
                "type": "Point",
                "coordinates": [
                    11.902675833,
                    50.41335575
                ]
            }
        },
        {
            "type": "Feature",
            "properties": {
                "name": "Obstacle"
            },
            "geometry": {
                "type": "Point",
                "coordinates": [
                    10.746036111,
                    48.108644444
                ]
            }
        },
        {
            "type": "Feature",
            "properties": {
                "name": "Obstacle"
            },
            "geometry": {
                "type": "Point",
                "coordinates": [
                    12.083866972,
                    50.079036917
                ]
            }
        },
        {
            "type": "Feature",
            "properties": {
                "name": "Obstacle"
            },
            "geometry": {
                "type": "Point",
                "coordinates": [
                    11.263222222,
                    49.219722222
                ]
            }
        },
        {
            "type": "Feature",
            "properties": {
                "name": "Obstacle"
            },
            "geometry": {
                "type": "Point",
                "coordinates": [
                    10.568552778,
                    49.253375
                ]
            }
        },
        {
            "type": "Feature",
            "properties": {
                "name": "Obstacle"
            },
            "geometry": {
                "type": "Point",
                "coordinates": [
                    11.841334028,
                    50.240639972
                ]
            }
        },
        {
            "type": "Feature",
            "properties": {
                "name": "Obstacle"
            },
            "geometry": {
                "type": "Point",
                "coordinates": [
                    10.114063139,
                    49.934135722
                ]
            }
        },
        {
            "type": "Feature",
            "properties": {
                "name": "Obstacle"
            },
            "geometry": {
                "type": "Point",
                "coordinates": [
                    11.027472222,
                    48.314361111
                ]
            }
        },
        {
            "type": "Feature",
            "properties": {
                "name": "Obstacle"
            },
            "geometry": {
                "type": "Point",
                "coordinates": [
                    10.387611111,
                    49.687666667
                ]
            }
        },
        {
            "type": "Feature",
            "properties": {
                "name": "Obstacle"
            },
            "geometry": {
                "type": "Point",
                "coordinates": [
                    11.238016667,
                    49.054283333
                ]
            }
        },
        {
            "type": "Feature",
            "properties": {
                "name": "Obstacle"
            },
            "geometry": {
                "type": "Point",
                "coordinates": [
                    10.435691667,
                    50.085911111
                ]
            }
        },
        {
            "type": "Feature",
            "properties": {
                "name": "Obstacle"
            },
            "geometry": {
                "type": "Point",
                "coordinates": [
                    10.251555556,
                    49.495961111
                ]
            }
        },
        {
            "type": "Feature",
            "properties": {
                "name": "Obstacle"
            },
            "geometry": {
                "type": "Point",
                "coordinates": [
                    12.137406333,
                    50.041316
                ]
            }
        },
        {
            "type": "Feature",
            "properties": {
                "name": "Obstacle"
            },
            "geometry": {
                "type": "Point",
                "coordinates": [
                    11.218086111,
                    49.031583333
                ]
            }
        },
        {
            "type": "Feature",
            "properties": {
                "name": "Obstacle"
            },
            "geometry": {
                "type": "Point",
                "coordinates": [
                    11.601527778,
                    49.213111111
                ]
            }
        },
        {
            "type": "Feature",
            "properties": {
                "name": "Obstacle"
            },
            "geometry": {
                "type": "Point",
                "coordinates": [
                    11.402283333,
                    47.988986111
                ]
            }
        },
        {
            "type": "Feature",
            "properties": {
                "name": "Obstacle"
            },
            "geometry": {
                "type": "Point",
                "coordinates": [
                    10.096113889,
                    50.146688889
                ]
            }
        },
        {
            "type": "Feature",
            "properties": {
                "name": "Obstacle"
            },
            "geometry": {
                "type": "Point",
                "coordinates": [
                    10.393066667,
                    49.041683333
                ]
            }
        },
        {
            "type": "Feature",
            "properties": {
                "name": "Obstacle"
            },
            "geometry": {
                "type": "Point",
                "coordinates": [
                    10.541388889,
                    48.405555556
                ]
            }
        },
        {
            "type": "Feature",
            "properties": {
                "name": "Obstacle"
            },
            "geometry": {
                "type": "Point",
                "coordinates": [
                    11.110691667,
                    48.3944
                ]
            }
        },
        {
            "type": "Feature",
            "properties": {
                "name": "Obstacle"
            },
            "geometry": {
                "type": "Point",
                "coordinates": [
                    11.330277778,
                    48.514722222
                ]
            }
        },
        {
            "type": "Feature",
            "properties": {
                "name": "Obstacle"
            },
            "geometry": {
                "type": "Point",
                "coordinates": [
                    10.080693556,
                    50.085003528
                ]
            }
        },
        {
            "type": "Feature",
            "properties": {
                "name": "Obstacle"
            },
            "geometry": {
                "type": "Point",
                "coordinates": [
                    10.369722222,
                    49.006388889
                ]
            }
        },
        {
            "type": "Feature",
            "properties": {
                "name": "Obstacle"
            },
            "geometry": {
                "type": "Point",
                "coordinates": [
                    10.783775,
                    47.890077778
                ]
            }
        },
        {
            "type": "Feature",
            "properties": {
                "name": "Obstacle"
            },
            "geometry": {
                "type": "Point",
                "coordinates": [
                    10.635722222,
                    49.238416667
                ]
            }
        },
        {
            "type": "Feature",
            "properties": {
                "name": "Obstacle"
            },
            "geometry": {
                "type": "Point",
                "coordinates": [
                    11.36752,
                    49.974066111
                ]
            }
        },
        {
            "type": "Feature",
            "properties": {
                "name": "Obstacle"
            },
            "geometry": {
                "type": "Point",
                "coordinates": [
                    11.391778889,
                    49.988064167
                ]
            }
        },
        {
            "type": "Feature",
            "properties": {
                "name": "Obstacle"
            },
            "geometry": {
                "type": "Point",
                "coordinates": [
                    10.756944444,
                    47.97
                ]
            }
        },
        {
            "type": "Feature",
            "properties": {
                "name": "Obstacle"
            },
            "geometry": {
                "type": "Point",
                "coordinates": [
                    12.09303,
                    50.182099167
                ]
            }
        },
        {
            "type": "Feature",
            "properties": {
                "name": "Obstacle"
            },
            "geometry": {
                "type": "Point",
                "coordinates": [
                    11.56025,
                    48.5495
                ]
            }
        },
        {
            "type": "Feature",
            "properties": {
                "name": "Obstacle"
            },
            "geometry": {
                "type": "Point",
                "coordinates": [
                    12.294623833,
                    49.485796083
                ]
            }
        },
        {
            "type": "Feature",
            "properties": {
                "name": "Obstacle"
            },
            "geometry": {
                "type": "Point",
                "coordinates": [
                    10.96625,
                    48.603388889
                ]
            }
        },
        {
            "type": "Feature",
            "properties": {
                "name": "Obstacle"
            },
            "geometry": {
                "type": "Point",
                "coordinates": [
                    10.279429972,
                    49.934865028
                ]
            }
        },
        {
            "type": "Feature",
            "properties": {
                "name": "Obstacle"
            },
            "geometry": {
                "type": "Point",
                "coordinates": [
                    11.973958333,
                    50.103413889
                ]
            }
        },
        {
            "type": "Feature",
            "properties": {
                "name": "Obstacle"
            },
            "geometry": {
                "type": "Point",
                "coordinates": [
                    11.147168639,
                    50.013661333
                ]
            }
        },
        {
            "type": "Feature",
            "properties": {
                "name": "Obstacle"
            },
            "geometry": {
                "type": "Point",
                "coordinates": [
                    11.366554222,
                    50.164224
                ]
            }
        },
        {
            "type": "Feature",
            "properties": {
                "name": "Obstacle"
            },
            "geometry": {
                "type": "Point",
                "coordinates": [
                    10.339678833,
                    49.095541056
                ]
            }
        },
        {
            "type": "Feature",
            "properties": {
                "name": "Obstacle"
            },
            "geometry": {
                "type": "Point",
                "coordinates": [
                    11.1120825,
                    48.973431944
                ]
            }
        },
        {
            "type": "Feature",
            "properties": {
                "name": "Obstacle"
            },
            "geometry": {
                "type": "Point",
                "coordinates": [
                    10.453540917,
                    49.129128528
                ]
            }
        },
        {
            "type": "Feature",
            "properties": {
                "name": "Obstacle"
            },
            "geometry": {
                "type": "Point",
                "coordinates": [
                    11.422361056,
                    49.950040472
                ]
            }
        },
        {
            "type": "Feature",
            "properties": {
                "name": "Obstacle"
            },
            "geometry": {
                "type": "Point",
                "coordinates": [
                    12.041666667,
                    50.150033333
                ]
            }
        },
        {
            "type": "Feature",
            "properties": {
                "name": "Obstacle"
            },
            "geometry": {
                "type": "Point",
                "coordinates": [
                    10.731416667,
                    49.913166667
                ]
            }
        },
        {
            "type": "Feature",
            "properties": {
                "name": "Obstacle"
            },
            "geometry": {
                "type": "Point",
                "coordinates": [
                    12.1168,
                    50.091827778
                ]
            }
        },
        {
            "type": "Feature",
            "properties": {
                "name": "Obstacle"
            },
            "geometry": {
                "type": "Point",
                "coordinates": [
                    11.724038056,
                    49.853978222
                ]
            }
        },
        {
            "type": "Feature",
            "properties": {
                "name": "Obstacle"
            },
            "geometry": {
                "type": "Point",
                "coordinates": [
                    10.733615333,
                    49.589931917
                ]
            }
        },
        {
            "type": "Feature",
            "properties": {
                "name": "Obstacle"
            },
            "geometry": {
                "type": "Point",
                "coordinates": [
                    10.289797222,
                    50.380113889
                ]
            }
        },
        {
            "type": "Feature",
            "properties": {
                "name": "Obstacle"
            },
            "geometry": {
                "type": "Point",
                "coordinates": [
                    11.110788889,
                    48.961765556
                ]
            }
        },
        {
            "type": "Feature",
            "properties": {
                "name": "Obstacle"
            },
            "geometry": {
                "type": "Point",
                "coordinates": [
                    10.922705556,
                    48.591394444
                ]
            }
        },
        {
            "type": "Feature",
            "properties": {
                "name": "Obstacle"
            },
            "geometry": {
                "type": "Point",
                "coordinates": [
                    11.206346,
                    49.037652
                ]
            }
        },
        {
            "type": "Feature",
            "properties": {
                "name": "Obstacle"
            },
            "geometry": {
                "type": "Point",
                "coordinates": [
                    11.98825,
                    48.642141667
                ]
            }
        },
        {
            "type": "Feature",
            "properties": {
                "name": "Obstacle"
            },
            "geometry": {
                "type": "Point",
                "coordinates": [
                    9.99385,
                    50.103308333
                ]
            }
        },
        {
            "type": "Feature",
            "properties": {
                "name": "Obstacle"
            },
            "geometry": {
                "type": "Point",
                "coordinates": [
                    10.366289944,
                    50.351763556
                ]
            }
        },
        {
            "type": "Feature",
            "properties": {
                "name": "Obstacle"
            },
            "geometry": {
                "type": "Point",
                "coordinates": [
                    12.178022222,
                    49.568727778
                ]
            }
        },
        {
            "type": "Feature",
            "properties": {
                "name": "Obstacle"
            },
            "geometry": {
                "type": "Point",
                "coordinates": [
                    11.626465889,
                    48.225061167
                ]
            }
        },
        {
            "type": "Feature",
            "properties": {
                "name": "Obstacle"
            },
            "geometry": {
                "type": "Point",
                "coordinates": [
                    9.946386111,
                    50.072977778
                ]
            }
        },
        {
            "type": "Feature",
            "properties": {
                "name": "Obstacle"
            },
            "geometry": {
                "type": "Point",
                "coordinates": [
                    10.933708333,
                    48.907755556
                ]
            }
        },
        {
            "type": "Feature",
            "properties": {
                "name": "Obstacle"
            },
            "geometry": {
                "type": "Point",
                "coordinates": [
                    11.443759,
                    49.420229
                ]
            }
        },
        {
            "type": "Feature",
            "properties": {
                "name": "Obstacle"
            },
            "geometry": {
                "type": "Point",
                "coordinates": [
                    10.69226,
                    49.434532
                ]
            }
        },
        {
            "type": "Feature",
            "properties": {
                "name": "Obstacle"
            },
            "geometry": {
                "type": "Point",
                "coordinates": [
                    10.835689694,
                    50.104889972
                ]
            }
        },
        {
            "type": "Feature",
            "properties": {
                "name": "Obstacle"
            },
            "geometry": {
                "type": "Point",
                "coordinates": [
                    9.712619444,
                    49.736258333
                ]
            }
        },
        {
            "type": "Feature",
            "properties": {
                "name": "Obstacle"
            },
            "geometry": {
                "type": "Point",
                "coordinates": [
                    13.495977778,
                    52.490030556
                ]
            }
        },
        {
            "type": "Feature",
            "properties": {
                "name": "Obstacle"
            },
            "geometry": {
                "type": "Point",
                "coordinates": [
                    13.373611111,
                    52.532222222
                ]
            }
        },
        {
            "type": "Feature",
            "properties": {
                "name": "Obstacle"
            },
            "geometry": {
                "type": "Point",
                "coordinates": [
                    13.501472222,
                    52.596861111
                ]
            }
        },
        {
            "type": "Feature",
            "properties": {
                "name": "Obstacle"
            },
            "geometry": {
                "type": "Point",
                "coordinates": [
                    13.332455556,
                    52.505408333
                ]
            }
        },
        {
            "type": "Feature",
            "properties": {
                "name": "Obstacle"
            },
            "geometry": {
                "type": "Point",
                "coordinates": [
                    14.461955,
                    51.835578889
                ]
            }
        },
        {
            "type": "Feature",
            "properties": {
                "name": "Obstacle"
            },
            "geometry": {
                "type": "Point",
                "coordinates": [
                    14.352939639,
                    51.535156056
                ]
            }
        },
        {
            "type": "Feature",
            "properties": {
                "name": "Obstacle"
            },
            "geometry": {
                "type": "Point",
                "coordinates": [
                    14.390852778,
                    52.633766667
                ]
            }
        },
        {
            "type": "Feature",
            "properties": {
                "name": "Obstacle"
            },
            "geometry": {
                "type": "Point",
                "coordinates": [
                    14.6419,
                    52.168077778
                ]
            }
        },
        {
            "type": "Feature",
            "properties": {
                "name": "Obstacle"
            },
            "geometry": {
                "type": "Point",
                "coordinates": [
                    14.425808333,
                    52.382825
                ]
            }
        },
        {
            "type": "Feature",
            "properties": {
                "name": "Obstacle"
            },
            "geometry": {
                "type": "Point",
                "coordinates": [
                    14.243578889,
                    53.087705
                ]
            }
        },
        {
            "type": "Feature",
            "properties": {
                "name": "Obstacle"
            },
            "geometry": {
                "type": "Point",
                "coordinates": [
                    12.825295295,
                    51.994474972
                ]
            }
        },
        {
            "type": "Feature",
            "properties": {
                "name": "Obstacle"
            },
            "geometry": {
                "type": "Point",
                "coordinates": [
                    12.8372375,
                    52.008084444
                ]
            }
        },
        {
            "type": "Feature",
            "properties": {
                "name": "Obstacle"
            },
            "geometry": {
                "type": "Point",
                "coordinates": [
                    12.841681389,
                    52.005029444
                ]
            }
        },
        {
            "type": "Feature",
            "properties": {
                "name": "Obstacle"
            },
            "geometry": {
                "type": "Point",
                "coordinates": [
                    12.813352778,
                    51.9916975
                ]
            }
        },
        {
            "type": "Feature",
            "properties": {
                "name": "Obstacle"
            },
            "geometry": {
                "type": "Point",
                "coordinates": [
                    13.874305556,
                    51.522555556
                ]
            }
        },
        {
            "type": "Feature",
            "properties": {
                "name": "Obstacle"
            },
            "geometry": {
                "type": "Point",
                "coordinates": [
                    14.044777778,
                    53.429083333
                ]
            }
        },
        {
            "type": "Feature",
            "properties": {
                "name": "Obstacle"
            },
            "geometry": {
                "type": "Point",
                "coordinates": [
                    14.040169444,
                    53.421172222
                ]
            }
        },
        {
            "type": "Feature",
            "properties": {
                "name": "Obstacle"
            },
            "geometry": {
                "type": "Point",
                "coordinates": [
                    13.987683349,
                    53.378798407
                ]
            }
        },
        {
            "type": "Feature",
            "properties": {
                "name": "Obstacle"
            },
            "geometry": {
                "type": "Point",
                "coordinates": [
                    13.832093073,
                    51.535524404
                ]
            }
        },
        {
            "type": "Feature",
            "properties": {
                "name": "Obstacle"
            },
            "geometry": {
                "type": "Point",
                "coordinates": [
                    13.886572944,
                    53.456032361
                ]
            }
        },
        {
            "type": "Feature",
            "properties": {
                "name": "Obstacle"
            },
            "geometry": {
                "type": "Point",
                "coordinates": [
                    13.899980222,
                    53.455549222
                ]
            }
        },
        {
            "type": "Feature",
            "properties": {
                "name": "Obstacle"
            },
            "geometry": {
                "type": "Point",
                "coordinates": [
                    13.909222222,
                    53.457888889
                ]
            }
        },
        {
            "type": "Feature",
            "properties": {
                "name": "Obstacle"
            },
            "geometry": {
                "type": "Point",
                "coordinates": [
                    14.186871736,
                    52.694368029
                ]
            }
        },
        {
            "type": "Feature",
            "properties": {
                "name": "Obstacle"
            },
            "geometry": {
                "type": "Point",
                "coordinates": [
                    14.175838007,
                    52.710153236
                ]
            }
        },
        {
            "type": "Feature",
            "properties": {
                "name": "Obstacle"
            },
            "geometry": {
                "type": "Point",
                "coordinates": [
                    14.171944444,
                    52.711111111
                ]
            }
        },
        {
            "type": "Feature",
            "properties": {
                "name": "Obstacle"
            },
            "geometry": {
                "type": "Point",
                "coordinates": [
                    13.94785992,
                    52.497676274
                ]
            }
        },
        {
            "type": "Feature",
            "properties": {
                "name": "Obstacle"
            },
            "geometry": {
                "type": "Point",
                "coordinates": [
                    14.40897329,
                    52.477405494
                ]
            }
        },
        {
            "type": "Feature",
            "properties": {
                "name": "Obstacle"
            },
            "geometry": {
                "type": "Point",
                "coordinates": [
                    13.177472111,
                    51.9547665
                ]
            }
        },
        {
            "type": "Feature",
            "properties": {
                "name": "Obstacle"
            },
            "geometry": {
                "type": "Point",
                "coordinates": [
                    14.068685211,
                    52.697680517
                ]
            }
        },
        {
            "type": "Feature",
            "properties": {
                "name": "Obstacle"
            },
            "geometry": {
                "type": "Point",
                "coordinates": [
                    14.034539552,
                    52.445815922
                ]
            }
        },
        {
            "type": "Feature",
            "properties": {
                "name": "Obstacle"
            },
            "geometry": {
                "type": "Point",
                "coordinates": [
                    13.545751389,
                    51.875056778
                ]
            }
        },
        {
            "type": "Feature",
            "properties": {
                "name": "Obstacle"
            },
            "geometry": {
                "type": "Point",
                "coordinates": [
                    13.553528194,
                    51.866724472
                ]
            }
        },
        {
            "type": "Feature",
            "properties": {
                "name": "Obstacle"
            },
            "geometry": {
                "type": "Point",
                "coordinates": [
                    13.560193917,
                    51.864780306
                ]
            }
        },
        {
            "type": "Feature",
            "properties": {
                "name": "Obstacle"
            },
            "geometry": {
                "type": "Point",
                "coordinates": [
                    13.551028861,
                    51.855059111
                ]
            }
        },
        {
            "type": "Feature",
            "properties": {
                "name": "Obstacle"
            },
            "geometry": {
                "type": "Point",
                "coordinates": [
                    12.886822222,
                    52.510036111
                ]
            }
        },
        {
            "type": "Feature",
            "properties": {
                "name": "Obstacle"
            },
            "geometry": {
                "type": "Point",
                "coordinates": [
                    13.968475,
                    53.227352778
                ]
            }
        },
        {
            "type": "Feature",
            "properties": {
                "name": "Obstacle"
            },
            "geometry": {
                "type": "Point",
                "coordinates": [
                    12.799241894,
                    52.584603776
                ]
            }
        },
        {
            "type": "Feature",
            "properties": {
                "name": "Obstacle"
            },
            "geometry": {
                "type": "Point",
                "coordinates": [
                    14.667222222,
                    52.005277778
                ]
            }
        },
        {
            "type": "Feature",
            "properties": {
                "name": "Obstacle"
            },
            "geometry": {
                "type": "Point",
                "coordinates": [
                    13.705978093,
                    52.613849445
                ]
            }
        },
        {
            "type": "Feature",
            "properties": {
                "name": "Obstacle"
            },
            "geometry": {
                "type": "Point",
                "coordinates": [
                    14.177777778,
                    52.169722222
                ]
            }
        },
        {
            "type": "Feature",
            "properties": {
                "name": "Obstacle"
            },
            "geometry": {
                "type": "Point",
                "coordinates": [
                    14.182056502,
                    53.090474481
                ]
            }
        },
        {
            "type": "Feature",
            "properties": {
                "name": "Obstacle"
            },
            "geometry": {
                "type": "Point",
                "coordinates": [
                    14.054504111,
                    52.994630667
                ]
            }
        },
        {
            "type": "Feature",
            "properties": {
                "name": "Obstacle"
            },
            "geometry": {
                "type": "Point",
                "coordinates": [
                    14.361429376,
                    52.545250091
                ]
            }
        },
        {
            "type": "Feature",
            "properties": {
                "name": "Obstacle"
            },
            "geometry": {
                "type": "Point",
                "coordinates": [
                    14.339105556,
                    52.547335139
                ]
            }
        },
        {
            "type": "Feature",
            "properties": {
                "name": "Obstacle"
            },
            "geometry": {
                "type": "Point",
                "coordinates": [
                    13.217716575,
                    53.037685208
                ]
            }
        },
        {
            "type": "Feature",
            "properties": {
                "name": "Obstacle"
            },
            "geometry": {
                "type": "Point",
                "coordinates": [
                    12.884055556,
                    52.008
                ]
            }
        },
        {
            "type": "Feature",
            "properties": {
                "name": "Obstacle"
            },
            "geometry": {
                "type": "Point",
                "coordinates": [
                    12.623460446,
                    52.339432955
                ]
            }
        },
        {
            "type": "Feature",
            "properties": {
                "name": "Obstacle"
            },
            "geometry": {
                "type": "Point",
                "coordinates": [
                    12.621763387,
                    52.32299521
                ]
            }
        },
        {
            "type": "Feature",
            "properties": {
                "name": "Obstacle"
            },
            "geometry": {
                "type": "Point",
                "coordinates": [
                    13.5275,
                    51.862583333
                ]
            }
        },
        {
            "type": "Feature",
            "properties": {
                "name": "Obstacle"
            },
            "geometry": {
                "type": "Point",
                "coordinates": [
                    13.521416667,
                    51.871222222
                ]
            }
        },
        {
            "type": "Feature",
            "properties": {
                "name": "Obstacle"
            },
            "geometry": {
                "type": "Point",
                "coordinates": [
                    13.511638889,
                    51.883666667
                ]
            }
        },
        {
            "type": "Feature",
            "properties": {
                "name": "Obstacle"
            },
            "geometry": {
                "type": "Point",
                "coordinates": [
                    13.502611111,
                    51.885583333
                ]
            }
        },
        {
            "type": "Feature",
            "properties": {
                "name": "Obstacle"
            },
            "geometry": {
                "type": "Point",
                "coordinates": [
                    13.530611111,
                    51.881527778
                ]
            }
        },
        {
            "type": "Feature",
            "properties": {
                "name": "Obstacle"
            },
            "geometry": {
                "type": "Point",
                "coordinates": [
                    13.526944444,
                    51.8875
                ]
            }
        },
        {
            "type": "Feature",
            "properties": {
                "name": "Obstacle"
            },
            "geometry": {
                "type": "Point",
                "coordinates": [
                    13.318233867,
                    51.904104253
                ]
            }
        },
        {
            "type": "Feature",
            "properties": {
                "name": "Obstacle"
            },
            "geometry": {
                "type": "Point",
                "coordinates": [
                    13.450502141,
                    53.039674834
                ]
            }
        },
        {
            "type": "Feature",
            "properties": {
                "name": "Obstacle"
            },
            "geometry": {
                "type": "Point",
                "coordinates": [
                    12.875556324,
                    52.546353803
                ]
            }
        },
        {
            "type": "Feature",
            "properties": {
                "name": "Obstacle"
            },
            "geometry": {
                "type": "Point",
                "coordinates": [
                    12.884443767,
                    52.548575797
                ]
            }
        },
        {
            "type": "Feature",
            "properties": {
                "name": "Obstacle"
            },
            "geometry": {
                "type": "Point",
                "coordinates": [
                    14.487180694,
                    52.448643139
                ]
            }
        },
        {
            "type": "Feature",
            "properties": {
                "name": "Obstacle"
            },
            "geometry": {
                "type": "Point",
                "coordinates": [
                    13.72143187,
                    51.987925104
                ]
            }
        },
        {
            "type": "Feature",
            "properties": {
                "name": "Obstacle"
            },
            "geometry": {
                "type": "Point",
                "coordinates": [
                    13.715766325,
                    51.976731976
                ]
            }
        },
        {
            "type": "Feature",
            "properties": {
                "name": "Obstacle"
            },
            "geometry": {
                "type": "Point",
                "coordinates": [
                    14.032669032,
                    53.252297336
                ]
            }
        },
        {
            "type": "Feature",
            "properties": {
                "name": "Obstacle"
            },
            "geometry": {
                "type": "Point",
                "coordinates": [
                    14.041588898,
                    53.255983631
                ]
            }
        },
        {
            "type": "Feature",
            "properties": {
                "name": "Obstacle"
            },
            "geometry": {
                "type": "Point",
                "coordinates": [
                    14.044146348,
                    53.269991894
                ]
            }
        },
        {
            "type": "Feature",
            "properties": {
                "name": "Obstacle"
            },
            "geometry": {
                "type": "Point",
                "coordinates": [
                    14.046676792,
                    53.266379946
                ]
            }
        },
        {
            "type": "Feature",
            "properties": {
                "name": "Obstacle"
            },
            "geometry": {
                "type": "Point",
                "coordinates": [
                    14.063762155,
                    53.265567984
                ]
            }
        },
        {
            "type": "Feature",
            "properties": {
                "name": "Obstacle"
            },
            "geometry": {
                "type": "Point",
                "coordinates": [
                    14.210349721,
                    52.197236
                ]
            }
        },
        {
            "type": "Feature",
            "properties": {
                "name": "Obstacle"
            },
            "geometry": {
                "type": "Point",
                "coordinates": [
                    14.345874332,
                    52.645237825
                ]
            }
        },
        {
            "type": "Feature",
            "properties": {
                "name": "Obstacle"
            },
            "geometry": {
                "type": "Point",
                "coordinates": [
                    13.749444444,
                    51.911388889
                ]
            }
        },
        {
            "type": "Feature",
            "properties": {
                "name": "Obstacle"
            },
            "geometry": {
                "type": "Point",
                "coordinates": [
                    13.761111111,
                    51.904166667
                ]
            }
        },
        {
            "type": "Feature",
            "properties": {
                "name": "Obstacle"
            },
            "geometry": {
                "type": "Point",
                "coordinates": [
                    13.486853698,
                    52.21056362
                ]
            }
        },
        {
            "type": "Feature",
            "properties": {
                "name": "Obstacle"
            },
            "geometry": {
                "type": "Point",
                "coordinates": [
                    13.215217893,
                    52.974081723
                ]
            }
        },
        {
            "type": "Feature",
            "properties": {
                "name": "Obstacle"
            },
            "geometry": {
                "type": "Point",
                "coordinates": [
                    14.076759906,
                    52.200568132
                ]
            }
        },
        {
            "type": "Feature",
            "properties": {
                "name": "Obstacle"
            },
            "geometry": {
                "type": "Point",
                "coordinates": [
                    14.521111111,
                    52.460277778
                ]
            }
        },
        {
            "type": "Feature",
            "properties": {
                "name": "Obstacle"
            },
            "geometry": {
                "type": "Point",
                "coordinates": [
                    12.589268839,
                    52.935906308
                ]
            }
        },
        {
            "type": "Feature",
            "properties": {
                "name": "Obstacle"
            },
            "geometry": {
                "type": "Point",
                "coordinates": [
                    12.605841213,
                    52.934034362
                ]
            }
        },
        {
            "type": "Feature",
            "properties": {
                "name": "Obstacle"
            },
            "geometry": {
                "type": "Point",
                "coordinates": [
                    14.348055556,
                    52.537222222
                ]
            }
        },
        {
            "type": "Feature",
            "properties": {
                "name": "Obstacle"
            },
            "geometry": {
                "type": "Point",
                "coordinates": [
                    13.260642218,
                    52.340441472
                ]
            }
        },
        {
            "type": "Feature",
            "properties": {
                "name": "Obstacle"
            },
            "geometry": {
                "type": "Point",
                "coordinates": [
                    12.127222222,
                    53.121388889
                ]
            }
        },
        {
            "type": "Feature",
            "properties": {
                "name": "Obstacle"
            },
            "geometry": {
                "type": "Point",
                "coordinates": [
                    12.896091667,
                    52.513527778
                ]
            }
        },
        {
            "type": "Feature",
            "properties": {
                "name": "Obstacle"
            },
            "geometry": {
                "type": "Point",
                "coordinates": [
                    12.329467545,
                    52.338090842
                ]
            }
        },
        {
            "type": "Feature",
            "properties": {
                "name": "Obstacle"
            },
            "geometry": {
                "type": "Point",
                "coordinates": [
                    12.33108389,
                    52.345968736
                ]
            }
        },
        {
            "type": "Feature",
            "properties": {
                "name": "Obstacle"
            },
            "geometry": {
                "type": "Point",
                "coordinates": [
                    13.25687975,
                    52.963540778
                ]
            }
        },
        {
            "type": "Feature",
            "properties": {
                "name": "Obstacle"
            },
            "geometry": {
                "type": "Point",
                "coordinates": [
                    13.604886333,
                    52.715236972
                ]
            }
        },
        {
            "type": "Feature",
            "properties": {
                "name": "Obstacle"
            },
            "geometry": {
                "type": "Point",
                "coordinates": [
                    13.248138889,
                    51.473166667
                ]
            }
        },
        {
            "type": "Feature",
            "properties": {
                "name": "Obstacle"
            },
            "geometry": {
                "type": "Point",
                "coordinates": [
                    13.256388889,
                    51.468722222
                ]
            }
        },
        {
            "type": "Feature",
            "properties": {
                "name": "Obstacle"
            },
            "geometry": {
                "type": "Point",
                "coordinates": [
                    14.039268278,
                    52.954671778
                ]
            }
        },
        {
            "type": "Feature",
            "properties": {
                "name": "Obstacle"
            },
            "geometry": {
                "type": "Point",
                "coordinates": [
                    14.059239167,
                    52.941841528
                ]
            }
        },
        {
            "type": "Feature",
            "properties": {
                "name": "Obstacle"
            },
            "geometry": {
                "type": "Point",
                "coordinates": [
                    13.288342724,
                    52.99660263
                ]
            }
        },
        {
            "type": "Feature",
            "properties": {
                "name": "Obstacle"
            },
            "geometry": {
                "type": "Point",
                "coordinates": [
                    12.638611111,
                    52.332777778
                ]
            }
        },
        {
            "type": "Feature",
            "properties": {
                "name": "Obstacle"
            },
            "geometry": {
                "type": "Point",
                "coordinates": [
                    13.59462675,
                    52.625205639
                ]
            }
        },
        {
            "type": "Feature",
            "properties": {
                "name": "Obstacle"
            },
            "geometry": {
                "type": "Point",
                "coordinates": [
                    12.279532316,
                    53.178498825
                ]
            }
        },
        {
            "type": "Feature",
            "properties": {
                "name": "Obstacle"
            },
            "geometry": {
                "type": "Point",
                "coordinates": [
                    12.296751772,
                    53.179332103
                ]
            }
        },
        {
            "type": "Feature",
            "properties": {
                "name": "Obstacle"
            },
            "geometry": {
                "type": "Point",
                "coordinates": [
                    11.819986111,
                    53.135166667
                ]
            }
        },
        {
            "type": "Feature",
            "properties": {
                "name": "Obstacle"
            },
            "geometry": {
                "type": "Point",
                "coordinates": [
                    11.808197222,
                    53.136716667
                ]
            }
        },
        {
            "type": "Feature",
            "properties": {
                "name": "Obstacle"
            },
            "geometry": {
                "type": "Point",
                "coordinates": [
                    13.833730417,
                    51.557635389
                ]
            }
        },
        {
            "type": "Feature",
            "properties": {
                "name": "Obstacle"
            },
            "geometry": {
                "type": "Point",
                "coordinates": [
                    13.229444444,
                    53.039444444
                ]
            }
        },
        {
            "type": "Feature",
            "properties": {
                "name": "Obstacle"
            },
            "geometry": {
                "type": "Point",
                "coordinates": [
                    14.084305556,
                    53.162583333
                ]
            }
        },
        {
            "type": "Feature",
            "properties": {
                "name": "Obstacle"
            },
            "geometry": {
                "type": "Point",
                "coordinates": [
                    12.025272222,
                    53.333691667
                ]
            }
        },
        {
            "type": "Feature",
            "properties": {
                "name": "Obstacle"
            },
            "geometry": {
                "type": "Point",
                "coordinates": [
                    12.036352778,
                    53.327925
                ]
            }
        },
        {
            "type": "Feature",
            "properties": {
                "name": "Obstacle"
            },
            "geometry": {
                "type": "Point",
                "coordinates": [
                    12.021855556,
                    53.313094444
                ]
            }
        },
        {
            "type": "Feature",
            "properties": {
                "name": "Obstacle"
            },
            "geometry": {
                "type": "Point",
                "coordinates": [
                    12.008283333,
                    53.298494444
                ]
            }
        },
        {
            "type": "Feature",
            "properties": {
                "name": "Obstacle"
            },
            "geometry": {
                "type": "Point",
                "coordinates": [
                    11.800413798,
                    53.251516911
                ]
            }
        },
        {
            "type": "Feature",
            "properties": {
                "name": "Obstacle"
            },
            "geometry": {
                "type": "Point",
                "coordinates": [
                    13.172866667,
                    51.565019444
                ]
            }
        },
        {
            "type": "Feature",
            "properties": {
                "name": "Obstacle"
            },
            "geometry": {
                "type": "Point",
                "coordinates": [
                    14.170616667,
                    53.089627222
                ]
            }
        },
        {
            "type": "Feature",
            "properties": {
                "name": "Obstacle"
            },
            "geometry": {
                "type": "Point",
                "coordinates": [
                    12.111961111,
                    53.184508333
                ]
            }
        },
        {
            "type": "Feature",
            "properties": {
                "name": "Obstacle"
            },
            "geometry": {
                "type": "Point",
                "coordinates": [
                    14.041384806,
                    53.267455141
                ]
            }
        },
        {
            "type": "Feature",
            "properties": {
                "name": "Obstacle"
            },
            "geometry": {
                "type": "Point",
                "coordinates": [
                    12.732777778,
                    52.074444444
                ]
            }
        },
        {
            "type": "Feature",
            "properties": {
                "name": "Obstacle"
            },
            "geometry": {
                "type": "Point",
                "coordinates": [
                    12.719541667,
                    52.075916667
                ]
            }
        },
        {
            "type": "Feature",
            "properties": {
                "name": "Obstacle"
            },
            "geometry": {
                "type": "Point",
                "coordinates": [
                    14.33227786,
                    52.048365974
                ]
            }
        },
        {
            "type": "Feature",
            "properties": {
                "name": "Obstacle"
            },
            "geometry": {
                "type": "Point",
                "coordinates": [
                    14.365351316,
                    51.880522731
                ]
            }
        },
        {
            "type": "Feature",
            "properties": {
                "name": "Obstacle"
            },
            "geometry": {
                "type": "Point",
                "coordinates": [
                    14.332555441,
                    52.055309575
                ]
            }
        },
        {
            "type": "Feature",
            "properties": {
                "name": "Obstacle"
            },
            "geometry": {
                "type": "Point",
                "coordinates": [
                    13.2840675,
                    52.998273611
                ]
            }
        },
        {
            "type": "Feature",
            "properties": {
                "name": "Obstacle"
            },
            "geometry": {
                "type": "Point",
                "coordinates": [
                    13.792908647,
                    52.609405964
                ]
            }
        },
        {
            "type": "Feature",
            "properties": {
                "name": "Obstacle"
            },
            "geometry": {
                "type": "Point",
                "coordinates": [
                    13.456015293,
                    52.789938172
                ]
            }
        },
        {
            "type": "Feature",
            "properties": {
                "name": "Obstacle"
            },
            "geometry": {
                "type": "Point",
                "coordinates": [
                    14.471447028,
                    51.780854611
                ]
            }
        },
        {
            "type": "Feature",
            "properties": {
                "name": "Obstacle"
            },
            "geometry": {
                "type": "Point",
                "coordinates": [
                    14.246527778,
                    52.213944444
                ]
            }
        },
        {
            "type": "Feature",
            "properties": {
                "name": "Obstacle"
            },
            "geometry": {
                "type": "Point",
                "coordinates": [
                    13.702925,
                    52.608697222
                ]
            }
        },
        {
            "type": "Feature",
            "properties": {
                "name": "Obstacle"
            },
            "geometry": {
                "type": "Point",
                "coordinates": [
                    13.845354056,
                    52.757582306
                ]
            }
        },
        {
            "type": "Feature",
            "properties": {
                "name": "Obstacle"
            },
            "geometry": {
                "type": "Point",
                "coordinates": [
                    13.304527778,
                    51.568527778
                ]
            }
        },
        {
            "type": "Feature",
            "properties": {
                "name": "Obstacle"
            },
            "geometry": {
                "type": "Point",
                "coordinates": [
                    12.280555556,
                    52.201388889
                ]
            }
        },
        {
            "type": "Feature",
            "properties": {
                "name": "Obstacle"
            },
            "geometry": {
                "type": "Point",
                "coordinates": [
                    13.291400833,
                    52.913866944
                ]
            }
        },
        {
            "type": "Feature",
            "properties": {
                "name": "Obstacle"
            },
            "geometry": {
                "type": "Point",
                "coordinates": [
                    13.636525,
                    53.231530556
                ]
            }
        },
        {
            "type": "Feature",
            "properties": {
                "name": "Obstacle"
            },
            "geometry": {
                "type": "Point",
                "coordinates": [
                    12.794901667,
                    52.598652778
                ]
            }
        },
        {
            "type": "Feature",
            "properties": {
                "name": "Obstacle"
            },
            "geometry": {
                "type": "Point",
                "coordinates": [
                    12.797484722,
                    52.593486667
                ]
            }
        },
        {
            "type": "Feature",
            "properties": {
                "name": "Obstacle"
            },
            "geometry": {
                "type": "Point",
                "coordinates": [
                    12.82239,
                    52.600438889
                ]
            }
        },
        {
            "type": "Feature",
            "properties": {
                "name": "Obstacle"
            },
            "geometry": {
                "type": "Point",
                "coordinates": [
                    13.501580278,
                    51.8653275
                ]
            }
        },
        {
            "type": "Feature",
            "properties": {
                "name": "Obstacle"
            },
            "geometry": {
                "type": "Point",
                "coordinates": [
                    12.219722222,
                    53.2925
                ]
            }
        },
        {
            "type": "Feature",
            "properties": {
                "name": "Obstacle"
            },
            "geometry": {
                "type": "Point",
                "coordinates": [
                    12.934410278,
                    52.572303333
                ]
            }
        },
        {
            "type": "Feature",
            "properties": {
                "name": "Obstacle"
            },
            "geometry": {
                "type": "Point",
                "coordinates": [
                    12.879167222,
                    52.517468333
                ]
            }
        },
        {
            "type": "Feature",
            "properties": {
                "name": "Obstacle"
            },
            "geometry": {
                "type": "Point",
                "coordinates": [
                    13.890722222,
                    53.339361111
                ]
            }
        },
        {
            "type": "Feature",
            "properties": {
                "name": "Obstacle"
            },
            "geometry": {
                "type": "Point",
                "coordinates": [
                    13.855667139,
                    52.749060083
                ]
            }
        },
        {
            "type": "Feature",
            "properties": {
                "name": "Obstacle"
            },
            "geometry": {
                "type": "Point",
                "coordinates": [
                    14.451265019,
                    51.7773519
                ]
            }
        },
        {
            "type": "Feature",
            "properties": {
                "name": "Obstacle"
            },
            "geometry": {
                "type": "Point",
                "coordinates": [
                    14.467149731,
                    51.779411153
                ]
            }
        },
        {
            "type": "Feature",
            "properties": {
                "name": "Obstacle"
            },
            "geometry": {
                "type": "Point",
                "coordinates": [
                    13.807944444,
                    52.686805556
                ]
            }
        },
        {
            "type": "Feature",
            "properties": {
                "name": "Obstacle"
            },
            "geometry": {
                "type": "Point",
                "coordinates": [
                    13.833,
                    52.708888889
                ]
            }
        },
        {
            "type": "Feature",
            "properties": {
                "name": "Obstacle"
            },
            "geometry": {
                "type": "Point",
                "coordinates": [
                    11.826365556,
                    53.21606
                ]
            }
        },
        {
            "type": "Feature",
            "properties": {
                "name": "Obstacle"
            },
            "geometry": {
                "type": "Point",
                "coordinates": [
                    14.335277778,
                    52.079722222
                ]
            }
        },
        {
            "type": "Feature",
            "properties": {
                "name": "Obstacle"
            },
            "geometry": {
                "type": "Point",
                "coordinates": [
                    13.752361111,
                    53.438675556
                ]
            }
        },
        {
            "type": "Feature",
            "properties": {
                "name": "Obstacle"
            },
            "geometry": {
                "type": "Point",
                "coordinates": [
                    12.259444444,
                    52.893611111
                ]
            }
        },
        {
            "type": "Feature",
            "properties": {
                "name": "Obstacle"
            },
            "geometry": {
                "type": "Point",
                "coordinates": [
                    12.271111111,
                    52.898055556
                ]
            }
        },
        {
            "type": "Feature",
            "properties": {
                "name": "Obstacle"
            },
            "geometry": {
                "type": "Point",
                "coordinates": [
                    12.284166667,
                    52.896944444
                ]
            }
        },
        {
            "type": "Feature",
            "properties": {
                "name": "Obstacle"
            },
            "geometry": {
                "type": "Point",
                "coordinates": [
                    13.808475,
                    53.511005556
                ]
            }
        },
        {
            "type": "Feature",
            "properties": {
                "name": "Obstacle"
            },
            "geometry": {
                "type": "Point",
                "coordinates": [
                    12.130366667,
                    53.250375
                ]
            }
        },
        {
            "type": "Feature",
            "properties": {
                "name": "Obstacle"
            },
            "geometry": {
                "type": "Point",
                "coordinates": [
                    12.462741667,
                    53.136558333
                ]
            }
        },
        {
            "type": "Feature",
            "properties": {
                "name": "Obstacle"
            },
            "geometry": {
                "type": "Point",
                "coordinates": [
                    13.130555556,
                    51.964166667
                ]
            }
        },
        {
            "type": "Feature",
            "properties": {
                "name": "Obstacle"
            },
            "geometry": {
                "type": "Point",
                "coordinates": [
                    13.174961944,
                    52.02364
                ]
            }
        },
        {
            "type": "Feature",
            "properties": {
                "name": "Obstacle"
            },
            "geometry": {
                "type": "Point",
                "coordinates": [
                    13.194083333,
                    52.021
                ]
            }
        },
        {
            "type": "Feature",
            "properties": {
                "name": "Obstacle"
            },
            "geometry": {
                "type": "Point",
                "coordinates": [
                    13.18775,
                    52.013
                ]
            }
        },
        {
            "type": "Feature",
            "properties": {
                "name": "Obstacle"
            },
            "geometry": {
                "type": "Point",
                "coordinates": [
                    13.194403611,
                    52.018918333
                ]
            }
        },
        {
            "type": "Feature",
            "properties": {
                "name": "Obstacle"
            },
            "geometry": {
                "type": "Point",
                "coordinates": [
                    12.761475278,
                    52.008050278
                ]
            }
        },
        {
            "type": "Feature",
            "properties": {
                "name": "Obstacle"
            },
            "geometry": {
                "type": "Point",
                "coordinates": [
                    12.211944444,
                    53.233611111
                ]
            }
        },
        {
            "type": "Feature",
            "properties": {
                "name": "Obstacle"
            },
            "geometry": {
                "type": "Point",
                "coordinates": [
                    14.050277778,
                    52.700833333
                ]
            }
        },
        {
            "type": "Feature",
            "properties": {
                "name": "Obstacle"
            },
            "geometry": {
                "type": "Point",
                "coordinates": [
                    14.0575,
                    52.693333333
                ]
            }
        },
        {
            "type": "Feature",
            "properties": {
                "name": "Obstacle"
            },
            "geometry": {
                "type": "Point",
                "coordinates": [
                    13.340805556,
                    51.476833333
                ]
            }
        },
        {
            "type": "Feature",
            "properties": {
                "name": "Obstacle"
            },
            "geometry": {
                "type": "Point",
                "coordinates": [
                    13.879291167,
                    51.600641361
                ]
            }
        },
        {
            "type": "Feature",
            "properties": {
                "name": "Obstacle"
            },
            "geometry": {
                "type": "Point",
                "coordinates": [
                    13.525833333,
                    51.9325
                ]
            }
        },
        {
            "type": "Feature",
            "properties": {
                "name": "Obstacle"
            },
            "geometry": {
                "type": "Point",
                "coordinates": [
                    12.241944444,
                    52.891111111
                ]
            }
        },
        {
            "type": "Feature",
            "properties": {
                "name": "Obstacle"
            },
            "geometry": {
                "type": "Point",
                "coordinates": [
                    12.101238889,
                    53.005044444
                ]
            }
        },
        {
            "type": "Feature",
            "properties": {
                "name": "Obstacle"
            },
            "geometry": {
                "type": "Point",
                "coordinates": [
                    14.069376389,
                    51.601890278
                ]
            }
        },
        {
            "type": "Feature",
            "properties": {
                "name": "Obstacle"
            },
            "geometry": {
                "type": "Point",
                "coordinates": [
                    14.021137361,
                    52.647206472
                ]
            }
        },
        {
            "type": "Feature",
            "properties": {
                "name": "Obstacle"
            },
            "geometry": {
                "type": "Point",
                "coordinates": [
                    13.296444444,
                    51.577305556
                ]
            }
        },
        {
            "type": "Feature",
            "properties": {
                "name": "Obstacle"
            },
            "geometry": {
                "type": "Point",
                "coordinates": [
                    13.58515275,
                    52.247959
                ]
            }
        },
        {
            "type": "Feature",
            "properties": {
                "name": "Obstacle"
            },
            "geometry": {
                "type": "Point",
                "coordinates": [
                    14.405277778,
                    52.278888889
                ]
            }
        },
        {
            "type": "Feature",
            "properties": {
                "name": "Obstacle"
            },
            "geometry": {
                "type": "Point",
                "coordinates": [
                    12.847956111,
                    52.5811075
                ]
            }
        },
        {
            "type": "Feature",
            "properties": {
                "name": "Obstacle"
            },
            "geometry": {
                "type": "Point",
                "coordinates": [
                    14.473916667,
                    51.828805556
                ]
            }
        },
        {
            "type": "Feature",
            "properties": {
                "name": "Obstacle"
            },
            "geometry": {
                "type": "Point",
                "coordinates": [
                    11.64173,
                    53.233743
                ]
            }
        },
        {
            "type": "Feature",
            "properties": {
                "name": "Obstacle"
            },
            "geometry": {
                "type": "Point",
                "coordinates": [
                    13.1571,
                    51.948819444
                ]
            }
        },
        {
            "type": "Feature",
            "properties": {
                "name": "Obstacle"
            },
            "geometry": {
                "type": "Point",
                "coordinates": [
                    13.161494444,
                    51.947422222
                ]
            }
        },
        {
            "type": "Feature",
            "properties": {
                "name": "Obstacle"
            },
            "geometry": {
                "type": "Point",
                "coordinates": [
                    12.293611111,
                    53.2575
                ]
            }
        },
        {
            "type": "Feature",
            "properties": {
                "name": "Obstacle"
            },
            "geometry": {
                "type": "Point",
                "coordinates": [
                    14.44295,
                    52.404744444
                ]
            }
        },
        {
            "type": "Feature",
            "properties": {
                "name": "Obstacle"
            },
            "geometry": {
                "type": "Point",
                "coordinates": [
                    13.965679722,
                    53.381675
                ]
            }
        },
        {
            "type": "Feature",
            "properties": {
                "name": "Obstacle"
            },
            "geometry": {
                "type": "Point",
                "coordinates": [
                    13.374444444,
                    51.666944444
                ]
            }
        },
        {
            "type": "Feature",
            "properties": {
                "name": "Obstacle"
            },
            "geometry": {
                "type": "Point",
                "coordinates": [
                    14.3825,
                    52.315833333
                ]
            }
        },
        {
            "type": "Feature",
            "properties": {
                "name": "Obstacle"
            },
            "geometry": {
                "type": "Point",
                "coordinates": [
                    14.088477778,
                    51.941497222
                ]
            }
        },
        {
            "type": "Feature",
            "properties": {
                "name": "Obstacle"
            },
            "geometry": {
                "type": "Point",
                "coordinates": [
                    14.085788889,
                    51.945280556
                ]
            }
        },
        {
            "type": "Feature",
            "properties": {
                "name": "Obstacle"
            },
            "geometry": {
                "type": "Point",
                "coordinates": [
                    13.941333333,
                    51.819305556
                ]
            }
        },
        {
            "type": "Feature",
            "properties": {
                "name": "Obstacle"
            },
            "geometry": {
                "type": "Point",
                "coordinates": [
                    12.755277778,
                    52.076388889
                ]
            }
        },
        {
            "type": "Feature",
            "properties": {
                "name": "Obstacle"
            },
            "geometry": {
                "type": "Point",
                "coordinates": [
                    12.897563083,
                    52.568759111
                ]
            }
        },
        {
            "type": "Feature",
            "properties": {
                "name": "Obstacle"
            },
            "geometry": {
                "type": "Point",
                "coordinates": [
                    14.113446389,
                    51.750909861
                ]
            }
        },
        {
            "type": "Feature",
            "properties": {
                "name": "Obstacle"
            },
            "geometry": {
                "type": "Point",
                "coordinates": [
                    14.268660722,
                    53.153788778
                ]
            }
        },
        {
            "type": "Feature",
            "properties": {
                "name": "Obstacle"
            },
            "geometry": {
                "type": "Point",
                "coordinates": [
                    11.561238889,
                    53.189241667
                ]
            }
        },
        {
            "type": "Feature",
            "properties": {
                "name": "Obstacle"
            },
            "geometry": {
                "type": "Point",
                "coordinates": [
                    13.783333333,
                    51.970777778
                ]
            }
        },
        {
            "type": "Feature",
            "properties": {
                "name": "Obstacle"
            },
            "geometry": {
                "type": "Point",
                "coordinates": [
                    13.79325,
                    51.959611111
                ]
            }
        },
        {
            "type": "Feature",
            "properties": {
                "name": "Obstacle"
            },
            "geometry": {
                "type": "Point",
                "coordinates": [
                    12.797440833,
                    52.584
                ]
            }
        },
        {
            "type": "Feature",
            "properties": {
                "name": "Obstacle"
            },
            "geometry": {
                "type": "Point",
                "coordinates": [
                    14.086905944,
                    53.073061333
                ]
            }
        },
        {
            "type": "Feature",
            "properties": {
                "name": "Obstacle"
            },
            "geometry": {
                "type": "Point",
                "coordinates": [
                    14.18925,
                    53.095722222
                ]
            }
        },
        {
            "type": "Feature",
            "properties": {
                "name": "Obstacle"
            },
            "geometry": {
                "type": "Point",
                "coordinates": [
                    14.422031,
                    51.542967167
                ]
            }
        },
        {
            "type": "Feature",
            "properties": {
                "name": "Obstacle"
            },
            "geometry": {
                "type": "Point",
                "coordinates": [
                    11.8025,
                    53.14325
                ]
            }
        },
        {
            "type": "Feature",
            "properties": {
                "name": "Obstacle"
            },
            "geometry": {
                "type": "Point",
                "coordinates": [
                    14.275833333,
                    51.657777778
                ]
            }
        },
        {
            "type": "Feature",
            "properties": {
                "name": "Obstacle"
            },
            "geometry": {
                "type": "Point",
                "coordinates": [
                    12.222222222,
                    53.234166667
                ]
            }
        },
        {
            "type": "Feature",
            "properties": {
                "name": "Obstacle"
            },
            "geometry": {
                "type": "Point",
                "coordinates": [
                    12.853944444,
                    52.004416667
                ]
            }
        },
        {
            "type": "Feature",
            "properties": {
                "name": "Obstacle"
            },
            "geometry": {
                "type": "Point",
                "coordinates": [
                    12.876583333,
                    52.008527778
                ]
            }
        },
        {
            "type": "Feature",
            "properties": {
                "name": "Obstacle"
            },
            "geometry": {
                "type": "Point",
                "coordinates": [
                    14.361111111,
                    52.356944444
                ]
            }
        },
        {
            "type": "Feature",
            "properties": {
                "name": "Obstacle"
            },
            "geometry": {
                "type": "Point",
                "coordinates": [
                    12.601944444,
                    52.305
                ]
            }
        },
        {
            "type": "Feature",
            "properties": {
                "name": "Obstacle"
            },
            "geometry": {
                "type": "Point",
                "coordinates": [
                    12.606111111,
                    52.315
                ]
            }
        },
        {
            "type": "Feature",
            "properties": {
                "name": "Obstacle"
            },
            "geometry": {
                "type": "Point",
                "coordinates": [
                    14.169586111,
                    53.389961111
                ]
            }
        },
        {
            "type": "Feature",
            "properties": {
                "name": "Obstacle"
            },
            "geometry": {
                "type": "Point",
                "coordinates": [
                    14.176525,
                    53.395041667
                ]
            }
        },
        {
            "type": "Feature",
            "properties": {
                "name": "Obstacle"
            },
            "geometry": {
                "type": "Point",
                "coordinates": [
                    11.903194444,
                    53.227555556
                ]
            }
        },
        {
            "type": "Feature",
            "properties": {
                "name": "Obstacle"
            },
            "geometry": {
                "type": "Point",
                "coordinates": [
                    13.980277778,
                    51.9525
                ]
            }
        },
        {
            "type": "Feature",
            "properties": {
                "name": "Obstacle"
            },
            "geometry": {
                "type": "Point",
                "coordinates": [
                    12.731940333,
                    52.916963667
                ]
            }
        },
        {
            "type": "Feature",
            "properties": {
                "name": "Obstacle"
            },
            "geometry": {
                "type": "Point",
                "coordinates": [
                    12.695942722,
                    52.936136167
                ]
            }
        },
        {
            "type": "Feature",
            "properties": {
                "name": "Obstacle"
            },
            "geometry": {
                "type": "Point",
                "coordinates": [
                    12.687632833,
                    52.939080222
                ]
            }
        },
        {
            "type": "Feature",
            "properties": {
                "name": "Obstacle"
            },
            "geometry": {
                "type": "Point",
                "coordinates": [
                    13.947361111,
                    52.748944444
                ]
            }
        },
        {
            "type": "Feature",
            "properties": {
                "name": "Obstacle"
            },
            "geometry": {
                "type": "Point",
                "coordinates": [
                    12.381916667,
                    52.891222222
                ]
            }
        },
        {
            "type": "Feature",
            "properties": {
                "name": "Obstacle"
            },
            "geometry": {
                "type": "Point",
                "coordinates": [
                    11.793152778,
                    53.104691667
                ]
            }
        },
        {
            "type": "Feature",
            "properties": {
                "name": "Obstacle"
            },
            "geometry": {
                "type": "Point",
                "coordinates": [
                    13.882775,
                    51.602788889
                ]
            }
        },
        {
            "type": "Feature",
            "properties": {
                "name": "Obstacle"
            },
            "geometry": {
                "type": "Point",
                "coordinates": [
                    13.375555556,
                    51.669111111
                ]
            }
        },
        {
            "type": "Feature",
            "properties": {
                "name": "Obstacle"
            },
            "geometry": {
                "type": "Point",
                "coordinates": [
                    13.293333333,
                    52.206666667
                ]
            }
        },
        {
            "type": "Feature",
            "properties": {
                "name": "Obstacle"
            },
            "geometry": {
                "type": "Point",
                "coordinates": [
                    13.508508333,
                    51.70445
                ]
            }
        },
        {
            "type": "Feature",
            "properties": {
                "name": "Obstacle"
            },
            "geometry": {
                "type": "Point",
                "coordinates": [
                    13.301798889,
                    51.901740361
                ]
            }
        },
        {
            "type": "Feature",
            "properties": {
                "name": "Obstacle"
            },
            "geometry": {
                "type": "Point",
                "coordinates": [
                    12.879229417,
                    52.52574025
                ]
            }
        },
        {
            "type": "Feature",
            "properties": {
                "name": "Obstacle"
            },
            "geometry": {
                "type": "Point",
                "coordinates": [
                    12.878615472,
                    52.531642361
                ]
            }
        },
        {
            "type": "Feature",
            "properties": {
                "name": "Obstacle"
            },
            "geometry": {
                "type": "Point",
                "coordinates": [
                    14.649688889,
                    51.695266667
                ]
            }
        },
        {
            "type": "Feature",
            "properties": {
                "name": "Obstacle"
            },
            "geometry": {
                "type": "Point",
                "coordinates": [
                    13.870277778,
                    51.646111111
                ]
            }
        },
        {
            "type": "Feature",
            "properties": {
                "name": "Obstacle"
            },
            "geometry": {
                "type": "Point",
                "coordinates": [
                    13.963027778,
                    52.518166667
                ]
            }
        },
        {
            "type": "Feature",
            "properties": {
                "name": "Obstacle"
            },
            "geometry": {
                "type": "Point",
                "coordinates": [
                    13.957444444,
                    52.503388889
                ]
            }
        },
        {
            "type": "Feature",
            "properties": {
                "name": "Obstacle"
            },
            "geometry": {
                "type": "Point",
                "coordinates": [
                    14.456335528,
                    51.79041525
                ]
            }
        },
        {
            "type": "Feature",
            "properties": {
                "name": "Obstacle"
            },
            "geometry": {
                "type": "Point",
                "coordinates": [
                    14.470799472,
                    51.787413556
                ]
            }
        },
        {
            "type": "Feature",
            "properties": {
                "name": "Obstacle"
            },
            "geometry": {
                "type": "Point",
                "coordinates": [
                    14.267272389,
                    53.165749833
                ]
            }
        },
        {
            "type": "Feature",
            "properties": {
                "name": "Obstacle"
            },
            "geometry": {
                "type": "Point",
                "coordinates": [
                    14.273938056,
                    53.163805694
                ]
            }
        },
        {
            "type": "Feature",
            "properties": {
                "name": "Obstacle"
            },
            "geometry": {
                "type": "Point",
                "coordinates": [
                    13.736111111,
                    53.439166667
                ]
            }
        },
        {
            "type": "Feature",
            "properties": {
                "name": "Obstacle"
            },
            "geometry": {
                "type": "Point",
                "coordinates": [
                    12.810027278,
                    51.987815056
                ]
            }
        },
        {
            "type": "Feature",
            "properties": {
                "name": "Obstacle"
            },
            "geometry": {
                "type": "Point",
                "coordinates": [
                    12.374372222,
                    53.006344444
                ]
            }
        },
        {
            "type": "Feature",
            "properties": {
                "name": "Obstacle"
            },
            "geometry": {
                "type": "Point",
                "coordinates": [
                    13.473611111,
                    51.446388889
                ]
            }
        },
        {
            "type": "Feature",
            "properties": {
                "name": "Obstacle"
            },
            "geometry": {
                "type": "Point",
                "coordinates": [
                    13.161838889,
                    51.951902778
                ]
            }
        },
        {
            "type": "Feature",
            "properties": {
                "name": "Obstacle"
            },
            "geometry": {
                "type": "Point",
                "coordinates": [
                    14.267055556,
                    53.276911389
                ]
            }
        },
        {
            "type": "Feature",
            "properties": {
                "name": "Obstacle"
            },
            "geometry": {
                "type": "Point",
                "coordinates": [
                    14.277259444,
                    53.270811944
                ]
            }
        },
        {
            "type": "Feature",
            "properties": {
                "name": "Obstacle"
            },
            "geometry": {
                "type": "Point",
                "coordinates": [
                    13.411075694,
                    51.733368389
                ]
            }
        },
        {
            "type": "Feature",
            "properties": {
                "name": "Obstacle"
            },
            "geometry": {
                "type": "Point",
                "coordinates": [
                    14.596262111,
                    51.956169278
                ]
            }
        },
        {
            "type": "Feature",
            "properties": {
                "name": "Obstacle"
            },
            "geometry": {
                "type": "Point",
                "coordinates": [
                    14.486148278,
                    52.445278917
                ]
            }
        },
        {
            "type": "Feature",
            "properties": {
                "name": "Obstacle"
            },
            "geometry": {
                "type": "Point",
                "coordinates": [
                    12.218745556,
                    53.076358611
                ]
            }
        },
        {
            "type": "Feature",
            "properties": {
                "name": "Obstacle"
            },
            "geometry": {
                "type": "Point",
                "coordinates": [
                    14.108833333,
                    53.361861111
                ]
            }
        },
        {
            "type": "Feature",
            "properties": {
                "name": "Obstacle"
            },
            "geometry": {
                "type": "Point",
                "coordinates": [
                    12.323717778,
                    53.262417778
                ]
            }
        },
        {
            "type": "Feature",
            "properties": {
                "name": "Obstacle"
            },
            "geometry": {
                "type": "Point",
                "coordinates": [
                    13.868888889,
                    52.741666667
                ]
            }
        },
        {
            "type": "Feature",
            "properties": {
                "name": "Obstacle"
            },
            "geometry": {
                "type": "Point",
                "coordinates": [
                    14.073611111,
                    51.983888889
                ]
            }
        },
        {
            "type": "Feature",
            "properties": {
                "name": "Obstacle"
            },
            "geometry": {
                "type": "Point",
                "coordinates": [
                    14.089213889,
                    53.363091667
                ]
            }
        },
        {
            "type": "Feature",
            "properties": {
                "name": "Obstacle"
            },
            "geometry": {
                "type": "Point",
                "coordinates": [
                    14.131330528,
                    51.671380389
                ]
            }
        },
        {
            "type": "Feature",
            "properties": {
                "name": "Obstacle"
            },
            "geometry": {
                "type": "Point",
                "coordinates": [
                    13.955861111,
                    51.82375
                ]
            }
        },
        {
            "type": "Feature",
            "properties": {
                "name": "Obstacle"
            },
            "geometry": {
                "type": "Point",
                "coordinates": [
                    12.859196944,
                    52.592286111
                ]
            }
        },
        {
            "type": "Feature",
            "properties": {
                "name": "Obstacle"
            },
            "geometry": {
                "type": "Point",
                "coordinates": [
                    12.167716667,
                    52.947263889
                ]
            }
        },
        {
            "type": "Feature",
            "properties": {
                "name": "Obstacle"
            },
            "geometry": {
                "type": "Point",
                "coordinates": [
                    12.826705556,
                    52.185644444
                ]
            }
        },
        {
            "type": "Feature",
            "properties": {
                "name": "Obstacle"
            },
            "geometry": {
                "type": "Point",
                "coordinates": [
                    12.826419444,
                    52.164841667
                ]
            }
        },
        {
            "type": "Feature",
            "properties": {
                "name": "Obstacle"
            },
            "geometry": {
                "type": "Point",
                "coordinates": [
                    14.102222222,
                    53.354166667
                ]
            }
        },
        {
            "type": "Feature",
            "properties": {
                "name": "Obstacle"
            },
            "geometry": {
                "type": "Point",
                "coordinates": [
                    13.33425,
                    51.528722222
                ]
            }
        },
        {
            "type": "Feature",
            "properties": {
                "name": "Obstacle"
            },
            "geometry": {
                "type": "Point",
                "coordinates": [
                    12.889685,
                    52.561791944
                ]
            }
        },
        {
            "type": "Feature",
            "properties": {
                "name": "Obstacle"
            },
            "geometry": {
                "type": "Point",
                "coordinates": [
                    13.926694444,
                    53.378036111
                ]
            }
        },
        {
            "type": "Feature",
            "properties": {
                "name": "Obstacle"
            },
            "geometry": {
                "type": "Point",
                "coordinates": [
                    13.499852556,
                    51.727872556
                ]
            }
        },
        {
            "type": "Feature",
            "properties": {
                "name": "Obstacle"
            },
            "geometry": {
                "type": "Point",
                "coordinates": [
                    13.745555556,
                    51.899722222
                ]
            }
        },
        {
            "type": "Feature",
            "properties": {
                "name": "Obstacle"
            },
            "geometry": {
                "type": "Point",
                "coordinates": [
                    13.785833333,
                    51.895555556
                ]
            }
        },
        {
            "type": "Feature",
            "properties": {
                "name": "Obstacle"
            },
            "geometry": {
                "type": "Point",
                "coordinates": [
                    12.102747222,
                    52.994877778
                ]
            }
        },
        {
            "type": "Feature",
            "properties": {
                "name": "Obstacle"
            },
            "geometry": {
                "type": "Point",
                "coordinates": [
                    13.942016667,
                    52.754930556
                ]
            }
        },
        {
            "type": "Feature",
            "properties": {
                "name": "Obstacle"
            },
            "geometry": {
                "type": "Point",
                "coordinates": [
                    12.100683333,
                    53.000969444
                ]
            }
        },
        {
            "type": "Feature",
            "properties": {
                "name": "Obstacle"
            },
            "geometry": {
                "type": "Point",
                "coordinates": [
                    14.385833333,
                    51.8825
                ]
            }
        },
        {
            "type": "Feature",
            "properties": {
                "name": "Obstacle"
            },
            "geometry": {
                "type": "Point",
                "coordinates": [
                    14.006141667,
                    51.736202778
                ]
            }
        },
        {
            "type": "Feature",
            "properties": {
                "name": "Obstacle"
            },
            "geometry": {
                "type": "Point",
                "coordinates": [
                    13.909808333,
                    53.360863889
                ]
            }
        },
        {
            "type": "Feature",
            "properties": {
                "name": "Obstacle"
            },
            "geometry": {
                "type": "Point",
                "coordinates": [
                    13.378888889,
                    51.657777778
                ]
            }
        },
        {
            "type": "Feature",
            "properties": {
                "name": "Obstacle"
            },
            "geometry": {
                "type": "Point",
                "coordinates": [
                    13.391638889,
                    51.660961111
                ]
            }
        },
        {
            "type": "Feature",
            "properties": {
                "name": "Obstacle"
            },
            "geometry": {
                "type": "Point",
                "coordinates": [
                    13.963511111,
                    51.973213889
                ]
            }
        },
        {
            "type": "Feature",
            "properties": {
                "name": "Obstacle"
            },
            "geometry": {
                "type": "Point",
                "coordinates": [
                    13.989047222,
                    51.972527778
                ]
            }
        },
        {
            "type": "Feature",
            "properties": {
                "name": "Obstacle"
            },
            "geometry": {
                "type": "Point",
                "coordinates": [
                    13.278055556,
                    52.195277778
                ]
            }
        },
        {
            "type": "Feature",
            "properties": {
                "name": "Obstacle"
            },
            "geometry": {
                "type": "Point",
                "coordinates": [
                    12.611044444,
                    52.9335
                ]
            }
        },
        {
            "type": "Feature",
            "properties": {
                "name": "Obstacle"
            },
            "geometry": {
                "type": "Point",
                "coordinates": [
                    14.098166667,
                    53.076555556
                ]
            }
        },
        {
            "type": "Feature",
            "properties": {
                "name": "Obstacle"
            },
            "geometry": {
                "type": "Point",
                "coordinates": [
                    12.392222222,
                    52.464166667
                ]
            }
        },
        {
            "type": "Feature",
            "properties": {
                "name": "Obstacle"
            },
            "geometry": {
                "type": "Point",
                "coordinates": [
                    12.130611111,
                    53.242666667
                ]
            }
        },
        {
            "type": "Feature",
            "properties": {
                "name": "Obstacle"
            },
            "geometry": {
                "type": "Point",
                "coordinates": [
                    12.488405556,
                    52.857463889
                ]
            }
        },
        {
            "type": "Feature",
            "properties": {
                "name": "Obstacle"
            },
            "geometry": {
                "type": "Point",
                "coordinates": [
                    13.202466889,
                    52.014204389
                ]
            }
        },
        {
            "type": "Feature",
            "properties": {
                "name": "Obstacle"
            },
            "geometry": {
                "type": "Point",
                "coordinates": [
                    13.165528139,
                    52.011426583
                ]
            }
        },
        {
            "type": "Feature",
            "properties": {
                "name": "Obstacle"
            },
            "geometry": {
                "type": "Point",
                "coordinates": [
                    11.889969444,
                    53.231022222
                ]
            }
        },
        {
            "type": "Feature",
            "properties": {
                "name": "Obstacle"
            },
            "geometry": {
                "type": "Point",
                "coordinates": [
                    12.207888889,
                    53.234388889
                ]
            }
        },
        {
            "type": "Feature",
            "properties": {
                "name": "Obstacle"
            },
            "geometry": {
                "type": "Point",
                "coordinates": [
                    12.374083333,
                    52.894388889
                ]
            }
        },
        {
            "type": "Feature",
            "properties": {
                "name": "Obstacle"
            },
            "geometry": {
                "type": "Point",
                "coordinates": [
                    13.990063889,
                    51.969488889
                ]
            }
        },
        {
            "type": "Feature",
            "properties": {
                "name": "Obstacle"
            },
            "geometry": {
                "type": "Point",
                "coordinates": [
                    14.186111111,
                    53.084416667
                ]
            }
        },
        {
            "type": "Feature",
            "properties": {
                "name": "Obstacle"
            },
            "geometry": {
                "type": "Point",
                "coordinates": [
                    11.898522222,
                    53.229141667
                ]
            }
        },
        {
            "type": "Feature",
            "properties": {
                "name": "Obstacle"
            },
            "geometry": {
                "type": "Point",
                "coordinates": [
                    12.745277778,
                    52.916388889
                ]
            }
        },
        {
            "type": "Feature",
            "properties": {
                "name": "Obstacle"
            },
            "geometry": {
                "type": "Point",
                "coordinates": [
                    13.91141,
                    53.363716389
                ]
            }
        },
        {
            "type": "Feature",
            "properties": {
                "name": "Obstacle"
            },
            "geometry": {
                "type": "Point",
                "coordinates": [
                    13.6875,
                    52.7
                ]
            }
        },
        {
            "type": "Feature",
            "properties": {
                "name": "Obstacle"
            },
            "geometry": {
                "type": "Point",
                "coordinates": [
                    13.189808333,
                    51.559513889
                ]
            }
        },
        {
            "type": "Feature",
            "properties": {
                "name": "Obstacle"
            },
            "geometry": {
                "type": "Point",
                "coordinates": [
                    12.895944444,
                    52.019694444
                ]
            }
        },
        {
            "type": "Feature",
            "properties": {
                "name": "Obstacle"
            },
            "geometry": {
                "type": "Point",
                "coordinates": [
                    14.055213889,
                    52.950855556
                ]
            }
        },
        {
            "type": "Feature",
            "properties": {
                "name": "Obstacle"
            },
            "geometry": {
                "type": "Point",
                "coordinates": [
                    13.827361111,
                    51.639111111
                ]
            }
        },
        {
            "type": "Feature",
            "properties": {
                "name": "Obstacle"
            },
            "geometry": {
                "type": "Point",
                "coordinates": [
                    13.838805556,
                    51.6295
                ]
            }
        },
        {
            "type": "Feature",
            "properties": {
                "name": "Obstacle"
            },
            "geometry": {
                "type": "Point",
                "coordinates": [
                    13.882425,
                    51.748052778
                ]
            }
        },
        {
            "type": "Feature",
            "properties": {
                "name": "Obstacle"
            },
            "geometry": {
                "type": "Point",
                "coordinates": [
                    12.749355556,
                    52.914258333
                ]
            }
        },
        {
            "type": "Feature",
            "properties": {
                "name": "Obstacle"
            },
            "geometry": {
                "type": "Point",
                "coordinates": [
                    13.173622222,
                    51.559297222
                ]
            }
        },
        {
            "type": "Feature",
            "properties": {
                "name": "Obstacle"
            },
            "geometry": {
                "type": "Point",
                "coordinates": [
                    14.072972222,
                    52.691444444
                ]
            }
        },
        {
            "type": "Feature",
            "properties": {
                "name": "Obstacle"
            },
            "geometry": {
                "type": "Point",
                "coordinates": [
                    12.180808333,
                    52.932530556
                ]
            }
        },
        {
            "type": "Feature",
            "properties": {
                "name": "Obstacle"
            },
            "geometry": {
                "type": "Point",
                "coordinates": [
                    12.175733333,
                    52.939819444
                ]
            }
        },
        {
            "type": "Feature",
            "properties": {
                "name": "Obstacle"
            },
            "geometry": {
                "type": "Point",
                "coordinates": [
                    14.354055556,
                    52.068666667
                ]
            }
        },
        {
            "type": "Feature",
            "properties": {
                "name": "Obstacle"
            },
            "geometry": {
                "type": "Point",
                "coordinates": [
                    14.385611111,
                    52.051083333
                ]
            }
        },
        {
            "type": "Feature",
            "properties": {
                "name": "Obstacle"
            },
            "geometry": {
                "type": "Point",
                "coordinates": [
                    12.142444444,
                    53.253194444
                ]
            }
        },
        {
            "type": "Feature",
            "properties": {
                "name": "Obstacle"
            },
            "geometry": {
                "type": "Point",
                "coordinates": [
                    12.847805556,
                    52.010277778
                ]
            }
        },
        {
            "type": "Feature",
            "properties": {
                "name": "Obstacle"
            },
            "geometry": {
                "type": "Point",
                "coordinates": [
                    12.5985,
                    52.881972222
                ]
            }
        },
        {
            "type": "Feature",
            "properties": {
                "name": "Obstacle"
            },
            "geometry": {
                "type": "Point",
                "coordinates": [
                    13.820222222,
                    51.636916667
                ]
            }
        },
        {
            "type": "Feature",
            "properties": {
                "name": "Obstacle"
            },
            "geometry": {
                "type": "Point",
                "coordinates": [
                    13.590458333,
                    52.618558333
                ]
            }
        },
        {
            "type": "Feature",
            "properties": {
                "name": "Obstacle"
            },
            "geometry": {
                "type": "Point",
                "coordinates": [
                    12.903513611,
                    52.538078889
                ]
            }
        },
        {
            "type": "Feature",
            "properties": {
                "name": "Obstacle"
            },
            "geometry": {
                "type": "Point",
                "coordinates": [
                    12.906786389,
                    52.527818889
                ]
            }
        },
        {
            "type": "Feature",
            "properties": {
                "name": "Obstacle"
            },
            "geometry": {
                "type": "Point",
                "coordinates": [
                    12.971736111,
                    52.039408333
                ]
            }
        },
        {
            "type": "Feature",
            "properties": {
                "name": "Obstacle"
            },
            "geometry": {
                "type": "Point",
                "coordinates": [
                    12.9562,
                    52.033177778
                ]
            }
        },
        {
            "type": "Feature",
            "properties": {
                "name": "Obstacle"
            },
            "geometry": {
                "type": "Point",
                "coordinates": [
                    13.868433333,
                    51.550383333
                ]
            }
        },
        {
            "type": "Feature",
            "properties": {
                "name": "Obstacle"
            },
            "geometry": {
                "type": "Point",
                "coordinates": [
                    13.86585,
                    51.539611111
                ]
            }
        },
        {
            "type": "Feature",
            "properties": {
                "name": "Obstacle"
            },
            "geometry": {
                "type": "Point",
                "coordinates": [
                    13.875755556,
                    51.525319444
                ]
            }
        },
        {
            "type": "Feature",
            "properties": {
                "name": "Obstacle"
            },
            "geometry": {
                "type": "Point",
                "coordinates": [
                    12.131616667,
                    53.140825
                ]
            }
        },
        {
            "type": "Feature",
            "properties": {
                "name": "Obstacle"
            },
            "geometry": {
                "type": "Point",
                "coordinates": [
                    13.813388889,
                    52.686388889
                ]
            }
        },
        {
            "type": "Feature",
            "properties": {
                "name": "Obstacle"
            },
            "geometry": {
                "type": "Point",
                "coordinates": [
                    12.779468611,
                    52.097493889
                ]
            }
        },
        {
            "type": "Feature",
            "properties": {
                "name": "Obstacle"
            },
            "geometry": {
                "type": "Point",
                "coordinates": [
                    13.891666667,
                    53.347777778
                ]
            }
        },
        {
            "type": "Feature",
            "properties": {
                "name": "Obstacle"
            },
            "geometry": {
                "type": "Point",
                "coordinates": [
                    13.362836111,
                    51.649616667
                ]
            }
        },
        {
            "type": "Feature",
            "properties": {
                "name": "Obstacle"
            },
            "geometry": {
                "type": "Point",
                "coordinates": [
                    14.097777778,
                    51.974722222
                ]
            }
        },
        {
            "type": "Feature",
            "properties": {
                "name": "Obstacle"
            },
            "geometry": {
                "type": "Point",
                "coordinates": [
                    14.121944444,
                    51.981666667
                ]
            }
        },
        {
            "type": "Feature",
            "properties": {
                "name": "Obstacle"
            },
            "geometry": {
                "type": "Point",
                "coordinates": [
                    13.851994444,
                    51.552991667
                ]
            }
        },
        {
            "type": "Feature",
            "properties": {
                "name": "Obstacle"
            },
            "geometry": {
                "type": "Point",
                "coordinates": [
                    13.994880556,
                    51.622961111
                ]
            }
        },
        {
            "type": "Feature",
            "properties": {
                "name": "Obstacle"
            },
            "geometry": {
                "type": "Point",
                "coordinates": [
                    14.009172222,
                    51.619527778
                ]
            }
        },
        {
            "type": "Feature",
            "properties": {
                "name": "Obstacle"
            },
            "geometry": {
                "type": "Point",
                "coordinates": [
                    13.962358333,
                    51.609219444
                ]
            }
        },
        {
            "type": "Feature",
            "properties": {
                "name": "Obstacle"
            },
            "geometry": {
                "type": "Point",
                "coordinates": [
                    13.449722222,
                    51.672777778
                ]
            }
        },
        {
            "type": "Feature",
            "properties": {
                "name": "Obstacle"
            },
            "geometry": {
                "type": "Point",
                "coordinates": [
                    13.924415,
                    53.364702222
                ]
            }
        },
        {
            "type": "Feature",
            "properties": {
                "name": "Obstacle"
            },
            "geometry": {
                "type": "Point",
                "coordinates": [
                    14.193055556,
                    53.246388889
                ]
            }
        },
        {
            "type": "Feature",
            "properties": {
                "name": "Obstacle"
            },
            "geometry": {
                "type": "Point",
                "coordinates": [
                    14.178758333,
                    53.255002778
                ]
            }
        },
        {
            "type": "Feature",
            "properties": {
                "name": "Obstacle"
            },
            "geometry": {
                "type": "Point",
                "coordinates": [
                    13.951666667,
                    53.325833333
                ]
            }
        },
        {
            "type": "Feature",
            "properties": {
                "name": "Obstacle"
            },
            "geometry": {
                "type": "Point",
                "coordinates": [
                    14.191255556,
                    53.254854722
                ]
            }
        },
        {
            "type": "Feature",
            "properties": {
                "name": "Obstacle"
            },
            "geometry": {
                "type": "Point",
                "coordinates": [
                    12.862911111,
                    52.022569444
                ]
            }
        },
        {
            "type": "Feature",
            "properties": {
                "name": "Obstacle"
            },
            "geometry": {
                "type": "Point",
                "coordinates": [
                    12.833533333,
                    52.0207
                ]
            }
        },
        {
            "type": "Feature",
            "properties": {
                "name": "Obstacle"
            },
            "geometry": {
                "type": "Point",
                "coordinates": [
                    13.313888889,
                    51.975833333
                ]
            }
        },
        {
            "type": "Feature",
            "properties": {
                "name": "Obstacle"
            },
            "geometry": {
                "type": "Point",
                "coordinates": [
                    13.3125,
                    51.966666667
                ]
            }
        },
        {
            "type": "Feature",
            "properties": {
                "name": "Obstacle"
            },
            "geometry": {
                "type": "Point",
                "coordinates": [
                    13.768177778,
                    51.890625
                ]
            }
        },
        {
            "type": "Feature",
            "properties": {
                "name": "Obstacle"
            },
            "geometry": {
                "type": "Point",
                "coordinates": [
                    13.284722222,
                    52.993611111
                ]
            }
        },
        {
            "type": "Feature",
            "properties": {
                "name": "Obstacle"
            },
            "geometry": {
                "type": "Point",
                "coordinates": [
                    13.260644444,
                    52.358088889
                ]
            }
        },
        {
            "type": "Feature",
            "properties": {
                "name": "Obstacle"
            },
            "geometry": {
                "type": "Point",
                "coordinates": [
                    12.2182775,
                    53.134114722
                ]
            }
        },
        {
            "type": "Feature",
            "properties": {
                "name": "Obstacle"
            },
            "geometry": {
                "type": "Point",
                "coordinates": [
                    14.112777778,
                    51.759444444
                ]
            }
        },
        {
            "type": "Feature",
            "properties": {
                "name": "Obstacle"
            },
            "geometry": {
                "type": "Point",
                "coordinates": [
                    12.065091667,
                    53.074013889
                ]
            }
        },
        {
            "type": "Feature",
            "properties": {
                "name": "Obstacle"
            },
            "geometry": {
                "type": "Point",
                "coordinates": [
                    12.043049472,
                    53.080366778
                ]
            }
        },
        {
            "type": "Feature",
            "properties": {
                "name": "Obstacle"
            },
            "geometry": {
                "type": "Point",
                "coordinates": [
                    14.402978611,
                    52.485695
                ]
            }
        },
        {
            "type": "Feature",
            "properties": {
                "name": "Obstacle"
            },
            "geometry": {
                "type": "Point",
                "coordinates": [
                    14.426902778,
                    51.555177778
                ]
            }
        },
        {
            "type": "Feature",
            "properties": {
                "name": "Obstacle"
            },
            "geometry": {
                "type": "Point",
                "coordinates": [
                    13.306972222,
                    52.205638889
                ]
            }
        },
        {
            "type": "Feature",
            "properties": {
                "name": "Obstacle"
            },
            "geometry": {
                "type": "Point",
                "coordinates": [
                    13.179711111,
                    52.025413889
                ]
            }
        },
        {
            "type": "Feature",
            "properties": {
                "name": "Obstacle"
            },
            "geometry": {
                "type": "Point",
                "coordinates": [
                    13.482766,
                    51.878421
                ]
            }
        },
        {
            "type": "Feature",
            "properties": {
                "name": "Obstacle"
            },
            "geometry": {
                "type": "Point",
                "coordinates": [
                    13.787527778,
                    51.632333333
                ]
            }
        },
        {
            "type": "Feature",
            "properties": {
                "name": "Obstacle"
            },
            "geometry": {
                "type": "Point",
                "coordinates": [
                    13.916269167,
                    53.370633333
                ]
            }
        },
        {
            "type": "Feature",
            "properties": {
                "name": "Obstacle"
            },
            "geometry": {
                "type": "Point",
                "coordinates": [
                    14.373888889,
                    52.353333333
                ]
            }
        },
        {
            "type": "Feature",
            "properties": {
                "name": "Obstacle"
            },
            "geometry": {
                "type": "Point",
                "coordinates": [
                    14.378888889,
                    52.360277778
                ]
            }
        },
        {
            "type": "Feature",
            "properties": {
                "name": "Obstacle"
            },
            "geometry": {
                "type": "Point",
                "coordinates": [
                    13.734158333,
                    52.350219444
                ]
            }
        },
        {
            "type": "Feature",
            "properties": {
                "name": "Obstacle"
            },
            "geometry": {
                "type": "Point",
                "coordinates": [
                    14.082769444,
                    51.983444444
                ]
            }
        },
        {
            "type": "Feature",
            "properties": {
                "name": "Obstacle"
            },
            "geometry": {
                "type": "Point",
                "coordinates": [
                    13.758888889,
                    51.883611111
                ]
            }
        },
        {
            "type": "Feature",
            "properties": {
                "name": "Obstacle"
            },
            "geometry": {
                "type": "Point",
                "coordinates": [
                    13.696111111,
                    52.702222222
                ]
            }
        },
        {
            "type": "Feature",
            "properties": {
                "name": "Obstacle"
            },
            "geometry": {
                "type": "Point",
                "coordinates": [
                    13.706944444,
                    53.313333333
                ]
            }
        },
        {
            "type": "Feature",
            "properties": {
                "name": "Obstacle"
            },
            "geometry": {
                "type": "Point",
                "coordinates": [
                    13.333805556,
                    51.982166667
                ]
            }
        },
        {
            "type": "Feature",
            "properties": {
                "name": "Obstacle"
            },
            "geometry": {
                "type": "Point",
                "coordinates": [
                    13.352779222,
                    51.966012944
                ]
            }
        },
        {
            "type": "Feature",
            "properties": {
                "name": "Obstacle"
            },
            "geometry": {
                "type": "Point",
                "coordinates": [
                    12.126124667,
                    53.251284972
                ]
            }
        },
        {
            "type": "Feature",
            "properties": {
                "name": "Obstacle"
            },
            "geometry": {
                "type": "Point",
                "coordinates": [
                    11.790816667,
                    53.144941667
                ]
            }
        },
        {
            "type": "Feature",
            "properties": {
                "name": "Obstacle"
            },
            "geometry": {
                "type": "Point",
                "coordinates": [
                    13.194741583,
                    51.560962583
                ]
            }
        },
        {
            "type": "Feature",
            "properties": {
                "name": "Obstacle"
            },
            "geometry": {
                "type": "Point",
                "coordinates": [
                    13.573491667,
                    51.862911111
                ]
            }
        },
        {
            "type": "Feature",
            "properties": {
                "name": "Obstacle"
            },
            "geometry": {
                "type": "Point",
                "coordinates": [
                    12.098638889,
                    53.134555556
                ]
            }
        },
        {
            "type": "Feature",
            "properties": {
                "name": "Obstacle"
            },
            "geometry": {
                "type": "Point",
                "coordinates": [
                    12.115944444,
                    53.133888889
                ]
            }
        },
        {
            "type": "Feature",
            "properties": {
                "name": "Obstacle"
            },
            "geometry": {
                "type": "Point",
                "coordinates": [
                    12.116475,
                    53.131538889
                ]
            }
        },
        {
            "type": "Feature",
            "properties": {
                "name": "Obstacle"
            },
            "geometry": {
                "type": "Point",
                "coordinates": [
                    14.204305556,
                    52.709777778
                ]
            }
        },
        {
            "type": "Feature",
            "properties": {
                "name": "Obstacle"
            },
            "geometry": {
                "type": "Point",
                "coordinates": [
                    14.0675,
                    52.695555556
                ]
            }
        },
        {
            "type": "Feature",
            "properties": {
                "name": "Obstacle"
            },
            "geometry": {
                "type": "Point",
                "coordinates": [
                    12.831547222,
                    51.995808333
                ]
            }
        },
        {
            "type": "Feature",
            "properties": {
                "name": "Obstacle"
            },
            "geometry": {
                "type": "Point",
                "coordinates": [
                    12.266111111,
                    52.210277778
                ]
            }
        },
        {
            "type": "Feature",
            "properties": {
                "name": "Obstacle"
            },
            "geometry": {
                "type": "Point",
                "coordinates": [
                    13.676694444,
                    52.687138889
                ]
            }
        },
        {
            "type": "Feature",
            "properties": {
                "name": "Obstacle"
            },
            "geometry": {
                "type": "Point",
                "coordinates": [
                    13.666386111,
                    52.67585
                ]
            }
        },
        {
            "type": "Feature",
            "properties": {
                "name": "Obstacle"
            },
            "geometry": {
                "type": "Point",
                "coordinates": [
                    14.010448333,
                    53.383694722
                ]
            }
        },
        {
            "type": "Feature",
            "properties": {
                "name": "Obstacle"
            },
            "geometry": {
                "type": "Point",
                "coordinates": [
                    14.048694444,
                    53.409138889
                ]
            }
        },
        {
            "type": "Feature",
            "properties": {
                "name": "Obstacle"
            },
            "geometry": {
                "type": "Point",
                "coordinates": [
                    14.078711,
                    53.314399
                ]
            }
        },
        {
            "type": "Feature",
            "properties": {
                "name": "Obstacle"
            },
            "geometry": {
                "type": "Point",
                "coordinates": [
                    13.836396917,
                    53.396517028
                ]
            }
        },
        {
            "type": "Feature",
            "properties": {
                "name": "Obstacle"
            },
            "geometry": {
                "type": "Point",
                "coordinates": [
                    13.83688325,
                    53.385851361
                ]
            }
        },
        {
            "type": "Feature",
            "properties": {
                "name": "Obstacle"
            },
            "geometry": {
                "type": "Point",
                "coordinates": [
                    13.979958333,
                    53.061541667
                ]
            }
        },
        {
            "type": "Feature",
            "properties": {
                "name": "Obstacle"
            },
            "geometry": {
                "type": "Point",
                "coordinates": [
                    14.084855556,
                    51.748480556
                ]
            }
        },
        {
            "type": "Feature",
            "properties": {
                "name": "Obstacle"
            },
            "geometry": {
                "type": "Point",
                "coordinates": [
                    14.034377778,
                    53.03705
                ]
            }
        },
        {
            "type": "Feature",
            "properties": {
                "name": "Obstacle"
            },
            "geometry": {
                "type": "Point",
                "coordinates": [
                    13.869469444,
                    53.472205556
                ]
            }
        },
        {
            "type": "Feature",
            "properties": {
                "name": "Obstacle"
            },
            "geometry": {
                "type": "Point",
                "coordinates": [
                    13.913944444,
                    53.367138889
                ]
            }
        },
        {
            "type": "Feature",
            "properties": {
                "name": "Obstacle"
            },
            "geometry": {
                "type": "Point",
                "coordinates": [
                    13.637843611,
                    52.695416111
                ]
            }
        },
        {
            "type": "Feature",
            "properties": {
                "name": "Obstacle"
            },
            "geometry": {
                "type": "Point",
                "coordinates": [
                    13.680813889,
                    52.703639472
                ]
            }
        },
        {
            "type": "Feature",
            "properties": {
                "name": "Obstacle"
            },
            "geometry": {
                "type": "Point",
                "coordinates": [
                    12.024694444,
                    53.311
                ]
            }
        },
        {
            "type": "Feature",
            "properties": {
                "name": "Obstacle"
            },
            "geometry": {
                "type": "Point",
                "coordinates": [
                    13.662736111,
                    52.597516667
                ]
            }
        },
        {
            "type": "Feature",
            "properties": {
                "name": "Obstacle"
            },
            "geometry": {
                "type": "Point",
                "coordinates": [
                    13.241897222,
                    51.511851111
                ]
            }
        },
        {
            "type": "Feature",
            "properties": {
                "name": "Obstacle"
            },
            "geometry": {
                "type": "Point",
                "coordinates": [
                    14.581258528,
                    51.806653889
                ]
            }
        },
        {
            "type": "Feature",
            "properties": {
                "name": "Obstacle"
            },
            "geometry": {
                "type": "Point",
                "coordinates": [
                    13.395922222,
                    51.669736111
                ]
            }
        },
        {
            "type": "Feature",
            "properties": {
                "name": "Obstacle"
            },
            "geometry": {
                "type": "Point",
                "coordinates": [
                    13.308885222,
                    52.197572
                ]
            }
        },
        {
            "type": "Feature",
            "properties": {
                "name": "Obstacle"
            },
            "geometry": {
                "type": "Point",
                "coordinates": [
                    14.6609225,
                    52.014987778
                ]
            }
        },
        {
            "type": "Feature",
            "properties": {
                "name": "Obstacle"
            },
            "geometry": {
                "type": "Point",
                "coordinates": [
                    13.738336111,
                    51.903986111
                ]
            }
        },
        {
            "type": "Feature",
            "properties": {
                "name": "Obstacle"
            },
            "geometry": {
                "type": "Point",
                "coordinates": [
                    12.964247222,
                    52.048775
                ]
            }
        },
        {
            "type": "Feature",
            "properties": {
                "name": "Obstacle"
            },
            "geometry": {
                "type": "Point",
                "coordinates": [
                    14.055294444,
                    51.601869444
                ]
            }
        },
        {
            "type": "Feature",
            "properties": {
                "name": "Obstacle"
            },
            "geometry": {
                "type": "Point",
                "coordinates": [
                    13.986513611,
                    53.267702222
                ]
            }
        },
        {
            "type": "Feature",
            "properties": {
                "name": "Obstacle"
            },
            "geometry": {
                "type": "Point",
                "coordinates": [
                    13.983413889,
                    53.278830556
                ]
            }
        },
        {
            "type": "Feature",
            "properties": {
                "name": "Obstacle"
            },
            "geometry": {
                "type": "Point",
                "coordinates": [
                    13.863328333,
                    51.526133222
                ]
            }
        },
        {
            "type": "Feature",
            "properties": {
                "name": "Obstacle"
            },
            "geometry": {
                "type": "Point",
                "coordinates": [
                    13.876446194,
                    51.514069389
                ]
            }
        },
        {
            "type": "Feature",
            "properties": {
                "name": "Obstacle"
            },
            "geometry": {
                "type": "Point",
                "coordinates": [
                    13.682777778,
                    52.679722222
                ]
            }
        },
        {
            "type": "Feature",
            "properties": {
                "name": "Obstacle"
            },
            "geometry": {
                "type": "Point",
                "coordinates": [
                    14.271531944,
                    53.269865
                ]
            }
        },
        {
            "type": "Feature",
            "properties": {
                "name": "Obstacle"
            },
            "geometry": {
                "type": "Point",
                "coordinates": [
                    12.764813889,
                    52.105580556
                ]
            }
        },
        {
            "type": "Feature",
            "properties": {
                "name": "Obstacle"
            },
            "geometry": {
                "type": "Point",
                "coordinates": [
                    13.9391495,
                    52.760344417
                ]
            }
        },
        {
            "type": "Feature",
            "properties": {
                "name": "Obstacle"
            },
            "geometry": {
                "type": "Point",
                "coordinates": [
                    13.244472222,
                    51.46625
                ]
            }
        },
        {
            "type": "Feature",
            "properties": {
                "name": "Obstacle"
            },
            "geometry": {
                "type": "Point",
                "coordinates": [
                    13.758694444,
                    53.345055556
                ]
            }
        },
        {
            "type": "Feature",
            "properties": {
                "name": "Obstacle"
            },
            "geometry": {
                "type": "Point",
                "coordinates": [
                    13.749761111,
                    51.921283333
                ]
            }
        },
        {
            "type": "Feature",
            "properties": {
                "name": "Obstacle"
            },
            "geometry": {
                "type": "Point",
                "coordinates": [
                    14.394397222,
                    53.327355556
                ]
            }
        },
        {
            "type": "Feature",
            "properties": {
                "name": "Obstacle"
            },
            "geometry": {
                "type": "Point",
                "coordinates": [
                    13.9414,
                    53.387669444
                ]
            }
        },
        {
            "type": "Feature",
            "properties": {
                "name": "Obstacle"
            },
            "geometry": {
                "type": "Point",
                "coordinates": [
                    12.282472222,
                    53.269027778
                ]
            }
        },
        {
            "type": "Feature",
            "properties": {
                "name": "Obstacle"
            },
            "geometry": {
                "type": "Point",
                "coordinates": [
                    12.3015,
                    53.260694444
                ]
            }
        },
        {
            "type": "Feature",
            "properties": {
                "name": "Obstacle"
            },
            "geometry": {
                "type": "Point",
                "coordinates": [
                    14.386361,
                    52.344825
                ]
            }
        },
        {
            "type": "Feature",
            "properties": {
                "name": "Obstacle"
            },
            "geometry": {
                "type": "Point",
                "coordinates": [
                    13.670939722,
                    52.676273056
                ]
            }
        },
        {
            "type": "Feature",
            "properties": {
                "name": "Obstacle"
            },
            "geometry": {
                "type": "Point",
                "coordinates": [
                    13.925052778,
                    52.751758333
                ]
            }
        },
        {
            "type": "Feature",
            "properties": {
                "name": "Obstacle"
            },
            "geometry": {
                "type": "Point",
                "coordinates": [
                    14.232414167,
                    52.242540833
                ]
            }
        },
        {
            "type": "Feature",
            "properties": {
                "name": "Obstacle"
            },
            "geometry": {
                "type": "Point",
                "coordinates": [
                    14.382808333,
                    52.306794444
                ]
            }
        },
        {
            "type": "Feature",
            "properties": {
                "name": "Obstacle"
            },
            "geometry": {
                "type": "Point",
                "coordinates": [
                    13.765416667,
                    53.328083333
                ]
            }
        },
        {
            "type": "Feature",
            "properties": {
                "name": "Obstacle"
            },
            "geometry": {
                "type": "Point",
                "coordinates": [
                    13.750805556,
                    53.3195
                ]
            }
        },
        {
            "type": "Feature",
            "properties": {
                "name": "Obstacle"
            },
            "geometry": {
                "type": "Point",
                "coordinates": [
                    13.756975,
                    52.339294444
                ]
            }
        },
        {
            "type": "Feature",
            "properties": {
                "name": "Obstacle"
            },
            "geometry": {
                "type": "Point",
                "coordinates": [
                    14.307,
                    52.075305556
                ]
            }
        },
        {
            "type": "Feature",
            "properties": {
                "name": "Obstacle"
            },
            "geometry": {
                "type": "Point",
                "coordinates": [
                    14.301,
                    52.071472222
                ]
            }
        },
        {
            "type": "Feature",
            "properties": {
                "name": "Obstacle"
            },
            "geometry": {
                "type": "Point",
                "coordinates": [
                    13.802941667,
                    53.435891667
                ]
            }
        },
        {
            "type": "Feature",
            "properties": {
                "name": "Obstacle"
            },
            "geometry": {
                "type": "Point",
                "coordinates": [
                    12.205084028,
                    53.082632639
                ]
            }
        },
        {
            "type": "Feature",
            "properties": {
                "name": "Obstacle"
            },
            "geometry": {
                "type": "Point",
                "coordinates": [
                    13.328435,
                    51.969478
                ]
            }
        },
        {
            "type": "Feature",
            "properties": {
                "name": "Obstacle"
            },
            "geometry": {
                "type": "Point",
                "coordinates": [
                    14.075125,
                    53.169344444
                ]
            }
        },
        {
            "type": "Feature",
            "properties": {
                "name": "Obstacle"
            },
            "geometry": {
                "type": "Point",
                "coordinates": [
                    14.094725,
                    53.100191667
                ]
            }
        },
        {
            "type": "Feature",
            "properties": {
                "name": "Obstacle"
            },
            "geometry": {
                "type": "Point",
                "coordinates": [
                    13.251221889,
                    52.345668
                ]
            }
        },
        {
            "type": "Feature",
            "properties": {
                "name": "Obstacle"
            },
            "geometry": {
                "type": "Point",
                "coordinates": [
                    12.089577778,
                    52.9806
                ]
            }
        },
        {
            "type": "Feature",
            "properties": {
                "name": "Obstacle"
            },
            "geometry": {
                "type": "Point",
                "coordinates": [
                    14.085115306,
                    51.593544583
                ]
            }
        },
        {
            "type": "Feature",
            "properties": {
                "name": "Obstacle"
            },
            "geometry": {
                "type": "Point",
                "coordinates": [
                    12.100917111,
                    52.988367472
                ]
            }
        },
        {
            "type": "Feature",
            "properties": {
                "name": "Obstacle"
            },
            "geometry": {
                "type": "Point",
                "coordinates": [
                    13.662376167,
                    52.59064525
                ]
            }
        },
        {
            "type": "Feature",
            "properties": {
                "name": "Obstacle"
            },
            "geometry": {
                "type": "Point",
                "coordinates": [
                    13.794008333,
                    53.432413889
                ]
            }
        },
        {
            "type": "Feature",
            "properties": {
                "name": "Obstacle"
            },
            "geometry": {
                "type": "Point",
                "coordinates": [
                    12.064722222,
                    53.077805556
                ]
            }
        },
        {
            "type": "Feature",
            "properties": {
                "name": "Obstacle"
            },
            "geometry": {
                "type": "Point",
                "coordinates": [
                    14.384166667,
                    52.361111111
                ]
            }
        },
        {
            "type": "Feature",
            "properties": {
                "name": "Obstacle"
            },
            "geometry": {
                "type": "Point",
                "coordinates": [
                    14.219937,
                    52.556829
                ]
            }
        },
        {
            "type": "Feature",
            "properties": {
                "name": "Obstacle"
            },
            "geometry": {
                "type": "Point",
                "coordinates": [
                    14.310844444,
                    52.045247222
                ]
            }
        },
        {
            "type": "Feature",
            "properties": {
                "name": "Obstacle"
            },
            "geometry": {
                "type": "Point",
                "coordinates": [
                    13.9860525,
                    52.654112361
                ]
            }
        },
        {
            "type": "Feature",
            "properties": {
                "name": "Obstacle"
            },
            "geometry": {
                "type": "Point",
                "coordinates": [
                    13.246555556,
                    52.348111111
                ]
            }
        },
        {
            "type": "Feature",
            "properties": {
                "name": "Obstacle"
            },
            "geometry": {
                "type": "Point",
                "coordinates": [
                    13.952949444,
                    53.259101667
                ]
            }
        },
        {
            "type": "Feature",
            "properties": {
                "name": "Obstacle"
            },
            "geometry": {
                "type": "Point",
                "coordinates": [
                    11.779752778,
                    53.165077778
                ]
            }
        },
        {
            "type": "Feature",
            "properties": {
                "name": "Obstacle"
            },
            "geometry": {
                "type": "Point",
                "coordinates": [
                    14.732714389,
                    51.650106028
                ]
            }
        },
        {
            "type": "Feature",
            "properties": {
                "name": "Obstacle"
            },
            "geometry": {
                "type": "Point",
                "coordinates": [
                    13.378189306,
                    51.908704556
                ]
            }
        },
        {
            "type": "Feature",
            "properties": {
                "name": "Obstacle"
            },
            "geometry": {
                "type": "Point",
                "coordinates": [
                    12.239333333,
                    53.2145
                ]
            }
        },
        {
            "type": "Feature",
            "properties": {
                "name": "Obstacle"
            },
            "geometry": {
                "type": "Point",
                "coordinates": [
                    13.830308306,
                    51.641806361
                ]
            }
        },
        {
            "type": "Feature",
            "properties": {
                "name": "Obstacle"
            },
            "geometry": {
                "type": "Point",
                "coordinates": [
                    12.584722222,
                    52.930555556
                ]
            }
        },
        {
            "type": "Feature",
            "properties": {
                "name": "Obstacle"
            },
            "geometry": {
                "type": "Point",
                "coordinates": [
                    13.799941444,
                    52.678374111
                ]
            }
        },
        {
            "type": "Feature",
            "properties": {
                "name": "Obstacle"
            },
            "geometry": {
                "type": "Point",
                "coordinates": [
                    12.491239,
                    52.835619
                ]
            }
        },
        {
            "type": "Feature",
            "properties": {
                "name": "Obstacle"
            },
            "geometry": {
                "type": "Point",
                "coordinates": [
                    12.862113889,
                    52.311669444
                ]
            }
        },
        {
            "type": "Feature",
            "properties": {
                "name": "Obstacle"
            },
            "geometry": {
                "type": "Point",
                "coordinates": [
                    12.524953,
                    53.08594
                ]
            }
        },
        {
            "type": "Feature",
            "properties": {
                "name": "Obstacle"
            },
            "geometry": {
                "type": "Point",
                "coordinates": [
                    14.370851389,
                    52.497230611
                ]
            }
        },
        {
            "type": "Feature",
            "properties": {
                "name": "Obstacle"
            },
            "geometry": {
                "type": "Point",
                "coordinates": [
                    14.375228056,
                    52.508566944
                ]
            }
        },
        {
            "type": "Feature",
            "properties": {
                "name": "Obstacle"
            },
            "geometry": {
                "type": "Point",
                "coordinates": [
                    13.371897833,
                    51.970878111
                ]
            }
        },
        {
            "type": "Feature",
            "properties": {
                "name": "Obstacle"
            },
            "geometry": {
                "type": "Point",
                "coordinates": [
                    12.300336111,
                    53.281336111
                ]
            }
        },
        {
            "type": "Feature",
            "properties": {
                "name": "Obstacle"
            },
            "geometry": {
                "type": "Point",
                "coordinates": [
                    14.565333333,
                    51.817111111
                ]
            }
        },
        {
            "type": "Feature",
            "properties": {
                "name": "Obstacle"
            },
            "geometry": {
                "type": "Point",
                "coordinates": [
                    14.565972222,
                    51.803666667
                ]
            }
        },
        {
            "type": "Feature",
            "properties": {
                "name": "Obstacle"
            },
            "geometry": {
                "type": "Point",
                "coordinates": [
                    14.558083333,
                    51.799277778
                ]
            }
        },
        {
            "type": "Feature",
            "properties": {
                "name": "Obstacle"
            },
            "geometry": {
                "type": "Point",
                "coordinates": [
                    14.318277778,
                    52.547944444
                ]
            }
        },
        {
            "type": "Feature",
            "properties": {
                "name": "Obstacle"
            },
            "geometry": {
                "type": "Point",
                "coordinates": [
                    13.293,
                    51.9205
                ]
            }
        },
        {
            "type": "Feature",
            "properties": {
                "name": "Obstacle"
            },
            "geometry": {
                "type": "Point",
                "coordinates": [
                    8.580391725,
                    53.538455914
                ]
            }
        },
        {
            "type": "Feature",
            "properties": {
                "name": "Obstacle"
            },
            "geometry": {
                "type": "Point",
                "coordinates": [
                    8.926638889,
                    53.029027778
                ]
            }
        },
        {
            "type": "Feature",
            "properties": {
                "name": "Obstacle"
            },
            "geometry": {
                "type": "Point",
                "coordinates": [
                    8.667222222,
                    53.142222222
                ]
            }
        },
        {
            "type": "Feature",
            "properties": {
                "name": "Obstacle"
            },
            "geometry": {
                "type": "Point",
                "coordinates": [
                    8.552199389,
                    53.601781556
                ]
            }
        },
        {
            "type": "Feature",
            "properties": {
                "name": "Obstacle"
            },
            "geometry": {
                "type": "Point",
                "coordinates": [
                    8.796377778,
                    53.121452778
                ]
            }
        },
        {
            "type": "Feature",
            "properties": {
                "name": "Obstacle"
            },
            "geometry": {
                "type": "Point",
                "coordinates": [
                    8.681611111,
                    53.125666667
                ]
            }
        },
        {
            "type": "Feature",
            "properties": {
                "name": "Obstacle"
            },
            "geometry": {
                "type": "Point",
                "coordinates": [
                    8.716583333,
                    53.102411111
                ]
            }
        },
        {
            "type": "Feature",
            "properties": {
                "name": "Obstacle"
            },
            "geometry": {
                "type": "Point",
                "coordinates": [
                    8.93474825,
                    53.020940167
                ]
            }
        },
        {
            "type": "Feature",
            "properties": {
                "name": "Obstacle"
            },
            "geometry": {
                "type": "Point",
                "coordinates": [
                    8.709188944,
                    53.126803417
                ]
            }
        },
        {
            "type": "Feature",
            "properties": {
                "name": "Obstacle"
            },
            "geometry": {
                "type": "Point",
                "coordinates": [
                    8.557930556,
                    53.590688889
                ]
            }
        },
        {
            "type": "Feature",
            "properties": {
                "name": "Obstacle"
            },
            "geometry": {
                "type": "Point",
                "coordinates": [
                    8.639352778,
                    53.551730556
                ]
            }
        },
        {
            "type": "Feature",
            "properties": {
                "name": "Obstacle"
            },
            "geometry": {
                "type": "Point",
                "coordinates": [
                    9.953510572,
                    53.513735228
                ]
            }
        },
        {
            "type": "Feature",
            "properties": {
                "name": "Obstacle"
            },
            "geometry": {
                "type": "Point",
                "coordinates": [
                    10.036275557,
                    53.520678404
                ]
            }
        },
        {
            "type": "Feature",
            "properties": {
                "name": "Obstacle"
            },
            "geometry": {
                "type": "Point",
                "coordinates": [
                    10.041552508,
                    53.506791329
                ]
            }
        },
        {
            "type": "Feature",
            "properties": {
                "name": "Obstacle"
            },
            "geometry": {
                "type": "Point",
                "coordinates": [
                    9.91594625,
                    53.507986333
                ]
            }
        },
        {
            "type": "Feature",
            "properties": {
                "name": "Obstacle"
            },
            "geometry": {
                "type": "Point",
                "coordinates": [
                    9.856270139,
                    53.499200556
                ]
            }
        },
        {
            "type": "Feature",
            "properties": {
                "name": "Obstacle"
            },
            "geometry": {
                "type": "Point",
                "coordinates": [
                    9.897913889,
                    53.511569444
                ]
            }
        },
        {
            "type": "Feature",
            "properties": {
                "name": "Obstacle"
            },
            "geometry": {
                "type": "Point",
                "coordinates": [
                    10.217936111,
                    53.473113889
                ]
            }
        },
        {
            "type": "Feature",
            "properties": {
                "name": "Obstacle"
            },
            "geometry": {
                "type": "Point",
                "coordinates": [
                    10.089038306,
                    53.461426389
                ]
            }
        },
        {
            "type": "Feature",
            "properties": {
                "name": "Obstacle"
            },
            "geometry": {
                "type": "Point",
                "coordinates": [
                    9.923863889,
                    53.528577778
                ]
            }
        },
        {
            "type": "Feature",
            "properties": {
                "name": "Obstacle"
            },
            "geometry": {
                "type": "Point",
                "coordinates": [
                    8.428750962,
                    50.787929734
                ]
            }
        },
        {
            "type": "Feature",
            "properties": {
                "name": "Obstacle"
            },
            "geometry": {
                "type": "Point",
                "coordinates": [
                    8.952808333,
                    50.088522222
                ]
            }
        },
        {
            "type": "Feature",
            "properties": {
                "name": "Obstacle"
            },
            "geometry": {
                "type": "Point",
                "coordinates": [
                    8.537872222,
                    49.607530556
                ]
            }
        },
        {
            "type": "Feature",
            "properties": {
                "name": "Obstacle"
            },
            "geometry": {
                "type": "Point",
                "coordinates": [
                    9.014191667,
                    50.017705556
                ]
            }
        },
        {
            "type": "Feature",
            "properties": {
                "name": "Obstacle"
            },
            "geometry": {
                "type": "Point",
                "coordinates": [
                    9.019422222,
                    50.00585
                ]
            }
        },
        {
            "type": "Feature",
            "properties": {
                "name": "Obstacle"
            },
            "geometry": {
                "type": "Point",
                "coordinates": [
                    8.659558101,
                    50.110227919
                ]
            }
        },
        {
            "type": "Feature",
            "properties": {
                "name": "Obstacle"
            },
            "geometry": {
                "type": "Point",
                "coordinates": [
                    8.672333252,
                    50.111894794
                ]
            }
        },
        {
            "type": "Feature",
            "properties": {
                "name": "Obstacle"
            },
            "geometry": {
                "type": "Point",
                "coordinates": [
                    8.133244215,
                    50.109392647
                ]
            }
        },
        {
            "type": "Feature",
            "properties": {
                "name": "Obstacle"
            },
            "geometry": {
                "type": "Point",
                "coordinates": [
                    8.458988889,
                    50.232497222
                ]
            }
        },
        {
            "type": "Feature",
            "properties": {
                "name": "Obstacle"
            },
            "geometry": {
                "type": "Point",
                "coordinates": [
                    9.347499587,
                    51.52007244
                ]
            }
        },
        {
            "type": "Feature",
            "properties": {
                "name": "Obstacle"
            },
            "geometry": {
                "type": "Point",
                "coordinates": [
                    9.996595458,
                    50.892291669
                ]
            }
        },
        {
            "type": "Feature",
            "properties": {
                "name": "Obstacle"
            },
            "geometry": {
                "type": "Point",
                "coordinates": [
                    8.386907389,
                    50.736531222
                ]
            }
        },
        {
            "type": "Feature",
            "properties": {
                "name": "Obstacle"
            },
            "geometry": {
                "type": "Point",
                "coordinates": [
                    9.250256889,
                    50.328562583
                ]
            }
        },
        {
            "type": "Feature",
            "properties": {
                "name": "Obstacle"
            },
            "geometry": {
                "type": "Point",
                "coordinates": [
                    8.918258301,
                    51.454425862
                ]
            }
        },
        {
            "type": "Feature",
            "properties": {
                "name": "Obstacle"
            },
            "geometry": {
                "type": "Point",
                "coordinates": [
                    9.511597222,
                    51.188319444
                ]
            }
        },
        {
            "type": "Feature",
            "properties": {
                "name": "Obstacle"
            },
            "geometry": {
                "type": "Point",
                "coordinates": [
                    9.222996809,
                    50.559259351
                ]
            }
        },
        {
            "type": "Feature",
            "properties": {
                "name": "Obstacle"
            },
            "geometry": {
                "type": "Point",
                "coordinates": [
                    8.885783066,
                    51.371007354
                ]
            }
        },
        {
            "type": "Feature",
            "properties": {
                "name": "Obstacle"
            },
            "geometry": {
                "type": "Point",
                "coordinates": [
                    9.855021806,
                    50.897991083
                ]
            }
        },
        {
            "type": "Feature",
            "properties": {
                "name": "Obstacle"
            },
            "geometry": {
                "type": "Point",
                "coordinates": [
                    8.867863889,
                    51.373305556
                ]
            }
        },
        {
            "type": "Feature",
            "properties": {
                "name": "Obstacle"
            },
            "geometry": {
                "type": "Point",
                "coordinates": [
                    8.856947222,
                    51.323605556
                ]
            }
        },
        {
            "type": "Feature",
            "properties": {
                "name": "Obstacle"
            },
            "geometry": {
                "type": "Point",
                "coordinates": [
                    9.296063361,
                    50.463729556
                ]
            }
        },
        {
            "type": "Feature",
            "properties": {
                "name": "Obstacle"
            },
            "geometry": {
                "type": "Point",
                "coordinates": [
                    9.078399778,
                    49.749163278
                ]
            }
        },
        {
            "type": "Feature",
            "properties": {
                "name": "Obstacle"
            },
            "geometry": {
                "type": "Point",
                "coordinates": [
                    9.117072222,
                    49.750013889
                ]
            }
        },
        {
            "type": "Feature",
            "properties": {
                "name": "Obstacle"
            },
            "geometry": {
                "type": "Point",
                "coordinates": [
                    9.853206667,
                    50.799719722
                ]
            }
        },
        {
            "type": "Feature",
            "properties": {
                "name": "Obstacle"
            },
            "geometry": {
                "type": "Point",
                "coordinates": [
                    9.286797167,
                    50.353892556
                ]
            }
        },
        {
            "type": "Feature",
            "properties": {
                "name": "Obstacle"
            },
            "geometry": {
                "type": "Point",
                "coordinates": [
                    8.866208333,
                    51.375397222
                ]
            }
        },
        {
            "type": "Feature",
            "properties": {
                "name": "Obstacle"
            },
            "geometry": {
                "type": "Point",
                "coordinates": [
                    8.920762222,
                    51.439099889
                ]
            }
        },
        {
            "type": "Feature",
            "properties": {
                "name": "Obstacle"
            },
            "geometry": {
                "type": "Point",
                "coordinates": [
                    9.571541056,
                    50.382632944
                ]
            }
        },
        {
            "type": "Feature",
            "properties": {
                "name": "Obstacle"
            },
            "geometry": {
                "type": "Point",
                "coordinates": [
                    9.599344944,
                    50.387689056
                ]
            }
        },
        {
            "type": "Feature",
            "properties": {
                "name": "Obstacle"
            },
            "geometry": {
                "type": "Point",
                "coordinates": [
                    9.384973639,
                    50.392076278
                ]
            }
        },
        {
            "type": "Feature",
            "properties": {
                "name": "Obstacle"
            },
            "geometry": {
                "type": "Point",
                "coordinates": [
                    8.855277778,
                    51.336666667
                ]
            }
        },
        {
            "type": "Feature",
            "properties": {
                "name": "Obstacle"
            },
            "geometry": {
                "type": "Point",
                "coordinates": [
                    8.863621111,
                    50.187332444
                ]
            }
        },
        {
            "type": "Feature",
            "properties": {
                "name": "Obstacle"
            },
            "geometry": {
                "type": "Point",
                "coordinates": [
                    8.88246625,
                    50.205909472
                ]
            }
        },
        {
            "type": "Feature",
            "properties": {
                "name": "Obstacle"
            },
            "geometry": {
                "type": "Point",
                "coordinates": [
                    9.073336778,
                    50.859261611
                ]
            }
        },
        {
            "type": "Feature",
            "properties": {
                "name": "Obstacle"
            },
            "geometry": {
                "type": "Point",
                "coordinates": [
                    8.936997889,
                    50.691486222
                ]
            }
        },
        {
            "type": "Feature",
            "properties": {
                "name": "Obstacle"
            },
            "geometry": {
                "type": "Point",
                "coordinates": [
                    8.313472222,
                    50.4
                ]
            }
        },
        {
            "type": "Feature",
            "properties": {
                "name": "Obstacle"
            },
            "geometry": {
                "type": "Point",
                "coordinates": [
                    9.251566611,
                    50.609929472
                ]
            }
        },
        {
            "type": "Feature",
            "properties": {
                "name": "Obstacle"
            },
            "geometry": {
                "type": "Point",
                "coordinates": [
                    8.920472583,
                    51.436018583
                ]
            }
        },
        {
            "type": "Feature",
            "properties": {
                "name": "Obstacle"
            },
            "geometry": {
                "type": "Point",
                "coordinates": [
                    8.419017528,
                    50.869620139
                ]
            }
        },
        {
            "type": "Feature",
            "properties": {
                "name": "Obstacle"
            },
            "geometry": {
                "type": "Point",
                "coordinates": [
                    9.145719639,
                    50.626249722
                ]
            }
        },
        {
            "type": "Feature",
            "properties": {
                "name": "Obstacle"
            },
            "geometry": {
                "type": "Point",
                "coordinates": [
                    8.928648944,
                    51.430747722
                ]
            }
        },
        {
            "type": "Feature",
            "properties": {
                "name": "Obstacle"
            },
            "geometry": {
                "type": "Point",
                "coordinates": [
                    8.816799083,
                    51.379043278
                ]
            }
        },
        {
            "type": "Feature",
            "properties": {
                "name": "Obstacle"
            },
            "geometry": {
                "type": "Point",
                "coordinates": [
                    9.042540722,
                    50.846912194
                ]
            }
        },
        {
            "type": "Feature",
            "properties": {
                "name": "Obstacle"
            },
            "geometry": {
                "type": "Point",
                "coordinates": [
                    9.183641194,
                    50.595197028
                ]
            }
        },
        {
            "type": "Feature",
            "properties": {
                "name": "Obstacle"
            },
            "geometry": {
                "type": "Point",
                "coordinates": [
                    8.503205556,
                    50.639291667
                ]
            }
        },
        {
            "type": "Feature",
            "properties": {
                "name": "Obstacle"
            },
            "geometry": {
                "type": "Point",
                "coordinates": [
                    8.851147778,
                    51.319004389
                ]
            }
        },
        {
            "type": "Feature",
            "properties": {
                "name": "Obstacle"
            },
            "geometry": {
                "type": "Point",
                "coordinates": [
                    9.262045694,
                    50.599163833
                ]
            }
        },
        {
            "type": "Feature",
            "properties": {
                "name": "Obstacle"
            },
            "geometry": {
                "type": "Point",
                "coordinates": [
                    8.386222222,
                    50.096722222
                ]
            }
        },
        {
            "type": "Feature",
            "properties": {
                "name": "Obstacle"
            },
            "geometry": {
                "type": "Point",
                "coordinates": [
                    9.227529889,
                    50.245523694
                ]
            }
        },
        {
            "type": "Feature",
            "properties": {
                "name": "Obstacle"
            },
            "geometry": {
                "type": "Point",
                "coordinates": [
                    9.246774083,
                    50.25280225
                ]
            }
        },
        {
            "type": "Feature",
            "properties": {
                "name": "Obstacle"
            },
            "geometry": {
                "type": "Point",
                "coordinates": [
                    9.205861111,
                    50.805111111
                ]
            }
        },
        {
            "type": "Feature",
            "properties": {
                "name": "Obstacle"
            },
            "geometry": {
                "type": "Point",
                "coordinates": [
                    8.156572222,
                    50.595511111
                ]
            }
        },
        {
            "type": "Feature",
            "properties": {
                "name": "Obstacle"
            },
            "geometry": {
                "type": "Point",
                "coordinates": [
                    8.99865,
                    50.853683333
                ]
            }
        },
        {
            "type": "Feature",
            "properties": {
                "name": "Obstacle"
            },
            "geometry": {
                "type": "Point",
                "coordinates": [
                    8.995153611,
                    51.256142972
                ]
            }
        },
        {
            "type": "Feature",
            "properties": {
                "name": "Obstacle"
            },
            "geometry": {
                "type": "Point",
                "coordinates": [
                    8.956102778,
                    50.852388889
                ]
            }
        },
        {
            "type": "Feature",
            "properties": {
                "name": "Obstacle"
            },
            "geometry": {
                "type": "Point",
                "coordinates": [
                    9.518425389,
                    51.241934583
                ]
            }
        },
        {
            "type": "Feature",
            "properties": {
                "name": "Obstacle"
            },
            "geometry": {
                "type": "Point",
                "coordinates": [
                    8.949022222,
                    49.641391667
                ]
            }
        },
        {
            "type": "Feature",
            "properties": {
                "name": "Obstacle"
            },
            "geometry": {
                "type": "Point",
                "coordinates": [
                    9.337583333,
                    50.27075
                ]
            }
        },
        {
            "type": "Feature",
            "properties": {
                "name": "Obstacle"
            },
            "geometry": {
                "type": "Point",
                "coordinates": [
                    8.346019,
                    50.305554
                ]
            }
        },
        {
            "type": "Feature",
            "properties": {
                "name": "Obstacle"
            },
            "geometry": {
                "type": "Point",
                "coordinates": [
                    8.379472806,
                    50.312806333
                ]
            }
        },
        {
            "type": "Feature",
            "properties": {
                "name": "Obstacle"
            },
            "geometry": {
                "type": "Point",
                "coordinates": [
                    9.307179139,
                    51.299516083
                ]
            }
        },
        {
            "type": "Feature",
            "properties": {
                "name": "Obstacle"
            },
            "geometry": {
                "type": "Point",
                "coordinates": [
                    9.688930028,
                    50.905344944
                ]
            }
        },
        {
            "type": "Feature",
            "properties": {
                "name": "Obstacle"
            },
            "geometry": {
                "type": "Point",
                "coordinates": [
                    9.533555556,
                    50.737027778
                ]
            }
        },
        {
            "type": "Feature",
            "properties": {
                "name": "Obstacle"
            },
            "geometry": {
                "type": "Point",
                "coordinates": [
                    9.405408333,
                    50.444597222
                ]
            }
        },
        {
            "type": "Feature",
            "properties": {
                "name": "Obstacle"
            },
            "geometry": {
                "type": "Point",
                "coordinates": [
                    9.853080556,
                    51.090858333
                ]
            }
        },
        {
            "type": "Feature",
            "properties": {
                "name": "Obstacle"
            },
            "geometry": {
                "type": "Point",
                "coordinates": [
                    8.148611111,
                    50.585277778
                ]
            }
        },
        {
            "type": "Feature",
            "properties": {
                "name": "Obstacle"
            },
            "geometry": {
                "type": "Point",
                "coordinates": [
                    7.958233333,
                    50.203372222
                ]
            }
        },
        {
            "type": "Feature",
            "properties": {
                "name": "Obstacle"
            },
            "geometry": {
                "type": "Point",
                "coordinates": [
                    8.406981917,
                    50.820547722
                ]
            }
        },
        {
            "type": "Feature",
            "properties": {
                "name": "Obstacle"
            },
            "geometry": {
                "type": "Point",
                "coordinates": [
                    8.929547361,
                    50.656957028
                ]
            }
        },
        {
            "type": "Feature",
            "properties": {
                "name": "Obstacle"
            },
            "geometry": {
                "type": "Point",
                "coordinates": [
                    8.498611111,
                    50.738055556
                ]
            }
        },
        {
            "type": "Feature",
            "properties": {
                "name": "Obstacle"
            },
            "geometry": {
                "type": "Point",
                "coordinates": [
                    9.475847167,
                    50.388879944
                ]
            }
        },
        {
            "type": "Feature",
            "properties": {
                "name": "Obstacle"
            },
            "geometry": {
                "type": "Point",
                "coordinates": [
                    9.221572222,
                    51.286466667
                ]
            }
        },
        {
            "type": "Feature",
            "properties": {
                "name": "Obstacle"
            },
            "geometry": {
                "type": "Point",
                "coordinates": [
                    8.906594556,
                    50.745587167
                ]
            }
        },
        {
            "type": "Feature",
            "properties": {
                "name": "Obstacle"
            },
            "geometry": {
                "type": "Point",
                "coordinates": [
                    7.980105,
                    50.41049
                ]
            }
        },
        {
            "type": "Feature",
            "properties": {
                "name": "Obstacle"
            },
            "geometry": {
                "type": "Point",
                "coordinates": [
                    9.555360167,
                    50.96928425
                ]
            }
        },
        {
            "type": "Feature",
            "properties": {
                "name": "Obstacle"
            },
            "geometry": {
                "type": "Point",
                "coordinates": [
                    9.635747222,
                    50.338825
                ]
            }
        },
        {
            "type": "Feature",
            "properties": {
                "name": "Obstacle"
            },
            "geometry": {
                "type": "Point",
                "coordinates": [
                    8.976163806,
                    51.348906111
                ]
            }
        },
        {
            "type": "Feature",
            "properties": {
                "name": "Obstacle"
            },
            "geometry": {
                "type": "Point",
                "coordinates": [
                    8.134894444,
                    50.315283333
                ]
            }
        },
        {
            "type": "Feature",
            "properties": {
                "name": "Obstacle"
            },
            "geometry": {
                "type": "Point",
                "coordinates": [
                    8.233947222,
                    50.291319444
                ]
            }
        },
        {
            "type": "Feature",
            "properties": {
                "name": "Obstacle"
            },
            "geometry": {
                "type": "Point",
                "coordinates": [
                    9.663333333,
                    51.244166667
                ]
            }
        },
        {
            "type": "Feature",
            "properties": {
                "name": "Obstacle"
            },
            "geometry": {
                "type": "Point",
                "coordinates": [
                    8.509838889,
                    50.876491667
                ]
            }
        },
        {
            "type": "Feature",
            "properties": {
                "name": "Obstacle"
            },
            "geometry": {
                "type": "Point",
                "coordinates": [
                    9.431391667,
                    50.78395
                ]
            }
        },
        {
            "type": "Feature",
            "properties": {
                "name": "Obstacle"
            },
            "geometry": {
                "type": "Point",
                "coordinates": [
                    9.767733333,
                    51.305733333
                ]
            }
        },
        {
            "type": "Feature",
            "properties": {
                "name": "Obstacle"
            },
            "geometry": {
                "type": "Point",
                "coordinates": [
                    9.771997222,
                    51.288372222
                ]
            }
        },
        {
            "type": "Feature",
            "properties": {
                "name": "Obstacle"
            },
            "geometry": {
                "type": "Point",
                "coordinates": [
                    8.494027778,
                    50.888622222
                ]
            }
        },
        {
            "type": "Feature",
            "properties": {
                "name": "Obstacle"
            },
            "geometry": {
                "type": "Point",
                "coordinates": [
                    9.753297222,
                    50.774533333
                ]
            }
        },
        {
            "type": "Feature",
            "properties": {
                "name": "Obstacle"
            },
            "geometry": {
                "type": "Point",
                "coordinates": [
                    9.014455,
                    50.967141
                ]
            }
        },
        {
            "type": "Feature",
            "properties": {
                "name": "Obstacle"
            },
            "geometry": {
                "type": "Point",
                "coordinates": [
                    9.113333333,
                    50.787222222
                ]
            }
        },
        {
            "type": "Feature",
            "properties": {
                "name": "Obstacle"
            },
            "geometry": {
                "type": "Point",
                "coordinates": [
                    8.843752778,
                    49.454219444
                ]
            }
        },
        {
            "type": "Feature",
            "properties": {
                "name": "Obstacle"
            },
            "geometry": {
                "type": "Point",
                "coordinates": [
                    9.312125,
                    50.808058333
                ]
            }
        },
        {
            "type": "Feature",
            "properties": {
                "name": "Obstacle"
            },
            "geometry": {
                "type": "Point",
                "coordinates": [
                    9.366999,
                    50.786729
                ]
            }
        },
        {
            "type": "Feature",
            "properties": {
                "name": "Obstacle"
            },
            "geometry": {
                "type": "Point",
                "coordinates": [
                    9.733788889,
                    51.281730556
                ]
            }
        },
        {
            "type": "Feature",
            "properties": {
                "name": "Obstacle"
            },
            "geometry": {
                "type": "Point",
                "coordinates": [
                    9.245719556,
                    50.309315778
                ]
            }
        },
        {
            "type": "Feature",
            "properties": {
                "name": "Obstacle"
            },
            "geometry": {
                "type": "Point",
                "coordinates": [
                    9.49231,
                    51.106478
                ]
            }
        },
        {
            "type": "Feature",
            "properties": {
                "name": "Obstacle"
            },
            "geometry": {
                "type": "Point",
                "coordinates": [
                    8.894847444,
                    50.864381111
                ]
            }
        },
        {
            "type": "Feature",
            "properties": {
                "name": "Obstacle"
            },
            "geometry": {
                "type": "Point",
                "coordinates": [
                    9.223861,
                    50.733719
                ]
            }
        },
        {
            "type": "Feature",
            "properties": {
                "name": "Obstacle"
            },
            "geometry": {
                "type": "Point",
                "coordinates": [
                    8.474413,
                    50.625813
                ]
            }
        },
        {
            "type": "Feature",
            "properties": {
                "name": "Obstacle"
            },
            "geometry": {
                "type": "Point",
                "coordinates": [
                    8.750825,
                    50.694255556
                ]
            }
        },
        {
            "type": "Feature",
            "properties": {
                "name": "Obstacle"
            },
            "geometry": {
                "type": "Point",
                "coordinates": [
                    8.515166667,
                    50.794611111
                ]
            }
        },
        {
            "type": "Feature",
            "properties": {
                "name": "Obstacle"
            },
            "geometry": {
                "type": "Point",
                "coordinates": [
                    9.137105556,
                    50.81855
                ]
            }
        },
        {
            "type": "Feature",
            "properties": {
                "name": "Obstacle"
            },
            "geometry": {
                "type": "Point",
                "coordinates": [
                    8.326130556,
                    50.328097222
                ]
            }
        },
        {
            "type": "Feature",
            "properties": {
                "name": "Obstacle"
            },
            "geometry": {
                "type": "Point",
                "coordinates": [
                    9.540352778,
                    50.756811111
                ]
            }
        },
        {
            "type": "Feature",
            "properties": {
                "name": "Obstacle"
            },
            "geometry": {
                "type": "Point",
                "coordinates": [
                    9.345038889,
                    51.568872222
                ]
            }
        },
        {
            "type": "Feature",
            "properties": {
                "name": "Obstacle"
            },
            "geometry": {
                "type": "Point",
                "coordinates": [
                    9.746886111,
                    50.790811111
                ]
            }
        },
        {
            "type": "Feature",
            "properties": {
                "name": "Obstacle"
            },
            "geometry": {
                "type": "Point",
                "coordinates": [
                    9.310058333,
                    50.727180556
                ]
            }
        },
        {
            "type": "Feature",
            "properties": {
                "name": "Obstacle"
            },
            "geometry": {
                "type": "Point",
                "coordinates": [
                    9.478725,
                    50.435938889
                ]
            }
        },
        {
            "type": "Feature",
            "properties": {
                "name": "Obstacle"
            },
            "geometry": {
                "type": "Point",
                "coordinates": [
                    8.946963889,
                    49.592994444
                ]
            }
        },
        {
            "type": "Feature",
            "properties": {
                "name": "Obstacle"
            },
            "geometry": {
                "type": "Point",
                "coordinates": [
                    9.224422222,
                    50.806577778
                ]
            }
        },
        {
            "type": "Feature",
            "properties": {
                "name": "Obstacle"
            },
            "geometry": {
                "type": "Point",
                "coordinates": [
                    9.084111111,
                    51.323944444
                ]
            }
        },
        {
            "type": "Feature",
            "properties": {
                "name": "Obstacle"
            },
            "geometry": {
                "type": "Point",
                "coordinates": [
                    9.719688889,
                    50.368041667
                ]
            }
        },
        {
            "type": "Feature",
            "properties": {
                "name": "Obstacle"
            },
            "geometry": {
                "type": "Point",
                "coordinates": [
                    8.724576667,
                    49.811103056
                ]
            }
        },
        {
            "type": "Feature",
            "properties": {
                "name": "Obstacle"
            },
            "geometry": {
                "type": "Point",
                "coordinates": [
                    8.979472222,
                    51.257761111
                ]
            }
        },
        {
            "type": "Feature",
            "properties": {
                "name": "Obstacle"
            },
            "geometry": {
                "type": "Point",
                "coordinates": [
                    9.760730556,
                    51.292072222
                ]
            }
        },
        {
            "type": "Feature",
            "properties": {
                "name": "Obstacle"
            },
            "geometry": {
                "type": "Point",
                "coordinates": [
                    9.672170278,
                    50.722967528
                ]
            }
        },
        {
            "type": "Feature",
            "properties": {
                "name": "Obstacle"
            },
            "geometry": {
                "type": "Point",
                "coordinates": [
                    9.924611,
                    50.875146
                ]
            }
        },
        {
            "type": "Feature",
            "properties": {
                "name": "Obstacle"
            },
            "geometry": {
                "type": "Point",
                "coordinates": [
                    9.484196278,
                    50.346244667
                ]
            }
        },
        {
            "type": "Feature",
            "properties": {
                "name": "Obstacle"
            },
            "geometry": {
                "type": "Point",
                "coordinates": [
                    8.771428,
                    50.691621
                ]
            }
        },
        {
            "type": "Feature",
            "properties": {
                "name": "Obstacle"
            },
            "geometry": {
                "type": "Point",
                "coordinates": [
                    9.581389139,
                    50.363876472
                ]
            }
        },
        {
            "type": "Feature",
            "properties": {
                "name": "Obstacle"
            },
            "geometry": {
                "type": "Point",
                "coordinates": [
                    7.97185,
                    50.132616667
                ]
            }
        },
        {
            "type": "Feature",
            "properties": {
                "name": "Obstacle"
            },
            "geometry": {
                "type": "Point",
                "coordinates": [
                    9.384075,
                    50.699380556
                ]
            }
        },
        {
            "type": "Feature",
            "properties": {
                "name": "Obstacle"
            },
            "geometry": {
                "type": "Point",
                "coordinates": [
                    9.000086,
                    51.404613
                ]
            }
        },
        {
            "type": "Feature",
            "properties": {
                "name": "Obstacle"
            },
            "geometry": {
                "type": "Point",
                "coordinates": [
                    9.067141667,
                    51.258780556
                ]
            }
        },
        {
            "type": "Feature",
            "properties": {
                "name": "Obstacle"
            },
            "geometry": {
                "type": "Point",
                "coordinates": [
                    9.922248056,
                    50.922866944
                ]
            }
        },
        {
            "type": "Feature",
            "properties": {
                "name": "Obstacle"
            },
            "geometry": {
                "type": "Point",
                "coordinates": [
                    9.7379,
                    51.049367
                ]
            }
        },
        {
            "type": "Feature",
            "properties": {
                "name": "Obstacle"
            },
            "geometry": {
                "type": "Point",
                "coordinates": [
                    9.103679472,
                    51.300836389
                ]
            }
        },
        {
            "type": "Feature",
            "properties": {
                "name": "Obstacle"
            },
            "geometry": {
                "type": "Point",
                "coordinates": [
                    9.012316222,
                    51.2806675
                ]
            }
        },
        {
            "type": "Feature",
            "properties": {
                "name": "Obstacle"
            },
            "geometry": {
                "type": "Point",
                "coordinates": [
                    8.923047222,
                    51.290183333
                ]
            }
        },
        {
            "type": "Feature",
            "properties": {
                "name": "Obstacle"
            },
            "geometry": {
                "type": "Point",
                "coordinates": [
                    9.334861111,
                    51.011388889
                ]
            }
        },
        {
            "type": "Feature",
            "properties": {
                "name": "Obstacle"
            },
            "geometry": {
                "type": "Point",
                "coordinates": [
                    8.674444444,
                    50.954722222
                ]
            }
        },
        {
            "type": "Feature",
            "properties": {
                "name": "Obstacle"
            },
            "geometry": {
                "type": "Point",
                "coordinates": [
                    8.403238889,
                    47.783505556
                ]
            }
        },
        {
            "type": "Feature",
            "properties": {
                "name": "Obstacle"
            },
            "geometry": {
                "type": "Point",
                "coordinates": [
                    8.862088889,
                    48.054902778
                ]
            }
        },
        {
            "type": "Feature",
            "properties": {
                "name": "Obstacle"
            },
            "geometry": {
                "type": "Point",
                "coordinates": [
                    8.4593208,
                    49.246710217
                ]
            }
        },
        {
            "type": "Feature",
            "properties": {
                "name": "Obstacle"
            },
            "geometry": {
                "type": "Point",
                "coordinates": [
                    8.585149704,
                    48.337923796
                ]
            }
        },
        {
            "type": "Feature",
            "properties": {
                "name": "Obstacle"
            },
            "geometry": {
                "type": "Point",
                "coordinates": [
                    8.373663889,
                    48.223455556
                ]
            }
        },
        {
            "type": "Feature",
            "properties": {
                "name": "Obstacle"
            },
            "geometry": {
                "type": "Point",
                "coordinates": [
                    9.398639032,
                    48.78538053
                ]
            }
        },
        {
            "type": "Feature",
            "properties": {
                "name": "Obstacle"
            },
            "geometry": {
                "type": "Point",
                "coordinates": [
                    9.404227156,
                    48.761951767
                ]
            }
        },
        {
            "type": "Feature",
            "properties": {
                "name": "Obstacle"
            },
            "geometry": {
                "type": "Point",
                "coordinates": [
                    8.562367222,
                    48.800094667
                ]
            }
        },
        {
            "type": "Feature",
            "properties": {
                "name": "Obstacle"
            },
            "geometry": {
                "type": "Point",
                "coordinates": [
                    8.921080556,
                    48.900938889
                ]
            }
        },
        {
            "type": "Feature",
            "properties": {
                "name": "Obstacle"
            },
            "geometry": {
                "type": "Point",
                "coordinates": [
                    9.060472222,
                    48.925991667
                ]
            }
        },
        {
            "type": "Feature",
            "properties": {
                "name": "Obstacle"
            },
            "geometry": {
                "type": "Point",
                "coordinates": [
                    8.753775,
                    53.071672222
                ]
            }
        },
        {
            "type": "Feature",
            "properties": {
                "name": "Obstacle"
            },
            "geometry": {
                "type": "Point",
                "coordinates": [
                    10.08932325,
                    53.450686429
                ]
            }
        },
        {
            "type": "Feature",
            "properties": {
                "name": "Obstacle"
            },
            "geometry": {
                "type": "Point",
                "coordinates": [
                    8.618719444,
                    49.948044167
                ]
            }
        },
        {
            "type": "Feature",
            "properties": {
                "name": "Obstacle"
            },
            "geometry": {
                "type": "Point",
                "coordinates": [
                    8.65853,
                    49.941555556
                ]
            }
        },
        {
            "type": "Feature",
            "properties": {
                "name": "Obstacle"
            },
            "geometry": {
                "type": "Point",
                "coordinates": [
                    8.699003611,
                    49.943396111
                ]
            }
        },
        {
            "type": "Feature",
            "properties": {
                "name": "Obstacle"
            },
            "geometry": {
                "type": "Point",
                "coordinates": [
                    8.739967222,
                    49.948415
                ]
            }
        },
        {
            "type": "Feature",
            "properties": {
                "name": "Obstacle"
            },
            "geometry": {
                "type": "Point",
                "coordinates": [
                    8.776145278,
                    49.961764722
                ]
            }
        },
        {
            "type": "Feature",
            "properties": {
                "name": "Obstacle"
            },
            "geometry": {
                "type": "Point",
                "coordinates": [
                    10.082101388,
                    53.447075844
                ]
            }
        },
        {
            "type": "Feature",
            "properties": {
                "name": "Obstacle"
            },
            "geometry": {
                "type": "Point",
                "coordinates": [
                    8.403211554,
                    49.606671423
                ]
            }
        },
        {
            "type": "Feature",
            "properties": {
                "name": "Obstacle"
            },
            "geometry": {
                "type": "Point",
                "coordinates": [
                    6.708718963,
                    51.524235195
                ]
            }
        },
        {
            "type": "Feature",
            "properties": {
                "name": "Obstacle"
            },
            "geometry": {
                "type": "Point",
                "coordinates": [
                    11.129093194,
                    50.985496583
                ]
            }
        },
        {
            "type": "Feature",
            "properties": {
                "name": "Obstacle"
            },
            "geometry": {
                "type": "Point",
                "coordinates": [
                    11.139272111,
                    50.964429583
                ]
            }
        },
        {
            "type": "Feature",
            "properties": {
                "name": "Obstacle"
            },
            "geometry": {
                "type": "Point",
                "coordinates": [
                    11.140214333,
                    50.940856889
                ]
            }
        },
        {
            "type": "Feature",
            "properties": {
                "name": "Obstacle"
            },
            "geometry": {
                "type": "Point",
                "coordinates": [
                    11.137516611,
                    50.921958583
                ]
            }
        },
        {
            "type": "Feature",
            "properties": {
                "name": "Obstacle"
            },
            "geometry": {
                "type": "Point",
                "coordinates": [
                    11.117711194,
                    50.901212806
                ]
            }
        },
        {
            "type": "Feature",
            "properties": {
                "name": "Obstacle"
            },
            "geometry": {
                "type": "Point",
                "coordinates": [
                    11.104369333,
                    50.884840167
                ]
            }
        },
        {
            "type": "Feature",
            "properties": {
                "name": "Obstacle"
            },
            "geometry": {
                "type": "Point",
                "coordinates": [
                    11.073932306,
                    50.882814944
                ]
            }
        },
        {
            "type": "Feature",
            "properties": {
                "name": "Obstacle"
            },
            "geometry": {
                "type": "Point",
                "coordinates": [
                    11.033173694,
                    50.871755222
                ]
            }
        },
        {
            "type": "Feature",
            "properties": {
                "name": "Obstacle"
            },
            "geometry": {
                "type": "Point",
                "coordinates": [
                    11.008359444,
                    50.8571835
                ]
            }
        },
        {
            "type": "Feature",
            "properties": {
                "name": "Obstacle"
            },
            "geometry": {
                "type": "Point",
                "coordinates": [
                    11.010635917,
                    50.830319833
                ]
            }
        },
        {
            "type": "Feature",
            "properties": {
                "name": "Obstacle"
            },
            "geometry": {
                "type": "Point",
                "coordinates": [
                    10.983398027,
                    50.631362766
                ]
            }
        },
        {
            "type": "Feature",
            "properties": {
                "name": "Obstacle"
            },
            "geometry": {
                "type": "Point",
                "coordinates": [
                    10.996980556,
                    50.549061111
                ]
            }
        },
        {
            "type": "Feature",
            "properties": {
                "name": "Obstacle"
            },
            "geometry": {
                "type": "Point",
                "coordinates": [
                    10.996947222,
                    50.529730556
                ]
            }
        },
        {
            "type": "Feature",
            "properties": {
                "name": "Obstacle"
            },
            "geometry": {
                "type": "Point",
                "coordinates": [
                    10.997866667,
                    50.505975
                ]
            }
        },
        {
            "type": "Feature",
            "properties": {
                "name": "Obstacle"
            },
            "geometry": {
                "type": "Point",
                "coordinates": [
                    11.003211111,
                    50.485344444
                ]
            }
        },
        {
            "type": "Feature",
            "properties": {
                "name": "Obstacle"
            },
            "geometry": {
                "type": "Point",
                "coordinates": [
                    11.003036111,
                    50.467472222
                ]
            }
        },
        {
            "type": "Feature",
            "properties": {
                "name": "Obstacle"
            },
            "geometry": {
                "type": "Point",
                "coordinates": [
                    11.018158333,
                    50.445452778
                ]
            }
        },
        {
            "type": "Feature",
            "properties": {
                "name": "Obstacle"
            },
            "geometry": {
                "type": "Point",
                "coordinates": [
                    11.276813887,
                    47.996163025
                ]
            }
        },
        {
            "type": "Feature",
            "properties": {
                "name": "Obstacle"
            },
            "geometry": {
                "type": "Point",
                "coordinates": [
                    11.291776284,
                    48.017835948
                ]
            }
        },
        {
            "type": "Feature",
            "properties": {
                "name": "Obstacle"
            },
            "geometry": {
                "type": "Point",
                "coordinates": [
                    11.307976242,
                    48.038191415
                ]
            }
        },
        {
            "type": "Feature",
            "properties": {
                "name": "Obstacle"
            },
            "geometry": {
                "type": "Point",
                "coordinates": [
                    6.727825639,
                    51.379414111
                ]
            }
        },
        {
            "type": "Feature",
            "properties": {
                "name": "Obstacle"
            },
            "geometry": {
                "type": "Point",
                "coordinates": [
                    9.250570444,
                    49.219453167
                ]
            }
        },
        {
            "type": "Feature",
            "properties": {
                "name": "Obstacle"
            },
            "geometry": {
                "type": "Point",
                "coordinates": [
                    9.138371889,
                    48.685868
                ]
            }
        },
        {
            "type": "Feature",
            "properties": {
                "name": "Obstacle"
            },
            "geometry": {
                "type": "Point",
                "coordinates": [
                    9.397847861,
                    48.867057083
                ]
            }
        },
        {
            "type": "Feature",
            "properties": {
                "name": "Obstacle"
            },
            "geometry": {
                "type": "Point",
                "coordinates": [
                    6.8717515,
                    51.114001611
                ]
            }
        },
        {
            "type": "Feature",
            "properties": {
                "name": "Obstacle"
            },
            "geometry": {
                "type": "Point",
                "coordinates": [
                    12.3111675,
                    54.136251111
                ]
            }
        },
        {
            "type": "Feature",
            "properties": {
                "name": "Obstacle"
            },
            "geometry": {
                "type": "Point",
                "coordinates": [
                    11.909636111,
                    53.413494444
                ]
            }
        },
        {
            "type": "Feature",
            "properties": {
                "name": "Obstacle"
            },
            "geometry": {
                "type": "Point",
                "coordinates": [
                    14.030319444,
                    53.508438889
                ]
            }
        },
        {
            "type": "Feature",
            "properties": {
                "name": "Obstacle"
            },
            "geometry": {
                "type": "Point",
                "coordinates": [
                    12.488262778,
                    54.212902778
                ]
            }
        },
        {
            "type": "Feature",
            "properties": {
                "name": "Obstacle"
            },
            "geometry": {
                "type": "Point",
                "coordinates": [
                    12.503978056,
                    54.215540833
                ]
            }
        },
        {
            "type": "Feature",
            "properties": {
                "name": "Obstacle"
            },
            "geometry": {
                "type": "Point",
                "coordinates": [
                    13.168472222,
                    54.175375
                ]
            }
        },
        {
            "type": "Feature",
            "properties": {
                "name": "Obstacle"
            },
            "geometry": {
                "type": "Point",
                "coordinates": [
                    13.165276111,
                    54.201424861
                ]
            }
        },
        {
            "type": "Feature",
            "properties": {
                "name": "Obstacle"
            },
            "geometry": {
                "type": "Point",
                "coordinates": [
                    12.113806656,
                    53.855875491
                ]
            }
        },
        {
            "type": "Feature",
            "properties": {
                "name": "Obstacle"
            },
            "geometry": {
                "type": "Point",
                "coordinates": [
                    11.898059472,
                    53.621366998
                ]
            }
        },
        {
            "type": "Feature",
            "properties": {
                "name": "Obstacle"
            },
            "geometry": {
                "type": "Point",
                "coordinates": [
                    11.90460406,
                    53.61723658
                ]
            }
        },
        {
            "type": "Feature",
            "properties": {
                "name": "Obstacle"
            },
            "geometry": {
                "type": "Point",
                "coordinates": [
                    13.622265833,
                    53.78776
                ]
            }
        },
        {
            "type": "Feature",
            "properties": {
                "name": "Obstacle"
            },
            "geometry": {
                "type": "Point",
                "coordinates": [
                    13.602814167,
                    53.777970556
                ]
            }
        },
        {
            "type": "Feature",
            "properties": {
                "name": "Obstacle"
            },
            "geometry": {
                "type": "Point",
                "coordinates": [
                    13.530816194,
                    53.651509394
                ]
            }
        },
        {
            "type": "Feature",
            "properties": {
                "name": "Obstacle"
            },
            "geometry": {
                "type": "Point",
                "coordinates": [
                    11.894294722,
                    53.968731667
                ]
            }
        },
        {
            "type": "Feature",
            "properties": {
                "name": "Obstacle"
            },
            "geometry": {
                "type": "Point",
                "coordinates": [
                    13.572530694,
                    53.647333944
                ]
            }
        },
        {
            "type": "Feature",
            "properties": {
                "name": "Obstacle"
            },
            "geometry": {
                "type": "Point",
                "coordinates": [
                    13.576333333,
                    53.646333333
                ]
            }
        },
        {
            "type": "Feature",
            "properties": {
                "name": "Obstacle"
            },
            "geometry": {
                "type": "Point",
                "coordinates": [
                    13.129166667,
                    53.904722222
                ]
            }
        },
        {
            "type": "Feature",
            "properties": {
                "name": "Obstacle"
            },
            "geometry": {
                "type": "Point",
                "coordinates": [
                    13.186875,
                    54.165333333
                ]
            }
        },
        {
            "type": "Feature",
            "properties": {
                "name": "Obstacle"
            },
            "geometry": {
                "type": "Point",
                "coordinates": [
                    12.236030278,
                    54.120641944
                ]
            }
        },
        {
            "type": "Feature",
            "properties": {
                "name": "Obstacle"
            },
            "geometry": {
                "type": "Point",
                "coordinates": [
                    12.627996944,
                    54.280690278
                ]
            }
        },
        {
            "type": "Feature",
            "properties": {
                "name": "Obstacle"
            },
            "geometry": {
                "type": "Point",
                "coordinates": [
                    12.636764722,
                    54.27368
                ]
            }
        },
        {
            "type": "Feature",
            "properties": {
                "name": "Obstacle"
            },
            "geometry": {
                "type": "Point",
                "coordinates": [
                    11.845121944,
                    53.505175056
                ]
            }
        },
        {
            "type": "Feature",
            "properties": {
                "name": "Obstacle"
            },
            "geometry": {
                "type": "Point",
                "coordinates": [
                    11.861666667,
                    53.951916667
                ]
            }
        },
        {
            "type": "Feature",
            "properties": {
                "name": "Obstacle"
            },
            "geometry": {
                "type": "Point",
                "coordinates": [
                    13.333894444,
                    53.713275
                ]
            }
        },
        {
            "type": "Feature",
            "properties": {
                "name": "Obstacle"
            },
            "geometry": {
                "type": "Point",
                "coordinates": [
                    13.322891667,
                    53.725066667
                ]
            }
        },
        {
            "type": "Feature",
            "properties": {
                "name": "Obstacle"
            },
            "geometry": {
                "type": "Point",
                "coordinates": [
                    13.323947222,
                    53.730944444
                ]
            }
        },
        {
            "type": "Feature",
            "properties": {
                "name": "Obstacle"
            },
            "geometry": {
                "type": "Point",
                "coordinates": [
                    13.339003,
                    53.71704875
                ]
            }
        },
        {
            "type": "Feature",
            "properties": {
                "name": "Obstacle"
            },
            "geometry": {
                "type": "Point",
                "coordinates": [
                    13.313142917,
                    53.997690472
                ]
            }
        },
        {
            "type": "Feature",
            "properties": {
                "name": "Obstacle"
            },
            "geometry": {
                "type": "Point",
                "coordinates": [
                    13.206416806,
                    53.701290222
                ]
            }
        },
        {
            "type": "Feature",
            "properties": {
                "name": "Obstacle"
            },
            "geometry": {
                "type": "Point",
                "coordinates": [
                    13.220861389,
                    53.698790417
                ]
            }
        },
        {
            "type": "Feature",
            "properties": {
                "name": "Obstacle"
            },
            "geometry": {
                "type": "Point",
                "coordinates": [
                    13.537681936,
                    53.61169415
                ]
            }
        },
        {
            "type": "Feature",
            "properties": {
                "name": "Obstacle"
            },
            "geometry": {
                "type": "Point",
                "coordinates": [
                    13.194749867,
                    53.707123139
                ]
            }
        },
        {
            "type": "Feature",
            "properties": {
                "name": "Obstacle"
            },
            "geometry": {
                "type": "Point",
                "coordinates": [
                    13.305159444,
                    53.706792222
                ]
            }
        },
        {
            "type": "Feature",
            "properties": {
                "name": "Obstacle"
            },
            "geometry": {
                "type": "Point",
                "coordinates": [
                    13.317321111,
                    53.702306111
                ]
            }
        },
        {
            "type": "Feature",
            "properties": {
                "name": "Obstacle"
            },
            "geometry": {
                "type": "Point",
                "coordinates": [
                    12.850759821,
                    54.122613124
                ]
            }
        },
        {
            "type": "Feature",
            "properties": {
                "name": "Obstacle"
            },
            "geometry": {
                "type": "Point",
                "coordinates": [
                    13.641262911,
                    53.918724872
                ]
            }
        },
        {
            "type": "Feature",
            "properties": {
                "name": "Obstacle"
            },
            "geometry": {
                "type": "Point",
                "coordinates": [
                    14.373371667,
                    53.329343833
                ]
            }
        },
        {
            "type": "Feature",
            "properties": {
                "name": "Obstacle"
            },
            "geometry": {
                "type": "Point",
                "coordinates": [
                    14.380167722,
                    53.323370417
                ]
            }
        },
        {
            "type": "Feature",
            "properties": {
                "name": "Obstacle"
            },
            "geometry": {
                "type": "Point",
                "coordinates": [
                    11.433105833,
                    53.485829722
                ]
            }
        },
        {
            "type": "Feature",
            "properties": {
                "name": "Obstacle"
            },
            "geometry": {
                "type": "Point",
                "coordinates": [
                    11.429541667,
                    53.498859444
                ]
            }
        },
        {
            "type": "Feature",
            "properties": {
                "name": "Obstacle"
            },
            "geometry": {
                "type": "Point",
                "coordinates": [
                    11.439097778,
                    53.495256667
                ]
            }
        },
        {
            "type": "Feature",
            "properties": {
                "name": "Obstacle"
            },
            "geometry": {
                "type": "Point",
                "coordinates": [
                    13.098888889,
                    54.029166667
                ]
            }
        },
        {
            "type": "Feature",
            "properties": {
                "name": "Obstacle"
            },
            "geometry": {
                "type": "Point",
                "coordinates": [
                    11.84055225,
                    53.4941225
                ]
            }
        },
        {
            "type": "Feature",
            "properties": {
                "name": "Obstacle"
            },
            "geometry": {
                "type": "Point",
                "coordinates": [
                    13.125070694,
                    53.907114972
                ]
            }
        },
        {
            "type": "Feature",
            "properties": {
                "name": "Obstacle"
            },
            "geometry": {
                "type": "Point",
                "coordinates": [
                    13.550838694,
                    53.834806139
                ]
            }
        },
        {
            "type": "Feature",
            "properties": {
                "name": "Obstacle"
            },
            "geometry": {
                "type": "Point",
                "coordinates": [
                    12.977861111,
                    54.093083333
                ]
            }
        },
        {
            "type": "Feature",
            "properties": {
                "name": "Obstacle"
            },
            "geometry": {
                "type": "Point",
                "coordinates": [
                    10.875555556,
                    53.876388889
                ]
            }
        },
        {
            "type": "Feature",
            "properties": {
                "name": "Obstacle"
            },
            "geometry": {
                "type": "Point",
                "coordinates": [
                    10.906166667,
                    53.876061111
                ]
            }
        },
        {
            "type": "Feature",
            "properties": {
                "name": "Obstacle"
            },
            "geometry": {
                "type": "Point",
                "coordinates": [
                    14.034846111,
                    53.433738556
                ]
            }
        },
        {
            "type": "Feature",
            "properties": {
                "name": "Obstacle"
            },
            "geometry": {
                "type": "Point",
                "coordinates": [
                    11.816344444,
                    53.544308333
                ]
            }
        },
        {
            "type": "Feature",
            "properties": {
                "name": "Obstacle"
            },
            "geometry": {
                "type": "Point",
                "coordinates": [
                    11.813794444,
                    53.546505556
                ]
            }
        },
        {
            "type": "Feature",
            "properties": {
                "name": "Obstacle"
            },
            "geometry": {
                "type": "Point",
                "coordinates": [
                    11.834161111,
                    53.541555556
                ]
            }
        },
        {
            "type": "Feature",
            "properties": {
                "name": "Obstacle"
            },
            "geometry": {
                "type": "Point",
                "coordinates": [
                    13.430200556,
                    53.806051667
                ]
            }
        },
        {
            "type": "Feature",
            "properties": {
                "name": "Obstacle"
            },
            "geometry": {
                "type": "Point",
                "coordinates": [
                    13.321220556,
                    53.890616278
                ]
            }
        },
        {
            "type": "Feature",
            "properties": {
                "name": "Obstacle"
            },
            "geometry": {
                "type": "Point",
                "coordinates": [
                    13.310591667,
                    53.873308333
                ]
            }
        },
        {
            "type": "Feature",
            "properties": {
                "name": "Obstacle"
            },
            "geometry": {
                "type": "Point",
                "coordinates": [
                    13.517695361,
                    53.676634833
                ]
            }
        },
        {
            "type": "Feature",
            "properties": {
                "name": "Obstacle"
            },
            "geometry": {
                "type": "Point",
                "coordinates": [
                    13.638533444,
                    53.914781111
                ]
            }
        },
        {
            "type": "Feature",
            "properties": {
                "name": "Obstacle"
            },
            "geometry": {
                "type": "Point",
                "coordinates": [
                    12.989309361,
                    54.097572833
                ]
            }
        },
        {
            "type": "Feature",
            "properties": {
                "name": "Obstacle"
            },
            "geometry": {
                "type": "Point",
                "coordinates": [
                    13.242525,
                    54.051108333
                ]
            }
        },
        {
            "type": "Feature",
            "properties": {
                "name": "Obstacle"
            },
            "geometry": {
                "type": "Point",
                "coordinates": [
                    13.648555556,
                    53.777
                ]
            }
        },
        {
            "type": "Feature",
            "properties": {
                "name": "Obstacle"
            },
            "geometry": {
                "type": "Point",
                "coordinates": [
                    13.206263889,
                    53.707408333
                ]
            }
        },
        {
            "type": "Feature",
            "properties": {
                "name": "Obstacle"
            },
            "geometry": {
                "type": "Point",
                "coordinates": [
                    12.230983556,
                    53.502371583
                ]
            }
        },
        {
            "type": "Feature",
            "properties": {
                "name": "Obstacle"
            },
            "geometry": {
                "type": "Point",
                "coordinates": [
                    11.697640194,
                    54.002298639
                ]
            }
        },
        {
            "type": "Feature",
            "properties": {
                "name": "Obstacle"
            },
            "geometry": {
                "type": "Point",
                "coordinates": [
                    13.966400361,
                    53.455289583
                ]
            }
        },
        {
            "type": "Feature",
            "properties": {
                "name": "Obstacle"
            },
            "geometry": {
                "type": "Point",
                "coordinates": [
                    10.959833333,
                    53.835972222
                ]
            }
        },
        {
            "type": "Feature",
            "properties": {
                "name": "Obstacle"
            },
            "geometry": {
                "type": "Point",
                "coordinates": [
                    11.851083333,
                    53.492011111
                ]
            }
        },
        {
            "type": "Feature",
            "properties": {
                "name": "Obstacle"
            },
            "geometry": {
                "type": "Point",
                "coordinates": [
                    13.85192275,
                    53.517848111
                ]
            }
        },
        {
            "type": "Feature",
            "properties": {
                "name": "Obstacle"
            },
            "geometry": {
                "type": "Point",
                "coordinates": [
                    11.805555556,
                    53.534722222
                ]
            }
        },
        {
            "type": "Feature",
            "properties": {
                "name": "Obstacle"
            },
            "geometry": {
                "type": "Point",
                "coordinates": [
                    13.617763889,
                    53.787413889
                ]
            }
        },
        {
            "type": "Feature",
            "properties": {
                "name": "Obstacle"
            },
            "geometry": {
                "type": "Point",
                "coordinates": [
                    13.751558333,
                    53.776741667
                ]
            }
        },
        {
            "type": "Feature",
            "properties": {
                "name": "Obstacle"
            },
            "geometry": {
                "type": "Point",
                "coordinates": [
                    13.769280556,
                    53.775383333
                ]
            }
        },
        {
            "type": "Feature",
            "properties": {
                "name": "Obstacle"
            },
            "geometry": {
                "type": "Point",
                "coordinates": [
                    13.770944444,
                    53.785166667
                ]
            }
        },
        {
            "type": "Feature",
            "properties": {
                "name": "Obstacle"
            },
            "geometry": {
                "type": "Point",
                "coordinates": [
                    11.373552778,
                    53.878333333
                ]
            }
        },
        {
            "type": "Feature",
            "properties": {
                "name": "Obstacle"
            },
            "geometry": {
                "type": "Point",
                "coordinates": [
                    13.167777778,
                    53.639722222
                ]
            }
        },
        {
            "type": "Feature",
            "properties": {
                "name": "Obstacle"
            },
            "geometry": {
                "type": "Point",
                "coordinates": [
                    13.057701639,
                    54.07178
                ]
            }
        },
        {
            "type": "Feature",
            "properties": {
                "name": "Obstacle"
            },
            "geometry": {
                "type": "Point",
                "coordinates": [
                    13.426372222,
                    53.871852778
                ]
            }
        },
        {
            "type": "Feature",
            "properties": {
                "name": "Obstacle"
            },
            "geometry": {
                "type": "Point",
                "coordinates": [
                    13.434891667,
                    53.88
                ]
            }
        },
        {
            "type": "Feature",
            "properties": {
                "name": "Obstacle"
            },
            "geometry": {
                "type": "Point",
                "coordinates": [
                    13.026356111,
                    53.838763167
                ]
            }
        },
        {
            "type": "Feature",
            "properties": {
                "name": "Obstacle"
            },
            "geometry": {
                "type": "Point",
                "coordinates": [
                    14.057931833,
                    53.425788528
                ]
            }
        },
        {
            "type": "Feature",
            "properties": {
                "name": "Obstacle"
            },
            "geometry": {
                "type": "Point",
                "coordinates": [
                    14.055783333,
                    53.423716667
                ]
            }
        },
        {
            "type": "Feature",
            "properties": {
                "name": "Obstacle"
            },
            "geometry": {
                "type": "Point",
                "coordinates": [
                    13.118454806,
                    53.820235944
                ]
            }
        },
        {
            "type": "Feature",
            "properties": {
                "name": "Obstacle"
            },
            "geometry": {
                "type": "Point",
                "coordinates": [
                    13.549144444,
                    53.54895
                ]
            }
        },
        {
            "type": "Feature",
            "properties": {
                "name": "Obstacle"
            },
            "geometry": {
                "type": "Point",
                "coordinates": [
                    13.543138889,
                    53.547055556
                ]
            }
        },
        {
            "type": "Feature",
            "properties": {
                "name": "Obstacle"
            },
            "geometry": {
                "type": "Point",
                "coordinates": [
                    13.014483333,
                    53.835425
                ]
            }
        },
        {
            "type": "Feature",
            "properties": {
                "name": "Obstacle"
            },
            "geometry": {
                "type": "Point",
                "coordinates": [
                    13.18345,
                    53.644969444
                ]
            }
        },
        {
            "type": "Feature",
            "properties": {
                "name": "Obstacle"
            },
            "geometry": {
                "type": "Point",
                "coordinates": [
                    13.229602778,
                    54.061344444
                ]
            }
        },
        {
            "type": "Feature",
            "properties": {
                "name": "Obstacle"
            },
            "geometry": {
                "type": "Point",
                "coordinates": [
                    12.130486944,
                    53.903248889
                ]
            }
        },
        {
            "type": "Feature",
            "properties": {
                "name": "Obstacle"
            },
            "geometry": {
                "type": "Point",
                "coordinates": [
                    11.977473056,
                    53.327803611
                ]
            }
        },
        {
            "type": "Feature",
            "properties": {
                "name": "Obstacle"
            },
            "geometry": {
                "type": "Point",
                "coordinates": [
                    11.995559722,
                    53.332173889
                ]
            }
        },
        {
            "type": "Feature",
            "properties": {
                "name": "Obstacle"
            },
            "geometry": {
                "type": "Point",
                "coordinates": [
                    12.549915333,
                    53.915458333
                ]
            }
        },
        {
            "type": "Feature",
            "properties": {
                "name": "Obstacle"
            },
            "geometry": {
                "type": "Point",
                "coordinates": [
                    13.213421333,
                    53.688878972
                ]
            }
        },
        {
            "type": "Feature",
            "properties": {
                "name": "Obstacle"
            },
            "geometry": {
                "type": "Point",
                "coordinates": [
                    13.131011111,
                    54.014544444
                ]
            }
        },
        {
            "type": "Feature",
            "properties": {
                "name": "Obstacle"
            },
            "geometry": {
                "type": "Point",
                "coordinates": [
                    11.278472222,
                    53.793747222
                ]
            }
        },
        {
            "type": "Feature",
            "properties": {
                "name": "Obstacle"
            },
            "geometry": {
                "type": "Point",
                "coordinates": [
                    11.957044444,
                    54.002677778
                ]
            }
        },
        {
            "type": "Feature",
            "properties": {
                "name": "Obstacle"
            },
            "geometry": {
                "type": "Point",
                "coordinates": [
                    11.933094444,
                    53.975075
                ]
            }
        },
        {
            "type": "Feature",
            "properties": {
                "name": "Obstacle"
            },
            "geometry": {
                "type": "Point",
                "coordinates": [
                    11.940985,
                    53.981204444
                ]
            }
        },
        {
            "type": "Feature",
            "properties": {
                "name": "Obstacle"
            },
            "geometry": {
                "type": "Point",
                "coordinates": [
                    11.281963889,
                    53.796919444
                ]
            }
        },
        {
            "type": "Feature",
            "properties": {
                "name": "Obstacle"
            },
            "geometry": {
                "type": "Point",
                "coordinates": [
                    11.846555556,
                    54.06425
                ]
            }
        },
        {
            "type": "Feature",
            "properties": {
                "name": "Obstacle"
            },
            "geometry": {
                "type": "Point",
                "coordinates": [
                    12.011738889,
                    54.053702778
                ]
            }
        },
        {
            "type": "Feature",
            "properties": {
                "name": "Obstacle"
            },
            "geometry": {
                "type": "Point",
                "coordinates": [
                    11.797924778,
                    53.548855583
                ]
            }
        },
        {
            "type": "Feature",
            "properties": {
                "name": "Obstacle"
            },
            "geometry": {
                "type": "Point",
                "coordinates": [
                    12.081683333,
                    53.856483333
                ]
            }
        },
        {
            "type": "Feature",
            "properties": {
                "name": "Obstacle"
            },
            "geometry": {
                "type": "Point",
                "coordinates": [
                    12.308105556,
                    53.832847222
                ]
            }
        },
        {
            "type": "Feature",
            "properties": {
                "name": "Obstacle"
            },
            "geometry": {
                "type": "Point",
                "coordinates": [
                    11.871513889,
                    53.597911111
                ]
            }
        },
        {
            "type": "Feature",
            "properties": {
                "name": "Obstacle"
            },
            "geometry": {
                "type": "Point",
                "coordinates": [
                    13.325833333,
                    53.895
                ]
            }
        },
        {
            "type": "Feature",
            "properties": {
                "name": "Obstacle"
            },
            "geometry": {
                "type": "Point",
                "coordinates": [
                    11.900772222,
                    53.428613889
                ]
            }
        },
        {
            "type": "Feature",
            "properties": {
                "name": "Obstacle"
            },
            "geometry": {
                "type": "Point",
                "coordinates": [
                    12.170802778,
                    53.4504
                ]
            }
        },
        {
            "type": "Feature",
            "properties": {
                "name": "Obstacle"
            },
            "geometry": {
                "type": "Point",
                "coordinates": [
                    12.172880556,
                    53.439688889
                ]
            }
        },
        {
            "type": "Feature",
            "properties": {
                "name": "Obstacle"
            },
            "geometry": {
                "type": "Point",
                "coordinates": [
                    12.130138889,
                    53.890641667
                ]
            }
        },
        {
            "type": "Feature",
            "properties": {
                "name": "Obstacle"
            },
            "geometry": {
                "type": "Point",
                "coordinates": [
                    11.119358333,
                    53.631816667
                ]
            }
        },
        {
            "type": "Feature",
            "properties": {
                "name": "Obstacle"
            },
            "geometry": {
                "type": "Point",
                "coordinates": [
                    12.079570417,
                    53.852156972
                ]
            }
        },
        {
            "type": "Feature",
            "properties": {
                "name": "Obstacle"
            },
            "geometry": {
                "type": "Point",
                "coordinates": [
                    11.913069722,
                    53.886589722
                ]
            }
        },
        {
            "type": "Feature",
            "properties": {
                "name": "Obstacle"
            },
            "geometry": {
                "type": "Point",
                "coordinates": [
                    13.205530556,
                    53.695480556
                ]
            }
        },
        {
            "type": "Feature",
            "properties": {
                "name": "Obstacle"
            },
            "geometry": {
                "type": "Point",
                "coordinates": [
                    11.862872222,
                    53.496786111
                ]
            }
        },
        {
            "type": "Feature",
            "properties": {
                "name": "Obstacle"
            },
            "geometry": {
                "type": "Point",
                "coordinates": [
                    11.923738333,
                    53.8993225
                ]
            }
        },
        {
            "type": "Feature",
            "properties": {
                "name": "Obstacle"
            },
            "geometry": {
                "type": "Point",
                "coordinates": [
                    13.164494444,
                    54.195927778
                ]
            }
        },
        {
            "type": "Feature",
            "properties": {
                "name": "Obstacle"
            },
            "geometry": {
                "type": "Point",
                "coordinates": [
                    13.157536111,
                    53.912516667
                ]
            }
        },
        {
            "type": "Feature",
            "properties": {
                "name": "Obstacle"
            },
            "geometry": {
                "type": "Point",
                "coordinates": [
                    12.776388889,
                    54.078055556
                ]
            }
        },
        {
            "type": "Feature",
            "properties": {
                "name": "Obstacle"
            },
            "geometry": {
                "type": "Point",
                "coordinates": [
                    11.935833333,
                    53.893611111
                ]
            }
        },
        {
            "type": "Feature",
            "properties": {
                "name": "Obstacle"
            },
            "geometry": {
                "type": "Point",
                "coordinates": [
                    12.019413056,
                    53.916934167
                ]
            }
        },
        {
            "type": "Feature",
            "properties": {
                "name": "Obstacle"
            },
            "geometry": {
                "type": "Point",
                "coordinates": [
                    12.033259444,
                    53.905912222
                ]
            }
        },
        {
            "type": "Feature",
            "properties": {
                "name": "Obstacle"
            },
            "geometry": {
                "type": "Point",
                "coordinates": [
                    11.908530556,
                    53.438852778
                ]
            }
        },
        {
            "type": "Feature",
            "properties": {
                "name": "Obstacle"
            },
            "geometry": {
                "type": "Point",
                "coordinates": [
                    11.906538889,
                    53.435277778
                ]
            }
        },
        {
            "type": "Feature",
            "properties": {
                "name": "Obstacle"
            },
            "geometry": {
                "type": "Point",
                "coordinates": [
                    14.2883,
                    53.359338889
                ]
            }
        },
        {
            "type": "Feature",
            "properties": {
                "name": "Obstacle"
            },
            "geometry": {
                "type": "Point",
                "coordinates": [
                    11.378888889,
                    53.880277778
                ]
            }
        },
        {
            "type": "Feature",
            "properties": {
                "name": "Obstacle"
            },
            "geometry": {
                "type": "Point",
                "coordinates": [
                    13.3469,
                    54.060897222
                ]
            }
        },
        {
            "type": "Feature",
            "properties": {
                "name": "Obstacle"
            },
            "geometry": {
                "type": "Point",
                "coordinates": [
                    13.232958333,
                    54.064783333
                ]
            }
        },
        {
            "type": "Feature",
            "properties": {
                "name": "Obstacle"
            },
            "geometry": {
                "type": "Point",
                "coordinates": [
                    13.34895,
                    53.886555556
                ]
            }
        },
        {
            "type": "Feature",
            "properties": {
                "name": "Obstacle"
            },
            "geometry": {
                "type": "Point",
                "coordinates": [
                    12.241368889,
                    53.508424167
                ]
            }
        },
        {
            "type": "Feature",
            "properties": {
                "name": "Obstacle"
            },
            "geometry": {
                "type": "Point",
                "coordinates": [
                    13.233616667,
                    54.056022222
                ]
            }
        },
        {
            "type": "Feature",
            "properties": {
                "name": "Obstacle"
            },
            "geometry": {
                "type": "Point",
                "coordinates": [
                    11.898173889,
                    53.414489444
                ]
            }
        },
        {
            "type": "Feature",
            "properties": {
                "name": "Obstacle"
            },
            "geometry": {
                "type": "Point",
                "coordinates": [
                    12.510833333,
                    53.326388889
                ]
            }
        },
        {
            "type": "Feature",
            "properties": {
                "name": "Obstacle"
            },
            "geometry": {
                "type": "Point",
                "coordinates": [
                    12.024030556,
                    53.349911111
                ]
            }
        },
        {
            "type": "Feature",
            "properties": {
                "name": "Obstacle"
            },
            "geometry": {
                "type": "Point",
                "coordinates": [
                    11.975529889,
                    54.131198417
                ]
            }
        },
        {
            "type": "Feature",
            "properties": {
                "name": "Obstacle"
            },
            "geometry": {
                "type": "Point",
                "coordinates": [
                    13.161369444,
                    53.646130556
                ]
            }
        },
        {
            "type": "Feature",
            "properties": {
                "name": "Obstacle"
            },
            "geometry": {
                "type": "Point",
                "coordinates": [
                    11.998854639,
                    53.468378389
                ]
            }
        },
        {
            "type": "Feature",
            "properties": {
                "name": "Obstacle"
            },
            "geometry": {
                "type": "Point",
                "coordinates": [
                    13.145057444,
                    54.054905472
                ]
            }
        },
        {
            "type": "Feature",
            "properties": {
                "name": "Obstacle"
            },
            "geometry": {
                "type": "Point",
                "coordinates": [
                    13.474055556,
                    53.809388889
                ]
            }
        },
        {
            "type": "Feature",
            "properties": {
                "name": "Obstacle"
            },
            "geometry": {
                "type": "Point",
                "coordinates": [
                    12.494744444,
                    54.212869444
                ]
            }
        },
        {
            "type": "Feature",
            "properties": {
                "name": "Obstacle"
            },
            "geometry": {
                "type": "Point",
                "coordinates": [
                    11.985,
                    53.926666667
                ]
            }
        },
        {
            "type": "Feature",
            "properties": {
                "name": "Obstacle"
            },
            "geometry": {
                "type": "Point",
                "coordinates": [
                    11.55025,
                    53.177908333
                ]
            }
        },
        {
            "type": "Feature",
            "properties": {
                "name": "Obstacle"
            },
            "geometry": {
                "type": "Point",
                "coordinates": [
                    11.622564389,
                    54.030171417
                ]
            }
        },
        {
            "type": "Feature",
            "properties": {
                "name": "Obstacle"
            },
            "geometry": {
                "type": "Point",
                "coordinates": [
                    10.955720278,
                    53.834825833
                ]
            }
        },
        {
            "type": "Feature",
            "properties": {
                "name": "Obstacle"
            },
            "geometry": {
                "type": "Point",
                "coordinates": [
                    10.967726944,
                    53.839338889
                ]
            }
        },
        {
            "type": "Feature",
            "properties": {
                "name": "Obstacle"
            },
            "geometry": {
                "type": "Point",
                "coordinates": [
                    11.33895475,
                    53.46787425
                ]
            }
        },
        {
            "type": "Feature",
            "properties": {
                "name": "Obstacle"
            },
            "geometry": {
                "type": "Point",
                "coordinates": [
                    11.369888889,
                    53.469027778
                ]
            }
        },
        {
            "type": "Feature",
            "properties": {
                "name": "Obstacle"
            },
            "geometry": {
                "type": "Point",
                "coordinates": [
                    11.175833333,
                    53.892027778
                ]
            }
        },
        {
            "type": "Feature",
            "properties": {
                "name": "Obstacle"
            },
            "geometry": {
                "type": "Point",
                "coordinates": [
                    14.231897222,
                    53.339452778
                ]
            }
        },
        {
            "type": "Feature",
            "properties": {
                "name": "Obstacle"
            },
            "geometry": {
                "type": "Point",
                "coordinates": [
                    11.315083333,
                    53.511138889
                ]
            }
        },
        {
            "type": "Feature",
            "properties": {
                "name": "Obstacle"
            },
            "geometry": {
                "type": "Point",
                "coordinates": [
                    11.817130556,
                    53.547247222
                ]
            }
        },
        {
            "type": "Feature",
            "properties": {
                "name": "Obstacle"
            },
            "geometry": {
                "type": "Point",
                "coordinates": [
                    13.629944722,
                    54.845975556
                ]
            }
        },
        {
            "type": "Feature",
            "properties": {
                "name": "Obstacle"
            },
            "geometry": {
                "type": "Point",
                "coordinates": [
                    13.709340556,
                    54.808981667
                ]
            }
        },
        {
            "type": "Feature",
            "properties": {
                "name": "Obstacle"
            },
            "geometry": {
                "type": "Point",
                "coordinates": [
                    13.639805,
                    54.812131667
                ]
            }
        },
        {
            "type": "Feature",
            "properties": {
                "name": "Obstacle"
            },
            "geometry": {
                "type": "Point",
                "coordinates": [
                    13.7316075,
                    54.790594167
                ]
            }
        },
        {
            "type": "Feature",
            "properties": {
                "name": "Obstacle"
            },
            "geometry": {
                "type": "Point",
                "coordinates": [
                    11.410230556,
                    53.194513889
                ]
            }
        },
        {
            "type": "Feature",
            "properties": {
                "name": "Obstacle"
            },
            "geometry": {
                "type": "Point",
                "coordinates": [
                    10.846638889,
                    53.771055556
                ]
            }
        },
        {
            "type": "Feature",
            "properties": {
                "name": "Obstacle"
            },
            "geometry": {
                "type": "Point",
                "coordinates": [
                    12.215277778,
                    53.862777778
                ]
            }
        },
        {
            "type": "Feature",
            "properties": {
                "name": "Obstacle"
            },
            "geometry": {
                "type": "Point",
                "coordinates": [
                    11.170833333,
                    53.895
                ]
            }
        },
        {
            "type": "Feature",
            "properties": {
                "name": "Obstacle"
            },
            "geometry": {
                "type": "Point",
                "coordinates": [
                    13.303333333,
                    53.987222222
                ]
            }
        },
        {
            "type": "Feature",
            "properties": {
                "name": "Obstacle"
            },
            "geometry": {
                "type": "Point",
                "coordinates": [
                    12.007774583,
                    53.4746325
                ]
            }
        },
        {
            "type": "Feature",
            "properties": {
                "name": "Obstacle"
            },
            "geometry": {
                "type": "Point",
                "coordinates": [
                    11.087166667,
                    53.843694444
                ]
            }
        },
        {
            "type": "Feature",
            "properties": {
                "name": "Obstacle"
            },
            "geometry": {
                "type": "Point",
                "coordinates": [
                    12.072083333,
                    53.393333333
                ]
            }
        },
        {
            "type": "Feature",
            "properties": {
                "name": "Obstacle"
            },
            "geometry": {
                "type": "Point",
                "coordinates": [
                    12.074194444,
                    53.386722222
                ]
            }
        },
        {
            "type": "Feature",
            "properties": {
                "name": "Obstacle"
            },
            "geometry": {
                "type": "Point",
                "coordinates": [
                    11.785686583,
                    53.510572333
                ]
            }
        },
        {
            "type": "Feature",
            "properties": {
                "name": "Obstacle"
            },
            "geometry": {
                "type": "Point",
                "coordinates": [
                    9.741046126,
                    52.379975691
                ]
            }
        },
        {
            "type": "Feature",
            "properties": {
                "name": "Obstacle"
            },
            "geometry": {
                "type": "Point",
                "coordinates": [
                    10.091241667,
                    52.315102778
                ]
            }
        },
        {
            "type": "Feature",
            "properties": {
                "name": "Obstacle"
            },
            "geometry": {
                "type": "Point",
                "coordinates": [
                    10.389555556,
                    52.154466667
                ]
            }
        },
        {
            "type": "Feature",
            "properties": {
                "name": "Obstacle"
            },
            "geometry": {
                "type": "Point",
                "coordinates": [
                    9.270283836,
                    52.99823815
                ]
            }
        },
        {
            "type": "Feature",
            "properties": {
                "name": "Obstacle"
            },
            "geometry": {
                "type": "Point",
                "coordinates": [
                    8.228577778,
                    52.955186111
                ]
            }
        },
        {
            "type": "Feature",
            "properties": {
                "name": "Obstacle"
            },
            "geometry": {
                "type": "Point",
                "coordinates": [
                    7.276974285,
                    52.755211983
                ]
            }
        },
        {
            "type": "Feature",
            "properties": {
                "name": "Obstacle"
            },
            "geometry": {
                "type": "Point",
                "coordinates": [
                    8.693982963,
                    52.832701963
                ]
            }
        },
        {
            "type": "Feature",
            "properties": {
                "name": "Obstacle"
            },
            "geometry": {
                "type": "Point",
                "coordinates": [
                    9.714072556,
                    52.373339111
                ]
            }
        },
        {
            "type": "Feature",
            "properties": {
                "name": "Obstacle"
            },
            "geometry": {
                "type": "Point",
                "coordinates": [
                    9.323976667,
                    52.566834167
                ]
            }
        },
        {
            "type": "Feature",
            "properties": {
                "name": "Obstacle"
            },
            "geometry": {
                "type": "Point",
                "coordinates": [
                    7.606363889,
                    53.075038889
                ]
            }
        },
        {
            "type": "Feature",
            "properties": {
                "name": "Obstacle"
            },
            "geometry": {
                "type": "Point",
                "coordinates": [
                    10.977247222,
                    52.171666667
                ]
            }
        },
        {
            "type": "Feature",
            "properties": {
                "name": "Obstacle"
            },
            "geometry": {
                "type": "Point",
                "coordinates": [
                    7.302719444,
                    52.561941667
                ]
            }
        },
        {
            "type": "Feature",
            "properties": {
                "name": "Obstacle"
            },
            "geometry": {
                "type": "Point",
                "coordinates": [
                    8.119901984,
                    52.274708292
                ]
            }
        },
        {
            "type": "Feature",
            "properties": {
                "name": "Obstacle"
            },
            "geometry": {
                "type": "Point",
                "coordinates": [
                    8.677552222,
                    53.856335
                ]
            }
        },
        {
            "type": "Feature",
            "properties": {
                "name": "Obstacle"
            },
            "geometry": {
                "type": "Point",
                "coordinates": [
                    7.365742222,
                    52.883408611
                ]
            }
        },
        {
            "type": "Feature",
            "properties": {
                "name": "Obstacle"
            },
            "geometry": {
                "type": "Point",
                "coordinates": [
                    7.390008333,
                    53.399538889
                ]
            }
        },
        {
            "type": "Feature",
            "properties": {
                "name": "Obstacle"
            },
            "geometry": {
                "type": "Point",
                "coordinates": [
                    7.3581,
                    53.374202778
                ]
            }
        },
        {
            "type": "Feature",
            "properties": {
                "name": "Obstacle"
            },
            "geometry": {
                "type": "Point",
                "coordinates": [
                    9.78817677,
                    52.248678116
                ]
            }
        },
        {
            "type": "Feature",
            "properties": {
                "name": "Obstacle"
            },
            "geometry": {
                "type": "Point",
                "coordinates": [
                    7.6144845,
                    53.36589825
                ]
            }
        },
        {
            "type": "Feature",
            "properties": {
                "name": "Obstacle"
            },
            "geometry": {
                "type": "Point",
                "coordinates": [
                    7.602006389,
                    53.368714694
                ]
            }
        },
        {
            "type": "Feature",
            "properties": {
                "name": "Obstacle"
            },
            "geometry": {
                "type": "Point",
                "coordinates": [
                    7.25225,
                    53.0115
                ]
            }
        },
        {
            "type": "Feature",
            "properties": {
                "name": "Obstacle"
            },
            "geometry": {
                "type": "Point",
                "coordinates": [
                    9.920327222,
                    52.284145833
                ]
            }
        },
        {
            "type": "Feature",
            "properties": {
                "name": "Obstacle"
            },
            "geometry": {
                "type": "Point",
                "coordinates": [
                    6.814936278,
                    52.634901694
                ]
            }
        },
        {
            "type": "Feature",
            "properties": {
                "name": "Obstacle"
            },
            "geometry": {
                "type": "Point",
                "coordinates": [
                    7.53467975,
                    52.611874694
                ]
            }
        },
        {
            "type": "Feature",
            "properties": {
                "name": "Obstacle"
            },
            "geometry": {
                "type": "Point",
                "coordinates": [
                    7.536188889,
                    52.591530556
                ]
            }
        },
        {
            "type": "Feature",
            "properties": {
                "name": "Obstacle"
            },
            "geometry": {
                "type": "Point",
                "coordinates": [
                    9.186017778,
                    52.101048056
                ]
            }
        },
        {
            "type": "Feature",
            "properties": {
                "name": "Obstacle"
            },
            "geometry": {
                "type": "Point",
                "coordinates": [
                    6.894251767,
                    52.535514004
                ]
            }
        },
        {
            "type": "Feature",
            "properties": {
                "name": "Obstacle"
            },
            "geometry": {
                "type": "Point",
                "coordinates": [
                    7.213658389,
                    53.0859465
                ]
            }
        },
        {
            "type": "Feature",
            "properties": {
                "name": "Obstacle"
            },
            "geometry": {
                "type": "Point",
                "coordinates": [
                    7.212138722,
                    53.099547806
                ]
            }
        },
        {
            "type": "Feature",
            "properties": {
                "name": "Obstacle"
            },
            "geometry": {
                "type": "Point",
                "coordinates": [
                    8.057476944,
                    52.689548056
                ]
            }
        },
        {
            "type": "Feature",
            "properties": {
                "name": "Obstacle"
            },
            "geometry": {
                "type": "Point",
                "coordinates": [
                    9.733671781,
                    52.187988545
                ]
            }
        },
        {
            "type": "Feature",
            "properties": {
                "name": "Obstacle"
            },
            "geometry": {
                "type": "Point",
                "coordinates": [
                    8.244833333,
                    52.50475
                ]
            }
        },
        {
            "type": "Feature",
            "properties": {
                "name": "Obstacle"
            },
            "geometry": {
                "type": "Point",
                "coordinates": [
                    8.255972222,
                    52.499194444
                ]
            }
        },
        {
            "type": "Feature",
            "properties": {
                "name": "Obstacle"
            },
            "geometry": {
                "type": "Point",
                "coordinates": [
                    7.661294389,
                    52.975024028
                ]
            }
        },
        {
            "type": "Feature",
            "properties": {
                "name": "Obstacle"
            },
            "geometry": {
                "type": "Point",
                "coordinates": [
                    7.659360667,
                    52.969645028
                ]
            }
        },
        {
            "type": "Feature",
            "properties": {
                "name": "Obstacle"
            },
            "geometry": {
                "type": "Point",
                "coordinates": [
                    7.669394417,
                    52.97274525
                ]
            }
        },
        {
            "type": "Feature",
            "properties": {
                "name": "Obstacle"
            },
            "geometry": {
                "type": "Point",
                "coordinates": [
                    7.164450286,
                    52.9180857
                ]
            }
        },
        {
            "type": "Feature",
            "properties": {
                "name": "Obstacle"
            },
            "geometry": {
                "type": "Point",
                "coordinates": [
                    8.811769583,
                    52.792269944
                ]
            }
        },
        {
            "type": "Feature",
            "properties": {
                "name": "Obstacle"
            },
            "geometry": {
                "type": "Point",
                "coordinates": [
                    10.303460388,
                    52.353312935
                ]
            }
        },
        {
            "type": "Feature",
            "properties": {
                "name": "Obstacle"
            },
            "geometry": {
                "type": "Point",
                "coordinates": [
                    10.430932149,
                    52.987277639
                ]
            }
        },
        {
            "type": "Feature",
            "properties": {
                "name": "Obstacle"
            },
            "geometry": {
                "type": "Point",
                "coordinates": [
                    7.780929167,
                    53.263424722
                ]
            }
        },
        {
            "type": "Feature",
            "properties": {
                "name": "Obstacle"
            },
            "geometry": {
                "type": "Point",
                "coordinates": [
                    7.10855,
                    52.502588889
                ]
            }
        },
        {
            "type": "Feature",
            "properties": {
                "name": "Obstacle"
            },
            "geometry": {
                "type": "Point",
                "coordinates": [
                    8.214038361,
                    53.005084528
                ]
            }
        },
        {
            "type": "Feature",
            "properties": {
                "name": "Obstacle"
            },
            "geometry": {
                "type": "Point",
                "coordinates": [
                    7.245994444,
                    52.268766667
                ]
            }
        },
        {
            "type": "Feature",
            "properties": {
                "name": "Obstacle"
            },
            "geometry": {
                "type": "Point",
                "coordinates": [
                    8.689694028,
                    52.857959639
                ]
            }
        },
        {
            "type": "Feature",
            "properties": {
                "name": "Obstacle"
            },
            "geometry": {
                "type": "Point",
                "coordinates": [
                    10.394003069,
                    52.212495993
                ]
            }
        },
        {
            "type": "Feature",
            "properties": {
                "name": "Obstacle"
            },
            "geometry": {
                "type": "Point",
                "coordinates": [
                    10.391269444,
                    52.197622222
                ]
            }
        },
        {
            "type": "Feature",
            "properties": {
                "name": "Obstacle"
            },
            "geometry": {
                "type": "Point",
                "coordinates": [
                    10.382166667,
                    52.192875
                ]
            }
        },
        {
            "type": "Feature",
            "properties": {
                "name": "Obstacle"
            },
            "geometry": {
                "type": "Point",
                "coordinates": [
                    10.3725,
                    52.183611111
                ]
            }
        },
        {
            "type": "Feature",
            "properties": {
                "name": "Obstacle"
            },
            "geometry": {
                "type": "Point",
                "coordinates": [
                    9.111248281,
                    52.650657658
                ]
            }
        },
        {
            "type": "Feature",
            "properties": {
                "name": "Obstacle"
            },
            "geometry": {
                "type": "Point",
                "coordinates": [
                    10.64761733,
                    52.956325353
                ]
            }
        },
        {
            "type": "Feature",
            "properties": {
                "name": "Obstacle"
            },
            "geometry": {
                "type": "Point",
                "coordinates": [
                    8.406014874,
                    53.056275983
                ]
            }
        },
        {
            "type": "Feature",
            "properties": {
                "name": "Obstacle"
            },
            "geometry": {
                "type": "Point",
                "coordinates": [
                    9.967552778,
                    52.708755556
                ]
            }
        },
        {
            "type": "Feature",
            "properties": {
                "name": "Obstacle"
            },
            "geometry": {
                "type": "Point",
                "coordinates": [
                    10.305064639,
                    52.047528056
                ]
            }
        },
        {
            "type": "Feature",
            "properties": {
                "name": "Obstacle"
            },
            "geometry": {
                "type": "Point",
                "coordinates": [
                    10.813530067,
                    53.18429491
                ]
            }
        },
        {
            "type": "Feature",
            "properties": {
                "name": "Obstacle"
            },
            "geometry": {
                "type": "Point",
                "coordinates": [
                    10.770547772,
                    53.22937011
                ]
            }
        },
        {
            "type": "Feature",
            "properties": {
                "name": "Obstacle"
            },
            "geometry": {
                "type": "Point",
                "coordinates": [
                    7.058683139,
                    52.501339806
                ]
            }
        },
        {
            "type": "Feature",
            "properties": {
                "name": "Obstacle"
            },
            "geometry": {
                "type": "Point",
                "coordinates": [
                    7.065071056,
                    52.500784306
                ]
            }
        },
        {
            "type": "Feature",
            "properties": {
                "name": "Obstacle"
            },
            "geometry": {
                "type": "Point",
                "coordinates": [
                    7.220149722,
                    52.972872139
                ]
            }
        },
        {
            "type": "Feature",
            "properties": {
                "name": "Obstacle"
            },
            "geometry": {
                "type": "Point",
                "coordinates": [
                    7.219531306,
                    52.981200028
                ]
            }
        },
        {
            "type": "Feature",
            "properties": {
                "name": "Obstacle"
            },
            "geometry": {
                "type": "Point",
                "coordinates": [
                    10.193597222,
                    52.683272222
                ]
            }
        },
        {
            "type": "Feature",
            "properties": {
                "name": "Obstacle"
            },
            "geometry": {
                "type": "Point",
                "coordinates": [
                    8.637396218,
                    52.772616164
                ]
            }
        },
        {
            "type": "Feature",
            "properties": {
                "name": "Obstacle"
            },
            "geometry": {
                "type": "Point",
                "coordinates": [
                    10.269273889,
                    52.654708889
                ]
            }
        },
        {
            "type": "Feature",
            "properties": {
                "name": "Obstacle"
            },
            "geometry": {
                "type": "Point",
                "coordinates": [
                    8.15625,
                    52.967472222
                ]
            }
        },
        {
            "type": "Feature",
            "properties": {
                "name": "Obstacle"
            },
            "geometry": {
                "type": "Point",
                "coordinates": [
                    10.138802889,
                    52.283360694
                ]
            }
        },
        {
            "type": "Feature",
            "properties": {
                "name": "Obstacle"
            },
            "geometry": {
                "type": "Point",
                "coordinates": [
                    7.47645,
                    52.403211111
                ]
            }
        },
        {
            "type": "Feature",
            "properties": {
                "name": "Obstacle"
            },
            "geometry": {
                "type": "Point",
                "coordinates": [
                    10.191055556,
                    52.534166667
                ]
            }
        },
        {
            "type": "Feature",
            "properties": {
                "name": "Obstacle"
            },
            "geometry": {
                "type": "Point",
                "coordinates": [
                    10.324677778,
                    53.046491333
                ]
            }
        },
        {
            "type": "Feature",
            "properties": {
                "name": "Obstacle"
            },
            "geometry": {
                "type": "Point",
                "coordinates": [
                    10.350417694,
                    53.049886222
                ]
            }
        },
        {
            "type": "Feature",
            "properties": {
                "name": "Obstacle"
            },
            "geometry": {
                "type": "Point",
                "coordinates": [
                    10.315654389,
                    53.047001139
                ]
            }
        },
        {
            "type": "Feature",
            "properties": {
                "name": "Obstacle"
            },
            "geometry": {
                "type": "Point",
                "coordinates": [
                    10.4921096,
                    53.351073468
                ]
            }
        },
        {
            "type": "Feature",
            "properties": {
                "name": "Obstacle"
            },
            "geometry": {
                "type": "Point",
                "coordinates": [
                    8.3753175,
                    53.06256175
                ]
            }
        },
        {
            "type": "Feature",
            "properties": {
                "name": "Obstacle"
            },
            "geometry": {
                "type": "Point",
                "coordinates": [
                    10.288282917,
                    52.177635722
                ]
            }
        },
        {
            "type": "Feature",
            "properties": {
                "name": "Obstacle"
            },
            "geometry": {
                "type": "Point",
                "coordinates": [
                    10.259138889,
                    52.179333333
                ]
            }
        },
        {
            "type": "Feature",
            "properties": {
                "name": "Obstacle"
            },
            "geometry": {
                "type": "Point",
                "coordinates": [
                    10.280402833,
                    52.16963
                ]
            }
        },
        {
            "type": "Feature",
            "properties": {
                "name": "Obstacle"
            },
            "geometry": {
                "type": "Point",
                "coordinates": [
                    10.252700111,
                    52.174017861
                ]
            }
        },
        {
            "type": "Feature",
            "properties": {
                "name": "Obstacle"
            },
            "geometry": {
                "type": "Point",
                "coordinates": [
                    7.415338889,
                    52.973433333
                ]
            }
        },
        {
            "type": "Feature",
            "properties": {
                "name": "Obstacle"
            },
            "geometry": {
                "type": "Point",
                "coordinates": [
                    10.740517053,
                    52.518800035
                ]
            }
        },
        {
            "type": "Feature",
            "properties": {
                "name": "Obstacle"
            },
            "geometry": {
                "type": "Point",
                "coordinates": [
                    11.057512512,
                    52.169447212
                ]
            }
        },
        {
            "type": "Feature",
            "properties": {
                "name": "Obstacle"
            },
            "geometry": {
                "type": "Point",
                "coordinates": [
                    8.221161111,
                    52.405566667
                ]
            }
        },
        {
            "type": "Feature",
            "properties": {
                "name": "Obstacle"
            },
            "geometry": {
                "type": "Point",
                "coordinates": [
                    8.231722222,
                    52.414722222
                ]
            }
        },
        {
            "type": "Feature",
            "properties": {
                "name": "Obstacle"
            },
            "geometry": {
                "type": "Point",
                "coordinates": [
                    7.341356023,
                    52.579177227
                ]
            }
        },
        {
            "type": "Feature",
            "properties": {
                "name": "Obstacle"
            },
            "geometry": {
                "type": "Point",
                "coordinates": [
                    7.346617541,
                    52.595357114
                ]
            }
        },
        {
            "type": "Feature",
            "properties": {
                "name": "Obstacle"
            },
            "geometry": {
                "type": "Point",
                "coordinates": [
                    7.848696125,
                    53.385270306
                ]
            }
        },
        {
            "type": "Feature",
            "properties": {
                "name": "Obstacle"
            },
            "geometry": {
                "type": "Point",
                "coordinates": [
                    7.851994554,
                    53.391169644
                ]
            }
        },
        {
            "type": "Feature",
            "properties": {
                "name": "Obstacle"
            },
            "geometry": {
                "type": "Point",
                "coordinates": [
                    7.597363889,
                    53.498130556
                ]
            }
        },
        {
            "type": "Feature",
            "properties": {
                "name": "Obstacle"
            },
            "geometry": {
                "type": "Point",
                "coordinates": [
                    7.604944444,
                    53.488013889
                ]
            }
        },
        {
            "type": "Feature",
            "properties": {
                "name": "Obstacle"
            },
            "geometry": {
                "type": "Point",
                "coordinates": [
                    8.108779373,
                    52.695787234
                ]
            }
        },
        {
            "type": "Feature",
            "properties": {
                "name": "Obstacle"
            },
            "geometry": {
                "type": "Point",
                "coordinates": [
                    10.994529339,
                    52.197754874
                ]
            }
        },
        {
            "type": "Feature",
            "properties": {
                "name": "Obstacle"
            },
            "geometry": {
                "type": "Point",
                "coordinates": [
                    10.992000865,
                    52.203676874
                ]
            }
        },
        {
            "type": "Feature",
            "properties": {
                "name": "Obstacle"
            },
            "geometry": {
                "type": "Point",
                "coordinates": [
                    6.988664611,
                    52.5527185
                ]
            }
        },
        {
            "type": "Feature",
            "properties": {
                "name": "Obstacle"
            },
            "geometry": {
                "type": "Point",
                "coordinates": [
                    10.129321806,
                    52.260821194
                ]
            }
        },
        {
            "type": "Feature",
            "properties": {
                "name": "Obstacle"
            },
            "geometry": {
                "type": "Point",
                "coordinates": [
                    9.347360375,
                    53.486937627
                ]
            }
        },
        {
            "type": "Feature",
            "properties": {
                "name": "Obstacle"
            },
            "geometry": {
                "type": "Point",
                "coordinates": [
                    9.359640942,
                    53.478365256
                ]
            }
        },
        {
            "type": "Feature",
            "properties": {
                "name": "Obstacle"
            },
            "geometry": {
                "type": "Point",
                "coordinates": [
                    9.368692582,
                    53.47655851
                ]
            }
        },
        {
            "type": "Feature",
            "properties": {
                "name": "Obstacle"
            },
            "geometry": {
                "type": "Point",
                "coordinates": [
                    7.9,
                    52.623888889
                ]
            }
        },
        {
            "type": "Feature",
            "properties": {
                "name": "Obstacle"
            },
            "geometry": {
                "type": "Point",
                "coordinates": [
                    10.188736111,
                    52.082363889
                ]
            }
        },
        {
            "type": "Feature",
            "properties": {
                "name": "Obstacle"
            },
            "geometry": {
                "type": "Point",
                "coordinates": [
                    9.467035667,
                    53.520217194
                ]
            }
        },
        {
            "type": "Feature",
            "properties": {
                "name": "Obstacle"
            },
            "geometry": {
                "type": "Point",
                "coordinates": [
                    9.462889556,
                    53.509607833
                ]
            }
        },
        {
            "type": "Feature",
            "properties": {
                "name": "Obstacle"
            },
            "geometry": {
                "type": "Point",
                "coordinates": [
                    10.591527778,
                    52.936658333
                ]
            }
        },
        {
            "type": "Feature",
            "properties": {
                "name": "Obstacle"
            },
            "geometry": {
                "type": "Point",
                "coordinates": [
                    10.035425444,
                    52.876187389
                ]
            }
        },
        {
            "type": "Feature",
            "properties": {
                "name": "Obstacle"
            },
            "geometry": {
                "type": "Point",
                "coordinates": [
                    10.015491667,
                    52.88225
                ]
            }
        },
        {
            "type": "Feature",
            "properties": {
                "name": "Obstacle"
            },
            "geometry": {
                "type": "Point",
                "coordinates": [
                    8.157227195,
                    52.629361526
                ]
            }
        },
        {
            "type": "Feature",
            "properties": {
                "name": "Obstacle"
            },
            "geometry": {
                "type": "Point",
                "coordinates": [
                    9.173983333,
                    52.7363
                ]
            }
        },
        {
            "type": "Feature",
            "properties": {
                "name": "Obstacle"
            },
            "geometry": {
                "type": "Point",
                "coordinates": [
                    8.43346675,
                    52.931570917
                ]
            }
        },
        {
            "type": "Feature",
            "properties": {
                "name": "Obstacle"
            },
            "geometry": {
                "type": "Point",
                "coordinates": [
                    9.679385637,
                    53.307273153
                ]
            }
        },
        {
            "type": "Feature",
            "properties": {
                "name": "Obstacle"
            },
            "geometry": {
                "type": "Point",
                "coordinates": [
                    7.399941944,
                    52.34699
                ]
            }
        },
        {
            "type": "Feature",
            "properties": {
                "name": "Obstacle"
            },
            "geometry": {
                "type": "Point",
                "coordinates": [
                    7.345819444,
                    52.646008333
                ]
            }
        },
        {
            "type": "Feature",
            "properties": {
                "name": "Obstacle"
            },
            "geometry": {
                "type": "Point",
                "coordinates": [
                    7.356013889,
                    52.647913889
                ]
            }
        },
        {
            "type": "Feature",
            "properties": {
                "name": "Obstacle"
            },
            "geometry": {
                "type": "Point",
                "coordinates": [
                    8.712185887,
                    52.647443237
                ]
            }
        },
        {
            "type": "Feature",
            "properties": {
                "name": "Obstacle"
            },
            "geometry": {
                "type": "Point",
                "coordinates": [
                    9.2874475,
                    52.979696111
                ]
            }
        },
        {
            "type": "Feature",
            "properties": {
                "name": "Obstacle"
            },
            "geometry": {
                "type": "Point",
                "coordinates": [
                    9.543426611,
                    52.014176972
                ]
            }
        },
        {
            "type": "Feature",
            "properties": {
                "name": "Obstacle"
            },
            "geometry": {
                "type": "Point",
                "coordinates": [
                    8.237640344,
                    52.746982287
                ]
            }
        },
        {
            "type": "Feature",
            "properties": {
                "name": "Obstacle"
            },
            "geometry": {
                "type": "Point",
                "coordinates": [
                    10.485833333,
                    51.939444444
                ]
            }
        },
        {
            "type": "Feature",
            "properties": {
                "name": "Obstacle"
            },
            "geometry": {
                "type": "Point",
                "coordinates": [
                    7.064414864,
                    52.66362034
                ]
            }
        },
        {
            "type": "Feature",
            "properties": {
                "name": "Obstacle"
            },
            "geometry": {
                "type": "Point",
                "coordinates": [
                    7.085497272,
                    52.660831998
                ]
            }
        },
        {
            "type": "Feature",
            "properties": {
                "name": "Obstacle"
            },
            "geometry": {
                "type": "Point",
                "coordinates": [
                    9.160694444,
                    52.855611111
                ]
            }
        },
        {
            "type": "Feature",
            "properties": {
                "name": "Obstacle"
            },
            "geometry": {
                "type": "Point",
                "coordinates": [
                    7.373801502,
                    53.359579029
                ]
            }
        },
        {
            "type": "Feature",
            "properties": {
                "name": "Obstacle"
            },
            "geometry": {
                "type": "Point",
                "coordinates": [
                    7.663719444,
                    52.569466667
                ]
            }
        },
        {
            "type": "Feature",
            "properties": {
                "name": "Obstacle"
            },
            "geometry": {
                "type": "Point",
                "coordinates": [
                    7.626844444,
                    52.552041667
                ]
            }
        },
        {
            "type": "Feature",
            "properties": {
                "name": "Obstacle"
            },
            "geometry": {
                "type": "Point",
                "coordinates": [
                    8.649102757,
                    52.757356759
                ]
            }
        },
        {
            "type": "Feature",
            "properties": {
                "name": "Obstacle"
            },
            "geometry": {
                "type": "Point",
                "coordinates": [
                    8.784836839,
                    52.749214865
                ]
            }
        },
        {
            "type": "Feature",
            "properties": {
                "name": "Obstacle"
            },
            "geometry": {
                "type": "Point",
                "coordinates": [
                    8.797382429,
                    52.744917846
                ]
            }
        },
        {
            "type": "Feature",
            "properties": {
                "name": "Obstacle"
            },
            "geometry": {
                "type": "Point",
                "coordinates": [
                    8.033695833,
                    52.552515833
                ]
            }
        },
        {
            "type": "Feature",
            "properties": {
                "name": "Obstacle"
            },
            "geometry": {
                "type": "Point",
                "coordinates": [
                    8.373587922,
                    53.069342059
                ]
            }
        },
        {
            "type": "Feature",
            "properties": {
                "name": "Obstacle"
            },
            "geometry": {
                "type": "Point",
                "coordinates": [
                    8.850579056,
                    52.697940056
                ]
            }
        },
        {
            "type": "Feature",
            "properties": {
                "name": "Obstacle"
            },
            "geometry": {
                "type": "Point",
                "coordinates": [
                    7.130581083,
                    52.876464028
                ]
            }
        },
        {
            "type": "Feature",
            "properties": {
                "name": "Obstacle"
            },
            "geometry": {
                "type": "Point",
                "coordinates": [
                    7.136143889,
                    52.86456275
                ]
            }
        },
        {
            "type": "Feature",
            "properties": {
                "name": "Obstacle"
            },
            "geometry": {
                "type": "Point",
                "coordinates": [
                    7.125116667,
                    52.874449528
                ]
            }
        },
        {
            "type": "Feature",
            "properties": {
                "name": "Obstacle"
            },
            "geometry": {
                "type": "Point",
                "coordinates": [
                    7.152943917,
                    52.877561389
                ]
            }
        },
        {
            "type": "Feature",
            "properties": {
                "name": "Obstacle"
            },
            "geometry": {
                "type": "Point",
                "coordinates": [
                    7.126869444,
                    52.878463889
                ]
            }
        },
        {
            "type": "Feature",
            "properties": {
                "name": "Obstacle"
            },
            "geometry": {
                "type": "Point",
                "coordinates": [
                    8.748716944,
                    52.642778056
                ]
            }
        },
        {
            "type": "Feature",
            "properties": {
                "name": "Obstacle"
            },
            "geometry": {
                "type": "Point",
                "coordinates": [
                    8.933953333,
                    52.4039
                ]
            }
        },
        {
            "type": "Feature",
            "properties": {
                "name": "Obstacle"
            },
            "geometry": {
                "type": "Point",
                "coordinates": [
                    7.337966667,
                    52.610802778
                ]
            }
        },
        {
            "type": "Feature",
            "properties": {
                "name": "Obstacle"
            },
            "geometry": {
                "type": "Point",
                "coordinates": [
                    10.782009722,
                    53.186840278
                ]
            }
        },
        {
            "type": "Feature",
            "properties": {
                "name": "Obstacle"
            },
            "geometry": {
                "type": "Point",
                "coordinates": [
                    8.342842806,
                    52.39477525
                ]
            }
        },
        {
            "type": "Feature",
            "properties": {
                "name": "Obstacle"
            },
            "geometry": {
                "type": "Point",
                "coordinates": [
                    10.139971278,
                    52.390406056
                ]
            }
        },
        {
            "type": "Feature",
            "properties": {
                "name": "Obstacle"
            },
            "geometry": {
                "type": "Point",
                "coordinates": [
                    8.904704167,
                    52.955393889
                ]
            }
        },
        {
            "type": "Feature",
            "properties": {
                "name": "Obstacle"
            },
            "geometry": {
                "type": "Point",
                "coordinates": [
                    9.031012917,
                    52.933719556
                ]
            }
        },
        {
            "type": "Feature",
            "properties": {
                "name": "Obstacle"
            },
            "geometry": {
                "type": "Point",
                "coordinates": [
                    9.031388889,
                    52.949444444
                ]
            }
        },
        {
            "type": "Feature",
            "properties": {
                "name": "Obstacle"
            },
            "geometry": {
                "type": "Point",
                "coordinates": [
                    10.521249472,
                    53.216045306
                ]
            }
        },
        {
            "type": "Feature",
            "properties": {
                "name": "Obstacle"
            },
            "geometry": {
                "type": "Point",
                "coordinates": [
                    7.880144444,
                    52.390558333
                ]
            }
        },
        {
            "type": "Feature",
            "properties": {
                "name": "Obstacle"
            },
            "geometry": {
                "type": "Point",
                "coordinates": [
                    7.893483333,
                    52.384725
                ]
            }
        },
        {
            "type": "Feature",
            "properties": {
                "name": "Obstacle"
            },
            "geometry": {
                "type": "Point",
                "coordinates": [
                    8.027438889,
                    52.115169444
                ]
            }
        },
        {
            "type": "Feature",
            "properties": {
                "name": "Obstacle"
            },
            "geometry": {
                "type": "Point",
                "coordinates": [
                    10.263308608,
                    52.245370667
                ]
            }
        },
        {
            "type": "Feature",
            "properties": {
                "name": "Obstacle"
            },
            "geometry": {
                "type": "Point",
                "coordinates": [
                    8.804918361,
                    52.759036717
                ]
            }
        },
        {
            "type": "Feature",
            "properties": {
                "name": "Obstacle"
            },
            "geometry": {
                "type": "Point",
                "coordinates": [
                    8.776530408,
                    52.722513139
                ]
            }
        },
        {
            "type": "Feature",
            "properties": {
                "name": "Obstacle"
            },
            "geometry": {
                "type": "Point",
                "coordinates": [
                    8.844038222,
                    52.718743108
                ]
            }
        },
        {
            "type": "Feature",
            "properties": {
                "name": "Obstacle"
            },
            "geometry": {
                "type": "Point",
                "coordinates": [
                    7.805722222,
                    53.667194444
                ]
            }
        },
        {
            "type": "Feature",
            "properties": {
                "name": "Obstacle"
            },
            "geometry": {
                "type": "Point",
                "coordinates": [
                    10.085911417,
                    52.293965694
                ]
            }
        },
        {
            "type": "Feature",
            "properties": {
                "name": "Obstacle"
            },
            "geometry": {
                "type": "Point",
                "coordinates": [
                    7.301924472,
                    53.201418917
                ]
            }
        },
        {
            "type": "Feature",
            "properties": {
                "name": "Obstacle"
            },
            "geometry": {
                "type": "Point",
                "coordinates": [
                    10.943964167,
                    52.084706667
                ]
            }
        },
        {
            "type": "Feature",
            "properties": {
                "name": "Obstacle"
            },
            "geometry": {
                "type": "Point",
                "coordinates": [
                    10.940466389,
                    52.074713889
                ]
            }
        },
        {
            "type": "Feature",
            "properties": {
                "name": "Obstacle"
            },
            "geometry": {
                "type": "Point",
                "coordinates": [
                    7.882864806,
                    52.826257194
                ]
            }
        },
        {
            "type": "Feature",
            "properties": {
                "name": "Obstacle"
            },
            "geometry": {
                "type": "Point",
                "coordinates": [
                    7.777825,
                    52.463105556
                ]
            }
        },
        {
            "type": "Feature",
            "properties": {
                "name": "Obstacle"
            },
            "geometry": {
                "type": "Point",
                "coordinates": [
                    8.667014583,
                    52.727081167
                ]
            }
        },
        {
            "type": "Feature",
            "properties": {
                "name": "Obstacle"
            },
            "geometry": {
                "type": "Point",
                "coordinates": [
                    9.648360389,
                    52.076137611
                ]
            }
        },
        {
            "type": "Feature",
            "properties": {
                "name": "Obstacle"
            },
            "geometry": {
                "type": "Point",
                "coordinates": [
                    10.563863361,
                    52.767628833
                ]
            }
        },
        {
            "type": "Feature",
            "properties": {
                "name": "Obstacle"
            },
            "geometry": {
                "type": "Point",
                "coordinates": [
                    10.621131667,
                    53.020942222
                ]
            }
        },
        {
            "type": "Feature",
            "properties": {
                "name": "Obstacle"
            },
            "geometry": {
                "type": "Point",
                "coordinates": [
                    9.109765111,
                    52.64113475
                ]
            }
        },
        {
            "type": "Feature",
            "properties": {
                "name": "Obstacle"
            },
            "geometry": {
                "type": "Point",
                "coordinates": [
                    7.14787575,
                    53.33687775
                ]
            }
        },
        {
            "type": "Feature",
            "properties": {
                "name": "Obstacle"
            },
            "geometry": {
                "type": "Point",
                "coordinates": [
                    8.00879925,
                    52.126776
                ]
            }
        },
        {
            "type": "Feature",
            "properties": {
                "name": "Obstacle"
            },
            "geometry": {
                "type": "Point",
                "coordinates": [
                    7.9287185,
                    52.46045
                ]
            }
        },
        {
            "type": "Feature",
            "properties": {
                "name": "Obstacle"
            },
            "geometry": {
                "type": "Point",
                "coordinates": [
                    10.799891667,
                    52.073566667
                ]
            }
        },
        {
            "type": "Feature",
            "properties": {
                "name": "Obstacle"
            },
            "geometry": {
                "type": "Point",
                "coordinates": [
                    8.618972222,
                    53.007694444
                ]
            }
        },
        {
            "type": "Feature",
            "properties": {
                "name": "Obstacle"
            },
            "geometry": {
                "type": "Point",
                "coordinates": [
                    10.692837778,
                    53.031442778
                ]
            }
        },
        {
            "type": "Feature",
            "properties": {
                "name": "Obstacle"
            },
            "geometry": {
                "type": "Point",
                "coordinates": [
                    10.716280278,
                    53.027084167
                ]
            }
        },
        {
            "type": "Feature",
            "properties": {
                "name": "Obstacle"
            },
            "geometry": {
                "type": "Point",
                "coordinates": [
                    9.459183722,
                    53.241936111
                ]
            }
        },
        {
            "type": "Feature",
            "properties": {
                "name": "Obstacle"
            },
            "geometry": {
                "type": "Point",
                "coordinates": [
                    10.752183333,
                    52.967636111
                ]
            }
        },
        {
            "type": "Feature",
            "properties": {
                "name": "Obstacle"
            },
            "geometry": {
                "type": "Point",
                "coordinates": [
                    10.745628,
                    52.961845
                ]
            }
        },
        {
            "type": "Feature",
            "properties": {
                "name": "Obstacle"
            },
            "geometry": {
                "type": "Point",
                "coordinates": [
                    10.372645444,
                    52.616829444
                ]
            }
        },
        {
            "type": "Feature",
            "properties": {
                "name": "Obstacle"
            },
            "geometry": {
                "type": "Point",
                "coordinates": [
                    8.543055556,
                    52.931111111
                ]
            }
        },
        {
            "type": "Feature",
            "properties": {
                "name": "Obstacle"
            },
            "geometry": {
                "type": "Point",
                "coordinates": [
                    8.518472222,
                    52.853
                ]
            }
        },
        {
            "type": "Feature",
            "properties": {
                "name": "Obstacle"
            },
            "geometry": {
                "type": "Point",
                "coordinates": [
                    8.974492778,
                    52.710620389
                ]
            }
        },
        {
            "type": "Feature",
            "properties": {
                "name": "Obstacle"
            },
            "geometry": {
                "type": "Point",
                "coordinates": [
                    7.257778167,
                    53.350522361
                ]
            }
        },
        {
            "type": "Feature",
            "properties": {
                "name": "Obstacle"
            },
            "geometry": {
                "type": "Point",
                "coordinates": [
                    8.564120111,
                    52.598367306
                ]
            }
        },
        {
            "type": "Feature",
            "properties": {
                "name": "Obstacle"
            },
            "geometry": {
                "type": "Point",
                "coordinates": [
                    8.670310583,
                    52.989753778
                ]
            }
        },
        {
            "type": "Feature",
            "properties": {
                "name": "Obstacle"
            },
            "geometry": {
                "type": "Point",
                "coordinates": [
                    9.135111111,
                    52.558472222
                ]
            }
        },
        {
            "type": "Feature",
            "properties": {
                "name": "Obstacle"
            },
            "geometry": {
                "type": "Point",
                "coordinates": [
                    9.358886111,
                    53.218186111
                ]
            }
        },
        {
            "type": "Feature",
            "properties": {
                "name": "Obstacle"
            },
            "geometry": {
                "type": "Point",
                "coordinates": [
                    8.429137889,
                    52.511079278
                ]
            }
        },
        {
            "type": "Feature",
            "properties": {
                "name": "Obstacle"
            },
            "geometry": {
                "type": "Point",
                "coordinates": [
                    9.663031889,
                    52.225206556
                ]
            }
        },
        {
            "type": "Feature",
            "properties": {
                "name": "Obstacle"
            },
            "geometry": {
                "type": "Point",
                "coordinates": [
                    7.478888889,
                    53.620277778
                ]
            }
        },
        {
            "type": "Feature",
            "properties": {
                "name": "Obstacle"
            },
            "geometry": {
                "type": "Point",
                "coordinates": [
                    7.553628667,
                    52.444596306
                ]
            }
        },
        {
            "type": "Feature",
            "properties": {
                "name": "Obstacle"
            },
            "geometry": {
                "type": "Point",
                "coordinates": [
                    7.552927028,
                    52.435034111
                ]
            }
        },
        {
            "type": "Feature",
            "properties": {
                "name": "Obstacle"
            },
            "geometry": {
                "type": "Point",
                "coordinates": [
                    8.789116333,
                    52.538059417
                ]
            }
        },
        {
            "type": "Feature",
            "properties": {
                "name": "Obstacle"
            },
            "geometry": {
                "type": "Point",
                "coordinates": [
                    8.800385028,
                    52.537250056
                ]
            }
        },
        {
            "type": "Feature",
            "properties": {
                "name": "Obstacle"
            },
            "geometry": {
                "type": "Point",
                "coordinates": [
                    9.047759056,
                    53.191391583
                ]
            }
        },
        {
            "type": "Feature",
            "properties": {
                "name": "Obstacle"
            },
            "geometry": {
                "type": "Point",
                "coordinates": [
                    8.84984275,
                    52.725763167
                ]
            }
        },
        {
            "type": "Feature",
            "properties": {
                "name": "Obstacle"
            },
            "geometry": {
                "type": "Point",
                "coordinates": [
                    9.504444444,
                    53.367777778
                ]
            }
        },
        {
            "type": "Feature",
            "properties": {
                "name": "Obstacle"
            },
            "geometry": {
                "type": "Point",
                "coordinates": [
                    9.504444444,
                    53.373611111
                ]
            }
        },
        {
            "type": "Feature",
            "properties": {
                "name": "Obstacle"
            },
            "geometry": {
                "type": "Point",
                "coordinates": [
                    10.534708333,
                    52.655969444
                ]
            }
        },
        {
            "type": "Feature",
            "properties": {
                "name": "Obstacle"
            },
            "geometry": {
                "type": "Point",
                "coordinates": [
                    8.853776806,
                    52.708909806
                ]
            }
        },
        {
            "type": "Feature",
            "properties": {
                "name": "Obstacle"
            },
            "geometry": {
                "type": "Point",
                "coordinates": [
                    10.045315833,
                    52.68264675
                ]
            }
        },
        {
            "type": "Feature",
            "properties": {
                "name": "Obstacle"
            },
            "geometry": {
                "type": "Point",
                "coordinates": [
                    9.683655556,
                    52.650463889
                ]
            }
        },
        {
            "type": "Feature",
            "properties": {
                "name": "Obstacle"
            },
            "geometry": {
                "type": "Point",
                "coordinates": [
                    9.712305556,
                    52.647641667
                ]
            }
        },
        {
            "type": "Feature",
            "properties": {
                "name": "Obstacle"
            },
            "geometry": {
                "type": "Point",
                "coordinates": [
                    7.554311111,
                    52.817072222
                ]
            }
        },
        {
            "type": "Feature",
            "properties": {
                "name": "Obstacle"
            },
            "geometry": {
                "type": "Point",
                "coordinates": [
                    7.534627778,
                    52.799288889
                ]
            }
        },
        {
            "type": "Feature",
            "properties": {
                "name": "Obstacle"
            },
            "geometry": {
                "type": "Point",
                "coordinates": [
                    8.702005333,
                    53.827694139
                ]
            }
        },
        {
            "type": "Feature",
            "properties": {
                "name": "Obstacle"
            },
            "geometry": {
                "type": "Point",
                "coordinates": [
                    9.485026667,
                    52.5817125
                ]
            }
        },
        {
            "type": "Feature",
            "properties": {
                "name": "Obstacle"
            },
            "geometry": {
                "type": "Point",
                "coordinates": [
                    9.503820278,
                    53.121399639
                ]
            }
        },
        {
            "type": "Feature",
            "properties": {
                "name": "Obstacle"
            },
            "geometry": {
                "type": "Point",
                "coordinates": [
                    9.517715306,
                    53.128103139
                ]
            }
        },
        {
            "type": "Feature",
            "properties": {
                "name": "Obstacle"
            },
            "geometry": {
                "type": "Point",
                "coordinates": [
                    10.774083333,
                    52.080916667
                ]
            }
        },
        {
            "type": "Feature",
            "properties": {
                "name": "Obstacle"
            },
            "geometry": {
                "type": "Point",
                "coordinates": [
                    10.007172222,
                    52.248808333
                ]
            }
        },
        {
            "type": "Feature",
            "properties": {
                "name": "Obstacle"
            },
            "geometry": {
                "type": "Point",
                "coordinates": [
                    8.951025972,
                    52.538381833
                ]
            }
        },
        {
            "type": "Feature",
            "properties": {
                "name": "Obstacle"
            },
            "geometry": {
                "type": "Point",
                "coordinates": [
                    10.695138889,
                    52.107222222
                ]
            }
        },
        {
            "type": "Feature",
            "properties": {
                "name": "Obstacle"
            },
            "geometry": {
                "type": "Point",
                "coordinates": [
                    8.986944444,
                    52.891388889
                ]
            }
        },
        {
            "type": "Feature",
            "properties": {
                "name": "Obstacle"
            },
            "geometry": {
                "type": "Point",
                "coordinates": [
                    9.7284635,
                    52.189181806
                ]
            }
        },
        {
            "type": "Feature",
            "properties": {
                "name": "Obstacle"
            },
            "geometry": {
                "type": "Point",
                "coordinates": [
                    10.30308225,
                    52.067822167
                ]
            }
        },
        {
            "type": "Feature",
            "properties": {
                "name": "Obstacle"
            },
            "geometry": {
                "type": "Point",
                "coordinates": [
                    9.07072775,
                    52.855420083
                ]
            }
        },
        {
            "type": "Feature",
            "properties": {
                "name": "Obstacle"
            },
            "geometry": {
                "type": "Point",
                "coordinates": [
                    8.018088306,
                    52.317836
                ]
            }
        },
        {
            "type": "Feature",
            "properties": {
                "name": "Obstacle"
            },
            "geometry": {
                "type": "Point",
                "coordinates": [
                    10.436821528,
                    52.917329778
                ]
            }
        },
        {
            "type": "Feature",
            "properties": {
                "name": "Obstacle"
            },
            "geometry": {
                "type": "Point",
                "coordinates": [
                    10.4959,
                    53.006333333
                ]
            }
        },
        {
            "type": "Feature",
            "properties": {
                "name": "Obstacle"
            },
            "geometry": {
                "type": "Point",
                "coordinates": [
                    7.38170975,
                    53.384039833
                ]
            }
        },
        {
            "type": "Feature",
            "properties": {
                "name": "Obstacle"
            },
            "geometry": {
                "type": "Point",
                "coordinates": [
                    6.9036555,
                    52.541862083
                ]
            }
        },
        {
            "type": "Feature",
            "properties": {
                "name": "Obstacle"
            },
            "geometry": {
                "type": "Point",
                "coordinates": [
                    7.449643972,
                    52.981804889
                ]
            }
        },
        {
            "type": "Feature",
            "properties": {
                "name": "Obstacle"
            },
            "geometry": {
                "type": "Point",
                "coordinates": [
                    7.41101225,
                    52.974476667
                ]
            }
        },
        {
            "type": "Feature",
            "properties": {
                "name": "Obstacle"
            },
            "geometry": {
                "type": "Point",
                "coordinates": [
                    7.437377778,
                    52.973464333
                ]
            }
        },
        {
            "type": "Feature",
            "properties": {
                "name": "Obstacle"
            },
            "geometry": {
                "type": "Point",
                "coordinates": [
                    8.05075,
                    53.428
                ]
            }
        },
        {
            "type": "Feature",
            "properties": {
                "name": "Obstacle"
            },
            "geometry": {
                "type": "Point",
                "coordinates": [
                    7.798686667,
                    53.384297778
                ]
            }
        },
        {
            "type": "Feature",
            "properties": {
                "name": "Obstacle"
            },
            "geometry": {
                "type": "Point",
                "coordinates": [
                    7.785575,
                    53.382061111
                ]
            }
        },
        {
            "type": "Feature",
            "properties": {
                "name": "Obstacle"
            },
            "geometry": {
                "type": "Point",
                "coordinates": [
                    9.663634694,
                    52.215586889
                ]
            }
        },
        {
            "type": "Feature",
            "properties": {
                "name": "Obstacle"
            },
            "geometry": {
                "type": "Point",
                "coordinates": [
                    8.591691917,
                    52.698359111
                ]
            }
        },
        {
            "type": "Feature",
            "properties": {
                "name": "Obstacle"
            },
            "geometry": {
                "type": "Point",
                "coordinates": [
                    8.419419444,
                    52.626325
                ]
            }
        },
        {
            "type": "Feature",
            "properties": {
                "name": "Obstacle"
            },
            "geometry": {
                "type": "Point",
                "coordinates": [
                    8.329208917,
                    53.581773167
                ]
            }
        },
        {
            "type": "Feature",
            "properties": {
                "name": "Obstacle"
            },
            "geometry": {
                "type": "Point",
                "coordinates": [
                    9.332758139,
                    51.948338806
                ]
            }
        },
        {
            "type": "Feature",
            "properties": {
                "name": "Obstacle"
            },
            "geometry": {
                "type": "Point",
                "coordinates": [
                    9.464805556,
                    52.874188889
                ]
            }
        },
        {
            "type": "Feature",
            "properties": {
                "name": "Obstacle"
            },
            "geometry": {
                "type": "Point",
                "coordinates": [
                    9.787200694,
                    52.651246944
                ]
            }
        },
        {
            "type": "Feature",
            "properties": {
                "name": "Obstacle"
            },
            "geometry": {
                "type": "Point",
                "coordinates": [
                    8.369464528,
                    53.488307889
                ]
            }
        },
        {
            "type": "Feature",
            "properties": {
                "name": "Obstacle"
            },
            "geometry": {
                "type": "Point",
                "coordinates": [
                    10.783333333,
                    52.078333333
                ]
            }
        },
        {
            "type": "Feature",
            "properties": {
                "name": "Obstacle"
            },
            "geometry": {
                "type": "Point",
                "coordinates": [
                    8.392525972,
                    53.143568056
                ]
            }
        },
        {
            "type": "Feature",
            "properties": {
                "name": "Obstacle"
            },
            "geometry": {
                "type": "Point",
                "coordinates": [
                    9.536234778,
                    52.690520889
                ]
            }
        },
        {
            "type": "Feature",
            "properties": {
                "name": "Obstacle"
            },
            "geometry": {
                "type": "Point",
                "coordinates": [
                    8.636373361,
                    53.681035111
                ]
            }
        },
        {
            "type": "Feature",
            "properties": {
                "name": "Obstacle"
            },
            "geometry": {
                "type": "Point",
                "coordinates": [
                    8.645626056,
                    53.680353
                ]
            }
        },
        {
            "type": "Feature",
            "properties": {
                "name": "Obstacle"
            },
            "geometry": {
                "type": "Point",
                "coordinates": [
                    8.654662222,
                    53.682059528
                ]
            }
        },
        {
            "type": "Feature",
            "properties": {
                "name": "Obstacle"
            },
            "geometry": {
                "type": "Point",
                "coordinates": [
                    8.21524975,
                    52.847645694
                ]
            }
        },
        {
            "type": "Feature",
            "properties": {
                "name": "Obstacle"
            },
            "geometry": {
                "type": "Point",
                "coordinates": [
                    8.201827083,
                    52.864091083
                ]
            }
        },
        {
            "type": "Feature",
            "properties": {
                "name": "Obstacle"
            },
            "geometry": {
                "type": "Point",
                "coordinates": [
                    10.133016667,
                    52.385516667
                ]
            }
        },
        {
            "type": "Feature",
            "properties": {
                "name": "Obstacle"
            },
            "geometry": {
                "type": "Point",
                "coordinates": [
                    9.5491675,
                    52.650795556
                ]
            }
        },
        {
            "type": "Feature",
            "properties": {
                "name": "Obstacle"
            },
            "geometry": {
                "type": "Point",
                "coordinates": [
                    8.209188389,
                    52.859386556
                ]
            }
        },
        {
            "type": "Feature",
            "properties": {
                "name": "Obstacle"
            },
            "geometry": {
                "type": "Point",
                "coordinates": [
                    9.6995525,
                    52.652483611
                ]
            }
        },
        {
            "type": "Feature",
            "properties": {
                "name": "Obstacle"
            },
            "geometry": {
                "type": "Point",
                "coordinates": [
                    7.747538778,
                    52.794415222
                ]
            }
        },
        {
            "type": "Feature",
            "properties": {
                "name": "Obstacle"
            },
            "geometry": {
                "type": "Point",
                "coordinates": [
                    9.713358639,
                    53.134581
                ]
            }
        },
        {
            "type": "Feature",
            "properties": {
                "name": "Obstacle"
            },
            "geometry": {
                "type": "Point",
                "coordinates": [
                    7.704127778,
                    53.63915
                ]
            }
        },
        {
            "type": "Feature",
            "properties": {
                "name": "Obstacle"
            },
            "geometry": {
                "type": "Point",
                "coordinates": [
                    10.104956,
                    51.436864917
                ]
            }
        },
        {
            "type": "Feature",
            "properties": {
                "name": "Obstacle"
            },
            "geometry": {
                "type": "Point",
                "coordinates": [
                    8.023964444,
                    53.4354375
                ]
            }
        },
        {
            "type": "Feature",
            "properties": {
                "name": "Obstacle"
            },
            "geometry": {
                "type": "Point",
                "coordinates": [
                    7.986059611,
                    52.364029389
                ]
            }
        },
        {
            "type": "Feature",
            "properties": {
                "name": "Obstacle"
            },
            "geometry": {
                "type": "Point",
                "coordinates": [
                    6.739631639,
                    52.641149556
                ]
            }
        },
        {
            "type": "Feature",
            "properties": {
                "name": "Obstacle"
            },
            "geometry": {
                "type": "Point",
                "coordinates": [
                    9.625393806,
                    52.41965725
                ]
            }
        },
        {
            "type": "Feature",
            "properties": {
                "name": "Obstacle"
            },
            "geometry": {
                "type": "Point",
                "coordinates": [
                    9.488333333,
                    53.371666667
                ]
            }
        },
        {
            "type": "Feature",
            "properties": {
                "name": "Obstacle"
            },
            "geometry": {
                "type": "Point",
                "coordinates": [
                    7.442277778,
                    53.506222222
                ]
            }
        },
        {
            "type": "Feature",
            "properties": {
                "name": "Obstacle"
            },
            "geometry": {
                "type": "Point",
                "coordinates": [
                    8.935736111,
                    53.587430556
                ]
            }
        },
        {
            "type": "Feature",
            "properties": {
                "name": "Obstacle"
            },
            "geometry": {
                "type": "Point",
                "coordinates": [
                    7.738908333,
                    53.671191667
                ]
            }
        },
        {
            "type": "Feature",
            "properties": {
                "name": "Obstacle"
            },
            "geometry": {
                "type": "Point",
                "coordinates": [
                    8.680299389,
                    52.70474175
                ]
            }
        },
        {
            "type": "Feature",
            "properties": {
                "name": "Obstacle"
            },
            "geometry": {
                "type": "Point",
                "coordinates": [
                    6.461102611,
                    53.695938944
                ]
            }
        },
        {
            "type": "Feature",
            "properties": {
                "name": "Obstacle"
            },
            "geometry": {
                "type": "Point",
                "coordinates": [
                    6.446886361,
                    53.688397306
                ]
            }
        },
        {
            "type": "Feature",
            "properties": {
                "name": "Obstacle"
            },
            "geometry": {
                "type": "Point",
                "coordinates": [
                    6.512169944,
                    53.697608389
                ]
            }
        },
        {
            "type": "Feature",
            "properties": {
                "name": "Obstacle"
            },
            "geometry": {
                "type": "Point",
                "coordinates": [
                    6.497943806,
                    53.690072694
                ]
            }
        },
        {
            "type": "Feature",
            "properties": {
                "name": "Obstacle"
            },
            "geometry": {
                "type": "Point",
                "coordinates": [
                    8.709899361,
                    53.655143583
                ]
            }
        },
        {
            "type": "Feature",
            "properties": {
                "name": "Obstacle"
            },
            "geometry": {
                "type": "Point",
                "coordinates": [
                    7.722067528,
                    53.361220361
                ]
            }
        },
        {
            "type": "Feature",
            "properties": {
                "name": "Obstacle"
            },
            "geometry": {
                "type": "Point",
                "coordinates": [
                    7.865558333,
                    53.390955556
                ]
            }
        },
        {
            "type": "Feature",
            "properties": {
                "name": "Obstacle"
            },
            "geometry": {
                "type": "Point",
                "coordinates": [
                    7.746597222,
                    53.086797222
                ]
            }
        },
        {
            "type": "Feature",
            "properties": {
                "name": "Obstacle"
            },
            "geometry": {
                "type": "Point",
                "coordinates": [
                    7.750627778,
                    53.069208333
                ]
            }
        },
        {
            "type": "Feature",
            "properties": {
                "name": "Obstacle"
            },
            "geometry": {
                "type": "Point",
                "coordinates": [
                    7.76595,
                    53.060911111
                ]
            }
        },
        {
            "type": "Feature",
            "properties": {
                "name": "Obstacle"
            },
            "geometry": {
                "type": "Point",
                "coordinates": [
                    7.456622222,
                    53.611394444
                ]
            }
        },
        {
            "type": "Feature",
            "properties": {
                "name": "Obstacle"
            },
            "geometry": {
                "type": "Point",
                "coordinates": [
                    7.418586111,
                    53.612808333
                ]
            }
        },
        {
            "type": "Feature",
            "properties": {
                "name": "Obstacle"
            },
            "geometry": {
                "type": "Point",
                "coordinates": [
                    7.413998,
                    53.123974528
                ]
            }
        },
        {
            "type": "Feature",
            "properties": {
                "name": "Obstacle"
            },
            "geometry": {
                "type": "Point",
                "coordinates": [
                    8.031955556,
                    53.579041667
                ]
            }
        },
        {
            "type": "Feature",
            "properties": {
                "name": "Obstacle"
            },
            "geometry": {
                "type": "Point",
                "coordinates": [
                    8.768515278,
                    53.660625667
                ]
            }
        },
        {
            "type": "Feature",
            "properties": {
                "name": "Obstacle"
            },
            "geometry": {
                "type": "Point",
                "coordinates": [
                    7.934513889,
                    53.699866667
                ]
            }
        },
        {
            "type": "Feature",
            "properties": {
                "name": "Obstacle"
            },
            "geometry": {
                "type": "Point",
                "coordinates": [
                    9.117336111,
                    52.650311111
                ]
            }
        },
        {
            "type": "Feature",
            "properties": {
                "name": "Obstacle"
            },
            "geometry": {
                "type": "Point",
                "coordinates": [
                    7.412222222,
                    53.618611111
                ]
            }
        },
        {
            "type": "Feature",
            "properties": {
                "name": "Obstacle"
            },
            "geometry": {
                "type": "Point",
                "coordinates": [
                    8.604966667,
                    53.311697222
                ]
            }
        },
        {
            "type": "Feature",
            "properties": {
                "name": "Obstacle"
            },
            "geometry": {
                "type": "Point",
                "coordinates": [
                    8.599911111,
                    53.295508333
                ]
            }
        },
        {
            "type": "Feature",
            "properties": {
                "name": "Obstacle"
            },
            "geometry": {
                "type": "Point",
                "coordinates": [
                    9.16961125,
                    52.73389475
                ]
            }
        },
        {
            "type": "Feature",
            "properties": {
                "name": "Obstacle"
            },
            "geometry": {
                "type": "Point",
                "coordinates": [
                    7.913244583,
                    53.019526361
                ]
            }
        },
        {
            "type": "Feature",
            "properties": {
                "name": "Obstacle"
            },
            "geometry": {
                "type": "Point",
                "coordinates": [
                    7.923971917,
                    53.031004917
                ]
            }
        },
        {
            "type": "Feature",
            "properties": {
                "name": "Obstacle"
            },
            "geometry": {
                "type": "Point",
                "coordinates": [
                    9.740491833,
                    51.846050667
                ]
            }
        },
        {
            "type": "Feature",
            "properties": {
                "name": "Obstacle"
            },
            "geometry": {
                "type": "Point",
                "coordinates": [
                    8.526179417,
                    52.742732667
                ]
            }
        },
        {
            "type": "Feature",
            "properties": {
                "name": "Obstacle"
            },
            "geometry": {
                "type": "Point",
                "coordinates": [
                    7.463427778,
                    53.626297222
                ]
            }
        },
        {
            "type": "Feature",
            "properties": {
                "name": "Obstacle"
            },
            "geometry": {
                "type": "Point",
                "coordinates": [
                    7.4529,
                    53.630486111
                ]
            }
        },
        {
            "type": "Feature",
            "properties": {
                "name": "Obstacle"
            },
            "geometry": {
                "type": "Point",
                "coordinates": [
                    9.484825,
                    52.890530556
                ]
            }
        },
        {
            "type": "Feature",
            "properties": {
                "name": "Obstacle"
            },
            "geometry": {
                "type": "Point",
                "coordinates": [
                    7.577530694,
                    53.353556528
                ]
            }
        },
        {
            "type": "Feature",
            "properties": {
                "name": "Obstacle"
            },
            "geometry": {
                "type": "Point",
                "coordinates": [
                    8.154995278,
                    52.409878861
                ]
            }
        },
        {
            "type": "Feature",
            "properties": {
                "name": "Obstacle"
            },
            "geometry": {
                "type": "Point",
                "coordinates": [
                    9.126346667,
                    52.462973611
                ]
            }
        },
        {
            "type": "Feature",
            "properties": {
                "name": "Obstacle"
            },
            "geometry": {
                "type": "Point",
                "coordinates": [
                    7.352521194,
                    52.906290833
                ]
            }
        },
        {
            "type": "Feature",
            "properties": {
                "name": "Obstacle"
            },
            "geometry": {
                "type": "Point",
                "coordinates": [
                    7.368293833,
                    52.885443639
                ]
            }
        },
        {
            "type": "Feature",
            "properties": {
                "name": "Obstacle"
            },
            "geometry": {
                "type": "Point",
                "coordinates": [
                    8.034005556,
                    52.565688889
                ]
            }
        },
        {
            "type": "Feature",
            "properties": {
                "name": "Obstacle"
            },
            "geometry": {
                "type": "Point",
                "coordinates": [
                    9.860440778,
                    51.935856972
                ]
            }
        },
        {
            "type": "Feature",
            "properties": {
                "name": "Obstacle"
            },
            "geometry": {
                "type": "Point",
                "coordinates": [
                    9.606709694,
                    52.799898611
                ]
            }
        },
        {
            "type": "Feature",
            "properties": {
                "name": "Obstacle"
            },
            "geometry": {
                "type": "Point",
                "coordinates": [
                    9.617242917,
                    52.807089694
                ]
            }
        },
        {
            "type": "Feature",
            "properties": {
                "name": "Obstacle"
            },
            "geometry": {
                "type": "Point",
                "coordinates": [
                    10.1225,
                    52.3175
                ]
            }
        },
        {
            "type": "Feature",
            "properties": {
                "name": "Obstacle"
            },
            "geometry": {
                "type": "Point",
                "coordinates": [
                    8.425511111,
                    53.141197222
                ]
            }
        },
        {
            "type": "Feature",
            "properties": {
                "name": "Obstacle"
            },
            "geometry": {
                "type": "Point",
                "coordinates": [
                    7.450725,
                    53.617616667
                ]
            }
        },
        {
            "type": "Feature",
            "properties": {
                "name": "Obstacle"
            },
            "geometry": {
                "type": "Point",
                "coordinates": [
                    7.44585,
                    53.608055556
                ]
            }
        },
        {
            "type": "Feature",
            "properties": {
                "name": "Obstacle"
            },
            "geometry": {
                "type": "Point",
                "coordinates": [
                    9.522925,
                    52.832111111
                ]
            }
        },
        {
            "type": "Feature",
            "properties": {
                "name": "Obstacle"
            },
            "geometry": {
                "type": "Point",
                "coordinates": [
                    9.538581306,
                    52.138443056
                ]
            }
        },
        {
            "type": "Feature",
            "properties": {
                "name": "Obstacle"
            },
            "geometry": {
                "type": "Point",
                "coordinates": [
                    7.975176667,
                    53.505029583
                ]
            }
        },
        {
            "type": "Feature",
            "properties": {
                "name": "Obstacle"
            },
            "geometry": {
                "type": "Point",
                "coordinates": [
                    8.583213889,
                    53.674602778
                ]
            }
        },
        {
            "type": "Feature",
            "properties": {
                "name": "Obstacle"
            },
            "geometry": {
                "type": "Point",
                "coordinates": [
                    8.716713889,
                    53.454769444
                ]
            }
        },
        {
            "type": "Feature",
            "properties": {
                "name": "Obstacle"
            },
            "geometry": {
                "type": "Point",
                "coordinates": [
                    9.500122222,
                    52.138069444
                ]
            }
        },
        {
            "type": "Feature",
            "properties": {
                "name": "Obstacle"
            },
            "geometry": {
                "type": "Point",
                "coordinates": [
                    8.534797222,
                    52.741713889
                ]
            }
        },
        {
            "type": "Feature",
            "properties": {
                "name": "Obstacle"
            },
            "geometry": {
                "type": "Point",
                "coordinates": [
                    9.514083333,
                    52.121111111
                ]
            }
        },
        {
            "type": "Feature",
            "properties": {
                "name": "Obstacle"
            },
            "geometry": {
                "type": "Point",
                "coordinates": [
                    8.641388889,
                    53.401388889
                ]
            }
        },
        {
            "type": "Feature",
            "properties": {
                "name": "Obstacle"
            },
            "geometry": {
                "type": "Point",
                "coordinates": [
                    9.7013,
                    53.2083
                ]
            }
        },
        {
            "type": "Feature",
            "properties": {
                "name": "Obstacle"
            },
            "geometry": {
                "type": "Point",
                "coordinates": [
                    8.029297222,
                    52.669336111
                ]
            }
        },
        {
            "type": "Feature",
            "properties": {
                "name": "Obstacle"
            },
            "geometry": {
                "type": "Point",
                "coordinates": [
                    9.402187222,
                    53.316174167
                ]
            }
        },
        {
            "type": "Feature",
            "properties": {
                "name": "Obstacle"
            },
            "geometry": {
                "type": "Point",
                "coordinates": [
                    8.917572222,
                    53.452297222
                ]
            }
        },
        {
            "type": "Feature",
            "properties": {
                "name": "Obstacle"
            },
            "geometry": {
                "type": "Point",
                "coordinates": [
                    10.475277778,
                    52.1025
                ]
            }
        },
        {
            "type": "Feature",
            "properties": {
                "name": "Obstacle"
            },
            "geometry": {
                "type": "Point",
                "coordinates": [
                    8.8045,
                    53.379305556
                ]
            }
        },
        {
            "type": "Feature",
            "properties": {
                "name": "Obstacle"
            },
            "geometry": {
                "type": "Point",
                "coordinates": [
                    9.163696139,
                    53.418233917
                ]
            }
        },
        {
            "type": "Feature",
            "properties": {
                "name": "Obstacle"
            },
            "geometry": {
                "type": "Point",
                "coordinates": [
                    7.185650194,
                    52.885120361
                ]
            }
        },
        {
            "type": "Feature",
            "properties": {
                "name": "Obstacle"
            },
            "geometry": {
                "type": "Point",
                "coordinates": [
                    8.948752778,
                    53.541725
                ]
            }
        },
        {
            "type": "Feature",
            "properties": {
                "name": "Obstacle"
            },
            "geometry": {
                "type": "Point",
                "coordinates": [
                    8.967636111,
                    53.535438889
                ]
            }
        },
        {
            "type": "Feature",
            "properties": {
                "name": "Obstacle"
            },
            "geometry": {
                "type": "Point",
                "coordinates": [
                    9.725980556,
                    53.4263
                ]
            }
        },
        {
            "type": "Feature",
            "properties": {
                "name": "Obstacle"
            },
            "geometry": {
                "type": "Point",
                "coordinates": [
                    8.741966667,
                    53.246480556
                ]
            }
        },
        {
            "type": "Feature",
            "properties": {
                "name": "Obstacle"
            },
            "geometry": {
                "type": "Point",
                "coordinates": [
                    9.429291417,
                    52.818890861
                ]
            }
        },
        {
            "type": "Feature",
            "properties": {
                "name": "Obstacle"
            },
            "geometry": {
                "type": "Point",
                "coordinates": [
                    9.441579639,
                    52.808748944
                ]
            }
        },
        {
            "type": "Feature",
            "properties": {
                "name": "Obstacle"
            },
            "geometry": {
                "type": "Point",
                "coordinates": [
                    7.274994444,
                    53.363361111
                ]
            }
        },
        {
            "type": "Feature",
            "properties": {
                "name": "Obstacle"
            },
            "geometry": {
                "type": "Point",
                "coordinates": [
                    7.343582861,
                    53.179052333
                ]
            }
        },
        {
            "type": "Feature",
            "properties": {
                "name": "Obstacle"
            },
            "geometry": {
                "type": "Point",
                "coordinates": [
                    7.423277778,
                    53.607838889
                ]
            }
        },
        {
            "type": "Feature",
            "properties": {
                "name": "Obstacle"
            },
            "geometry": {
                "type": "Point",
                "coordinates": [
                    9.365058667,
                    53.691422889
                ]
            }
        },
        {
            "type": "Feature",
            "properties": {
                "name": "Obstacle"
            },
            "geometry": {
                "type": "Point",
                "coordinates": [
                    8.811044444,
                    53.319941667
                ]
            }
        },
        {
            "type": "Feature",
            "properties": {
                "name": "Obstacle"
            },
            "geometry": {
                "type": "Point",
                "coordinates": [
                    8.520387778,
                    52.801007778
                ]
            }
        },
        {
            "type": "Feature",
            "properties": {
                "name": "Obstacle"
            },
            "geometry": {
                "type": "Point",
                "coordinates": [
                    7.577027778,
                    52.922880556
                ]
            }
        },
        {
            "type": "Feature",
            "properties": {
                "name": "Obstacle"
            },
            "geometry": {
                "type": "Point",
                "coordinates": [
                    8.107633333,
                    52.439316667
                ]
            }
        },
        {
            "type": "Feature",
            "properties": {
                "name": "Obstacle"
            },
            "geometry": {
                "type": "Point",
                "coordinates": [
                    7.703955556,
                    53.369963889
                ]
            }
        },
        {
            "type": "Feature",
            "properties": {
                "name": "Obstacle"
            },
            "geometry": {
                "type": "Point",
                "coordinates": [
                    9.278957306,
                    52.790168278
                ]
            }
        },
        {
            "type": "Feature",
            "properties": {
                "name": "Obstacle"
            },
            "geometry": {
                "type": "Point",
                "coordinates": [
                    7.234330556,
                    53.197136111
                ]
            }
        },
        {
            "type": "Feature",
            "properties": {
                "name": "Obstacle"
            },
            "geometry": {
                "type": "Point",
                "coordinates": [
                    8.338828056,
                    53.043141111
                ]
            }
        },
        {
            "type": "Feature",
            "properties": {
                "name": "Obstacle"
            },
            "geometry": {
                "type": "Point",
                "coordinates": [
                    8.6479,
                    52.859633333
                ]
            }
        },
        {
            "type": "Feature",
            "properties": {
                "name": "Obstacle"
            },
            "geometry": {
                "type": "Point",
                "coordinates": [
                    8.710745194,
                    52.651000472
                ]
            }
        },
        {
            "type": "Feature",
            "properties": {
                "name": "Obstacle"
            },
            "geometry": {
                "type": "Point",
                "coordinates": [
                    8.490024,
                    52.979242
                ]
            }
        },
        {
            "type": "Feature",
            "properties": {
                "name": "Obstacle"
            },
            "geometry": {
                "type": "Point",
                "coordinates": [
                    8.159094444,
                    53.844188056
                ]
            }
        },
        {
            "type": "Feature",
            "properties": {
                "name": "Obstacle"
            },
            "geometry": {
                "type": "Point",
                "coordinates": [
                    8.17112,
                    53.83327
                ]
            }
        },
        {
            "type": "Feature",
            "properties": {
                "name": "Obstacle"
            },
            "geometry": {
                "type": "Point",
                "coordinates": [
                    8.182908889,
                    53.828730833
                ]
            }
        },
        {
            "type": "Feature",
            "properties": {
                "name": "Obstacle"
            },
            "geometry": {
                "type": "Point",
                "coordinates": [
                    7.909198389,
                    53.589896889
                ]
            }
        },
        {
            "type": "Feature",
            "properties": {
                "name": "Obstacle"
            },
            "geometry": {
                "type": "Point",
                "coordinates": [
                    7.639722222,
                    52.877222222
                ]
            }
        },
        {
            "type": "Feature",
            "properties": {
                "name": "Obstacle"
            },
            "geometry": {
                "type": "Point",
                "coordinates": [
                    9.471433333,
                    53.503363889
                ]
            }
        },
        {
            "type": "Feature",
            "properties": {
                "name": "Obstacle"
            },
            "geometry": {
                "type": "Point",
                "coordinates": [
                    8.73605,
                    53.813452778
                ]
            }
        },
        {
            "type": "Feature",
            "properties": {
                "name": "Obstacle"
            },
            "geometry": {
                "type": "Point",
                "coordinates": [
                    8.019566667,
                    53.612294444
                ]
            }
        },
        {
            "type": "Feature",
            "properties": {
                "name": "Obstacle"
            },
            "geometry": {
                "type": "Point",
                "coordinates": [
                    7.496511111,
                    53.620436111
                ]
            }
        },
        {
            "type": "Feature",
            "properties": {
                "name": "Obstacle"
            },
            "geometry": {
                "type": "Point",
                "coordinates": [
                    8.289297,
                    53.336079
                ]
            }
        },
        {
            "type": "Feature",
            "properties": {
                "name": "Obstacle"
            },
            "geometry": {
                "type": "Point",
                "coordinates": [
                    7.208568778,
                    52.899954167
                ]
            }
        },
        {
            "type": "Feature",
            "properties": {
                "name": "Obstacle"
            },
            "geometry": {
                "type": "Point",
                "coordinates": [
                    9.065419444,
                    52.845591667
                ]
            }
        },
        {
            "type": "Feature",
            "properties": {
                "name": "Obstacle"
            },
            "geometry": {
                "type": "Point",
                "coordinates": [
                    10.169405278,
                    51.600413056
                ]
            }
        },
        {
            "type": "Feature",
            "properties": {
                "name": "Obstacle"
            },
            "geometry": {
                "type": "Point",
                "coordinates": [
                    9.619258,
                    53.337119
                ]
            }
        },
        {
            "type": "Feature",
            "properties": {
                "name": "Obstacle"
            },
            "geometry": {
                "type": "Point",
                "coordinates": [
                    7.254994444,
                    53.360275
                ]
            }
        },
        {
            "type": "Feature",
            "properties": {
                "name": "Obstacle"
            },
            "geometry": {
                "type": "Point",
                "coordinates": [
                    7.500536111,
                    53.550327778
                ]
            }
        },
        {
            "type": "Feature",
            "properties": {
                "name": "Obstacle"
            },
            "geometry": {
                "type": "Point",
                "coordinates": [
                    7.744558333,
                    53.610944444
                ]
            }
        },
        {
            "type": "Feature",
            "properties": {
                "name": "Obstacle"
            },
            "geometry": {
                "type": "Point",
                "coordinates": [
                    7.7691,
                    53.613311111
                ]
            }
        },
        {
            "type": "Feature",
            "properties": {
                "name": "Obstacle"
            },
            "geometry": {
                "type": "Point",
                "coordinates": [
                    8.426666667,
                    53.3625
                ]
            }
        },
        {
            "type": "Feature",
            "properties": {
                "name": "Obstacle"
            },
            "geometry": {
                "type": "Point",
                "coordinates": [
                    8.626685,
                    52.750715556
                ]
            }
        },
        {
            "type": "Feature",
            "properties": {
                "name": "Obstacle"
            },
            "geometry": {
                "type": "Point",
                "coordinates": [
                    8.305447222,
                    52.791961111
                ]
            }
        },
        {
            "type": "Feature",
            "properties": {
                "name": "Obstacle"
            },
            "geometry": {
                "type": "Point",
                "coordinates": [
                    10.208704,
                    51.666196
                ]
            }
        },
        {
            "type": "Feature",
            "properties": {
                "name": "Obstacle"
            },
            "geometry": {
                "type": "Point",
                "coordinates": [
                    7.160241667,
                    53.434077778
                ]
            }
        },
        {
            "type": "Feature",
            "properties": {
                "name": "Obstacle"
            },
            "geometry": {
                "type": "Point",
                "coordinates": [
                    7.221725,
                    53.433447222
                ]
            }
        },
        {
            "type": "Feature",
            "properties": {
                "name": "Obstacle"
            },
            "geometry": {
                "type": "Point",
                "coordinates": [
                    10.582191667,
                    53.252547222
                ]
            }
        },
        {
            "type": "Feature",
            "properties": {
                "name": "Obstacle"
            },
            "geometry": {
                "type": "Point",
                "coordinates": [
                    8.067044444,
                    52.431886111
                ]
            }
        },
        {
            "type": "Feature",
            "properties": {
                "name": "Obstacle"
            },
            "geometry": {
                "type": "Point",
                "coordinates": [
                    8.027447222,
                    52.435936111
                ]
            }
        },
        {
            "type": "Feature",
            "properties": {
                "name": "Obstacle"
            },
            "geometry": {
                "type": "Point",
                "coordinates": [
                    10.176863889,
                    53.102508333
                ]
            }
        },
        {
            "type": "Feature",
            "properties": {
                "name": "Obstacle"
            },
            "geometry": {
                "type": "Point",
                "coordinates": [
                    9.38125,
                    53.391430556
                ]
            }
        },
        {
            "type": "Feature",
            "properties": {
                "name": "Obstacle"
            },
            "geometry": {
                "type": "Point",
                "coordinates": [
                    9.388294444,
                    53.393352778
                ]
            }
        },
        {
            "type": "Feature",
            "properties": {
                "name": "Obstacle"
            },
            "geometry": {
                "type": "Point",
                "coordinates": [
                    7.444916667,
                    52.988358333
                ]
            }
        },
        {
            "type": "Feature",
            "properties": {
                "name": "Obstacle"
            },
            "geometry": {
                "type": "Point",
                "coordinates": [
                    7.542741667,
                    52.439111111
                ]
            }
        },
        {
            "type": "Feature",
            "properties": {
                "name": "Obstacle"
            },
            "geometry": {
                "type": "Point",
                "coordinates": [
                    7.967366667,
                    52.965252778
                ]
            }
        },
        {
            "type": "Feature",
            "properties": {
                "name": "Obstacle"
            },
            "geometry": {
                "type": "Point",
                "coordinates": [
                    7.978775,
                    52.965727778
                ]
            }
        },
        {
            "type": "Feature",
            "properties": {
                "name": "Obstacle"
            },
            "geometry": {
                "type": "Point",
                "coordinates": [
                    7.52215,
                    53.618530556
                ]
            }
        },
        {
            "type": "Feature",
            "properties": {
                "name": "Obstacle"
            },
            "geometry": {
                "type": "Point",
                "coordinates": [
                    7.561366667,
                    52.927733333
                ]
            }
        },
        {
            "type": "Feature",
            "properties": {
                "name": "Obstacle"
            },
            "geometry": {
                "type": "Point",
                "coordinates": [
                    7.427569444,
                    53.623091667
                ]
            }
        },
        {
            "type": "Feature",
            "properties": {
                "name": "Obstacle"
            },
            "geometry": {
                "type": "Point",
                "coordinates": [
                    8.519301944,
                    52.669761944
                ]
            }
        },
        {
            "type": "Feature",
            "properties": {
                "name": "Obstacle"
            },
            "geometry": {
                "type": "Point",
                "coordinates": [
                    7.648505556,
                    52.871597222
                ]
            }
        },
        {
            "type": "Feature",
            "properties": {
                "name": "Obstacle"
            },
            "geometry": {
                "type": "Point",
                "coordinates": [
                    7.675177833,
                    52.918466333
                ]
            }
        },
        {
            "type": "Feature",
            "properties": {
                "name": "Obstacle"
            },
            "geometry": {
                "type": "Point",
                "coordinates": [
                    10.196388889,
                    52.495
                ]
            }
        },
        {
            "type": "Feature",
            "properties": {
                "name": "Obstacle"
            },
            "geometry": {
                "type": "Point",
                "coordinates": [
                    7.568358333,
                    52.448522222
                ]
            }
        },
        {
            "type": "Feature",
            "properties": {
                "name": "Obstacle"
            },
            "geometry": {
                "type": "Point",
                "coordinates": [
                    7.504341667,
                    52.808913889
                ]
            }
        },
        {
            "type": "Feature",
            "properties": {
                "name": "Obstacle"
            },
            "geometry": {
                "type": "Point",
                "coordinates": [
                    10.272404,
                    53.187055
                ]
            }
        },
        {
            "type": "Feature",
            "properties": {
                "name": "Obstacle"
            },
            "geometry": {
                "type": "Point",
                "coordinates": [
                    10.362525,
                    53.311294444
                ]
            }
        },
        {
            "type": "Feature",
            "properties": {
                "name": "Obstacle"
            },
            "geometry": {
                "type": "Point",
                "coordinates": [
                    7.589327111,
                    52.925927667
                ]
            }
        },
        {
            "type": "Feature",
            "properties": {
                "name": "Obstacle"
            },
            "geometry": {
                "type": "Point",
                "coordinates": [
                    9.086329861,
                    53.146238278
                ]
            }
        },
        {
            "type": "Feature",
            "properties": {
                "name": "Obstacle"
            },
            "geometry": {
                "type": "Point",
                "coordinates": [
                    7.212038417,
                    53.077284111
                ]
            }
        },
        {
            "type": "Feature",
            "properties": {
                "name": "Obstacle"
            },
            "geometry": {
                "type": "Point",
                "coordinates": [
                    7.315297222,
                    53.359636111
                ]
            }
        },
        {
            "type": "Feature",
            "properties": {
                "name": "Obstacle"
            },
            "geometry": {
                "type": "Point",
                "coordinates": [
                    7.545,
                    53.066111111
                ]
            }
        },
        {
            "type": "Feature",
            "properties": {
                "name": "Obstacle"
            },
            "geometry": {
                "type": "Point",
                "coordinates": [
                    8.246973611,
                    52.700927306
                ]
            }
        },
        {
            "type": "Feature",
            "properties": {
                "name": "Obstacle"
            },
            "geometry": {
                "type": "Point",
                "coordinates": [
                    7.081607222,
                    52.3215
                ]
            }
        },
        {
            "type": "Feature",
            "properties": {
                "name": "Obstacle"
            },
            "geometry": {
                "type": "Point",
                "coordinates": [
                    9.154153333,
                    53.010248889
                ]
            }
        },
        {
            "type": "Feature",
            "properties": {
                "name": "Obstacle"
            },
            "geometry": {
                "type": "Point",
                "coordinates": [
                    8.509697222,
                    52.975463889
                ]
            }
        },
        {
            "type": "Feature",
            "properties": {
                "name": "Obstacle"
            },
            "geometry": {
                "type": "Point",
                "coordinates": [
                    9.754166667,
                    53.048055556
                ]
            }
        },
        {
            "type": "Feature",
            "properties": {
                "name": "Obstacle"
            },
            "geometry": {
                "type": "Point",
                "coordinates": [
                    9.433055556,
                    52.133888889
                ]
            }
        },
        {
            "type": "Feature",
            "properties": {
                "name": "Obstacle"
            },
            "geometry": {
                "type": "Point",
                "coordinates": [
                    8.100786111,
                    52.449238889
                ]
            }
        },
        {
            "type": "Feature",
            "properties": {
                "name": "Obstacle"
            },
            "geometry": {
                "type": "Point",
                "coordinates": [
                    9.477122222,
                    53.488297222
                ]
            }
        },
        {
            "type": "Feature",
            "properties": {
                "name": "Obstacle"
            },
            "geometry": {
                "type": "Point",
                "coordinates": [
                    7.529455556,
                    52.712097222
                ]
            }
        },
        {
            "type": "Feature",
            "properties": {
                "name": "Obstacle"
            },
            "geometry": {
                "type": "Point",
                "coordinates": [
                    7.576319444,
                    52.816313889
                ]
            }
        },
        {
            "type": "Feature",
            "properties": {
                "name": "Obstacle"
            },
            "geometry": {
                "type": "Point",
                "coordinates": [
                    7.277922222,
                    53.366002778
                ]
            }
        },
        {
            "type": "Feature",
            "properties": {
                "name": "Obstacle"
            },
            "geometry": {
                "type": "Point",
                "coordinates": [
                    9.325138889,
                    52.357222222
                ]
            }
        },
        {
            "type": "Feature",
            "properties": {
                "name": "Obstacle"
            },
            "geometry": {
                "type": "Point",
                "coordinates": [
                    8.369488889,
                    53.268558333
                ]
            }
        },
        {
            "type": "Feature",
            "properties": {
                "name": "Obstacle"
            },
            "geometry": {
                "type": "Point",
                "coordinates": [
                    8.780061111,
                    53.607833333
                ]
            }
        },
        {
            "type": "Feature",
            "properties": {
                "name": "Obstacle"
            },
            "geometry": {
                "type": "Point",
                "coordinates": [
                    8.786752778,
                    53.614511111
                ]
            }
        },
        {
            "type": "Feature",
            "properties": {
                "name": "Obstacle"
            },
            "geometry": {
                "type": "Point",
                "coordinates": [
                    9.259465694,
                    53.472772972
                ]
            }
        },
        {
            "type": "Feature",
            "properties": {
                "name": "Obstacle"
            },
            "geometry": {
                "type": "Point",
                "coordinates": [
                    10.166506,
                    53.335999
                ]
            }
        },
        {
            "type": "Feature",
            "properties": {
                "name": "Obstacle"
            },
            "geometry": {
                "type": "Point",
                "coordinates": [
                    8.400211583,
                    53.225267167
                ]
            }
        },
        {
            "type": "Feature",
            "properties": {
                "name": "Obstacle"
            },
            "geometry": {
                "type": "Point",
                "coordinates": [
                    8.963836111,
                    53.779447222
                ]
            }
        },
        {
            "type": "Feature",
            "properties": {
                "name": "Obstacle"
            },
            "geometry": {
                "type": "Point",
                "coordinates": [
                    8.303111111,
                    53.582861111
                ]
            }
        },
        {
            "type": "Feature",
            "properties": {
                "name": "Obstacle"
            },
            "geometry": {
                "type": "Point",
                "coordinates": [
                    8.262947278,
                    53.591523417
                ]
            }
        },
        {
            "type": "Feature",
            "properties": {
                "name": "Obstacle"
            },
            "geometry": {
                "type": "Point",
                "coordinates": [
                    7.711202778,
                    53.182541667
                ]
            }
        },
        {
            "type": "Feature",
            "properties": {
                "name": "Obstacle"
            },
            "geometry": {
                "type": "Point",
                "coordinates": [
                    8.393377778,
                    53.350461111
                ]
            }
        },
        {
            "type": "Feature",
            "properties": {
                "name": "Obstacle"
            },
            "geometry": {
                "type": "Point",
                "coordinates": [
                    10.493333333,
                    51.943888889
                ]
            }
        },
        {
            "type": "Feature",
            "properties": {
                "name": "Obstacle"
            },
            "geometry": {
                "type": "Point",
                "coordinates": [
                    7.433072583,
                    53.250163167
                ]
            }
        },
        {
            "type": "Feature",
            "properties": {
                "name": "Obstacle"
            },
            "geometry": {
                "type": "Point",
                "coordinates": [
                    8.573572222,
                    53.122130556
                ]
            }
        },
        {
            "type": "Feature",
            "properties": {
                "name": "Obstacle"
            },
            "geometry": {
                "type": "Point",
                "coordinates": [
                    7.658413,
                    52.586042
                ]
            }
        },
        {
            "type": "Feature",
            "properties": {
                "name": "Obstacle"
            },
            "geometry": {
                "type": "Point",
                "coordinates": [
                    6.803120028,
                    52.643899583
                ]
            }
        },
        {
            "type": "Feature",
            "properties": {
                "name": "Obstacle"
            },
            "geometry": {
                "type": "Point",
                "coordinates": [
                    7.651491,
                    52.612927
                ]
            }
        },
        {
            "type": "Feature",
            "properties": {
                "name": "Obstacle"
            },
            "geometry": {
                "type": "Point",
                "coordinates": [
                    9.157183333,
                    53.790172222
                ]
            }
        },
        {
            "type": "Feature",
            "properties": {
                "name": "Obstacle"
            },
            "geometry": {
                "type": "Point",
                "coordinates": [
                    9.391782,
                    52.013708
                ]
            }
        },
        {
            "type": "Feature",
            "properties": {
                "name": "Obstacle"
            },
            "geometry": {
                "type": "Point",
                "coordinates": [
                    8.657052778,
                    53.396808333
                ]
            }
        },
        {
            "type": "Feature",
            "properties": {
                "name": "Obstacle"
            },
            "geometry": {
                "type": "Point",
                "coordinates": [
                    9.788573,
                    53.367356
                ]
            }
        },
        {
            "type": "Feature",
            "properties": {
                "name": "Obstacle"
            },
            "geometry": {
                "type": "Point",
                "coordinates": [
                    10.189406,
                    52.442667
                ]
            }
        },
        {
            "type": "Feature",
            "properties": {
                "name": "Obstacle"
            },
            "geometry": {
                "type": "Point",
                "coordinates": [
                    7.619283333,
                    52.474088889
                ]
            }
        },
        {
            "type": "Feature",
            "properties": {
                "name": "Obstacle"
            },
            "geometry": {
                "type": "Point",
                "coordinates": [
                    7.815822222,
                    53.589708333
                ]
            }
        },
        {
            "type": "Feature",
            "properties": {
                "name": "Obstacle"
            },
            "geometry": {
                "type": "Point",
                "coordinates": [
                    8.375725,
                    53.281458333
                ]
            }
        },
        {
            "type": "Feature",
            "properties": {
                "name": "Obstacle"
            },
            "geometry": {
                "type": "Point",
                "coordinates": [
                    10.02185,
                    52.182455556
                ]
            }
        },
        {
            "type": "Feature",
            "properties": {
                "name": "Obstacle"
            },
            "geometry": {
                "type": "Point",
                "coordinates": [
                    9.151886111,
                    53.415941667
                ]
            }
        },
        {
            "type": "Feature",
            "properties": {
                "name": "Obstacle"
            },
            "geometry": {
                "type": "Point",
                "coordinates": [
                    9.799272222,
                    51.480694444
                ]
            }
        },
        {
            "type": "Feature",
            "properties": {
                "name": "Obstacle"
            },
            "geometry": {
                "type": "Point",
                "coordinates": [
                    8.916663889,
                    52.950555556
                ]
            }
        },
        {
            "type": "Feature",
            "properties": {
                "name": "Obstacle"
            },
            "geometry": {
                "type": "Point",
                "coordinates": [
                    9.1218,
                    52.910180556
                ]
            }
        },
        {
            "type": "Feature",
            "properties": {
                "name": "Obstacle"
            },
            "geometry": {
                "type": "Point",
                "coordinates": [
                    9.341627778,
                    53.501080556
                ]
            }
        },
        {
            "type": "Feature",
            "properties": {
                "name": "Obstacle"
            },
            "geometry": {
                "type": "Point",
                "coordinates": [
                    9.223888889,
                    53.596666667
                ]
            }
        },
        {
            "type": "Feature",
            "properties": {
                "name": "Obstacle"
            },
            "geometry": {
                "type": "Point",
                "coordinates": [
                    7.947413889,
                    52.088525
                ]
            }
        },
        {
            "type": "Feature",
            "properties": {
                "name": "Obstacle"
            },
            "geometry": {
                "type": "Point",
                "coordinates": [
                    9.292527778,
                    53.792947222
                ]
            }
        },
        {
            "type": "Feature",
            "properties": {
                "name": "Obstacle"
            },
            "geometry": {
                "type": "Point",
                "coordinates": [
                    8.809033056,
                    52.806465278
                ]
            }
        },
        {
            "type": "Feature",
            "properties": {
                "name": "Obstacle"
            },
            "geometry": {
                "type": "Point",
                "coordinates": [
                    8.802404167,
                    52.797976944
                ]
            }
        },
        {
            "type": "Feature",
            "properties": {
                "name": "Obstacle"
            },
            "geometry": {
                "type": "Point",
                "coordinates": [
                    10.43630325,
                    52.173004111
                ]
            }
        },
        {
            "type": "Feature",
            "properties": {
                "name": "Obstacle"
            },
            "geometry": {
                "type": "Point",
                "coordinates": [
                    7.089786111,
                    52.793386111
                ]
            }
        },
        {
            "type": "Feature",
            "properties": {
                "name": "Obstacle"
            },
            "geometry": {
                "type": "Point",
                "coordinates": [
                    7.08256,
                    52.783638611
                ]
            }
        },
        {
            "type": "Feature",
            "properties": {
                "name": "Obstacle"
            },
            "geometry": {
                "type": "Point",
                "coordinates": [
                    9.369638889,
                    52.977733333
                ]
            }
        },
        {
            "type": "Feature",
            "properties": {
                "name": "Obstacle"
            },
            "geometry": {
                "type": "Point",
                "coordinates": [
                    8.964446944,
                    52.534564722
                ]
            }
        },
        {
            "type": "Feature",
            "properties": {
                "name": "Obstacle"
            },
            "geometry": {
                "type": "Point",
                "coordinates": [
                    8.956212222,
                    52.521131667
                ]
            }
        },
        {
            "type": "Feature",
            "properties": {
                "name": "Obstacle"
            },
            "geometry": {
                "type": "Point",
                "coordinates": [
                    10.2009,
                    52.443769444
                ]
            }
        },
        {
            "type": "Feature",
            "properties": {
                "name": "Obstacle"
            },
            "geometry": {
                "type": "Point",
                "coordinates": [
                    9.033222139,
                    53.540653194
                ]
            }
        },
        {
            "type": "Feature",
            "properties": {
                "name": "Obstacle"
            },
            "geometry": {
                "type": "Point",
                "coordinates": [
                    9.060084278,
                    53.463118139
                ]
            }
        },
        {
            "type": "Feature",
            "properties": {
                "name": "Obstacle"
            },
            "geometry": {
                "type": "Point",
                "coordinates": [
                    10.6375,
                    53.154444444
                ]
            }
        },
        {
            "type": "Feature",
            "properties": {
                "name": "Obstacle"
            },
            "geometry": {
                "type": "Point",
                "coordinates": [
                    9.383888056,
                    53.433840278
                ]
            }
        },
        {
            "type": "Feature",
            "properties": {
                "name": "Obstacle"
            },
            "geometry": {
                "type": "Point",
                "coordinates": [
                    10.844483472,
                    52.948241389
                ]
            }
        },
        {
            "type": "Feature",
            "properties": {
                "name": "Obstacle"
            },
            "geometry": {
                "type": "Point",
                "coordinates": [
                    10.833514917,
                    52.621030722
                ]
            }
        },
        {
            "type": "Feature",
            "properties": {
                "name": "Obstacle"
            },
            "geometry": {
                "type": "Point",
                "coordinates": [
                    10.410841667,
                    52.652280556
                ]
            }
        },
        {
            "type": "Feature",
            "properties": {
                "name": "Obstacle"
            },
            "geometry": {
                "type": "Point",
                "coordinates": [
                    10.218004,
                    52.495388
                ]
            }
        },
        {
            "type": "Feature",
            "properties": {
                "name": "Obstacle"
            },
            "geometry": {
                "type": "Point",
                "coordinates": [
                    9.074617333,
                    53.181605667
                ]
            }
        },
        {
            "type": "Feature",
            "properties": {
                "name": "Obstacle"
            },
            "geometry": {
                "type": "Point",
                "coordinates": [
                    9.469052,
                    53.111519
                ]
            }
        },
        {
            "type": "Feature",
            "properties": {
                "name": "Obstacle"
            },
            "geometry": {
                "type": "Point",
                "coordinates": [
                    9.302329917,
                    52.793757583
                ]
            }
        },
        {
            "type": "Feature",
            "properties": {
                "name": "Obstacle"
            },
            "geometry": {
                "type": "Point",
                "coordinates": [
                    10.738722222,
                    52.914025
                ]
            }
        },
        {
            "type": "Feature",
            "properties": {
                "name": "Obstacle"
            },
            "geometry": {
                "type": "Point",
                "coordinates": [
                    9.222138889,
                    53.814472222
                ]
            }
        },
        {
            "type": "Feature",
            "properties": {
                "name": "Obstacle"
            },
            "geometry": {
                "type": "Point",
                "coordinates": [
                    8.946624694,
                    53.398111778
                ]
            }
        },
        {
            "type": "Feature",
            "properties": {
                "name": "Obstacle"
            },
            "geometry": {
                "type": "Point",
                "coordinates": [
                    10.405880556,
                    52.656816667
                ]
            }
        },
        {
            "type": "Feature",
            "properties": {
                "name": "Obstacle"
            },
            "geometry": {
                "type": "Point",
                "coordinates": [
                    10.429255556,
                    52.660941667
                ]
            }
        },
        {
            "type": "Feature",
            "properties": {
                "name": "Obstacle"
            },
            "geometry": {
                "type": "Point",
                "coordinates": [
                    10.023281,
                    51.909785
                ]
            }
        },
        {
            "type": "Feature",
            "properties": {
                "name": "Obstacle"
            },
            "geometry": {
                "type": "Point",
                "coordinates": [
                    10.794047222,
                    52.068627778
                ]
            }
        },
        {
            "type": "Feature",
            "properties": {
                "name": "Obstacle"
            },
            "geometry": {
                "type": "Point",
                "coordinates": [
                    8.544982,
                    52.949404417
                ]
            }
        },
        {
            "type": "Feature",
            "properties": {
                "name": "Obstacle"
            },
            "geometry": {
                "type": "Point",
                "coordinates": [
                    10.819444444,
                    53.023888889
                ]
            }
        },
        {
            "type": "Feature",
            "properties": {
                "name": "Obstacle"
            },
            "geometry": {
                "type": "Point",
                "coordinates": [
                    9.507862056,
                    53.113945611
                ]
            }
        },
        {
            "type": "Feature",
            "properties": {
                "name": "Obstacle"
            },
            "geometry": {
                "type": "Point",
                "coordinates": [
                    9.645258333,
                    53.392975
                ]
            }
        },
        {
            "type": "Feature",
            "properties": {
                "name": "Obstacle"
            },
            "geometry": {
                "type": "Point",
                "coordinates": [
                    9.39102,
                    52.985868
                ]
            }
        },
        {
            "type": "Feature",
            "properties": {
                "name": "Obstacle"
            },
            "geometry": {
                "type": "Point",
                "coordinates": [
                    10.283875278,
                    52.070714028
                ]
            }
        },
        {
            "type": "Feature",
            "properties": {
                "name": "Obstacle"
            },
            "geometry": {
                "type": "Point",
                "coordinates": [
                    10.828833333,
                    52.580472222
                ]
            }
        },
        {
            "type": "Feature",
            "properties": {
                "name": "Obstacle"
            },
            "geometry": {
                "type": "Point",
                "coordinates": [
                    8.347384361,
                    52.918942667
                ]
            }
        },
        {
            "type": "Feature",
            "properties": {
                "name": "Obstacle"
            },
            "geometry": {
                "type": "Point",
                "coordinates": [
                    9.807149444,
                    51.796276472
                ]
            }
        },
        {
            "type": "Feature",
            "properties": {
                "name": "Obstacle"
            },
            "geometry": {
                "type": "Point",
                "coordinates": [
                    9.110275,
                    52.635713889
                ]
            }
        },
        {
            "type": "Feature",
            "properties": {
                "name": "Obstacle"
            },
            "geometry": {
                "type": "Point",
                "coordinates": [
                    7.699851667,
                    52.469085278
                ]
            }
        },
        {
            "type": "Feature",
            "properties": {
                "name": "Obstacle"
            },
            "geometry": {
                "type": "Point",
                "coordinates": [
                    10.801780556,
                    52.857325
                ]
            }
        },
        {
            "type": "Feature",
            "properties": {
                "name": "Obstacle"
            },
            "geometry": {
                "type": "Point",
                "coordinates": [
                    8.901897944,
                    52.456743222
                ]
            }
        },
        {
            "type": "Feature",
            "properties": {
                "name": "Obstacle"
            },
            "geometry": {
                "type": "Point",
                "coordinates": [
                    10.973016667,
                    52.382625
                ]
            }
        },
        {
            "type": "Feature",
            "properties": {
                "name": "Obstacle"
            },
            "geometry": {
                "type": "Point",
                "coordinates": [
                    10.862525167,
                    52.360878611
                ]
            }
        },
        {
            "type": "Feature",
            "properties": {
                "name": "Obstacle"
            },
            "geometry": {
                "type": "Point",
                "coordinates": [
                    10.149811111,
                    51.904975
                ]
            }
        },
        {
            "type": "Feature",
            "properties": {
                "name": "Obstacle"
            },
            "geometry": {
                "type": "Point",
                "coordinates": [
                    10.183522222,
                    53.115459611
                ]
            }
        },
        {
            "type": "Feature",
            "properties": {
                "name": "Obstacle"
            },
            "geometry": {
                "type": "Point",
                "coordinates": [
                    9.903335,
                    53.395507
                ]
            }
        },
        {
            "type": "Feature",
            "properties": {
                "name": "Obstacle"
            },
            "geometry": {
                "type": "Point",
                "coordinates": [
                    10.454383333,
                    52.943811389
                ]
            }
        },
        {
            "type": "Feature",
            "properties": {
                "name": "Obstacle"
            },
            "geometry": {
                "type": "Point",
                "coordinates": [
                    10.546493056,
                    52.746055056
                ]
            }
        },
        {
            "type": "Feature",
            "properties": {
                "name": "Obstacle"
            },
            "geometry": {
                "type": "Point",
                "coordinates": [
                    7.495735528,
                    53.545678056
                ]
            }
        },
        {
            "type": "Feature",
            "properties": {
                "name": "Obstacle"
            },
            "geometry": {
                "type": "Point",
                "coordinates": [
                    10.524481,
                    52.001911
                ]
            }
        },
        {
            "type": "Feature",
            "properties": {
                "name": "Obstacle"
            },
            "geometry": {
                "type": "Point",
                "coordinates": [
                    7.254758889,
                    53.031311944
                ]
            }
        },
        {
            "type": "Feature",
            "properties": {
                "name": "Obstacle"
            },
            "geometry": {
                "type": "Point",
                "coordinates": [
                    8.941709972,
                    52.876689611
                ]
            }
        },
        {
            "type": "Feature",
            "properties": {
                "name": "Obstacle"
            },
            "geometry": {
                "type": "Point",
                "coordinates": [
                    10.284266667,
                    52.240816667
                ]
            }
        },
        {
            "type": "Feature",
            "properties": {
                "name": "Obstacle"
            },
            "geometry": {
                "type": "Point",
                "coordinates": [
                    7.205658333,
                    52.8977075
                ]
            }
        },
        {
            "type": "Feature",
            "properties": {
                "name": "Obstacle"
            },
            "geometry": {
                "type": "Point",
                "coordinates": [
                    10.400856,
                    52.156203
                ]
            }
        },
        {
            "type": "Feature",
            "properties": {
                "name": "Obstacle"
            },
            "geometry": {
                "type": "Point",
                "coordinates": [
                    7.510637,
                    52.757851
                ]
            }
        },
        {
            "type": "Feature",
            "properties": {
                "name": "Obstacle"
            },
            "geometry": {
                "type": "Point",
                "coordinates": [
                    8.257676972,
                    53.588003111
                ]
            }
        },
        {
            "type": "Feature",
            "properties": {
                "name": "Obstacle"
            },
            "geometry": {
                "type": "Point",
                "coordinates": [
                    10.142661111,
                    51.991691667
                ]
            }
        },
        {
            "type": "Feature",
            "properties": {
                "name": "Obstacle"
            },
            "geometry": {
                "type": "Point",
                "coordinates": [
                    9.05035325,
                    52.566165667
                ]
            }
        },
        {
            "type": "Feature",
            "properties": {
                "name": "Obstacle"
            },
            "geometry": {
                "type": "Point",
                "coordinates": [
                    8.430706111,
                    52.551951944
                ]
            }
        },
        {
            "type": "Feature",
            "properties": {
                "name": "Obstacle"
            },
            "geometry": {
                "type": "Point",
                "coordinates": [
                    8.426258333,
                    52.558229722
                ]
            }
        },
        {
            "type": "Feature",
            "properties": {
                "name": "Obstacle"
            },
            "geometry": {
                "type": "Point",
                "coordinates": [
                    9.297611111,
                    53.250611111
                ]
            }
        },
        {
            "type": "Feature",
            "properties": {
                "name": "Obstacle"
            },
            "geometry": {
                "type": "Point",
                "coordinates": [
                    10.779888889,
                    52.667277778
                ]
            }
        },
        {
            "type": "Feature",
            "properties": {
                "name": "Obstacle"
            },
            "geometry": {
                "type": "Point",
                "coordinates": [
                    10.644597222,
                    52.179558333
                ]
            }
        },
        {
            "type": "Feature",
            "properties": {
                "name": "Obstacle"
            },
            "geometry": {
                "type": "Point",
                "coordinates": [
                    10.628988889,
                    52.172275
                ]
            }
        },
        {
            "type": "Feature",
            "properties": {
                "name": "Obstacle"
            },
            "geometry": {
                "type": "Point",
                "coordinates": [
                    10.544275333,
                    52.822512083
                ]
            }
        },
        {
            "type": "Feature",
            "properties": {
                "name": "Obstacle"
            },
            "geometry": {
                "type": "Point",
                "coordinates": [
                    10.329523028,
                    51.988999
                ]
            }
        },
        {
            "type": "Feature",
            "properties": {
                "name": "Obstacle"
            },
            "geometry": {
                "type": "Point",
                "coordinates": [
                    10.334321333,
                    51.98782125
                ]
            }
        },
        {
            "type": "Feature",
            "properties": {
                "name": "Obstacle"
            },
            "geometry": {
                "type": "Point",
                "coordinates": [
                    8.591738889,
                    52.523255556
                ]
            }
        },
        {
            "type": "Feature",
            "properties": {
                "name": "Obstacle"
            },
            "geometry": {
                "type": "Point",
                "coordinates": [
                    10.121655833,
                    52.260670833
                ]
            }
        },
        {
            "type": "Feature",
            "properties": {
                "name": "Obstacle"
            },
            "geometry": {
                "type": "Point",
                "coordinates": [
                    9.544968611,
                    52.603520833
                ]
            }
        },
        {
            "type": "Feature",
            "properties": {
                "name": "Obstacle"
            },
            "geometry": {
                "type": "Point",
                "coordinates": [
                    7.882597222,
                    53.623063889
                ]
            }
        },
        {
            "type": "Feature",
            "properties": {
                "name": "Obstacle"
            },
            "geometry": {
                "type": "Point",
                "coordinates": [
                    7.058815,
                    52.577559
                ]
            }
        },
        {
            "type": "Feature",
            "properties": {
                "name": "Obstacle"
            },
            "geometry": {
                "type": "Point",
                "coordinates": [
                    10.102091667,
                    51.873611111
                ]
            }
        },
        {
            "type": "Feature",
            "properties": {
                "name": "Obstacle"
            },
            "geometry": {
                "type": "Point",
                "coordinates": [
                    6.834238889,
                    51.071997222
                ]
            }
        },
        {
            "type": "Feature",
            "properties": {
                "name": "Obstacle"
            },
            "geometry": {
                "type": "Point",
                "coordinates": [
                    6.730660725,
                    51.459797154
                ]
            }
        },
        {
            "type": "Feature",
            "properties": {
                "name": "Obstacle"
            },
            "geometry": {
                "type": "Point",
                "coordinates": [
                    6.211291479,
                    51.830590421
                ]
            }
        },
        {
            "type": "Feature",
            "properties": {
                "name": "Obstacle"
            },
            "geometry": {
                "type": "Point",
                "coordinates": [
                    7.024229523,
                    51.597282384
                ]
            }
        },
        {
            "type": "Feature",
            "properties": {
                "name": "Obstacle"
            },
            "geometry": {
                "type": "Point",
                "coordinates": [
                    7.746,
                    52.285777778
                ]
            }
        },
        {
            "type": "Feature",
            "properties": {
                "name": "Obstacle"
            },
            "geometry": {
                "type": "Point",
                "coordinates": [
                    6.943347222,
                    51.000448611
                ]
            }
        },
        {
            "type": "Feature",
            "properties": {
                "name": "Obstacle"
            },
            "geometry": {
                "type": "Point",
                "coordinates": [
                    6.988401999,
                    51.018456091
                ]
            }
        },
        {
            "type": "Feature",
            "properties": {
                "name": "Obstacle"
            },
            "geometry": {
                "type": "Point",
                "coordinates": [
                    6.667472222,
                    50.992747222
                ]
            }
        },
        {
            "type": "Feature",
            "properties": {
                "name": "Obstacle"
            },
            "geometry": {
                "type": "Point",
                "coordinates": [
                    7.004544444,
                    51.6006125
                ]
            }
        },
        {
            "type": "Feature",
            "properties": {
                "name": "Obstacle"
            },
            "geometry": {
                "type": "Point",
                "coordinates": [
                    8.040555556,
                    50.884722222
                ]
            }
        },
        {
            "type": "Feature",
            "properties": {
                "name": "Obstacle"
            },
            "geometry": {
                "type": "Point",
                "coordinates": [
                    8.934583333,
                    52.189825
                ]
            }
        },
        {
            "type": "Feature",
            "properties": {
                "name": "Obstacle"
            },
            "geometry": {
                "type": "Point",
                "coordinates": [
                    6.615488889,
                    51.038772222
                ]
            }
        },
        {
            "type": "Feature",
            "properties": {
                "name": "Obstacle"
            },
            "geometry": {
                "type": "Point",
                "coordinates": [
                    6.614333333,
                    51.037127778
                ]
            }
        },
        {
            "type": "Feature",
            "properties": {
                "name": "Obstacle"
            },
            "geometry": {
                "type": "Point",
                "coordinates": [
                    6.83481277,
                    51.485627406
                ]
            }
        },
        {
            "type": "Feature",
            "properties": {
                "name": "Obstacle"
            },
            "geometry": {
                "type": "Point",
                "coordinates": [
                    7.714419444,
                    51.673238889
                ]
            }
        },
        {
            "type": "Feature",
            "properties": {
                "name": "Obstacle"
            },
            "geometry": {
                "type": "Point",
                "coordinates": [
                    6.932576158,
                    50.921800459
                ]
            }
        },
        {
            "type": "Feature",
            "properties": {
                "name": "Obstacle"
            },
            "geometry": {
                "type": "Point",
                "coordinates": [
                    7.020619056,
                    51.608670147
                ]
            }
        },
        {
            "type": "Feature",
            "properties": {
                "name": "Obstacle"
            },
            "geometry": {
                "type": "Point",
                "coordinates": [
                    6.3224795,
                    50.841315056
                ]
            }
        },
        {
            "type": "Feature",
            "properties": {
                "name": "Obstacle"
            },
            "geometry": {
                "type": "Point",
                "coordinates": [
                    6.322980417,
                    50.839687917
                ]
            }
        },
        {
            "type": "Feature",
            "properties": {
                "name": "Obstacle"
            },
            "geometry": {
                "type": "Point",
                "coordinates": [
                    7.543321303,
                    51.462019516
                ]
            }
        },
        {
            "type": "Feature",
            "properties": {
                "name": "Obstacle"
            },
            "geometry": {
                "type": "Point",
                "coordinates": [
                    7.132546941,
                    51.280094906
                ]
            }
        },
        {
            "type": "Feature",
            "properties": {
                "name": "Obstacle"
            },
            "geometry": {
                "type": "Point",
                "coordinates": [
                    7.639395,
                    51.627468611
                ]
            }
        },
        {
            "type": "Feature",
            "properties": {
                "name": "Obstacle"
            },
            "geometry": {
                "type": "Point",
                "coordinates": [
                    7.116994694,
                    50.989848392
                ]
            }
        },
        {
            "type": "Feature",
            "properties": {
                "name": "Obstacle"
            },
            "geometry": {
                "type": "Point",
                "coordinates": [
                    8.622326661,
                    52.428302274
                ]
            }
        },
        {
            "type": "Feature",
            "properties": {
                "name": "Obstacle"
            },
            "geometry": {
                "type": "Point",
                "coordinates": [
                    6.667298139,
                    50.993562361
                ]
            }
        },
        {
            "type": "Feature",
            "properties": {
                "name": "Obstacle"
            },
            "geometry": {
                "type": "Point",
                "coordinates": [
                    7.077000038,
                    51.187882852
                ]
            }
        },
        {
            "type": "Feature",
            "properties": {
                "name": "Obstacle"
            },
            "geometry": {
                "type": "Point",
                "coordinates": [
                    7.048393006,
                    51.333144063
                ]
            }
        },
        {
            "type": "Feature",
            "properties": {
                "name": "Obstacle"
            },
            "geometry": {
                "type": "Point",
                "coordinates": [
                    7.014230899,
                    51.44785426
                ]
            }
        },
        {
            "type": "Feature",
            "properties": {
                "name": "Obstacle"
            },
            "geometry": {
                "type": "Point",
                "coordinates": [
                    7.247936111,
                    52.108861111
                ]
            }
        },
        {
            "type": "Feature",
            "properties": {
                "name": "Obstacle"
            },
            "geometry": {
                "type": "Point",
                "coordinates": [
                    6.107438889,
                    51.019675
                ]
            }
        },
        {
            "type": "Feature",
            "properties": {
                "name": "Obstacle"
            },
            "geometry": {
                "type": "Point",
                "coordinates": [
                    6.428354722,
                    51.8093075
                ]
            }
        },
        {
            "type": "Feature",
            "properties": {
                "name": "Obstacle"
            },
            "geometry": {
                "type": "Point",
                "coordinates": [
                    7.460370742,
                    52.122499124
                ]
            }
        },
        {
            "type": "Feature",
            "properties": {
                "name": "Obstacle"
            },
            "geometry": {
                "type": "Point",
                "coordinates": [
                    9.078860167,
                    52.048001194
                ]
            }
        },
        {
            "type": "Feature",
            "properties": {
                "name": "Obstacle"
            },
            "geometry": {
                "type": "Point",
                "coordinates": [
                    7.414951111,
                    52.206716111
                ]
            }
        },
        {
            "type": "Feature",
            "properties": {
                "name": "Obstacle"
            },
            "geometry": {
                "type": "Point",
                "coordinates": [
                    7.385731278,
                    52.181795167
                ]
            }
        },
        {
            "type": "Feature",
            "properties": {
                "name": "Obstacle"
            },
            "geometry": {
                "type": "Point",
                "coordinates": [
                    7.382771639,
                    52.187188028
                ]
            }
        },
        {
            "type": "Feature",
            "properties": {
                "name": "Obstacle"
            },
            "geometry": {
                "type": "Point",
                "coordinates": [
                    6.372188667,
                    50.521777306
                ]
            }
        },
        {
            "type": "Feature",
            "properties": {
                "name": "Obstacle"
            },
            "geometry": {
                "type": "Point",
                "coordinates": [
                    6.713283333,
                    51.876211944
                ]
            }
        },
        {
            "type": "Feature",
            "properties": {
                "name": "Obstacle"
            },
            "geometry": {
                "type": "Point",
                "coordinates": [
                    6.946666667,
                    51.611388889
                ]
            }
        },
        {
            "type": "Feature",
            "properties": {
                "name": "Obstacle"
            },
            "geometry": {
                "type": "Point",
                "coordinates": [
                    7.164633124,
                    52.02265151
                ]
            }
        },
        {
            "type": "Feature",
            "properties": {
                "name": "Obstacle"
            },
            "geometry": {
                "type": "Point",
                "coordinates": [
                    6.232339675,
                    51.127889322
                ]
            }
        },
        {
            "type": "Feature",
            "properties": {
                "name": "Obstacle"
            },
            "geometry": {
                "type": "Point",
                "coordinates": [
                    6.407848779,
                    50.324367598
                ]
            }
        },
        {
            "type": "Feature",
            "properties": {
                "name": "Obstacle"
            },
            "geometry": {
                "type": "Point",
                "coordinates": [
                    6.395153889,
                    51.733101111
                ]
            }
        },
        {
            "type": "Feature",
            "properties": {
                "name": "Obstacle"
            },
            "geometry": {
                "type": "Point",
                "coordinates": [
                    8.714732778,
                    51.992105
                ]
            }
        },
        {
            "type": "Feature",
            "properties": {
                "name": "Obstacle"
            },
            "geometry": {
                "type": "Point",
                "coordinates": [
                    8.016223708,
                    51.568652033
                ]
            }
        },
        {
            "type": "Feature",
            "properties": {
                "name": "Obstacle"
            },
            "geometry": {
                "type": "Point",
                "coordinates": [
                    7.264520139,
                    52.094162972
                ]
            }
        },
        {
            "type": "Feature",
            "properties": {
                "name": "Obstacle"
            },
            "geometry": {
                "type": "Point",
                "coordinates": [
                    7.278210889,
                    52.088067139
                ]
            }
        },
        {
            "type": "Feature",
            "properties": {
                "name": "Obstacle"
            },
            "geometry": {
                "type": "Point",
                "coordinates": [
                    7.224716549,
                    51.881678258
                ]
            }
        },
        {
            "type": "Feature",
            "properties": {
                "name": "Obstacle"
            },
            "geometry": {
                "type": "Point",
                "coordinates": [
                    8.706638889,
                    51.4505
                ]
            }
        },
        {
            "type": "Feature",
            "properties": {
                "name": "Obstacle"
            },
            "geometry": {
                "type": "Point",
                "coordinates": [
                    7.765818452,
                    51.528704453
                ]
            }
        },
        {
            "type": "Feature",
            "properties": {
                "name": "Obstacle"
            },
            "geometry": {
                "type": "Point",
                "coordinates": [
                    7.559175889,
                    52.069761083
                ]
            }
        },
        {
            "type": "Feature",
            "properties": {
                "name": "Obstacle"
            },
            "geometry": {
                "type": "Point",
                "coordinates": [
                    7.571450333,
                    52.214704361
                ]
            }
        },
        {
            "type": "Feature",
            "properties": {
                "name": "Obstacle"
            },
            "geometry": {
                "type": "Point",
                "coordinates": [
                    7.830526111,
                    51.937100556
                ]
            }
        },
        {
            "type": "Feature",
            "properties": {
                "name": "Obstacle"
            },
            "geometry": {
                "type": "Point",
                "coordinates": [
                    9.155440511,
                    51.795894938
                ]
            }
        },
        {
            "type": "Feature",
            "properties": {
                "name": "Obstacle"
            },
            "geometry": {
                "type": "Point",
                "coordinates": [
                    7.204456972,
                    52.061906417
                ]
            }
        },
        {
            "type": "Feature",
            "properties": {
                "name": "Obstacle"
            },
            "geometry": {
                "type": "Point",
                "coordinates": [
                    7.195624028,
                    52.076554222
                ]
            }
        },
        {
            "type": "Feature",
            "properties": {
                "name": "Obstacle"
            },
            "geometry": {
                "type": "Point",
                "coordinates": [
                    6.250316944,
                    51.866615556
                ]
            }
        },
        {
            "type": "Feature",
            "properties": {
                "name": "Obstacle"
            },
            "geometry": {
                "type": "Point",
                "coordinates": [
                    9.159284676,
                    51.792636146
                ]
            }
        },
        {
            "type": "Feature",
            "properties": {
                "name": "Obstacle"
            },
            "geometry": {
                "type": "Point",
                "coordinates": [
                    6.191038111,
                    51.706736972
                ]
            }
        },
        {
            "type": "Feature",
            "properties": {
                "name": "Obstacle"
            },
            "geometry": {
                "type": "Point",
                "coordinates": [
                    7.270555556,
                    52.251666667
                ]
            }
        },
        {
            "type": "Feature",
            "properties": {
                "name": "Obstacle"
            },
            "geometry": {
                "type": "Point",
                "coordinates": [
                    8.483325,
                    52.100057778
                ]
            }
        },
        {
            "type": "Feature",
            "properties": {
                "name": "Obstacle"
            },
            "geometry": {
                "type": "Point",
                "coordinates": [
                    7.571005356,
                    51.291253861
                ]
            }
        },
        {
            "type": "Feature",
            "properties": {
                "name": "Obstacle"
            },
            "geometry": {
                "type": "Point",
                "coordinates": [
                    7.577710278,
                    51.289043333
                ]
            }
        },
        {
            "type": "Feature",
            "properties": {
                "name": "Obstacle"
            },
            "geometry": {
                "type": "Point",
                "coordinates": [
                    7.58,
                    52.206472222
                ]
            }
        },
        {
            "type": "Feature",
            "properties": {
                "name": "Obstacle"
            },
            "geometry": {
                "type": "Point",
                "coordinates": [
                    6.888333333,
                    51.658888889
                ]
            }
        },
        {
            "type": "Feature",
            "properties": {
                "name": "Obstacle"
            },
            "geometry": {
                "type": "Point",
                "coordinates": [
                    6.870958644,
                    51.765577559
                ]
            }
        },
        {
            "type": "Feature",
            "properties": {
                "name": "Obstacle"
            },
            "geometry": {
                "type": "Point",
                "coordinates": [
                    7.884284275,
                    51.819690578
                ]
            }
        },
        {
            "type": "Feature",
            "properties": {
                "name": "Obstacle"
            },
            "geometry": {
                "type": "Point",
                "coordinates": [
                    6.519985306,
                    51.834785222
                ]
            }
        },
        {
            "type": "Feature",
            "properties": {
                "name": "Obstacle"
            },
            "geometry": {
                "type": "Point",
                "coordinates": [
                    7.788174897,
                    52.183286839
                ]
            }
        },
        {
            "type": "Feature",
            "properties": {
                "name": "Obstacle"
            },
            "geometry": {
                "type": "Point",
                "coordinates": [
                    7.835448611,
                    52.304636389
                ]
            }
        },
        {
            "type": "Feature",
            "properties": {
                "name": "Obstacle"
            },
            "geometry": {
                "type": "Point",
                "coordinates": [
                    7.8475,
                    51.565555556
                ]
            }
        },
        {
            "type": "Feature",
            "properties": {
                "name": "Obstacle"
            },
            "geometry": {
                "type": "Point",
                "coordinates": [
                    7.861391667,
                    51.513187222
                ]
            }
        },
        {
            "type": "Feature",
            "properties": {
                "name": "Obstacle"
            },
            "geometry": {
                "type": "Point",
                "coordinates": [
                    8.812861111,
                    51.685583333
                ]
            }
        },
        {
            "type": "Feature",
            "properties": {
                "name": "Obstacle"
            },
            "geometry": {
                "type": "Point",
                "coordinates": [
                    7.199057222,
                    52.061753623
                ]
            }
        },
        {
            "type": "Feature",
            "properties": {
                "name": "Obstacle"
            },
            "geometry": {
                "type": "Point",
                "coordinates": [
                    6.281260447,
                    50.926153403
                ]
            }
        },
        {
            "type": "Feature",
            "properties": {
                "name": "Obstacle"
            },
            "geometry": {
                "type": "Point",
                "coordinates": [
                    7.412037633,
                    52.064021179
                ]
            }
        },
        {
            "type": "Feature",
            "properties": {
                "name": "Obstacle"
            },
            "geometry": {
                "type": "Point",
                "coordinates": [
                    7.416200137,
                    52.081629139
                ]
            }
        },
        {
            "type": "Feature",
            "properties": {
                "name": "Obstacle"
            },
            "geometry": {
                "type": "Point",
                "coordinates": [
                    7.994445,
                    51.533141389
                ]
            }
        },
        {
            "type": "Feature",
            "properties": {
                "name": "Obstacle"
            },
            "geometry": {
                "type": "Point",
                "coordinates": [
                    7.143774056,
                    52.074795722
                ]
            }
        },
        {
            "type": "Feature",
            "properties": {
                "name": "Obstacle"
            },
            "geometry": {
                "type": "Point",
                "coordinates": [
                    7.780447222,
                    51.120582222
                ]
            }
        },
        {
            "type": "Feature",
            "properties": {
                "name": "Obstacle"
            },
            "geometry": {
                "type": "Point",
                "coordinates": [
                    7.897535839,
                    52.063845585
                ]
            }
        },
        {
            "type": "Feature",
            "properties": {
                "name": "Obstacle"
            },
            "geometry": {
                "type": "Point",
                "coordinates": [
                    8.125719861,
                    51.137865083
                ]
            }
        },
        {
            "type": "Feature",
            "properties": {
                "name": "Obstacle"
            },
            "geometry": {
                "type": "Point",
                "coordinates": [
                    9.256924385,
                    51.507045784
                ]
            }
        },
        {
            "type": "Feature",
            "properties": {
                "name": "Obstacle"
            },
            "geometry": {
                "type": "Point",
                "coordinates": [
                    9.263826082,
                    51.514794928
                ]
            }
        },
        {
            "type": "Feature",
            "properties": {
                "name": "Obstacle"
            },
            "geometry": {
                "type": "Point",
                "coordinates": [
                    7.007008056,
                    52.179069444
                ]
            }
        },
        {
            "type": "Feature",
            "properties": {
                "name": "Obstacle"
            },
            "geometry": {
                "type": "Point",
                "coordinates": [
                    8.817911111,
                    51.497347222
                ]
            }
        },
        {
            "type": "Feature",
            "properties": {
                "name": "Obstacle"
            },
            "geometry": {
                "type": "Point",
                "coordinates": [
                    8.673711262,
                    51.421748403
                ]
            }
        },
        {
            "type": "Feature",
            "properties": {
                "name": "Obstacle"
            },
            "geometry": {
                "type": "Point",
                "coordinates": [
                    8.678154936,
                    51.443134912
                ]
            }
        },
        {
            "type": "Feature",
            "properties": {
                "name": "Obstacle"
            },
            "geometry": {
                "type": "Point",
                "coordinates": [
                    8.683397222,
                    51.450555556
                ]
            }
        },
        {
            "type": "Feature",
            "properties": {
                "name": "Obstacle"
            },
            "geometry": {
                "type": "Point",
                "coordinates": [
                    6.372844722,
                    51.394338611
                ]
            }
        },
        {
            "type": "Feature",
            "properties": {
                "name": "Obstacle"
            },
            "geometry": {
                "type": "Point",
                "coordinates": [
                    6.191181667,
                    51.571735833
                ]
            }
        },
        {
            "type": "Feature",
            "properties": {
                "name": "Obstacle"
            },
            "geometry": {
                "type": "Point",
                "coordinates": [
                    6.275088889,
                    50.929383333
                ]
            }
        },
        {
            "type": "Feature",
            "properties": {
                "name": "Obstacle"
            },
            "geometry": {
                "type": "Point",
                "coordinates": [
                    6.301944444,
                    51.011944444
                ]
            }
        },
        {
            "type": "Feature",
            "properties": {
                "name": "Obstacle"
            },
            "geometry": {
                "type": "Point",
                "coordinates": [
                    6.931830278,
                    51.785827778
                ]
            }
        },
        {
            "type": "Feature",
            "properties": {
                "name": "Obstacle"
            },
            "geometry": {
                "type": "Point",
                "coordinates": [
                    6.012520131,
                    51.033087831
                ]
            }
        },
        {
            "type": "Feature",
            "properties": {
                "name": "Obstacle"
            },
            "geometry": {
                "type": "Point",
                "coordinates": [
                    7.795694444,
                    52.115138889
                ]
            }
        },
        {
            "type": "Feature",
            "properties": {
                "name": "Obstacle"
            },
            "geometry": {
                "type": "Point",
                "coordinates": [
                    7.468409722,
                    51.723638056
                ]
            }
        },
        {
            "type": "Feature",
            "properties": {
                "name": "Obstacle"
            },
            "geometry": {
                "type": "Point",
                "coordinates": [
                    6.485385,
                    51.033128889
                ]
            }
        },
        {
            "type": "Feature",
            "properties": {
                "name": "Obstacle"
            },
            "geometry": {
                "type": "Point",
                "coordinates": [
                    6.487791389,
                    51.025796667
                ]
            }
        },
        {
            "type": "Feature",
            "properties": {
                "name": "Obstacle"
            },
            "geometry": {
                "type": "Point",
                "coordinates": [
                    7.446745111,
                    51.662051222
                ]
            }
        },
        {
            "type": "Feature",
            "properties": {
                "name": "Obstacle"
            },
            "geometry": {
                "type": "Point",
                "coordinates": [
                    8.693667917,
                    51.449937889
                ]
            }
        },
        {
            "type": "Feature",
            "properties": {
                "name": "Obstacle"
            },
            "geometry": {
                "type": "Point",
                "coordinates": [
                    6.397630556,
                    50.347588889
                ]
            }
        },
        {
            "type": "Feature",
            "properties": {
                "name": "Obstacle"
            },
            "geometry": {
                "type": "Point",
                "coordinates": [
                    7.791444444,
                    51.847805556
                ]
            }
        },
        {
            "type": "Feature",
            "properties": {
                "name": "Obstacle"
            },
            "geometry": {
                "type": "Point",
                "coordinates": [
                    7.659388889,
                    52.195555556
                ]
            }
        },
        {
            "type": "Feature",
            "properties": {
                "name": "Obstacle"
            },
            "geometry": {
                "type": "Point",
                "coordinates": [
                    7.295324389,
                    51.165758833
                ]
            }
        },
        {
            "type": "Feature",
            "properties": {
                "name": "Obstacle"
            },
            "geometry": {
                "type": "Point",
                "coordinates": [
                    7.756169528,
                    51.619327389
                ]
            }
        },
        {
            "type": "Feature",
            "properties": {
                "name": "Obstacle"
            },
            "geometry": {
                "type": "Point",
                "coordinates": [
                    6.577358333,
                    51.239625
                ]
            }
        },
        {
            "type": "Feature",
            "properties": {
                "name": "Obstacle"
            },
            "geometry": {
                "type": "Point",
                "coordinates": [
                    7.407777472,
                    52.061709556
                ]
            }
        },
        {
            "type": "Feature",
            "properties": {
                "name": "Obstacle"
            },
            "geometry": {
                "type": "Point",
                "coordinates": [
                    7.400638222,
                    52.175014472
                ]
            }
        },
        {
            "type": "Feature",
            "properties": {
                "name": "Obstacle"
            },
            "geometry": {
                "type": "Point",
                "coordinates": [
                    6.340434056,
                    51.220514056
                ]
            }
        },
        {
            "type": "Feature",
            "properties": {
                "name": "Obstacle"
            },
            "geometry": {
                "type": "Point",
                "coordinates": [
                    6.573596222,
                    51.885363417
                ]
            }
        },
        {
            "type": "Feature",
            "properties": {
                "name": "Obstacle"
            },
            "geometry": {
                "type": "Point",
                "coordinates": [
                    6.399172222,
                    50.360466667
                ]
            }
        },
        {
            "type": "Feature",
            "properties": {
                "name": "Obstacle"
            },
            "geometry": {
                "type": "Point",
                "coordinates": [
                    7.048305556,
                    52.140416667
                ]
            }
        },
        {
            "type": "Feature",
            "properties": {
                "name": "Obstacle"
            },
            "geometry": {
                "type": "Point",
                "coordinates": [
                    7.368230556,
                    51.894047222
                ]
            }
        },
        {
            "type": "Feature",
            "properties": {
                "name": "Obstacle"
            },
            "geometry": {
                "type": "Point",
                "coordinates": [
                    6.966974028,
                    51.014183333
                ]
            }
        },
        {
            "type": "Feature",
            "properties": {
                "name": "Obstacle"
            },
            "geometry": {
                "type": "Point",
                "coordinates": [
                    7.139722222,
                    51.999444444
                ]
            }
        },
        {
            "type": "Feature",
            "properties": {
                "name": "Obstacle"
            },
            "geometry": {
                "type": "Point",
                "coordinates": [
                    8.13219175,
                    51.016654111
                ]
            }
        },
        {
            "type": "Feature",
            "properties": {
                "name": "Obstacle"
            },
            "geometry": {
                "type": "Point",
                "coordinates": [
                    6.431453139,
                    51.107234444
                ]
            }
        },
        {
            "type": "Feature",
            "properties": {
                "name": "Obstacle"
            },
            "geometry": {
                "type": "Point",
                "coordinates": [
                    6.516731639,
                    50.515790306
                ]
            }
        },
        {
            "type": "Feature",
            "properties": {
                "name": "Obstacle"
            },
            "geometry": {
                "type": "Point",
                "coordinates": [
                    6.537339111,
                    50.805067111
                ]
            }
        },
        {
            "type": "Feature",
            "properties": {
                "name": "Obstacle"
            },
            "geometry": {
                "type": "Point",
                "coordinates": [
                    6.631945611,
                    51.035535278
                ]
            }
        },
        {
            "type": "Feature",
            "properties": {
                "name": "Obstacle"
            },
            "geometry": {
                "type": "Point",
                "coordinates": [
                    7.698701306,
                    51.065204111
                ]
            }
        },
        {
            "type": "Feature",
            "properties": {
                "name": "Obstacle"
            },
            "geometry": {
                "type": "Point",
                "coordinates": [
                    8.698352778,
                    51.590408333
                ]
            }
        },
        {
            "type": "Feature",
            "properties": {
                "name": "Obstacle"
            },
            "geometry": {
                "type": "Point",
                "coordinates": [
                    8.501116667,
                    51.919391667
                ]
            }
        },
        {
            "type": "Feature",
            "properties": {
                "name": "Obstacle"
            },
            "geometry": {
                "type": "Point",
                "coordinates": [
                    7.939555556,
                    51.914083333
                ]
            }
        },
        {
            "type": "Feature",
            "properties": {
                "name": "Obstacle"
            },
            "geometry": {
                "type": "Point",
                "coordinates": [
                    7.982222222,
                    51.894444444
                ]
            }
        },
        {
            "type": "Feature",
            "properties": {
                "name": "Obstacle"
            },
            "geometry": {
                "type": "Point",
                "coordinates": [
                    7.210313528,
                    52.173285833
                ]
            }
        },
        {
            "type": "Feature",
            "properties": {
                "name": "Obstacle"
            },
            "geometry": {
                "type": "Point",
                "coordinates": [
                    7.92963025,
                    51.379946889
                ]
            }
        },
        {
            "type": "Feature",
            "properties": {
                "name": "Obstacle"
            },
            "geometry": {
                "type": "Point",
                "coordinates": [
                    7.885083389,
                    51.884099944
                ]
            }
        },
        {
            "type": "Feature",
            "properties": {
                "name": "Obstacle"
            },
            "geometry": {
                "type": "Point",
                "coordinates": [
                    8.468995778,
                    51.771205472
                ]
            }
        },
        {
            "type": "Feature",
            "properties": {
                "name": "Obstacle"
            },
            "geometry": {
                "type": "Point",
                "coordinates": [
                    7.031866667,
                    51.528119444
                ]
            }
        },
        {
            "type": "Feature",
            "properties": {
                "name": "Obstacle"
            },
            "geometry": {
                "type": "Point",
                "coordinates": [
                    8.139331444,
                    50.796231167
                ]
            }
        },
        {
            "type": "Feature",
            "properties": {
                "name": "Obstacle"
            },
            "geometry": {
                "type": "Point",
                "coordinates": [
                    8.813331417,
                    52.019025278
                ]
            }
        },
        {
            "type": "Feature",
            "properties": {
                "name": "Obstacle"
            },
            "geometry": {
                "type": "Point",
                "coordinates": [
                    6.624011111,
                    51.161113889
                ]
            }
        },
        {
            "type": "Feature",
            "properties": {
                "name": "Obstacle"
            },
            "geometry": {
                "type": "Point",
                "coordinates": [
                    8.65272375,
                    51.58712675
                ]
            }
        },
        {
            "type": "Feature",
            "properties": {
                "name": "Obstacle"
            },
            "geometry": {
                "type": "Point",
                "coordinates": [
                    8.662403278,
                    51.587388611
                ]
            }
        },
        {
            "type": "Feature",
            "properties": {
                "name": "Obstacle"
            },
            "geometry": {
                "type": "Point",
                "coordinates": [
                    6.046283333,
                    51.072211111
                ]
            }
        },
        {
            "type": "Feature",
            "properties": {
                "name": "Obstacle"
            },
            "geometry": {
                "type": "Point",
                "coordinates": [
                    8.895025,
                    51.727865917
                ]
            }
        },
        {
            "type": "Feature",
            "properties": {
                "name": "Obstacle"
            },
            "geometry": {
                "type": "Point",
                "coordinates": [
                    6.421488944,
                    51.023095694
                ]
            }
        },
        {
            "type": "Feature",
            "properties": {
                "name": "Obstacle"
            },
            "geometry": {
                "type": "Point",
                "coordinates": [
                    8.887136111,
                    51.727805556
                ]
            }
        },
        {
            "type": "Feature",
            "properties": {
                "name": "Obstacle"
            },
            "geometry": {
                "type": "Point",
                "coordinates": [
                    6.475805639,
                    50.976902917
                ]
            }
        },
        {
            "type": "Feature",
            "properties": {
                "name": "Obstacle"
            },
            "geometry": {
                "type": "Point",
                "coordinates": [
                    7.864054194,
                    51.797174139
                ]
            }
        },
        {
            "type": "Feature",
            "properties": {
                "name": "Obstacle"
            },
            "geometry": {
                "type": "Point",
                "coordinates": [
                    7.900075611,
                    51.80770825
                ]
            }
        },
        {
            "type": "Feature",
            "properties": {
                "name": "Obstacle"
            },
            "geometry": {
                "type": "Point",
                "coordinates": [
                    8.926528444,
                    51.740686778
                ]
            }
        },
        {
            "type": "Feature",
            "properties": {
                "name": "Obstacle"
            },
            "geometry": {
                "type": "Point",
                "coordinates": [
                    8.840595944,
                    51.714574583
                ]
            }
        },
        {
            "type": "Feature",
            "properties": {
                "name": "Obstacle"
            },
            "geometry": {
                "type": "Point",
                "coordinates": [
                    6.608427111,
                    51.150476389
                ]
            }
        },
        {
            "type": "Feature",
            "properties": {
                "name": "Obstacle"
            },
            "geometry": {
                "type": "Point",
                "coordinates": [
                    8.612441639,
                    51.518916083
                ]
            }
        },
        {
            "type": "Feature",
            "properties": {
                "name": "Obstacle"
            },
            "geometry": {
                "type": "Point",
                "coordinates": [
                    6.596908333,
                    51.057208333
                ]
            }
        },
        {
            "type": "Feature",
            "properties": {
                "name": "Obstacle"
            },
            "geometry": {
                "type": "Point",
                "coordinates": [
                    6.767718361,
                    50.705929056
                ]
            }
        },
        {
            "type": "Feature",
            "properties": {
                "name": "Obstacle"
            },
            "geometry": {
                "type": "Point",
                "coordinates": [
                    7.875441667,
                    51.895444444
                ]
            }
        },
        {
            "type": "Feature",
            "properties": {
                "name": "Obstacle"
            },
            "geometry": {
                "type": "Point",
                "coordinates": [
                    8.678398333,
                    51.539095639
                ]
            }
        },
        {
            "type": "Feature",
            "properties": {
                "name": "Obstacle"
            },
            "geometry": {
                "type": "Point",
                "coordinates": [
                    8.687037,
                    51.549290056
                ]
            }
        },
        {
            "type": "Feature",
            "properties": {
                "name": "Obstacle"
            },
            "geometry": {
                "type": "Point",
                "coordinates": [
                    8.701319417,
                    51.552524083
                ]
            }
        },
        {
            "type": "Feature",
            "properties": {
                "name": "Obstacle"
            },
            "geometry": {
                "type": "Point",
                "coordinates": [
                    5.977680583,
                    51.041852389
                ]
            }
        },
        {
            "type": "Feature",
            "properties": {
                "name": "Obstacle"
            },
            "geometry": {
                "type": "Point",
                "coordinates": [
                    8.807163333,
                    51.683354861
                ]
            }
        },
        {
            "type": "Feature",
            "properties": {
                "name": "Obstacle"
            },
            "geometry": {
                "type": "Point",
                "coordinates": [
                    6.253555111,
                    50.864255194
                ]
            }
        },
        {
            "type": "Feature",
            "properties": {
                "name": "Obstacle"
            },
            "geometry": {
                "type": "Point",
                "coordinates": [
                    8.918826028,
                    51.73387075
                ]
            }
        },
        {
            "type": "Feature",
            "properties": {
                "name": "Obstacle"
            },
            "geometry": {
                "type": "Point",
                "coordinates": [
                    8.790488667,
                    51.509700944
                ]
            }
        },
        {
            "type": "Feature",
            "properties": {
                "name": "Obstacle"
            },
            "geometry": {
                "type": "Point",
                "coordinates": [
                    9.162777778,
                    51.787222222
                ]
            }
        },
        {
            "type": "Feature",
            "properties": {
                "name": "Obstacle"
            },
            "geometry": {
                "type": "Point",
                "coordinates": [
                    8.796578833,
                    51.525925056
                ]
            }
        },
        {
            "type": "Feature",
            "properties": {
                "name": "Obstacle"
            },
            "geometry": {
                "type": "Point",
                "coordinates": [
                    7.972722222,
                    51.891188889
                ]
            }
        },
        {
            "type": "Feature",
            "properties": {
                "name": "Obstacle"
            },
            "geometry": {
                "type": "Point",
                "coordinates": [
                    6.376813889,
                    51.724716667
                ]
            }
        },
        {
            "type": "Feature",
            "properties": {
                "name": "Obstacle"
            },
            "geometry": {
                "type": "Point",
                "coordinates": [
                    8.897027778,
                    51.725638889
                ]
            }
        },
        {
            "type": "Feature",
            "properties": {
                "name": "Obstacle"
            },
            "geometry": {
                "type": "Point",
                "coordinates": [
                    9.156607472,
                    51.583641444
                ]
            }
        },
        {
            "type": "Feature",
            "properties": {
                "name": "Obstacle"
            },
            "geometry": {
                "type": "Point",
                "coordinates": [
                    7.583162694,
                    52.21827
                ]
            }
        },
        {
            "type": "Feature",
            "properties": {
                "name": "Obstacle"
            },
            "geometry": {
                "type": "Point",
                "coordinates": [
                    8.380049111,
                    50.890293694
                ]
            }
        },
        {
            "type": "Feature",
            "properties": {
                "name": "Obstacle"
            },
            "geometry": {
                "type": "Point",
                "coordinates": [
                    8.861908333,
                    51.710797222
                ]
            }
        },
        {
            "type": "Feature",
            "properties": {
                "name": "Obstacle"
            },
            "geometry": {
                "type": "Point",
                "coordinates": [
                    6.270035056,
                    51.553194083
                ]
            }
        },
        {
            "type": "Feature",
            "properties": {
                "name": "Obstacle"
            },
            "geometry": {
                "type": "Point",
                "coordinates": [
                    8.806805556,
                    51.556166667
                ]
            }
        },
        {
            "type": "Feature",
            "properties": {
                "name": "Obstacle"
            },
            "geometry": {
                "type": "Point",
                "coordinates": [
                    7.406314917,
                    52.177939806
                ]
            }
        },
        {
            "type": "Feature",
            "properties": {
                "name": "Obstacle"
            },
            "geometry": {
                "type": "Point",
                "coordinates": [
                    7.543393583,
                    51.971570639
                ]
            }
        },
        {
            "type": "Feature",
            "properties": {
                "name": "Obstacle"
            },
            "geometry": {
                "type": "Point",
                "coordinates": [
                    6.640726361,
                    51.584595333
                ]
            }
        },
        {
            "type": "Feature",
            "properties": {
                "name": "Obstacle"
            },
            "geometry": {
                "type": "Point",
                "coordinates": [
                    8.754884806,
                    51.556033722
                ]
            }
        },
        {
            "type": "Feature",
            "properties": {
                "name": "Obstacle"
            },
            "geometry": {
                "type": "Point",
                "coordinates": [
                    6.292130556,
                    51.016736111
                ]
            }
        },
        {
            "type": "Feature",
            "properties": {
                "name": "Obstacle"
            },
            "geometry": {
                "type": "Point",
                "coordinates": [
                    6.361024167,
                    50.505152778
                ]
            }
        },
        {
            "type": "Feature",
            "properties": {
                "name": "Obstacle"
            },
            "geometry": {
                "type": "Point",
                "coordinates": [
                    6.369774444,
                    50.513717778
                ]
            }
        },
        {
            "type": "Feature",
            "properties": {
                "name": "Obstacle"
            },
            "geometry": {
                "type": "Point",
                "coordinates": [
                    7.34704,
                    52.194210417
                ]
            }
        },
        {
            "type": "Feature",
            "properties": {
                "name": "Obstacle"
            },
            "geometry": {
                "type": "Point",
                "coordinates": [
                    7.284437806,
                    52.144718972
                ]
            }
        },
        {
            "type": "Feature",
            "properties": {
                "name": "Obstacle"
            },
            "geometry": {
                "type": "Point",
                "coordinates": [
                    7.249348583,
                    52.262981056
                ]
            }
        },
        {
            "type": "Feature",
            "properties": {
                "name": "Obstacle"
            },
            "geometry": {
                "type": "Point",
                "coordinates": [
                    8.868444444,
                    51.665722222
                ]
            }
        },
        {
            "type": "Feature",
            "properties": {
                "name": "Obstacle"
            },
            "geometry": {
                "type": "Point",
                "coordinates": [
                    8.888208333,
                    51.670708333
                ]
            }
        },
        {
            "type": "Feature",
            "properties": {
                "name": "Obstacle"
            },
            "geometry": {
                "type": "Point",
                "coordinates": [
                    8.864442222,
                    51.628239722
                ]
            }
        },
        {
            "type": "Feature",
            "properties": {
                "name": "Obstacle"
            },
            "geometry": {
                "type": "Point",
                "coordinates": [
                    8.864038333,
                    51.622294444
                ]
            }
        },
        {
            "type": "Feature",
            "properties": {
                "name": "Obstacle"
            },
            "geometry": {
                "type": "Point",
                "coordinates": [
                    8.965235,
                    52.076245472
                ]
            }
        },
        {
            "type": "Feature",
            "properties": {
                "name": "Obstacle"
            },
            "geometry": {
                "type": "Point",
                "coordinates": [
                    8.853638889,
                    51.596111111
                ]
            }
        },
        {
            "type": "Feature",
            "properties": {
                "name": "Obstacle"
            },
            "geometry": {
                "type": "Point",
                "coordinates": [
                    8.930726083,
                    51.745898361
                ]
            }
        },
        {
            "type": "Feature",
            "properties": {
                "name": "Obstacle"
            },
            "geometry": {
                "type": "Point",
                "coordinates": [
                    8.769489778,
                    51.555196833
                ]
            }
        },
        {
            "type": "Feature",
            "properties": {
                "name": "Obstacle"
            },
            "geometry": {
                "type": "Point",
                "coordinates": [
                    8.822066667,
                    51.551322222
                ]
            }
        },
        {
            "type": "Feature",
            "properties": {
                "name": "Obstacle"
            },
            "geometry": {
                "type": "Point",
                "coordinates": [
                    8.205747222,
                    51.824866667
                ]
            }
        },
        {
            "type": "Feature",
            "properties": {
                "name": "Obstacle"
            },
            "geometry": {
                "type": "Point",
                "coordinates": [
                    6.552793556,
                    51.575907361
                ]
            }
        },
        {
            "type": "Feature",
            "properties": {
                "name": "Obstacle"
            },
            "geometry": {
                "type": "Point",
                "coordinates": [
                    8.90830075,
                    51.634514889
                ]
            }
        },
        {
            "type": "Feature",
            "properties": {
                "name": "Obstacle"
            },
            "geometry": {
                "type": "Point",
                "coordinates": [
                    8.924736139,
                    51.642167833
                ]
            }
        },
        {
            "type": "Feature",
            "properties": {
                "name": "Obstacle"
            },
            "geometry": {
                "type": "Point",
                "coordinates": [
                    8.798390917,
                    52.327335861
                ]
            }
        },
        {
            "type": "Feature",
            "properties": {
                "name": "Obstacle"
            },
            "geometry": {
                "type": "Point",
                "coordinates": [
                    6.537278722,
                    51.037970056
                ]
            }
        },
        {
            "type": "Feature",
            "properties": {
                "name": "Obstacle"
            },
            "geometry": {
                "type": "Point",
                "coordinates": [
                    6.530815389,
                    51.040402861
                ]
            }
        },
        {
            "type": "Feature",
            "properties": {
                "name": "Obstacle"
            },
            "geometry": {
                "type": "Point",
                "coordinates": [
                    6.523820167,
                    51.033536111
                ]
            }
        },
        {
            "type": "Feature",
            "properties": {
                "name": "Obstacle"
            },
            "geometry": {
                "type": "Point",
                "coordinates": [
                    9.146129,
                    51.797508
                ]
            }
        },
        {
            "type": "Feature",
            "properties": {
                "name": "Obstacle"
            },
            "geometry": {
                "type": "Point",
                "coordinates": [
                    6.7724,
                    51.590077778
                ]
            }
        },
        {
            "type": "Feature",
            "properties": {
                "name": "Obstacle"
            },
            "geometry": {
                "type": "Point",
                "coordinates": [
                    6.578997222,
                    51.033566667
                ]
            }
        },
        {
            "type": "Feature",
            "properties": {
                "name": "Obstacle"
            },
            "geometry": {
                "type": "Point",
                "coordinates": [
                    8.925797222,
                    51.629022222
                ]
            }
        },
        {
            "type": "Feature",
            "properties": {
                "name": "Obstacle"
            },
            "geometry": {
                "type": "Point",
                "coordinates": [
                    8.832694444,
                    51.689972222
                ]
            }
        },
        {
            "type": "Feature",
            "properties": {
                "name": "Obstacle"
            },
            "geometry": {
                "type": "Point",
                "coordinates": [
                    7.200727806,
                    51.772415028
                ]
            }
        },
        {
            "type": "Feature",
            "properties": {
                "name": "Obstacle"
            },
            "geometry": {
                "type": "Point",
                "coordinates": [
                    6.473758333,
                    50.412425
                ]
            }
        },
        {
            "type": "Feature",
            "properties": {
                "name": "Obstacle"
            },
            "geometry": {
                "type": "Point",
                "coordinates": [
                    8.900325,
                    51.650125
                ]
            }
        },
        {
            "type": "Feature",
            "properties": {
                "name": "Obstacle"
            },
            "geometry": {
                "type": "Point",
                "coordinates": [
                    8.84245,
                    51.494686111
                ]
            }
        },
        {
            "type": "Feature",
            "properties": {
                "name": "Obstacle"
            },
            "geometry": {
                "type": "Point",
                "coordinates": [
                    7.182138056,
                    51.780238889
                ]
            }
        },
        {
            "type": "Feature",
            "properties": {
                "name": "Obstacle"
            },
            "geometry": {
                "type": "Point",
                "coordinates": [
                    6.271319444,
                    50.910925
                ]
            }
        },
        {
            "type": "Feature",
            "properties": {
                "name": "Obstacle"
            },
            "geometry": {
                "type": "Point",
                "coordinates": [
                    9.368144444,
                    51.621233333
                ]
            }
        },
        {
            "type": "Feature",
            "properties": {
                "name": "Obstacle"
            },
            "geometry": {
                "type": "Point",
                "coordinates": [
                    7.558928,
                    52.21687775
                ]
            }
        },
        {
            "type": "Feature",
            "properties": {
                "name": "Obstacle"
            },
            "geometry": {
                "type": "Point",
                "coordinates": [
                    8.840638889,
                    51.5265
                ]
            }
        },
        {
            "type": "Feature",
            "properties": {
                "name": "Obstacle"
            },
            "geometry": {
                "type": "Point",
                "coordinates": [
                    8.775978139,
                    51.555694972
                ]
            }
        },
        {
            "type": "Feature",
            "properties": {
                "name": "Obstacle"
            },
            "geometry": {
                "type": "Point",
                "coordinates": [
                    6.705436111,
                    51.132855556
                ]
            }
        },
        {
            "type": "Feature",
            "properties": {
                "name": "Obstacle"
            },
            "geometry": {
                "type": "Point",
                "coordinates": [
                    8.921576833,
                    51.630539722
                ]
            }
        },
        {
            "type": "Feature",
            "properties": {
                "name": "Obstacle"
            },
            "geometry": {
                "type": "Point",
                "coordinates": [
                    6.290661111,
                    50.657638889
                ]
            }
        },
        {
            "type": "Feature",
            "properties": {
                "name": "Obstacle"
            },
            "geometry": {
                "type": "Point",
                "coordinates": [
                    6.295777778,
                    51.413194444
                ]
            }
        },
        {
            "type": "Feature",
            "properties": {
                "name": "Obstacle"
            },
            "geometry": {
                "type": "Point",
                "coordinates": [
                    8.470259944,
                    51.495763028
                ]
            }
        },
        {
            "type": "Feature",
            "properties": {
                "name": "Obstacle"
            },
            "geometry": {
                "type": "Point",
                "coordinates": [
                    6.609674722,
                    51.064870167
                ]
            }
        },
        {
            "type": "Feature",
            "properties": {
                "name": "Obstacle"
            },
            "geometry": {
                "type": "Point",
                "coordinates": [
                    6.051787,
                    51.027187
                ]
            }
        },
        {
            "type": "Feature",
            "properties": {
                "name": "Obstacle"
            },
            "geometry": {
                "type": "Point",
                "coordinates": [
                    7.441972222,
                    52.207505556
                ]
            }
        },
        {
            "type": "Feature",
            "properties": {
                "name": "Obstacle"
            },
            "geometry": {
                "type": "Point",
                "coordinates": [
                    6.892543361,
                    52.0305945
                ]
            }
        },
        {
            "type": "Feature",
            "properties": {
                "name": "Obstacle"
            },
            "geometry": {
                "type": "Point",
                "coordinates": [
                    7.208211111,
                    51.999643611
                ]
            }
        },
        {
            "type": "Feature",
            "properties": {
                "name": "Obstacle"
            },
            "geometry": {
                "type": "Point",
                "coordinates": [
                    6.369777778,
                    51.389333333
                ]
            }
        },
        {
            "type": "Feature",
            "properties": {
                "name": "Obstacle"
            },
            "geometry": {
                "type": "Point",
                "coordinates": [
                    7.166722222,
                    52.003583333
                ]
            }
        },
        {
            "type": "Feature",
            "properties": {
                "name": "Obstacle"
            },
            "geometry": {
                "type": "Point",
                "coordinates": [
                    8.835336111,
                    51.726605556
                ]
            }
        },
        {
            "type": "Feature",
            "properties": {
                "name": "Obstacle"
            },
            "geometry": {
                "type": "Point",
                "coordinates": [
                    7.406905556,
                    52.227547222
                ]
            }
        },
        {
            "type": "Feature",
            "properties": {
                "name": "Obstacle"
            },
            "geometry": {
                "type": "Point",
                "coordinates": [
                    6.143127778,
                    51.629063889
                ]
            }
        },
        {
            "type": "Feature",
            "properties": {
                "name": "Obstacle"
            },
            "geometry": {
                "type": "Point",
                "coordinates": [
                    6.988844444,
                    52.028963889
                ]
            }
        },
        {
            "type": "Feature",
            "properties": {
                "name": "Obstacle"
            },
            "geometry": {
                "type": "Point",
                "coordinates": [
                    6.157911111,
                    51.021994444
                ]
            }
        },
        {
            "type": "Feature",
            "properties": {
                "name": "Obstacle"
            },
            "geometry": {
                "type": "Point",
                "coordinates": [
                    6.288458333,
                    50.87845
                ]
            }
        },
        {
            "type": "Feature",
            "properties": {
                "name": "Obstacle"
            },
            "geometry": {
                "type": "Point",
                "coordinates": [
                    6.996878806,
                    51.828049889
                ]
            }
        },
        {
            "type": "Feature",
            "properties": {
                "name": "Obstacle"
            },
            "geometry": {
                "type": "Point",
                "coordinates": [
                    8.853675,
                    51.715119444
                ]
            }
        },
        {
            "type": "Feature",
            "properties": {
                "name": "Obstacle"
            },
            "geometry": {
                "type": "Point",
                "coordinates": [
                    6.803366667,
                    52.099461111
                ]
            }
        },
        {
            "type": "Feature",
            "properties": {
                "name": "Obstacle"
            },
            "geometry": {
                "type": "Point",
                "coordinates": [
                    8.604805556,
                    51.438416667
                ]
            }
        },
        {
            "type": "Feature",
            "properties": {
                "name": "Obstacle"
            },
            "geometry": {
                "type": "Point",
                "coordinates": [
                    7.533641667,
                    52.313383333
                ]
            }
        },
        {
            "type": "Feature",
            "properties": {
                "name": "Obstacle"
            },
            "geometry": {
                "type": "Point",
                "coordinates": [
                    8.856359556,
                    51.726836833
                ]
            }
        },
        {
            "type": "Feature",
            "properties": {
                "name": "Obstacle"
            },
            "geometry": {
                "type": "Point",
                "coordinates": [
                    6.967112778,
                    51.792584833
                ]
            }
        },
        {
            "type": "Feature",
            "properties": {
                "name": "Obstacle"
            },
            "geometry": {
                "type": "Point",
                "coordinates": [
                    7.597480556,
                    52.229597222
                ]
            }
        },
        {
            "type": "Feature",
            "properties": {
                "name": "Obstacle"
            },
            "geometry": {
                "type": "Point",
                "coordinates": [
                    8.801411111,
                    51.624572222
                ]
            }
        },
        {
            "type": "Feature",
            "properties": {
                "name": "Obstacle"
            },
            "geometry": {
                "type": "Point",
                "coordinates": [
                    8.827983333,
                    51.633277778
                ]
            }
        },
        {
            "type": "Feature",
            "properties": {
                "name": "Obstacle"
            },
            "geometry": {
                "type": "Point",
                "coordinates": [
                    6.02855075,
                    50.822692861
                ]
            }
        },
        {
            "type": "Feature",
            "properties": {
                "name": "Obstacle"
            },
            "geometry": {
                "type": "Point",
                "coordinates": [
                    6.392547278,
                    51.776402389
                ]
            }
        },
        {
            "type": "Feature",
            "properties": {
                "name": "Obstacle"
            },
            "geometry": {
                "type": "Point",
                "coordinates": [
                    6.5122,
                    50.431047222
                ]
            }
        },
        {
            "type": "Feature",
            "properties": {
                "name": "Obstacle"
            },
            "geometry": {
                "type": "Point",
                "coordinates": [
                    6.911808,
                    51.678756
                ]
            }
        },
        {
            "type": "Feature",
            "properties": {
                "name": "Obstacle"
            },
            "geometry": {
                "type": "Point",
                "coordinates": [
                    9.263625,
                    51.827463889
                ]
            }
        },
        {
            "type": "Feature",
            "properties": {
                "name": "Obstacle"
            },
            "geometry": {
                "type": "Point",
                "coordinates": [
                    6.404638889,
                    51.489055556
                ]
            }
        },
        {
            "type": "Feature",
            "properties": {
                "name": "Obstacle"
            },
            "geometry": {
                "type": "Point",
                "coordinates": [
                    7.999147778,
                    51.767643333
                ]
            }
        },
        {
            "type": "Feature",
            "properties": {
                "name": "Obstacle"
            },
            "geometry": {
                "type": "Point",
                "coordinates": [
                    7.238047222,
                    52.212063889
                ]
            }
        },
        {
            "type": "Feature",
            "properties": {
                "name": "Obstacle"
            },
            "geometry": {
                "type": "Point",
                "coordinates": [
                    7.323268889,
                    52.035286056
                ]
            }
        },
        {
            "type": "Feature",
            "properties": {
                "name": "Obstacle"
            },
            "geometry": {
                "type": "Point",
                "coordinates": [
                    8.530951472,
                    51.398684389
                ]
            }
        },
        {
            "type": "Feature",
            "properties": {
                "name": "Obstacle"
            },
            "geometry": {
                "type": "Point",
                "coordinates": [
                    7.086055556,
                    52.163666667
                ]
            }
        },
        {
            "type": "Feature",
            "properties": {
                "name": "Obstacle"
            },
            "geometry": {
                "type": "Point",
                "coordinates": [
                    6.930027778,
                    51.969933333
                ]
            }
        },
        {
            "type": "Feature",
            "properties": {
                "name": "Obstacle"
            },
            "geometry": {
                "type": "Point",
                "coordinates": [
                    8.814368639,
                    51.614009611
                ]
            }
        },
        {
            "type": "Feature",
            "properties": {
                "name": "Obstacle"
            },
            "geometry": {
                "type": "Point",
                "coordinates": [
                    7.584244444,
                    52.205125
                ]
            }
        },
        {
            "type": "Feature",
            "properties": {
                "name": "Obstacle"
            },
            "geometry": {
                "type": "Point",
                "coordinates": [
                    6.313766667,
                    50.532594444
                ]
            }
        },
        {
            "type": "Feature",
            "properties": {
                "name": "Obstacle"
            },
            "geometry": {
                "type": "Point",
                "coordinates": [
                    8.665578361,
                    51.655517778
                ]
            }
        },
        {
            "type": "Feature",
            "properties": {
                "name": "Obstacle"
            },
            "geometry": {
                "type": "Point",
                "coordinates": [
                    7.567192361,
                    51.897535444
                ]
            }
        },
        {
            "type": "Feature",
            "properties": {
                "name": "Obstacle"
            },
            "geometry": {
                "type": "Point",
                "coordinates": [
                    6.347013889,
                    50.961808333
                ]
            }
        },
        {
            "type": "Feature",
            "properties": {
                "name": "Obstacle"
            },
            "geometry": {
                "type": "Point",
                "coordinates": [
                    8.855002778,
                    51.670127778
                ]
            }
        },
        {
            "type": "Feature",
            "properties": {
                "name": "Obstacle"
            },
            "geometry": {
                "type": "Point",
                "coordinates": [
                    6.831388889,
                    50.847777778
                ]
            }
        },
        {
            "type": "Feature",
            "properties": {
                "name": "Obstacle"
            },
            "geometry": {
                "type": "Point",
                "coordinates": [
                    6.781944444,
                    51.611833333
                ]
            }
        },
        {
            "type": "Feature",
            "properties": {
                "name": "Obstacle"
            },
            "geometry": {
                "type": "Point",
                "coordinates": [
                    6.491108333,
                    50.94195
                ]
            }
        },
        {
            "type": "Feature",
            "properties": {
                "name": "Obstacle"
            },
            "geometry": {
                "type": "Point",
                "coordinates": [
                    7.091327778,
                    52.162061111
                ]
            }
        },
        {
            "type": "Feature",
            "properties": {
                "name": "Obstacle"
            },
            "geometry": {
                "type": "Point",
                "coordinates": [
                    6.33505,
                    51.422058333
                ]
            }
        },
        {
            "type": "Feature",
            "properties": {
                "name": "Obstacle"
            },
            "geometry": {
                "type": "Point",
                "coordinates": [
                    9.283389444,
                    51.805930861
                ]
            }
        },
        {
            "type": "Feature",
            "properties": {
                "name": "Obstacle"
            },
            "geometry": {
                "type": "Point",
                "coordinates": [
                    6.183061111,
                    50.668025
                ]
            }
        },
        {
            "type": "Feature",
            "properties": {
                "name": "Obstacle"
            },
            "geometry": {
                "type": "Point",
                "coordinates": [
                    7.167427778,
                    52.111402778
                ]
            }
        },
        {
            "type": "Feature",
            "properties": {
                "name": "Obstacle"
            },
            "geometry": {
                "type": "Point",
                "coordinates": [
                    6.337919444,
                    50.662427778
                ]
            }
        },
        {
            "type": "Feature",
            "properties": {
                "name": "Obstacle"
            },
            "geometry": {
                "type": "Point",
                "coordinates": [
                    6.335,
                    51.218333333
                ]
            }
        },
        {
            "type": "Feature",
            "properties": {
                "name": "Obstacle"
            },
            "geometry": {
                "type": "Point",
                "coordinates": [
                    6.615397222,
                    50.545122222
                ]
            }
        },
        {
            "type": "Feature",
            "properties": {
                "name": "Obstacle"
            },
            "geometry": {
                "type": "Point",
                "coordinates": [
                    7.0208,
                    51.932794444
                ]
            }
        },
        {
            "type": "Feature",
            "properties": {
                "name": "Obstacle"
            },
            "geometry": {
                "type": "Point",
                "coordinates": [
                    9.054661111,
                    52.499222222
                ]
            }
        },
        {
            "type": "Feature",
            "properties": {
                "name": "Obstacle"
            },
            "geometry": {
                "type": "Point",
                "coordinates": [
                    6.178052778,
                    51.201144444
                ]
            }
        },
        {
            "type": "Feature",
            "properties": {
                "name": "Obstacle"
            },
            "geometry": {
                "type": "Point",
                "coordinates": [
                    7.132533333,
                    51.916013889
                ]
            }
        },
        {
            "type": "Feature",
            "properties": {
                "name": "Obstacle"
            },
            "geometry": {
                "type": "Point",
                "coordinates": [
                    8.817701194,
                    51.568049778
                ]
            }
        },
        {
            "type": "Feature",
            "properties": {
                "name": "Obstacle"
            },
            "geometry": {
                "type": "Point",
                "coordinates": [
                    8.831088889,
                    51.513766667
                ]
            }
        },
        {
            "type": "Feature",
            "properties": {
                "name": "Obstacle"
            },
            "geometry": {
                "type": "Point",
                "coordinates": [
                    8.822711111,
                    51.524566667
                ]
            }
        },
        {
            "type": "Feature",
            "properties": {
                "name": "Obstacle"
            },
            "geometry": {
                "type": "Point",
                "coordinates": [
                    6.505594444,
                    50.702566667
                ]
            }
        },
        {
            "type": "Feature",
            "properties": {
                "name": "Obstacle"
            },
            "geometry": {
                "type": "Point",
                "coordinates": [
                    7.140611111,
                    51.886916667
                ]
            }
        },
        {
            "type": "Feature",
            "properties": {
                "name": "Obstacle"
            },
            "geometry": {
                "type": "Point",
                "coordinates": [
                    7.153027778,
                    51.862305556
                ]
            }
        },
        {
            "type": "Feature",
            "properties": {
                "name": "Obstacle"
            },
            "geometry": {
                "type": "Point",
                "coordinates": [
                    7.775075,
                    51.307380556
                ]
            }
        },
        {
            "type": "Feature",
            "properties": {
                "name": "Obstacle"
            },
            "geometry": {
                "type": "Point",
                "coordinates": [
                    7.039641667,
                    52.143311111
                ]
            }
        },
        {
            "type": "Feature",
            "properties": {
                "name": "Obstacle"
            },
            "geometry": {
                "type": "Point",
                "coordinates": [
                    7.090736111,
                    51.744577778
                ]
            }
        },
        {
            "type": "Feature",
            "properties": {
                "name": "Obstacle"
            },
            "geometry": {
                "type": "Point",
                "coordinates": [
                    7.263023,
                    51.733525
                ]
            }
        },
        {
            "type": "Feature",
            "properties": {
                "name": "Obstacle"
            },
            "geometry": {
                "type": "Point",
                "coordinates": [
                    6.253833333,
                    51.063441667
                ]
            }
        },
        {
            "type": "Feature",
            "properties": {
                "name": "Obstacle"
            },
            "geometry": {
                "type": "Point",
                "coordinates": [
                    9.153780556,
                    51.778977778
                ]
            }
        },
        {
            "type": "Feature",
            "properties": {
                "name": "Obstacle"
            },
            "geometry": {
                "type": "Point",
                "coordinates": [
                    6.409583333,
                    51.455388889
                ]
            }
        },
        {
            "type": "Feature",
            "properties": {
                "name": "Obstacle"
            },
            "geometry": {
                "type": "Point",
                "coordinates": [
                    6.495586111,
                    51.049752778
                ]
            }
        },
        {
            "type": "Feature",
            "properties": {
                "name": "Obstacle"
            },
            "geometry": {
                "type": "Point",
                "coordinates": [
                    8.821966667,
                    51.533030556
                ]
            }
        },
        {
            "type": "Feature",
            "properties": {
                "name": "Obstacle"
            },
            "geometry": {
                "type": "Point",
                "coordinates": [
                    8.91008625,
                    51.727756083
                ]
            }
        },
        {
            "type": "Feature",
            "properties": {
                "name": "Obstacle"
            },
            "geometry": {
                "type": "Point",
                "coordinates": [
                    8.615386111,
                    51.429861111
                ]
            }
        },
        {
            "type": "Feature",
            "properties": {
                "name": "Obstacle"
            },
            "geometry": {
                "type": "Point",
                "coordinates": [
                    7.023561111,
                    51.915213889
                ]
            }
        },
        {
            "type": "Feature",
            "properties": {
                "name": "Obstacle"
            },
            "geometry": {
                "type": "Point",
                "coordinates": [
                    7.585114889,
                    51.332638389
                ]
            }
        },
        {
            "type": "Feature",
            "properties": {
                "name": "Obstacle"
            },
            "geometry": {
                "type": "Point",
                "coordinates": [
                    8.693361111,
                    51.43075
                ]
            }
        },
        {
            "type": "Feature",
            "properties": {
                "name": "Obstacle"
            },
            "geometry": {
                "type": "Point",
                "coordinates": [
                    7.109136111,
                    51.876208333
                ]
            }
        },
        {
            "type": "Feature",
            "properties": {
                "name": "Obstacle"
            },
            "geometry": {
                "type": "Point",
                "coordinates": [
                    7.134027778,
                    51.738916667
                ]
            }
        },
        {
            "type": "Feature",
            "properties": {
                "name": "Obstacle"
            },
            "geometry": {
                "type": "Point",
                "coordinates": [
                    8.786788889,
                    51.64105
                ]
            }
        },
        {
            "type": "Feature",
            "properties": {
                "name": "Obstacle"
            },
            "geometry": {
                "type": "Point",
                "coordinates": [
                    6.331827778,
                    50.890511111
                ]
            }
        },
        {
            "type": "Feature",
            "properties": {
                "name": "Obstacle"
            },
            "geometry": {
                "type": "Point",
                "coordinates": [
                    6.50477,
                    51.048537778
                ]
            }
        },
        {
            "type": "Feature",
            "properties": {
                "name": "Obstacle"
            },
            "geometry": {
                "type": "Point",
                "coordinates": [
                    8.698944444,
                    51.457972222
                ]
            }
        },
        {
            "type": "Feature",
            "properties": {
                "name": "Obstacle"
            },
            "geometry": {
                "type": "Point",
                "coordinates": [
                    7.643611111,
                    52.400833333
                ]
            }
        },
        {
            "type": "Feature",
            "properties": {
                "name": "Obstacle"
            },
            "geometry": {
                "type": "Point",
                "coordinates": [
                    6.315989694,
                    50.888215139
                ]
            }
        },
        {
            "type": "Feature",
            "properties": {
                "name": "Obstacle"
            },
            "geometry": {
                "type": "Point",
                "coordinates": [
                    6.234805556,
                    50.985027778
                ]
            }
        },
        {
            "type": "Feature",
            "properties": {
                "name": "Obstacle"
            },
            "geometry": {
                "type": "Point",
                "coordinates": [
                    8.441788389,
                    51.041433167
                ]
            }
        },
        {
            "type": "Feature",
            "properties": {
                "name": "Obstacle"
            },
            "geometry": {
                "type": "Point",
                "coordinates": [
                    9.055694444,
                    51.85785
                ]
            }
        },
        {
            "type": "Feature",
            "properties": {
                "name": "Obstacle"
            },
            "geometry": {
                "type": "Point",
                "coordinates": [
                    9.070089778,
                    51.885674306
                ]
            }
        },
        {
            "type": "Feature",
            "properties": {
                "name": "Obstacle"
            },
            "geometry": {
                "type": "Point",
                "coordinates": [
                    8.345897389,
                    51.770037361
                ]
            }
        },
        {
            "type": "Feature",
            "properties": {
                "name": "Obstacle"
            },
            "geometry": {
                "type": "Point",
                "coordinates": [
                    7.890347222,
                    52.066008333
                ]
            }
        },
        {
            "type": "Feature",
            "properties": {
                "name": "Obstacle"
            },
            "geometry": {
                "type": "Point",
                "coordinates": [
                    6.910669444,
                    51.956188889
                ]
            }
        },
        {
            "type": "Feature",
            "properties": {
                "name": "Obstacle"
            },
            "geometry": {
                "type": "Point",
                "coordinates": [
                    8.75716,
                    51.554677444
                ]
            }
        },
        {
            "type": "Feature",
            "properties": {
                "name": "Obstacle"
            },
            "geometry": {
                "type": "Point",
                "coordinates": [
                    7.468333333,
                    51.321111111
                ]
            }
        },
        {
            "type": "Feature",
            "properties": {
                "name": "Obstacle"
            },
            "geometry": {
                "type": "Point",
                "coordinates": [
                    6.305636111,
                    51.263377778
                ]
            }
        },
        {
            "type": "Feature",
            "properties": {
                "name": "Obstacle"
            },
            "geometry": {
                "type": "Point",
                "coordinates": [
                    8.838316667,
                    51.763958333
                ]
            }
        },
        {
            "type": "Feature",
            "properties": {
                "name": "Obstacle"
            },
            "geometry": {
                "type": "Point",
                "coordinates": [
                    7.039924,
                    51.711656
                ]
            }
        },
        {
            "type": "Feature",
            "properties": {
                "name": "Obstacle"
            },
            "geometry": {
                "type": "Point",
                "coordinates": [
                    8.236301389,
                    51.635446667
                ]
            }
        },
        {
            "type": "Feature",
            "properties": {
                "name": "Obstacle"
            },
            "geometry": {
                "type": "Point",
                "coordinates": [
                    8.784080833,
                    51.618204333
                ]
            }
        },
        {
            "type": "Feature",
            "properties": {
                "name": "Obstacle"
            },
            "geometry": {
                "type": "Point",
                "coordinates": [
                    6.710749139,
                    51.012436083
                ]
            }
        },
        {
            "type": "Feature",
            "properties": {
                "name": "Obstacle"
            },
            "geometry": {
                "type": "Point",
                "coordinates": [
                    6.299922222,
                    51.226602778
                ]
            }
        },
        {
            "type": "Feature",
            "properties": {
                "name": "Obstacle"
            },
            "geometry": {
                "type": "Point",
                "coordinates": [
                    6.548742,
                    51.059596111
                ]
            }
        },
        {
            "type": "Feature",
            "properties": {
                "name": "Obstacle"
            },
            "geometry": {
                "type": "Point",
                "coordinates": [
                    8.808605556,
                    51.614313889
                ]
            }
        },
        {
            "type": "Feature",
            "properties": {
                "name": "Obstacle"
            },
            "geometry": {
                "type": "Point",
                "coordinates": [
                    7.900040194,
                    51.800310556
                ]
            }
        },
        {
            "type": "Feature",
            "properties": {
                "name": "Obstacle"
            },
            "geometry": {
                "type": "Point",
                "coordinates": [
                    7.155957056,
                    52.040493667
                ]
            }
        },
        {
            "type": "Feature",
            "properties": {
                "name": "Obstacle"
            },
            "geometry": {
                "type": "Point",
                "coordinates": [
                    7.457152778,
                    51.986530556
                ]
            }
        },
        {
            "type": "Feature",
            "properties": {
                "name": "Obstacle"
            },
            "geometry": {
                "type": "Point",
                "coordinates": [
                    6.207812944,
                    51.528611694
                ]
            }
        },
        {
            "type": "Feature",
            "properties": {
                "name": "Obstacle"
            },
            "geometry": {
                "type": "Point",
                "coordinates": [
                    8.339016667,
                    52.399586111
                ]
            }
        },
        {
            "type": "Feature",
            "properties": {
                "name": "Obstacle"
            },
            "geometry": {
                "type": "Point",
                "coordinates": [
                    7.364759,
                    52.09207
                ]
            }
        },
        {
            "type": "Feature",
            "properties": {
                "name": "Obstacle"
            },
            "geometry": {
                "type": "Point",
                "coordinates": [
                    8.260375,
                    50.936312
                ]
            }
        },
        {
            "type": "Feature",
            "properties": {
                "name": "Obstacle"
            },
            "geometry": {
                "type": "Point",
                "coordinates": [
                    7.024002778,
                    51.698775
                ]
            }
        },
        {
            "type": "Feature",
            "properties": {
                "name": "Obstacle"
            },
            "geometry": {
                "type": "Point",
                "coordinates": [
                    7.237280556,
                    52.126702778
                ]
            }
        },
        {
            "type": "Feature",
            "properties": {
                "name": "Obstacle"
            },
            "geometry": {
                "type": "Point",
                "coordinates": [
                    9.140173,
                    51.897102
                ]
            }
        },
        {
            "type": "Feature",
            "properties": {
                "name": "Obstacle"
            },
            "geometry": {
                "type": "Point",
                "coordinates": [
                    7.354352778,
                    51.629369444
                ]
            }
        },
        {
            "type": "Feature",
            "properties": {
                "name": "Obstacle"
            },
            "geometry": {
                "type": "Point",
                "coordinates": [
                    9.198492111,
                    51.797449556
                ]
            }
        },
        {
            "type": "Feature",
            "properties": {
                "name": "Obstacle"
            },
            "geometry": {
                "type": "Point",
                "coordinates": [
                    8.473491194,
                    51.29333175
                ]
            }
        },
        {
            "type": "Feature",
            "properties": {
                "name": "Obstacle"
            },
            "geometry": {
                "type": "Point",
                "coordinates": [
                    8.14635,
                    51.172838889
                ]
            }
        },
        {
            "type": "Feature",
            "properties": {
                "name": "Obstacle"
            },
            "geometry": {
                "type": "Point",
                "coordinates": [
                    8.157352778,
                    51.177444444
                ]
            }
        },
        {
            "type": "Feature",
            "properties": {
                "name": "Obstacle"
            },
            "geometry": {
                "type": "Point",
                "coordinates": [
                    9.143488889,
                    51.584511111
                ]
            }
        },
        {
            "type": "Feature",
            "properties": {
                "name": "Obstacle"
            },
            "geometry": {
                "type": "Point",
                "coordinates": [
                    6.800793,
                    50.752323
                ]
            }
        },
        {
            "type": "Feature",
            "properties": {
                "name": "Obstacle"
            },
            "geometry": {
                "type": "Point",
                "coordinates": [
                    8.136680556,
                    51.370833333
                ]
            }
        },
        {
            "type": "Feature",
            "properties": {
                "name": "Obstacle"
            },
            "geometry": {
                "type": "Point",
                "coordinates": [
                    9.288694444,
                    51.866555556
                ]
            }
        },
        {
            "type": "Feature",
            "properties": {
                "name": "Obstacle"
            },
            "geometry": {
                "type": "Point",
                "coordinates": [
                    8.477869444,
                    51.395716667
                ]
            }
        },
        {
            "type": "Feature",
            "properties": {
                "name": "Obstacle"
            },
            "geometry": {
                "type": "Point",
                "coordinates": [
                    6.620822222,
                    50.722552778
                ]
            }
        },
        {
            "type": "Feature",
            "properties": {
                "name": "Obstacle"
            },
            "geometry": {
                "type": "Point",
                "coordinates": [
                    6.781112222,
                    50.864682944
                ]
            }
        },
        {
            "type": "Feature",
            "properties": {
                "name": "Obstacle"
            },
            "geometry": {
                "type": "Point",
                "coordinates": [
                    6.696402778,
                    50.759936111
                ]
            }
        },
        {
            "type": "Feature",
            "properties": {
                "name": "Obstacle"
            },
            "geometry": {
                "type": "Point",
                "coordinates": [
                    6.292823333,
                    51.190381944
                ]
            }
        },
        {
            "type": "Feature",
            "properties": {
                "name": "Obstacle"
            },
            "geometry": {
                "type": "Point",
                "coordinates": [
                    6.312256778,
                    50.871318389
                ]
            }
        },
        {
            "type": "Feature",
            "properties": {
                "name": "Obstacle"
            },
            "geometry": {
                "type": "Point",
                "coordinates": [
                    8.280640278,
                    51.458291111
                ]
            }
        },
        {
            "type": "Feature",
            "properties": {
                "name": "Obstacle"
            },
            "geometry": {
                "type": "Point",
                "coordinates": [
                    8.669572222,
                    51.654836111
                ]
            }
        },
        {
            "type": "Feature",
            "properties": {
                "name": "Obstacle"
            },
            "geometry": {
                "type": "Point",
                "coordinates": [
                    8.908530556,
                    51.816841667
                ]
            }
        },
        {
            "type": "Feature",
            "properties": {
                "name": "Obstacle"
            },
            "geometry": {
                "type": "Point",
                "coordinates": [
                    8.814527778,
                    51.752038889
                ]
            }
        },
        {
            "type": "Feature",
            "properties": {
                "name": "Obstacle"
            },
            "geometry": {
                "type": "Point",
                "coordinates": [
                    8.175401028,
                    51.675018111
                ]
            }
        },
        {
            "type": "Feature",
            "properties": {
                "name": "Obstacle"
            },
            "geometry": {
                "type": "Point",
                "coordinates": [
                    8.791188889,
                    51.613852778
                ]
            }
        },
        {
            "type": "Feature",
            "properties": {
                "name": "Obstacle"
            },
            "geometry": {
                "type": "Point",
                "coordinates": [
                    9.144088889,
                    51.582038889
                ]
            }
        },
        {
            "type": "Feature",
            "properties": {
                "name": "Obstacle"
            },
            "geometry": {
                "type": "Point",
                "coordinates": [
                    6.473938889,
                    50.846552778
                ]
            }
        },
        {
            "type": "Feature",
            "properties": {
                "name": "Obstacle"
            },
            "geometry": {
                "type": "Point",
                "coordinates": [
                    9.2625,
                    51.927222222
                ]
            }
        },
        {
            "type": "Feature",
            "properties": {
                "name": "Obstacle"
            },
            "geometry": {
                "type": "Point",
                "coordinates": [
                    8.889097222,
                    51.808713889
                ]
            }
        },
        {
            "type": "Feature",
            "properties": {
                "name": "Obstacle"
            },
            "geometry": {
                "type": "Point",
                "coordinates": [
                    8.727047222,
                    51.613952778
                ]
            }
        },
        {
            "type": "Feature",
            "properties": {
                "name": "Obstacle"
            },
            "geometry": {
                "type": "Point",
                "coordinates": [
                    9.130422222,
                    51.685308333
                ]
            }
        },
        {
            "type": "Feature",
            "properties": {
                "name": "Obstacle"
            },
            "geometry": {
                "type": "Point",
                "coordinates": [
                    7.917761111,
                    51.278966667
                ]
            }
        },
        {
            "type": "Feature",
            "properties": {
                "name": "Obstacle"
            },
            "geometry": {
                "type": "Point",
                "coordinates": [
                    7.98715,
                    52.028458333
                ]
            }
        },
        {
            "type": "Feature",
            "properties": {
                "name": "Obstacle"
            },
            "geometry": {
                "type": "Point",
                "coordinates": [
                    6.714166667,
                    50.723055556
                ]
            }
        },
        {
            "type": "Feature",
            "properties": {
                "name": "Obstacle"
            },
            "geometry": {
                "type": "Point",
                "coordinates": [
                    8.211097222,
                    51.316427778
                ]
            }
        },
        {
            "type": "Feature",
            "properties": {
                "name": "Obstacle"
            },
            "geometry": {
                "type": "Point",
                "coordinates": [
                    8.229722222,
                    51.998888889
                ]
            }
        },
        {
            "type": "Feature",
            "properties": {
                "name": "Obstacle"
            },
            "geometry": {
                "type": "Point",
                "coordinates": [
                    6.593497778,
                    54.02166
                ]
            }
        },
        {
            "type": "Feature",
            "properties": {
                "name": "Obstacle"
            },
            "geometry": {
                "type": "Point",
                "coordinates": [
                    6.619318333,
                    54.007498333
                ]
            }
        },
        {
            "type": "Feature",
            "properties": {
                "name": "Obstacle"
            },
            "geometry": {
                "type": "Point",
                "coordinates": [
                    7.641169444,
                    54.360452778
                ]
            }
        },
        {
            "type": "Feature",
            "properties": {
                "name": "Obstacle"
            },
            "geometry": {
                "type": "Point",
                "coordinates": [
                    7.652544444,
                    54.352302778
                ]
            }
        },
        {
            "type": "Feature",
            "properties": {
                "name": "Obstacle"
            },
            "geometry": {
                "type": "Point",
                "coordinates": [
                    7.662583333,
                    54.387563889
                ]
            }
        },
        {
            "type": "Feature",
            "properties": {
                "name": "Obstacle"
            },
            "geometry": {
                "type": "Point",
                "coordinates": [
                    7.676427778,
                    54.386466667
                ]
            }
        },
        {
            "type": "Feature",
            "properties": {
                "name": "Obstacle"
            },
            "geometry": {
                "type": "Point",
                "coordinates": [
                    7.688125,
                    54.389611111
                ]
            }
        },
        {
            "type": "Feature",
            "properties": {
                "name": "Obstacle"
            },
            "geometry": {
                "type": "Point",
                "coordinates": [
                    7.709366667,
                    54.391475
                ]
            }
        },
        {
            "type": "Feature",
            "properties": {
                "name": "Obstacle"
            },
            "geometry": {
                "type": "Point",
                "coordinates": [
                    7.726977778,
                    54.395541667
                ]
            }
        },
        {
            "type": "Feature",
            "properties": {
                "name": "Obstacle"
            },
            "geometry": {
                "type": "Point",
                "coordinates": [
                    7.746269444,
                    54.390458333
                ]
            }
        },
        {
            "type": "Feature",
            "properties": {
                "name": "Obstacle"
            },
            "geometry": {
                "type": "Point",
                "coordinates": [
                    7.7577,
                    54.384358333
                ]
            }
        },
        {
            "type": "Feature",
            "properties": {
                "name": "Obstacle"
            },
            "geometry": {
                "type": "Point",
                "coordinates": [
                    7.762475,
                    54.420288889
                ]
            }
        },
        {
            "type": "Feature",
            "properties": {
                "name": "Obstacle"
            },
            "geometry": {
                "type": "Point",
                "coordinates": [
                    6.417119444,
                    54.061308333
                ]
            }
        },
        {
            "type": "Feature",
            "properties": {
                "name": "Obstacle"
            },
            "geometry": {
                "type": "Point",
                "coordinates": [
                    6.429330556,
                    54.087738889
                ]
            }
        },
        {
            "type": "Feature",
            "properties": {
                "name": "Obstacle"
            },
            "geometry": {
                "type": "Point",
                "coordinates": [
                    6.432183056,
                    54.014334444
                ]
            }
        },
        {
            "type": "Feature",
            "properties": {
                "name": "Obstacle"
            },
            "geometry": {
                "type": "Point",
                "coordinates": [
                    6.443457778,
                    54.029868056
                ]
            }
        },
        {
            "type": "Feature",
            "properties": {
                "name": "Obstacle"
            },
            "geometry": {
                "type": "Point",
                "coordinates": [
                    6.460197222,
                    54.031752778
                ]
            }
        },
        {
            "type": "Feature",
            "properties": {
                "name": "Obstacle"
            },
            "geometry": {
                "type": "Point",
                "coordinates": [
                    6.472002778,
                    54.063511111
                ]
            }
        },
        {
            "type": "Feature",
            "properties": {
                "name": "Obstacle"
            },
            "geometry": {
                "type": "Point",
                "coordinates": [
                    6.486151389,
                    54.088370833
                ]
            }
        },
        {
            "type": "Feature",
            "properties": {
                "name": "Obstacle"
            },
            "geometry": {
                "type": "Point",
                "coordinates": [
                    6.489133333,
                    54.007875
                ]
            }
        },
        {
            "type": "Feature",
            "properties": {
                "name": "Obstacle"
            },
            "geometry": {
                "type": "Point",
                "coordinates": [
                    6.511437222,
                    54.067814167
                ]
            }
        },
        {
            "type": "Feature",
            "properties": {
                "name": "Obstacle"
            },
            "geometry": {
                "type": "Point",
                "coordinates": [
                    7.679071667,
                    54.538833306
                ]
            }
        },
        {
            "type": "Feature",
            "properties": {
                "name": "Obstacle"
            },
            "geometry": {
                "type": "Point",
                "coordinates": [
                    7.778319944,
                    54.538833306
                ]
            }
        },
        {
            "type": "Feature",
            "properties": {
                "name": "Obstacle"
            },
            "geometry": {
                "type": "Point",
                "coordinates": [
                    7.728694944,
                    54.533426694
                ]
            }
        },
        {
            "type": "Feature",
            "properties": {
                "name": "Obstacle"
            },
            "geometry": {
                "type": "Point",
                "coordinates": [
                    7.67907175,
                    54.528019972
                ]
            }
        },
        {
            "type": "Feature",
            "properties": {
                "name": "Obstacle"
            },
            "geometry": {
                "type": "Point",
                "coordinates": [
                    7.778320056,
                    54.528020028
                ]
            }
        },
        {
            "type": "Feature",
            "properties": {
                "name": "Obstacle"
            },
            "geometry": {
                "type": "Point",
                "coordinates": [
                    7.728694972,
                    54.522649278
                ]
            }
        },
        {
            "type": "Feature",
            "properties": {
                "name": "Obstacle"
            },
            "geometry": {
                "type": "Point",
                "coordinates": [
                    7.691478361,
                    54.517170722
                ]
            }
        },
        {
            "type": "Feature",
            "properties": {
                "name": "Obstacle"
            },
            "geometry": {
                "type": "Point",
                "coordinates": [
                    7.653833306,
                    54.511800028
                ]
            }
        },
        {
            "type": "Feature",
            "properties": {
                "name": "Obstacle"
            },
            "geometry": {
                "type": "Point",
                "coordinates": [
                    7.753479917,
                    54.511800028
                ]
            }
        },
        {
            "type": "Feature",
            "properties": {
                "name": "Obstacle"
            },
            "geometry": {
                "type": "Point",
                "coordinates": [
                    7.716289944,
                    54.506383361
                ]
            }
        },
        {
            "type": "Feature",
            "properties": {
                "name": "Obstacle"
            },
            "geometry": {
                "type": "Point",
                "coordinates": [
                    6.357861111,
                    54.473694444
                ]
            }
        },
        {
            "type": "Feature",
            "properties": {
                "name": "Obstacle"
            },
            "geometry": {
                "type": "Point",
                "coordinates": [
                    6.376805556,
                    54.461638889
                ]
            }
        },
        {
            "type": "Feature",
            "properties": {
                "name": "Obstacle"
            },
            "geometry": {
                "type": "Point",
                "coordinates": [
                    6.392083333,
                    54.467722222
                ]
            }
        },
        {
            "type": "Feature",
            "properties": {
                "name": "Obstacle"
            },
            "geometry": {
                "type": "Point",
                "coordinates": [
                    6.332722222,
                    54.516444444
                ]
            }
        },
        {
            "type": "Feature",
            "properties": {
                "name": "Obstacle"
            },
            "geometry": {
                "type": "Point",
                "coordinates": [
                    6.35975,
                    54.498111111
                ]
            }
        },
        {
            "type": "Feature",
            "properties": {
                "name": "Obstacle"
            },
            "geometry": {
                "type": "Point",
                "coordinates": [
                    6.394611111,
                    54.53475
                ]
            }
        },
        {
            "type": "Feature",
            "properties": {
                "name": "Obstacle"
            },
            "geometry": {
                "type": "Point",
                "coordinates": [
                    6.415805556,
                    54.540833333
                ]
            }
        },
        {
            "type": "Feature",
            "properties": {
                "name": "Obstacle"
            },
            "geometry": {
                "type": "Point",
                "coordinates": [
                    6.318138889,
                    54.522555556
                ]
            }
        },
        {
            "type": "Feature",
            "properties": {
                "name": "Obstacle"
            },
            "geometry": {
                "type": "Point",
                "coordinates": [
                    6.333638889,
                    54.528666667
                ]
            }
        },
        {
            "type": "Feature",
            "properties": {
                "name": "Obstacle"
            },
            "geometry": {
                "type": "Point",
                "coordinates": [
                    6.379333333,
                    54.53475
                ]
            }
        },
        {
            "type": "Feature",
            "properties": {
                "name": "Obstacle"
            },
            "geometry": {
                "type": "Point",
                "coordinates": [
                    7.668763333,
                    54.471162778
                ]
            }
        },
        {
            "type": "Feature",
            "properties": {
                "name": "Obstacle"
            },
            "geometry": {
                "type": "Point",
                "coordinates": [
                    7.654616389,
                    54.460214167
                ]
            }
        },
        {
            "type": "Feature",
            "properties": {
                "name": "Obstacle"
            },
            "geometry": {
                "type": "Point",
                "coordinates": [
                    7.6404825,
                    54.449268611
                ]
            }
        },
        {
            "type": "Feature",
            "properties": {
                "name": "Obstacle"
            },
            "geometry": {
                "type": "Point",
                "coordinates": [
                    7.640436111,
                    54.438488611
                ]
            }
        },
        {
            "type": "Feature",
            "properties": {
                "name": "Obstacle"
            },
            "geometry": {
                "type": "Point",
                "coordinates": [
                    7.640375556,
                    54.427703889
                ]
            }
        },
        {
            "type": "Feature",
            "properties": {
                "name": "Obstacle"
            },
            "geometry": {
                "type": "Point",
                "coordinates": [
                    7.654433056,
                    54.4170925
                ]
            }
        },
        {
            "type": "Feature",
            "properties": {
                "name": "Obstacle"
            },
            "geometry": {
                "type": "Point",
                "coordinates": [
                    6.491251111,
                    53.980836111
                ]
            }
        },
        {
            "type": "Feature",
            "properties": {
                "name": "Obstacle"
            },
            "geometry": {
                "type": "Point",
                "coordinates": [
                    6.514111111,
                    53.987581667
                ]
            }
        },
        {
            "type": "Feature",
            "properties": {
                "name": "Obstacle"
            },
            "geometry": {
                "type": "Point",
                "coordinates": [
                    6.525559722,
                    53.974141389
                ]
            }
        },
        {
            "type": "Feature",
            "properties": {
                "name": "Obstacle"
            },
            "geometry": {
                "type": "Point",
                "coordinates": [
                    6.536999444,
                    53.967387778
                ]
            }
        },
        {
            "type": "Feature",
            "properties": {
                "name": "Obstacle"
            },
            "geometry": {
                "type": "Point",
                "coordinates": [
                    6.548443333,
                    53.96739
                ]
            }
        },
        {
            "type": "Feature",
            "properties": {
                "name": "Obstacle"
            },
            "geometry": {
                "type": "Point",
                "coordinates": [
                    6.5598575,
                    53.974139722
                ]
            }
        },
        {
            "type": "Feature",
            "properties": {
                "name": "Obstacle"
            },
            "geometry": {
                "type": "Point",
                "coordinates": [
                    6.571279444,
                    53.974141111
                ]
            }
        },
        {
            "type": "Feature",
            "properties": {
                "name": "Obstacle"
            },
            "geometry": {
                "type": "Point",
                "coordinates": [
                    6.582720833,
                    53.967419167
                ]
            }
        },
        {
            "type": "Feature",
            "properties": {
                "name": "Obstacle"
            },
            "geometry": {
                "type": "Point",
                "coordinates": [
                    6.594166389,
                    53.953948056
                ]
            }
        },
        {
            "type": "Feature",
            "properties": {
                "name": "Obstacle"
            },
            "geometry": {
                "type": "Point",
                "coordinates": [
                    6.616997778,
                    53.960661667
                ]
            }
        },
        {
            "type": "Feature",
            "properties": {
                "name": "Obstacle"
            },
            "geometry": {
                "type": "Point",
                "coordinates": [
                    7.799922222,
                    54.9737675
                ]
            }
        },
        {
            "type": "Feature",
            "properties": {
                "name": "Obstacle"
            },
            "geometry": {
                "type": "Point",
                "coordinates": [
                    7.762071944,
                    54.9878925
                ]
            }
        },
        {
            "type": "Feature",
            "properties": {
                "name": "Obstacle"
            },
            "geometry": {
                "type": "Point",
                "coordinates": [
                    7.799627222,
                    54.9972225
                ]
            }
        },
        {
            "type": "Feature",
            "properties": {
                "name": "Obstacle"
            },
            "geometry": {
                "type": "Point",
                "coordinates": [
                    7.766772222,
                    55.006076667
                ]
            }
        },
        {
            "type": "Feature",
            "properties": {
                "name": "Obstacle"
            },
            "geometry": {
                "type": "Point",
                "coordinates": [
                    7.783173056,
                    55.013700556
                ]
            }
        },
        {
            "type": "Feature",
            "properties": {
                "name": "Obstacle"
            },
            "geometry": {
                "type": "Point",
                "coordinates": [
                    7.799921111,
                    55.023834167
                ]
            }
        },
        {
            "type": "Feature",
            "properties": {
                "name": "Obstacle"
            },
            "geometry": {
                "type": "Point",
                "coordinates": [
                    7.737915833,
                    55.029390278
                ]
            }
        },
        {
            "type": "Feature",
            "properties": {
                "name": "Obstacle"
            },
            "geometry": {
                "type": "Point",
                "coordinates": [
                    7.748944167,
                    55.036405556
                ]
            }
        },
        {
            "type": "Feature",
            "properties": {
                "name": "Obstacle"
            },
            "geometry": {
                "type": "Point",
                "coordinates": [
                    7.773495833,
                    55.0455075
                ]
            }
        },
        {
            "type": "Feature",
            "properties": {
                "name": "Obstacle"
            },
            "geometry": {
                "type": "Point",
                "coordinates": [
                    7.767890278,
                    55.057700278
                ]
            }
        },
        {
            "type": "Feature",
            "properties": {
                "name": "Obstacle"
            },
            "geometry": {
                "type": "Point",
                "coordinates": [
                    7.170372222,
                    55.103258333
                ]
            }
        },
        {
            "type": "Feature",
            "properties": {
                "name": "Obstacle"
            },
            "geometry": {
                "type": "Point",
                "coordinates": [
                    7.183275,
                    55.160894444
                ]
            }
        },
        {
            "type": "Feature",
            "properties": {
                "name": "Obstacle"
            },
            "geometry": {
                "type": "Point",
                "coordinates": [
                    7.167172222,
                    55.229219444
                ]
            }
        },
        {
            "type": "Feature",
            "properties": {
                "name": "Obstacle"
            },
            "geometry": {
                "type": "Point",
                "coordinates": [
                    7.217413889,
                    55.188422222
                ]
            }
        },
        {
            "type": "Feature",
            "properties": {
                "name": "Obstacle"
            },
            "geometry": {
                "type": "Point",
                "coordinates": [
                    7.176497222,
                    55.191413889
                ]
            }
        },
        {
            "type": "Feature",
            "properties": {
                "name": "Obstacle"
            },
            "geometry": {
                "type": "Point",
                "coordinates": [
                    7.227638889,
                    55.066322222
                ]
            }
        },
        {
            "type": "Feature",
            "properties": {
                "name": "Obstacle"
            },
            "geometry": {
                "type": "Point",
                "coordinates": [
                    7.197761111,
                    55.190552778
                ]
            }
        },
        {
            "type": "Feature",
            "properties": {
                "name": "Obstacle"
            },
            "geometry": {
                "type": "Point",
                "coordinates": [
                    7.207541667,
                    55.0717
                ]
            }
        },
        {
            "type": "Feature",
            "properties": {
                "name": "Obstacle"
            },
            "geometry": {
                "type": "Point",
                "coordinates": [
                    7.226308333,
                    55.074086111
                ]
            }
        },
        {
            "type": "Feature",
            "properties": {
                "name": "Obstacle"
            },
            "geometry": {
                "type": "Point",
                "coordinates": [
                    7.194083333,
                    55.102347222
                ]
            }
        },
        {
            "type": "Feature",
            "properties": {
                "name": "Obstacle"
            },
            "geometry": {
                "type": "Point",
                "coordinates": [
                    6.018186111,
                    54.383822222
                ]
            }
        },
        {
            "type": "Feature",
            "properties": {
                "name": "Obstacle"
            },
            "geometry": {
                "type": "Point",
                "coordinates": [
                    6.004994444,
                    54.390311111
                ]
            }
        },
        {
            "type": "Feature",
            "properties": {
                "name": "Obstacle"
            },
            "geometry": {
                "type": "Point",
                "coordinates": [
                    5.9853,
                    54.389188889
                ]
            }
        },
        {
            "type": "Feature",
            "properties": {
                "name": "Obstacle"
            },
            "geometry": {
                "type": "Point",
                "coordinates": [
                    5.975375,
                    54.371766667
                ]
            }
        },
        {
            "type": "Feature",
            "properties": {
                "name": "Obstacle"
            },
            "geometry": {
                "type": "Point",
                "coordinates": [
                    5.939561111,
                    54.371647222
                ]
            }
        },
        {
            "type": "Feature",
            "properties": {
                "name": "Obstacle"
            },
            "geometry": {
                "type": "Point",
                "coordinates": [
                    5.949502778,
                    54.345255556
                ]
            }
        },
        {
            "type": "Feature",
            "properties": {
                "name": "Obstacle"
            },
            "geometry": {
                "type": "Point",
                "coordinates": [
                    5.972225,
                    54.338213889
                ]
            }
        },
        {
            "type": "Feature",
            "properties": {
                "name": "Obstacle"
            },
            "geometry": {
                "type": "Point",
                "coordinates": [
                    5.939397222,
                    54.310472222
                ]
            }
        },
        {
            "type": "Feature",
            "properties": {
                "name": "Obstacle"
            },
            "geometry": {
                "type": "Point",
                "coordinates": [
                    6.004711111,
                    54.339916667
                ]
            }
        },
        {
            "type": "Feature",
            "properties": {
                "name": "Obstacle"
            },
            "geometry": {
                "type": "Point",
                "coordinates": [
                    6.018202778,
                    54.322638889
                ]
            }
        },
        {
            "type": "Feature",
            "properties": {
                "name": "Obstacle"
            },
            "geometry": {
                "type": "Point",
                "coordinates": [
                    6.846611111,
                    55.156577778
                ]
            }
        },
        {
            "type": "Feature",
            "properties": {
                "name": "Obstacle"
            },
            "geometry": {
                "type": "Point",
                "coordinates": [
                    6.820347222,
                    55.227083333
                ]
            }
        },
        {
            "type": "Feature",
            "properties": {
                "name": "Obstacle"
            },
            "geometry": {
                "type": "Point",
                "coordinates": [
                    6.875225,
                    55.123266667
                ]
            }
        },
        {
            "type": "Feature",
            "properties": {
                "name": "Obstacle"
            },
            "geometry": {
                "type": "Point",
                "coordinates": [
                    6.848452778,
                    55.193491667
                ]
            }
        },
        {
            "type": "Feature",
            "properties": {
                "name": "Obstacle"
            },
            "geometry": {
                "type": "Point",
                "coordinates": [
                    6.819261111,
                    55.273030556
                ]
            }
        },
        {
            "type": "Feature",
            "properties": {
                "name": "Obstacle"
            },
            "geometry": {
                "type": "Point",
                "coordinates": [
                    6.878036111,
                    55.160472222
                ]
            }
        },
        {
            "type": "Feature",
            "properties": {
                "name": "Obstacle"
            },
            "geometry": {
                "type": "Point",
                "coordinates": [
                    6.848347222,
                    55.239444444
                ]
            }
        },
        {
            "type": "Feature",
            "properties": {
                "name": "Obstacle"
            },
            "geometry": {
                "type": "Point",
                "coordinates": [
                    6.906625,
                    55.126883333
                ]
            }
        },
        {
            "type": "Feature",
            "properties": {
                "name": "Obstacle"
            },
            "geometry": {
                "type": "Point",
                "coordinates": [
                    6.853591667,
                    55.267897222
                ]
            }
        },
        {
            "type": "Feature",
            "properties": {
                "name": "Obstacle"
            },
            "geometry": {
                "type": "Point",
                "coordinates": [
                    7.070058056,
                    54.080664722
                ]
            }
        },
        {
            "type": "Feature",
            "properties": {
                "name": "Obstacle"
            },
            "geometry": {
                "type": "Point",
                "coordinates": [
                    7.038289444,
                    54.074439444
                ]
            }
        },
        {
            "type": "Feature",
            "properties": {
                "name": "Obstacle"
            },
            "geometry": {
                "type": "Point",
                "coordinates": [
                    6.962806944,
                    54.092309722
                ]
            }
        },
        {
            "type": "Feature",
            "properties": {
                "name": "Obstacle"
            },
            "geometry": {
                "type": "Point",
                "coordinates": [
                    6.952228611,
                    54.086075
                ]
            }
        },
        {
            "type": "Feature",
            "properties": {
                "name": "Obstacle"
            },
            "geometry": {
                "type": "Point",
                "coordinates": [
                    6.959456111,
                    54.072793056
                ]
            }
        },
        {
            "type": "Feature",
            "properties": {
                "name": "Obstacle"
            },
            "geometry": {
                "type": "Point",
                "coordinates": [
                    6.967671389,
                    54.054968611
                ]
            }
        },
        {
            "type": "Feature",
            "properties": {
                "name": "Obstacle"
            },
            "geometry": {
                "type": "Point",
                "coordinates": [
                    6.944335556,
                    54.0575475
                ]
            }
        },
        {
            "type": "Feature",
            "properties": {
                "name": "Obstacle"
            },
            "geometry": {
                "type": "Point",
                "coordinates": [
                    7.045351944,
                    53.995316667
                ]
            }
        },
        {
            "type": "Feature",
            "properties": {
                "name": "Obstacle"
            },
            "geometry": {
                "type": "Point",
                "coordinates": [
                    7.015683056,
                    54.008036111
                ]
            }
        },
        {
            "type": "Feature",
            "properties": {
                "name": "Obstacle"
            },
            "geometry": {
                "type": "Point",
                "coordinates": [
                    6.996977222,
                    54.002209444
                ]
            }
        },
        {
            "type": "Feature",
            "properties": {
                "name": "Obstacle"
            },
            "geometry": {
                "type": "Point",
                "coordinates": [
                    6.943496111,
                    54.013915278
                ]
            }
        },
        {
            "type": "Feature",
            "properties": {
                "name": "Obstacle"
            },
            "geometry": {
                "type": "Point",
                "coordinates": [
                    6.964974444,
                    53.990728056
                ]
            }
        },
        {
            "type": "Feature",
            "properties": {
                "name": "Obstacle"
            },
            "geometry": {
                "type": "Point",
                "coordinates": [
                    5.828347222,
                    54.308216667
                ]
            }
        },
        {
            "type": "Feature",
            "properties": {
                "name": "Obstacle"
            },
            "geometry": {
                "type": "Point",
                "coordinates": [
                    5.840305556,
                    54.313288889
                ]
            }
        },
        {
            "type": "Feature",
            "properties": {
                "name": "Obstacle"
            },
            "geometry": {
                "type": "Point",
                "coordinates": [
                    5.856577778,
                    54.318316667
                ]
            }
        },
        {
            "type": "Feature",
            "properties": {
                "name": "Obstacle"
            },
            "geometry": {
                "type": "Point",
                "coordinates": [
                    5.864258333,
                    54.356813889
                ]
            }
        },
        {
            "type": "Feature",
            "properties": {
                "name": "Obstacle"
            },
            "geometry": {
                "type": "Point",
                "coordinates": [
                    5.873036111,
                    54.281402778
                ]
            }
        },
        {
            "type": "Feature",
            "properties": {
                "name": "Obstacle"
            },
            "geometry": {
                "type": "Point",
                "coordinates": [
                    5.891119444,
                    54.31835
                ]
            }
        },
        {
            "type": "Feature",
            "properties": {
                "name": "Obstacle"
            },
            "geometry": {
                "type": "Point",
                "coordinates": [
                    5.901752778,
                    54.372455556
                ]
            }
        },
        {
            "type": "Feature",
            "properties": {
                "name": "Obstacle"
            },
            "geometry": {
                "type": "Point",
                "coordinates": [
                    5.909872222,
                    54.311333333
                ]
            }
        },
        {
            "type": "Feature",
            "properties": {
                "name": "Obstacle"
            },
            "geometry": {
                "type": "Point",
                "coordinates": [
                    6.802025,
                    53.994328611
                ]
            }
        },
        {
            "type": "Feature",
            "properties": {
                "name": "Obstacle"
            },
            "geometry": {
                "type": "Point",
                "coordinates": [
                    6.74768,
                    53.993910833
                ]
            }
        },
        {
            "type": "Feature",
            "properties": {
                "name": "Obstacle"
            },
            "geometry": {
                "type": "Point",
                "coordinates": [
                    6.869586111,
                    53.986189722
                ]
            }
        },
        {
            "type": "Feature",
            "properties": {
                "name": "Obstacle"
            },
            "geometry": {
                "type": "Point",
                "coordinates": [
                    6.8038925,
                    53.979528611
                ]
            }
        },
        {
            "type": "Feature",
            "properties": {
                "name": "Obstacle"
            },
            "geometry": {
                "type": "Point",
                "coordinates": [
                    6.747666389,
                    53.982230278
                ]
            }
        },
        {
            "type": "Feature",
            "properties": {
                "name": "Obstacle"
            },
            "geometry": {
                "type": "Point",
                "coordinates": [
                    6.841131111,
                    53.971768333
                ]
            }
        },
        {
            "type": "Feature",
            "properties": {
                "name": "Obstacle"
            },
            "geometry": {
                "type": "Point",
                "coordinates": [
                    6.770996389,
                    53.968831944
                ]
            }
        },
        {
            "type": "Feature",
            "properties": {
                "name": "Obstacle"
            },
            "geometry": {
                "type": "Point",
                "coordinates": [
                    6.503588889,
                    54.022483333
                ]
            }
        },
        {
            "type": "Feature",
            "properties": {
                "name": "Obstacle"
            },
            "geometry": {
                "type": "Point",
                "coordinates": [
                    6.528422222,
                    54.015169444
                ]
            }
        },
        {
            "type": "Feature",
            "properties": {
                "name": "Obstacle"
            },
            "geometry": {
                "type": "Point",
                "coordinates": [
                    6.542633333,
                    54.028127778
                ]
            }
        },
        {
            "type": "Feature",
            "properties": {
                "name": "Obstacle"
            },
            "geometry": {
                "type": "Point",
                "coordinates": [
                    6.539544444,
                    54.089083333
                ]
            }
        },
        {
            "type": "Feature",
            "properties": {
                "name": "Obstacle"
            },
            "geometry": {
                "type": "Point",
                "coordinates": [
                    6.552622222,
                    54.073780556
                ]
            }
        },
        {
            "type": "Feature",
            "properties": {
                "name": "Obstacle"
            },
            "geometry": {
                "type": "Point",
                "coordinates": [
                    6.566744444,
                    54.04135
                ]
            }
        },
        {
            "type": "Feature",
            "properties": {
                "name": "Obstacle"
            },
            "geometry": {
                "type": "Point",
                "coordinates": [
                    6.579013889,
                    54.045625
                ]
            }
        },
        {
            "type": "Feature",
            "properties": {
                "name": "Obstacle"
            },
            "geometry": {
                "type": "Point",
                "coordinates": [
                    6.590763889,
                    54.058358333
                ]
            }
        },
        {
            "type": "Feature",
            "properties": {
                "name": "Obstacle"
            },
            "geometry": {
                "type": "Point",
                "coordinates": [
                    6.368349167,
                    54.389704444
                ]
            }
        },
        {
            "type": "Feature",
            "properties": {
                "name": "Obstacle"
            },
            "geometry": {
                "type": "Point",
                "coordinates": [
                    6.378765278,
                    54.422512222
                ]
            }
        },
        {
            "type": "Feature",
            "properties": {
                "name": "Obstacle"
            },
            "geometry": {
                "type": "Point",
                "coordinates": [
                    6.370831667,
                    54.432525833
                ]
            }
        },
        {
            "type": "Feature",
            "properties": {
                "name": "Obstacle"
            },
            "geometry": {
                "type": "Point",
                "coordinates": [
                    6.33032,
                    54.41451
                ]
            }
        },
        {
            "type": "Feature",
            "properties": {
                "name": "Obstacle"
            },
            "geometry": {
                "type": "Point",
                "coordinates": [
                    6.355590556,
                    54.444087222
                ]
            }
        },
        {
            "type": "Feature",
            "properties": {
                "name": "Obstacle"
            },
            "geometry": {
                "type": "Point",
                "coordinates": [
                    6.360160278,
                    54.456971389
                ]
            }
        },
        {
            "type": "Feature",
            "properties": {
                "name": "Obstacle"
            },
            "geometry": {
                "type": "Point",
                "coordinates": [
                    6.343162778,
                    54.467818611
                ]
            }
        },
        {
            "type": "Feature",
            "properties": {
                "name": "Obstacle"
            },
            "geometry": {
                "type": "Point",
                "coordinates": [
                    6.331503056,
                    54.4750325
                ]
            }
        },
        {
            "type": "Feature",
            "properties": {
                "name": "Obstacle"
            },
            "geometry": {
                "type": "Point",
                "coordinates": [
                    6.286402222,
                    54.467932222
                ]
            }
        },
        {
            "type": "Feature",
            "properties": {
                "name": "Obstacle"
            },
            "geometry": {
                "type": "Point",
                "coordinates": [
                    6.423103056,
                    53.980613889
                ]
            }
        },
        {
            "type": "Feature",
            "properties": {
                "name": "Obstacle"
            },
            "geometry": {
                "type": "Point",
                "coordinates": [
                    6.445535,
                    53.967266111
                ]
            }
        },
        {
            "type": "Feature",
            "properties": {
                "name": "Obstacle"
            },
            "geometry": {
                "type": "Point",
                "coordinates": [
                    6.473711944,
                    53.991053056
                ]
            }
        },
        {
            "type": "Feature",
            "properties": {
                "name": "Obstacle"
            },
            "geometry": {
                "type": "Point",
                "coordinates": [
                    6.479891111,
                    53.961116944
                ]
            }
        },
        {
            "type": "Feature",
            "properties": {
                "name": "Obstacle"
            },
            "geometry": {
                "type": "Point",
                "coordinates": [
                    6.48908,
                    53.91642
                ]
            }
        },
        {
            "type": "Feature",
            "properties": {
                "name": "Obstacle"
            },
            "geometry": {
                "type": "Point",
                "coordinates": [
                    6.525385,
                    53.921005
                ]
            }
        },
        {
            "type": "Feature",
            "properties": {
                "name": "Obstacle"
            },
            "geometry": {
                "type": "Point",
                "coordinates": [
                    6.581078056,
                    53.928926944
                ]
            }
        },
        {
            "type": "Feature",
            "properties": {
                "name": "Obstacle"
            },
            "geometry": {
                "type": "Point",
                "coordinates": [
                    5.804635,
                    54.331032778
                ]
            }
        },
        {
            "type": "Feature",
            "properties": {
                "name": "Obstacle"
            },
            "geometry": {
                "type": "Point",
                "coordinates": [
                    5.765073056,
                    54.307992222
                ]
            }
        },
        {
            "type": "Feature",
            "properties": {
                "name": "Obstacle"
            },
            "geometry": {
                "type": "Point",
                "coordinates": [
                    5.7933675,
                    54.307588333
                ]
            }
        },
        {
            "type": "Feature",
            "properties": {
                "name": "Obstacle"
            },
            "geometry": {
                "type": "Point",
                "coordinates": [
                    5.808004167,
                    54.291332778
                ]
            }
        },
        {
            "type": "Feature",
            "properties": {
                "name": "Obstacle"
            },
            "geometry": {
                "type": "Point",
                "coordinates": [
                    6.248058889,
                    54.466138611
                ]
            }
        },
        {
            "type": "Feature",
            "properties": {
                "name": "Obstacle"
            },
            "geometry": {
                "type": "Point",
                "coordinates": [
                    6.258424444,
                    54.49322
                ]
            }
        },
        {
            "type": "Feature",
            "properties": {
                "name": "Obstacle"
            },
            "geometry": {
                "type": "Point",
                "coordinates": [
                    7.643088889,
                    54.499997222
                ]
            }
        },
        {
            "type": "Feature",
            "properties": {
                "name": "Obstacle"
            },
            "geometry": {
                "type": "Point",
                "coordinates": [
                    7.640594444,
                    54.492797222
                ]
            }
        },
        {
            "type": "Feature",
            "properties": {
                "name": "Obstacle"
            },
            "geometry": {
                "type": "Point",
                "coordinates": [
                    7.653147222,
                    54.489538889
                ]
            }
        },
        {
            "type": "Feature",
            "properties": {
                "name": "Obstacle"
            },
            "geometry": {
                "type": "Point",
                "coordinates": [
                    7.682975,
                    54.482730556
                ]
            }
        },
        {
            "type": "Feature",
            "properties": {
                "name": "Obstacle"
            },
            "geometry": {
                "type": "Point",
                "coordinates": [
                    7.669858333,
                    54.477886111
                ]
            }
        },
        {
            "type": "Feature",
            "properties": {
                "name": "Obstacle"
            },
            "geometry": {
                "type": "Point",
                "coordinates": [
                    7.108403222,
                    54.037761139
                ]
            }
        },
        {
            "type": "Feature",
            "properties": {
                "name": "Obstacle"
            },
            "geometry": {
                "type": "Point",
                "coordinates": [
                    7.134170389,
                    54.011071667
                ]
            }
        },
        {
            "type": "Feature",
            "properties": {
                "name": "Obstacle"
            },
            "geometry": {
                "type": "Point",
                "coordinates": [
                    7.109036806,
                    54.093520667
                ]
            }
        },
        {
            "type": "Feature",
            "properties": {
                "name": "Obstacle"
            },
            "geometry": {
                "type": "Point",
                "coordinates": [
                    6.262493056,
                    54.062989722
                ]
            }
        },
        {
            "type": "Feature",
            "properties": {
                "name": "Obstacle"
            },
            "geometry": {
                "type": "Point",
                "coordinates": [
                    6.224087222,
                    54.069193611
                ]
            }
        },
        {
            "type": "Feature",
            "properties": {
                "name": "Obstacle"
            },
            "geometry": {
                "type": "Point",
                "coordinates": [
                    6.244860833,
                    54.055733889
                ]
            }
        },
        {
            "type": "Feature",
            "properties": {
                "name": "Obstacle"
            },
            "geometry": {
                "type": "Point",
                "coordinates": [
                    6.273224722,
                    54.031014167
                ]
            }
        },
        {
            "type": "Feature",
            "properties": {
                "name": "Obstacle"
            },
            "geometry": {
                "type": "Point",
                "coordinates": [
                    6.2707125,
                    54.052088611
                ]
            }
        },
        {
            "type": "Feature",
            "properties": {
                "name": "Obstacle"
            },
            "geometry": {
                "type": "Point",
                "coordinates": [
                    6.108297222,
                    54.066177778
                ]
            }
        },
        {
            "type": "Feature",
            "properties": {
                "name": "Obstacle"
            },
            "geometry": {
                "type": "Point",
                "coordinates": [
                    6.094234444,
                    54.0377325
                ]
            }
        },
        {
            "type": "Feature",
            "properties": {
                "name": "Obstacle"
            },
            "geometry": {
                "type": "Point",
                "coordinates": [
                    6.246934167,
                    54.019843889
                ]
            }
        },
        {
            "type": "Feature",
            "properties": {
                "name": "Obstacle"
            },
            "geometry": {
                "type": "Point",
                "coordinates": [
                    6.179697778,
                    54.037068333
                ]
            }
        },
        {
            "type": "Feature",
            "properties": {
                "name": "Obstacle"
            },
            "geometry": {
                "type": "Point",
                "coordinates": [
                    6.205987222,
                    54.029503056
                ]
            }
        },
        {
            "type": "Feature",
            "properties": {
                "name": "Obstacle"
            },
            "geometry": {
                "type": "Point",
                "coordinates": [
                    6.197873889,
                    54.358731667
                ]
            }
        },
        {
            "type": "Feature",
            "properties": {
                "name": "Obstacle"
            },
            "geometry": {
                "type": "Point",
                "coordinates": [
                    6.256220833,
                    54.336283889
                ]
            }
        },
        {
            "type": "Feature",
            "properties": {
                "name": "Obstacle"
            },
            "geometry": {
                "type": "Point",
                "coordinates": [
                    6.161607222,
                    54.339065833
                ]
            }
        },
        {
            "type": "Feature",
            "properties": {
                "name": "Obstacle"
            },
            "geometry": {
                "type": "Point",
                "coordinates": [
                    6.148755556,
                    54.368216944
                ]
            }
        },
        {
            "type": "Feature",
            "properties": {
                "name": "Obstacle"
            },
            "geometry": {
                "type": "Point",
                "coordinates": [
                    6.143192778,
                    54.388665833
                ]
            }
        },
        {
            "type": "Feature",
            "properties": {
                "name": "Obstacle"
            },
            "geometry": {
                "type": "Point",
                "coordinates": [
                    6.171026111,
                    54.399472222
                ]
            }
        },
        {
            "type": "Feature",
            "properties": {
                "name": "Obstacle"
            },
            "geometry": {
                "type": "Point",
                "coordinates": [
                    6.134056389,
                    54.435058056
                ]
            }
        },
        {
            "type": "Feature",
            "properties": {
                "name": "Obstacle"
            },
            "geometry": {
                "type": "Point",
                "coordinates": [
                    6.236618889,
                    54.367240833
                ]
            }
        },
        {
            "type": "Feature",
            "properties": {
                "name": "Obstacle"
            },
            "geometry": {
                "type": "Point",
                "coordinates": [
                    13.154188889,
                    55.006927778
                ]
            }
        },
        {
            "type": "Feature",
            "properties": {
                "name": "Obstacle"
            },
            "geometry": {
                "type": "Point",
                "coordinates": [
                    12.642388889,
                    54.611194444
                ]
            }
        },
        {
            "type": "Feature",
            "properties": {
                "name": "Obstacle"
            },
            "geometry": {
                "type": "Point",
                "coordinates": [
                    12.667138889,
                    54.623583333
                ]
            }
        },
        {
            "type": "Feature",
            "properties": {
                "name": "Obstacle"
            },
            "geometry": {
                "type": "Point",
                "coordinates": [
                    13.096187778,
                    54.950337778
                ]
            }
        },
        {
            "type": "Feature",
            "properties": {
                "name": "Obstacle"
            },
            "geometry": {
                "type": "Point",
                "coordinates": [
                    13.118957778,
                    54.978840833
                ]
            }
        },
        {
            "type": "Feature",
            "properties": {
                "name": "Obstacle"
            },
            "geometry": {
                "type": "Point",
                "coordinates": [
                    13.134465556,
                    54.969391667
                ]
            }
        },
        {
            "type": "Feature",
            "properties": {
                "name": "Obstacle"
            },
            "geometry": {
                "type": "Point",
                "coordinates": [
                    13.1499275,
                    54.960372222
                ]
            }
        },
        {
            "type": "Feature",
            "properties": {
                "name": "Obstacle"
            },
            "geometry": {
                "type": "Point",
                "coordinates": [
                    13.160428333,
                    54.962490556
                ]
            }
        },
        {
            "type": "Feature",
            "properties": {
                "name": "Obstacle"
            },
            "geometry": {
                "type": "Point",
                "coordinates": [
                    13.192650278,
                    54.989456944
                ]
            }
        },
        {
            "type": "Feature",
            "properties": {
                "name": "Obstacle"
            },
            "geometry": {
                "type": "Point",
                "coordinates": [
                    13.206454444,
                    55.008084444
                ]
            }
        },
        {
            "type": "Feature",
            "properties": {
                "name": "Obstacle"
            },
            "geometry": {
                "type": "Point",
                "coordinates": [
                    13.224438611,
                    54.993480556
                ]
            }
        },
        {
            "type": "Feature",
            "properties": {
                "name": "Obstacle"
            },
            "geometry": {
                "type": "Point",
                "coordinates": [
                    13.169377222,
                    54.990886389
                ]
            }
        },
        {
            "type": "Feature",
            "properties": {
                "name": "Obstacle"
            },
            "geometry": {
                "type": "Point",
                "coordinates": [
                    13.180888333,
                    54.990403056
                ]
            }
        },
        {
            "type": "Feature",
            "properties": {
                "name": "Obstacle"
            },
            "geometry": {
                "type": "Point",
                "coordinates": [
                    14.026847222,
                    54.812562778
                ]
            }
        },
        {
            "type": "Feature",
            "properties": {
                "name": "Obstacle"
            },
            "geometry": {
                "type": "Point",
                "coordinates": [
                    14.047120556,
                    54.858549722
                ]
            }
        },
        {
            "type": "Feature",
            "properties": {
                "name": "Obstacle"
            },
            "geometry": {
                "type": "Point",
                "coordinates": [
                    14.039315,
                    54.819618056
                ]
            }
        },
        {
            "type": "Feature",
            "properties": {
                "name": "Obstacle"
            },
            "geometry": {
                "type": "Point",
                "coordinates": [
                    14.078604444,
                    54.865810833
                ]
            }
        },
        {
            "type": "Feature",
            "properties": {
                "name": "Obstacle"
            },
            "geometry": {
                "type": "Point",
                "coordinates": [
                    14.057126944,
                    54.841371944
                ]
            }
        },
        {
            "type": "Feature",
            "properties": {
                "name": "Obstacle"
            },
            "geometry": {
                "type": "Point",
                "coordinates": [
                    14.065595556,
                    54.817217222
                ]
            }
        },
        {
            "type": "Feature",
            "properties": {
                "name": "Obstacle"
            },
            "geometry": {
                "type": "Point",
                "coordinates": [
                    14.08555,
                    54.808121389
                ]
            }
        },
        {
            "type": "Feature",
            "properties": {
                "name": "Obstacle"
            },
            "geometry": {
                "type": "Point",
                "coordinates": [
                    14.107673056,
                    54.854811944
                ]
            }
        },
        {
            "type": "Feature",
            "properties": {
                "name": "Obstacle"
            },
            "geometry": {
                "type": "Point",
                "coordinates": [
                    14.103322222,
                    54.823415278
                ]
            }
        },
        {
            "type": "Feature",
            "properties": {
                "name": "Obstacle"
            },
            "geometry": {
                "type": "Point",
                "coordinates": [
                    14.179783333,
                    54.802141667
                ]
            }
        },
        {
            "type": "Feature",
            "properties": {
                "name": "Obstacle"
            },
            "geometry": {
                "type": "Point",
                "coordinates": [
                    14.149722222,
                    54.793488889
                ]
            }
        },
        {
            "type": "Feature",
            "properties": {
                "name": "Obstacle"
            },
            "geometry": {
                "type": "Point",
                "coordinates": [
                    14.094561111,
                    54.800977778
                ]
            }
        },
        {
            "type": "Feature",
            "properties": {
                "name": "Obstacle"
            },
            "geometry": {
                "type": "Point",
                "coordinates": [
                    14.073711111,
                    54.798022222
                ]
            }
        },
        {
            "type": "Feature",
            "properties": {
                "name": "Obstacle"
            },
            "geometry": {
                "type": "Point",
                "coordinates": [
                    14.060891667,
                    54.794258333
                ]
            }
        },
        {
            "type": "Feature",
            "properties": {
                "name": "Obstacle"
            },
            "geometry": {
                "type": "Point",
                "coordinates": [
                    14.057508333,
                    54.786841667
                ]
            }
        },
        {
            "type": "Feature",
            "properties": {
                "name": "Obstacle"
            },
            "geometry": {
                "type": "Point",
                "coordinates": [
                    14.095602778,
                    54.766783333
                ]
            }
        },
        {
            "type": "Feature",
            "properties": {
                "name": "Obstacle"
            },
            "geometry": {
                "type": "Point",
                "coordinates": [
                    13.801398611,
                    54.813942778
                ]
            }
        },
        {
            "type": "Feature",
            "properties": {
                "name": "Obstacle"
            },
            "geometry": {
                "type": "Point",
                "coordinates": [
                    13.823535556,
                    54.821403333
                ]
            }
        },
        {
            "type": "Feature",
            "properties": {
                "name": "Obstacle"
            },
            "geometry": {
                "type": "Point",
                "coordinates": [
                    13.844835556,
                    54.819040278
                ]
            }
        },
        {
            "type": "Feature",
            "properties": {
                "name": "Obstacle"
            },
            "geometry": {
                "type": "Point",
                "coordinates": [
                    13.866720556,
                    54.814123056
                ]
            }
        },
        {
            "type": "Feature",
            "properties": {
                "name": "Obstacle"
            },
            "geometry": {
                "type": "Point",
                "coordinates": [
                    13.892743333,
                    54.802411111
                ]
            }
        },
        {
            "type": "Feature",
            "properties": {
                "name": "Obstacle"
            },
            "geometry": {
                "type": "Point",
                "coordinates": [
                    13.876645278,
                    54.859605
                ]
            }
        },
        {
            "type": "Feature",
            "properties": {
                "name": "Obstacle"
            },
            "geometry": {
                "type": "Point",
                "coordinates": [
                    13.899607778,
                    54.853736389
                ]
            }
        },
        {
            "type": "Feature",
            "properties": {
                "name": "Obstacle"
            },
            "geometry": {
                "type": "Point",
                "coordinates": [
                    7.771357031,
                    49.459739167
                ]
            }
        },
        {
            "type": "Feature",
            "properties": {
                "name": "Obstacle"
            },
            "geometry": {
                "type": "Point",
                "coordinates": [
                    8.050555556,
                    49.878888889
                ]
            }
        },
        {
            "type": "Feature",
            "properties": {
                "name": "Obstacle"
            },
            "geometry": {
                "type": "Point",
                "coordinates": [
                    7.483577778,
                    50.408523333
                ]
            }
        },
        {
            "type": "Feature",
            "properties": {
                "name": "Obstacle"
            },
            "geometry": {
                "type": "Point",
                "coordinates": [
                    8.353135556,
                    49.422201667
                ]
            }
        },
        {
            "type": "Feature",
            "properties": {
                "name": "Obstacle"
            },
            "geometry": {
                "type": "Point",
                "coordinates": [
                    7.590193421,
                    49.377035893
                ]
            }
        },
        {
            "type": "Feature",
            "properties": {
                "name": "Obstacle"
            },
            "geometry": {
                "type": "Point",
                "coordinates": [
                    6.365437437,
                    49.938570848
                ]
            }
        },
        {
            "type": "Feature",
            "properties": {
                "name": "Obstacle"
            },
            "geometry": {
                "type": "Point",
                "coordinates": [
                    7.719049056,
                    49.717794028
                ]
            }
        },
        {
            "type": "Feature",
            "properties": {
                "name": "Obstacle"
            },
            "geometry": {
                "type": "Point",
                "coordinates": [
                    7.892466861,
                    49.678587139
                ]
            }
        },
        {
            "type": "Feature",
            "properties": {
                "name": "Obstacle"
            },
            "geometry": {
                "type": "Point",
                "coordinates": [
                    7.395023333,
                    49.229484722
                ]
            }
        },
        {
            "type": "Feature",
            "properties": {
                "name": "Obstacle"
            },
            "geometry": {
                "type": "Point",
                "coordinates": [
                    6.907245556,
                    50.2642375
                ]
            }
        },
        {
            "type": "Feature",
            "properties": {
                "name": "Obstacle"
            },
            "geometry": {
                "type": "Point",
                "coordinates": [
                    6.776317671,
                    50.23903437
                ]
            }
        },
        {
            "type": "Feature",
            "properties": {
                "name": "Obstacle"
            },
            "geometry": {
                "type": "Point",
                "coordinates": [
                    6.543341167,
                    49.842095615
                ]
            }
        },
        {
            "type": "Feature",
            "properties": {
                "name": "Obstacle"
            },
            "geometry": {
                "type": "Point",
                "coordinates": [
                    7.119585556,
                    49.837298472
                ]
            }
        },
        {
            "type": "Feature",
            "properties": {
                "name": "Obstacle"
            },
            "geometry": {
                "type": "Point",
                "coordinates": [
                    6.907766835,
                    49.684648036
                ]
            }
        },
        {
            "type": "Feature",
            "properties": {
                "name": "Obstacle"
            },
            "geometry": {
                "type": "Point",
                "coordinates": [
                    6.89688133,
                    49.693310949
                ]
            }
        },
        {
            "type": "Feature",
            "properties": {
                "name": "Obstacle"
            },
            "geometry": {
                "type": "Point",
                "coordinates": [
                    7.491202778,
                    49.336258611
                ]
            }
        },
        {
            "type": "Feature",
            "properties": {
                "name": "Obstacle"
            },
            "geometry": {
                "type": "Point",
                "coordinates": [
                    6.300596306,
                    50.08574925
                ]
            }
        },
        {
            "type": "Feature",
            "properties": {
                "name": "Obstacle"
            },
            "geometry": {
                "type": "Point",
                "coordinates": [
                    7.053876389,
                    50.252625
                ]
            }
        },
        {
            "type": "Feature",
            "properties": {
                "name": "Obstacle"
            },
            "geometry": {
                "type": "Point",
                "coordinates": [
                    7.709050806,
                    49.647772361
                ]
            }
        },
        {
            "type": "Feature",
            "properties": {
                "name": "Obstacle"
            },
            "geometry": {
                "type": "Point",
                "coordinates": [
                    6.526358056,
                    49.997523056
                ]
            }
        },
        {
            "type": "Feature",
            "properties": {
                "name": "Obstacle"
            },
            "geometry": {
                "type": "Point",
                "coordinates": [
                    8.032777778,
                    50.668333333
                ]
            }
        },
        {
            "type": "Feature",
            "properties": {
                "name": "Obstacle"
            },
            "geometry": {
                "type": "Point",
                "coordinates": [
                    8.260152778,
                    49.175311111
                ]
            }
        },
        {
            "type": "Feature",
            "properties": {
                "name": "Obstacle"
            },
            "geometry": {
                "type": "Point",
                "coordinates": [
                    7.270368393,
                    49.566988142
                ]
            }
        },
        {
            "type": "Feature",
            "properties": {
                "name": "Obstacle"
            },
            "geometry": {
                "type": "Point",
                "coordinates": [
                    6.5303275,
                    50.221363611
                ]
            }
        },
        {
            "type": "Feature",
            "properties": {
                "name": "Obstacle"
            },
            "geometry": {
                "type": "Point",
                "coordinates": [
                    6.504752022,
                    50.298679747
                ]
            }
        },
        {
            "type": "Feature",
            "properties": {
                "name": "Obstacle"
            },
            "geometry": {
                "type": "Point",
                "coordinates": [
                    7.589947222,
                    49.530837211
                ]
            }
        },
        {
            "type": "Feature",
            "properties": {
                "name": "Obstacle"
            },
            "geometry": {
                "type": "Point",
                "coordinates": [
                    7.731606972,
                    49.576881611
                ]
            }
        },
        {
            "type": "Feature",
            "properties": {
                "name": "Obstacle"
            },
            "geometry": {
                "type": "Point",
                "coordinates": [
                    8.105643611,
                    50.652788333
                ]
            }
        },
        {
            "type": "Feature",
            "properties": {
                "name": "Obstacle"
            },
            "geometry": {
                "type": "Point",
                "coordinates": [
                    8.108270556,
                    50.649221667
                ]
            }
        },
        {
            "type": "Feature",
            "properties": {
                "name": "Obstacle"
            },
            "geometry": {
                "type": "Point",
                "coordinates": [
                    6.870023333,
                    49.744277222
                ]
            }
        },
        {
            "type": "Feature",
            "properties": {
                "name": "Obstacle"
            },
            "geometry": {
                "type": "Point",
                "coordinates": [
                    6.474242778,
                    50.053175556
                ]
            }
        },
        {
            "type": "Feature",
            "properties": {
                "name": "Obstacle"
            },
            "geometry": {
                "type": "Point",
                "coordinates": [
                    6.862230389,
                    49.75320675
                ]
            }
        },
        {
            "type": "Feature",
            "properties": {
                "name": "Obstacle"
            },
            "geometry": {
                "type": "Point",
                "coordinates": [
                    8.284284387,
                    49.584554104
                ]
            }
        },
        {
            "type": "Feature",
            "properties": {
                "name": "Obstacle"
            },
            "geometry": {
                "type": "Point",
                "coordinates": [
                    7.737166361,
                    49.725845472
                ]
            }
        },
        {
            "type": "Feature",
            "properties": {
                "name": "Obstacle"
            },
            "geometry": {
                "type": "Point",
                "coordinates": [
                    7.614537778,
                    49.305446667
                ]
            }
        },
        {
            "type": "Feature",
            "properties": {
                "name": "Obstacle"
            },
            "geometry": {
                "type": "Point",
                "coordinates": [
                    8.377308111,
                    49.297755611
                ]
            }
        },
        {
            "type": "Feature",
            "properties": {
                "name": "Obstacle"
            },
            "geometry": {
                "type": "Point",
                "coordinates": [
                    6.475236111,
                    49.565038889
                ]
            }
        },
        {
            "type": "Feature",
            "properties": {
                "name": "Obstacle"
            },
            "geometry": {
                "type": "Point",
                "coordinates": [
                    8.202680556,
                    49.822447222
                ]
            }
        },
        {
            "type": "Feature",
            "properties": {
                "name": "Obstacle"
            },
            "geometry": {
                "type": "Point",
                "coordinates": [
                    6.503413889,
                    49.873802778
                ]
            }
        },
        {
            "type": "Feature",
            "properties": {
                "name": "Obstacle"
            },
            "geometry": {
                "type": "Point",
                "coordinates": [
                    6.222830306,
                    50.189159972
                ]
            }
        },
        {
            "type": "Feature",
            "properties": {
                "name": "Obstacle"
            },
            "geometry": {
                "type": "Point",
                "coordinates": [
                    6.374254194,
                    49.946993139
                ]
            }
        },
        {
            "type": "Feature",
            "properties": {
                "name": "Obstacle"
            },
            "geometry": {
                "type": "Point",
                "coordinates": [
                    7.207695806,
                    50.214772889
                ]
            }
        },
        {
            "type": "Feature",
            "properties": {
                "name": "Obstacle"
            },
            "geometry": {
                "type": "Point",
                "coordinates": [
                    7.759228472,
                    50.608501028
                ]
            }
        },
        {
            "type": "Feature",
            "properties": {
                "name": "Obstacle"
            },
            "geometry": {
                "type": "Point",
                "coordinates": [
                    7.7655175,
                    50.6159755
                ]
            }
        },
        {
            "type": "Feature",
            "properties": {
                "name": "Obstacle"
            },
            "geometry": {
                "type": "Point",
                "coordinates": [
                    7.800277778,
                    50.738888889
                ]
            }
        },
        {
            "type": "Feature",
            "properties": {
                "name": "Obstacle"
            },
            "geometry": {
                "type": "Point",
                "coordinates": [
                    7.329346361,
                    50.02530475
                ]
            }
        },
        {
            "type": "Feature",
            "properties": {
                "name": "Obstacle"
            },
            "geometry": {
                "type": "Point",
                "coordinates": [
                    7.630829778,
                    50.058756639
                ]
            }
        },
        {
            "type": "Feature",
            "properties": {
                "name": "Obstacle"
            },
            "geometry": {
                "type": "Point",
                "coordinates": [
                    6.478307639,
                    50.211033917
                ]
            }
        },
        {
            "type": "Feature",
            "properties": {
                "name": "Obstacle"
            },
            "geometry": {
                "type": "Point",
                "coordinates": [
                    7.34303325,
                    50.040674222
                ]
            }
        },
        {
            "type": "Feature",
            "properties": {
                "name": "Obstacle"
            },
            "geometry": {
                "type": "Point",
                "coordinates": [
                    6.537525,
                    50.068343056
                ]
            }
        },
        {
            "type": "Feature",
            "properties": {
                "name": "Obstacle"
            },
            "geometry": {
                "type": "Point",
                "coordinates": [
                    6.545083333,
                    49.8397
                ]
            }
        },
        {
            "type": "Feature",
            "properties": {
                "name": "Obstacle"
            },
            "geometry": {
                "type": "Point",
                "coordinates": [
                    7.368787333,
                    49.9571175
                ]
            }
        },
        {
            "type": "Feature",
            "properties": {
                "name": "Obstacle"
            },
            "geometry": {
                "type": "Point",
                "coordinates": [
                    7.98233225,
                    50.518534611
                ]
            }
        },
        {
            "type": "Feature",
            "properties": {
                "name": "Obstacle"
            },
            "geometry": {
                "type": "Point",
                "coordinates": [
                    6.241752778,
                    50.187205556
                ]
            }
        },
        {
            "type": "Feature",
            "properties": {
                "name": "Obstacle"
            },
            "geometry": {
                "type": "Point",
                "coordinates": [
                    7.276415139,
                    49.549557472
                ]
            }
        },
        {
            "type": "Feature",
            "properties": {
                "name": "Obstacle"
            },
            "geometry": {
                "type": "Point",
                "coordinates": [
                    7.552897861,
                    50.054709639
                ]
            }
        },
        {
            "type": "Feature",
            "properties": {
                "name": "Obstacle"
            },
            "geometry": {
                "type": "Point",
                "coordinates": [
                    6.547329278,
                    49.872355222
                ]
            }
        },
        {
            "type": "Feature",
            "properties": {
                "name": "Obstacle"
            },
            "geometry": {
                "type": "Point",
                "coordinates": [
                    8.210159222,
                    49.174152028
                ]
            }
        },
        {
            "type": "Feature",
            "properties": {
                "name": "Obstacle"
            },
            "geometry": {
                "type": "Point",
                "coordinates": [
                    7.535062722,
                    50.100653917
                ]
            }
        },
        {
            "type": "Feature",
            "properties": {
                "name": "Obstacle"
            },
            "geometry": {
                "type": "Point",
                "coordinates": [
                    6.32443825,
                    50.184038083
                ]
            }
        },
        {
            "type": "Feature",
            "properties": {
                "name": "Obstacle"
            },
            "geometry": {
                "type": "Point",
                "coordinates": [
                    6.337164333,
                    50.193507611
                ]
            }
        },
        {
            "type": "Feature",
            "properties": {
                "name": "Obstacle"
            },
            "geometry": {
                "type": "Point",
                "coordinates": [
                    7.476979917,
                    50.041949972
                ]
            }
        },
        {
            "type": "Feature",
            "properties": {
                "name": "Obstacle"
            },
            "geometry": {
                "type": "Point",
                "coordinates": [
                    7.469641667,
                    49.170808333
                ]
            }
        },
        {
            "type": "Feature",
            "properties": {
                "name": "Obstacle"
            },
            "geometry": {
                "type": "Point",
                "coordinates": [
                    6.554111111,
                    49.871055556
                ]
            }
        },
        {
            "type": "Feature",
            "properties": {
                "name": "Obstacle"
            },
            "geometry": {
                "type": "Point",
                "coordinates": [
                    8.277501278,
                    49.655760167
                ]
            }
        },
        {
            "type": "Feature",
            "properties": {
                "name": "Obstacle"
            },
            "geometry": {
                "type": "Point",
                "coordinates": [
                    8.138268111,
                    49.830070222
                ]
            }
        },
        {
            "type": "Feature",
            "properties": {
                "name": "Obstacle"
            },
            "geometry": {
                "type": "Point",
                "coordinates": [
                    7.422714139,
                    49.560132694
                ]
            }
        },
        {
            "type": "Feature",
            "properties": {
                "name": "Obstacle"
            },
            "geometry": {
                "type": "Point",
                "coordinates": [
                    7.185103333,
                    50.214493222
                ]
            }
        },
        {
            "type": "Feature",
            "properties": {
                "name": "Obstacle"
            },
            "geometry": {
                "type": "Point",
                "coordinates": [
                    6.766959806,
                    49.752951083
                ]
            }
        },
        {
            "type": "Feature",
            "properties": {
                "name": "Obstacle"
            },
            "geometry": {
                "type": "Point",
                "coordinates": [
                    7.334083639,
                    50.050199861
                ]
            }
        },
        {
            "type": "Feature",
            "properties": {
                "name": "Obstacle"
            },
            "geometry": {
                "type": "Point",
                "coordinates": [
                    6.50904625,
                    50.130961889
                ]
            }
        },
        {
            "type": "Feature",
            "properties": {
                "name": "Obstacle"
            },
            "geometry": {
                "type": "Point",
                "coordinates": [
                    6.532778306,
                    49.849931333
                ]
            }
        },
        {
            "type": "Feature",
            "properties": {
                "name": "Obstacle"
            },
            "geometry": {
                "type": "Point",
                "coordinates": [
                    7.199769444,
                    50.251163889
                ]
            }
        },
        {
            "type": "Feature",
            "properties": {
                "name": "Obstacle"
            },
            "geometry": {
                "type": "Point",
                "coordinates": [
                    7.78637625,
                    49.975667667
                ]
            }
        },
        {
            "type": "Feature",
            "properties": {
                "name": "Obstacle"
            },
            "geometry": {
                "type": "Point",
                "coordinates": [
                    7.203519778,
                    49.590710583
                ]
            }
        },
        {
            "type": "Feature",
            "properties": {
                "name": "Obstacle"
            },
            "geometry": {
                "type": "Point",
                "coordinates": [
                    8.272226194,
                    49.586284889
                ]
            }
        },
        {
            "type": "Feature",
            "properties": {
                "name": "Obstacle"
            },
            "geometry": {
                "type": "Point",
                "coordinates": [
                    7.36553,
                    49.493163056
                ]
            }
        },
        {
            "type": "Feature",
            "properties": {
                "name": "Obstacle"
            },
            "geometry": {
                "type": "Point",
                "coordinates": [
                    6.314203861,
                    49.927436111
                ]
            }
        },
        {
            "type": "Feature",
            "properties": {
                "name": "Obstacle"
            },
            "geometry": {
                "type": "Point",
                "coordinates": [
                    6.303291556,
                    49.915157111
                ]
            }
        },
        {
            "type": "Feature",
            "properties": {
                "name": "Obstacle"
            },
            "geometry": {
                "type": "Point",
                "coordinates": [
                    7.587485056,
                    50.090001944
                ]
            }
        },
        {
            "type": "Feature",
            "properties": {
                "name": "Obstacle"
            },
            "geometry": {
                "type": "Point",
                "coordinates": [
                    7.617809389,
                    50.100715194
                ]
            }
        },
        {
            "type": "Feature",
            "properties": {
                "name": "Obstacle"
            },
            "geometry": {
                "type": "Point",
                "coordinates": [
                    8.147770917,
                    49.832684833
                ]
            }
        },
        {
            "type": "Feature",
            "properties": {
                "name": "Obstacle"
            },
            "geometry": {
                "type": "Point",
                "coordinates": [
                    7.495096583,
                    50.028431556
                ]
            }
        },
        {
            "type": "Feature",
            "properties": {
                "name": "Obstacle"
            },
            "geometry": {
                "type": "Point",
                "coordinates": [
                    7.376309667,
                    50.009265694
                ]
            }
        },
        {
            "type": "Feature",
            "properties": {
                "name": "Obstacle"
            },
            "geometry": {
                "type": "Point",
                "coordinates": [
                    7.396126056,
                    50.000316611
                ]
            }
        },
        {
            "type": "Feature",
            "properties": {
                "name": "Obstacle"
            },
            "geometry": {
                "type": "Point",
                "coordinates": [
                    7.385007389,
                    49.997833611
                ]
            }
        },
        {
            "type": "Feature",
            "properties": {
                "name": "Obstacle"
            },
            "geometry": {
                "type": "Point",
                "coordinates": [
                    8.159550028,
                    49.811471389
                ]
            }
        },
        {
            "type": "Feature",
            "properties": {
                "name": "Obstacle"
            },
            "geometry": {
                "type": "Point",
                "coordinates": [
                    8.155705417,
                    49.856784417
                ]
            }
        },
        {
            "type": "Feature",
            "properties": {
                "name": "Obstacle"
            },
            "geometry": {
                "type": "Point",
                "coordinates": [
                    7.447362417,
                    49.981841361
                ]
            }
        },
        {
            "type": "Feature",
            "properties": {
                "name": "Obstacle"
            },
            "geometry": {
                "type": "Point",
                "coordinates": [
                    7.517938389,
                    50.010464861
                ]
            }
        },
        {
            "type": "Feature",
            "properties": {
                "name": "Obstacle"
            },
            "geometry": {
                "type": "Point",
                "coordinates": [
                    7.508,
                    50.033008333
                ]
            }
        },
        {
            "type": "Feature",
            "properties": {
                "name": "Obstacle"
            },
            "geometry": {
                "type": "Point",
                "coordinates": [
                    7.250030417,
                    50.301289333
                ]
            }
        },
        {
            "type": "Feature",
            "properties": {
                "name": "Obstacle"
            },
            "geometry": {
                "type": "Point",
                "coordinates": [
                    8.067193472,
                    49.767554694
                ]
            }
        },
        {
            "type": "Feature",
            "properties": {
                "name": "Obstacle"
            },
            "geometry": {
                "type": "Point",
                "coordinates": [
                    7.269058333,
                    49.563786111
                ]
            }
        },
        {
            "type": "Feature",
            "properties": {
                "name": "Obstacle"
            },
            "geometry": {
                "type": "Point",
                "coordinates": [
                    8.271764778,
                    49.649227444
                ]
            }
        },
        {
            "type": "Feature",
            "properties": {
                "name": "Obstacle"
            },
            "geometry": {
                "type": "Point",
                "coordinates": [
                    7.883888889,
                    49.511388889
                ]
            }
        },
        {
            "type": "Feature",
            "properties": {
                "name": "Obstacle"
            },
            "geometry": {
                "type": "Point",
                "coordinates": [
                    8.275019444,
                    49.748016667
                ]
            }
        },
        {
            "type": "Feature",
            "properties": {
                "name": "Obstacle"
            },
            "geometry": {
                "type": "Point",
                "coordinates": [
                    7.147288889,
                    50.2127
                ]
            }
        },
        {
            "type": "Feature",
            "properties": {
                "name": "Obstacle"
            },
            "geometry": {
                "type": "Point",
                "coordinates": [
                    7.574758278,
                    50.071478222
                ]
            }
        },
        {
            "type": "Feature",
            "properties": {
                "name": "Obstacle"
            },
            "geometry": {
                "type": "Point",
                "coordinates": [
                    7.665551583,
                    49.971949694
                ]
            }
        },
        {
            "type": "Feature",
            "properties": {
                "name": "Obstacle"
            },
            "geometry": {
                "type": "Point",
                "coordinates": [
                    7.677978389,
                    49.974276722
                ]
            }
        },
        {
            "type": "Feature",
            "properties": {
                "name": "Obstacle"
            },
            "geometry": {
                "type": "Point",
                "coordinates": [
                    8.102835139,
                    49.683400056
                ]
            }
        },
        {
            "type": "Feature",
            "properties": {
                "name": "Obstacle"
            },
            "geometry": {
                "type": "Point",
                "coordinates": [
                    7.385921833,
                    50.014590694
                ]
            }
        },
        {
            "type": "Feature",
            "properties": {
                "name": "Obstacle"
            },
            "geometry": {
                "type": "Point",
                "coordinates": [
                    7.586913889,
                    50.027733333
                ]
            }
        },
        {
            "type": "Feature",
            "properties": {
                "name": "Obstacle"
            },
            "geometry": {
                "type": "Point",
                "coordinates": [
                    8.121490611,
                    49.690242306
                ]
            }
        },
        {
            "type": "Feature",
            "properties": {
                "name": "Obstacle"
            },
            "geometry": {
                "type": "Point",
                "coordinates": [
                    6.702808167,
                    49.712050389
                ]
            }
        },
        {
            "type": "Feature",
            "properties": {
                "name": "Obstacle"
            },
            "geometry": {
                "type": "Point",
                "coordinates": [
                    7.214771444,
                    49.694360083
                ]
            }
        },
        {
            "type": "Feature",
            "properties": {
                "name": "Obstacle"
            },
            "geometry": {
                "type": "Point",
                "coordinates": [
                    8.202822222,
                    49.746375
                ]
            }
        },
        {
            "type": "Feature",
            "properties": {
                "name": "Obstacle"
            },
            "geometry": {
                "type": "Point",
                "coordinates": [
                    8.296133333,
                    49.750936111
                ]
            }
        },
        {
            "type": "Feature",
            "properties": {
                "name": "Obstacle"
            },
            "geometry": {
                "type": "Point",
                "coordinates": [
                    8.307550833,
                    49.774571667
                ]
            }
        },
        {
            "type": "Feature",
            "properties": {
                "name": "Obstacle"
            },
            "geometry": {
                "type": "Point",
                "coordinates": [
                    6.66245,
                    49.648944444
                ]
            }
        },
        {
            "type": "Feature",
            "properties": {
                "name": "Obstacle"
            },
            "geometry": {
                "type": "Point",
                "coordinates": [
                    7.467709222,
                    50.003020056
                ]
            }
        },
        {
            "type": "Feature",
            "properties": {
                "name": "Obstacle"
            },
            "geometry": {
                "type": "Point",
                "coordinates": [
                    7.444321111,
                    49.354401667
                ]
            }
        },
        {
            "type": "Feature",
            "properties": {
                "name": "Obstacle"
            },
            "geometry": {
                "type": "Point",
                "coordinates": [
                    7.8665325,
                    49.77016
                ]
            }
        },
        {
            "type": "Feature",
            "properties": {
                "name": "Obstacle"
            },
            "geometry": {
                "type": "Point",
                "coordinates": [
                    7.346788306,
                    50.037672694
                ]
            }
        },
        {
            "type": "Feature",
            "properties": {
                "name": "Obstacle"
            },
            "geometry": {
                "type": "Point",
                "coordinates": [
                    8.166972222,
                    49.628388889
                ]
            }
        },
        {
            "type": "Feature",
            "properties": {
                "name": "Obstacle"
            },
            "geometry": {
                "type": "Point",
                "coordinates": [
                    7.602855556,
                    50.010361111
                ]
            }
        },
        {
            "type": "Feature",
            "properties": {
                "name": "Obstacle"
            },
            "geometry": {
                "type": "Point",
                "coordinates": [
                    8.113874528,
                    49.682387694
                ]
            }
        },
        {
            "type": "Feature",
            "properties": {
                "name": "Obstacle"
            },
            "geometry": {
                "type": "Point",
                "coordinates": [
                    8.053542111,
                    49.652515417
                ]
            }
        },
        {
            "type": "Feature",
            "properties": {
                "name": "Obstacle"
            },
            "geometry": {
                "type": "Point",
                "coordinates": [
                    7.834728389,
                    49.709957889
                ]
            }
        },
        {
            "type": "Feature",
            "properties": {
                "name": "Obstacle"
            },
            "geometry": {
                "type": "Point",
                "coordinates": [
                    7.630277778,
                    49.343333333
                ]
            }
        },
        {
            "type": "Feature",
            "properties": {
                "name": "Obstacle"
            },
            "geometry": {
                "type": "Point",
                "coordinates": [
                    8.019590472,
                    49.746003028
                ]
            }
        },
        {
            "type": "Feature",
            "properties": {
                "name": "Obstacle"
            },
            "geometry": {
                "type": "Point",
                "coordinates": [
                    7.736065444,
                    49.999054528
                ]
            }
        },
        {
            "type": "Feature",
            "properties": {
                "name": "Obstacle"
            },
            "geometry": {
                "type": "Point",
                "coordinates": [
                    8.193638889,
                    49.680738889
                ]
            }
        },
        {
            "type": "Feature",
            "properties": {
                "name": "Obstacle"
            },
            "geometry": {
                "type": "Point",
                "coordinates": [
                    7.455673194,
                    49.983706361
                ]
            }
        },
        {
            "type": "Feature",
            "properties": {
                "name": "Obstacle"
            },
            "geometry": {
                "type": "Point",
                "coordinates": [
                    7.217833333,
                    49.597280556
                ]
            }
        },
        {
            "type": "Feature",
            "properties": {
                "name": "Obstacle"
            },
            "geometry": {
                "type": "Point",
                "coordinates": [
                    7.146591667,
                    49.62625
                ]
            }
        },
        {
            "type": "Feature",
            "properties": {
                "name": "Obstacle"
            },
            "geometry": {
                "type": "Point",
                "coordinates": [
                    7.0,
                    49.968333333
                ]
            }
        },
        {
            "type": "Feature",
            "properties": {
                "name": "Obstacle"
            },
            "geometry": {
                "type": "Point",
                "coordinates": [
                    7.912731528,
                    49.744968417
                ]
            }
        },
        {
            "type": "Feature",
            "properties": {
                "name": "Obstacle"
            },
            "geometry": {
                "type": "Point",
                "coordinates": [
                    8.14656825,
                    49.632937278
                ]
            }
        },
        {
            "type": "Feature",
            "properties": {
                "name": "Obstacle"
            },
            "geometry": {
                "type": "Point",
                "coordinates": [
                    7.466986944,
                    50.078614722
                ]
            }
        },
        {
            "type": "Feature",
            "properties": {
                "name": "Obstacle"
            },
            "geometry": {
                "type": "Point",
                "coordinates": [
                    7.594810222,
                    49.532691889
                ]
            }
        },
        {
            "type": "Feature",
            "properties": {
                "name": "Obstacle"
            },
            "geometry": {
                "type": "Point",
                "coordinates": [
                    6.520172222,
                    49.881123611
                ]
            }
        },
        {
            "type": "Feature",
            "properties": {
                "name": "Obstacle"
            },
            "geometry": {
                "type": "Point",
                "coordinates": [
                    7.723305778,
                    49.995065194
                ]
            }
        },
        {
            "type": "Feature",
            "properties": {
                "name": "Obstacle"
            },
            "geometry": {
                "type": "Point",
                "coordinates": [
                    7.319673833,
                    50.110413111
                ]
            }
        },
        {
            "type": "Feature",
            "properties": {
                "name": "Obstacle"
            },
            "geometry": {
                "type": "Point",
                "coordinates": [
                    7.142208333,
                    50.324752778
                ]
            }
        },
        {
            "type": "Feature",
            "properties": {
                "name": "Obstacle"
            },
            "geometry": {
                "type": "Point",
                "coordinates": [
                    7.584333333,
                    49.992858333
                ]
            }
        },
        {
            "type": "Feature",
            "properties": {
                "name": "Obstacle"
            },
            "geometry": {
                "type": "Point",
                "coordinates": [
                    7.570777778,
                    50.191361111
                ]
            }
        },
        {
            "type": "Feature",
            "properties": {
                "name": "Obstacle"
            },
            "geometry": {
                "type": "Point",
                "coordinates": [
                    7.416690222,
                    49.703916417
                ]
            }
        },
        {
            "type": "Feature",
            "properties": {
                "name": "Obstacle"
            },
            "geometry": {
                "type": "Point",
                "coordinates": [
                    7.721635583,
                    49.704348278
                ]
            }
        },
        {
            "type": "Feature",
            "properties": {
                "name": "Obstacle"
            },
            "geometry": {
                "type": "Point",
                "coordinates": [
                    7.046717417,
                    49.842216222
                ]
            }
        },
        {
            "type": "Feature",
            "properties": {
                "name": "Obstacle"
            },
            "geometry": {
                "type": "Point",
                "coordinates": [
                    7.577212611,
                    50.006713333
                ]
            }
        },
        {
            "type": "Feature",
            "properties": {
                "name": "Obstacle"
            },
            "geometry": {
                "type": "Point",
                "coordinates": [
                    8.170977778,
                    49.730275
                ]
            }
        },
        {
            "type": "Feature",
            "properties": {
                "name": "Obstacle"
            },
            "geometry": {
                "type": "Point",
                "coordinates": [
                    7.360860417,
                    50.094541972
                ]
            }
        },
        {
            "type": "Feature",
            "properties": {
                "name": "Obstacle"
            },
            "geometry": {
                "type": "Point",
                "coordinates": [
                    7.534933333,
                    50.115172222
                ]
            }
        },
        {
            "type": "Feature",
            "properties": {
                "name": "Obstacle"
            },
            "geometry": {
                "type": "Point",
                "coordinates": [
                    8.204276,
                    49.825566667
                ]
            }
        },
        {
            "type": "Feature",
            "properties": {
                "name": "Obstacle"
            },
            "geometry": {
                "type": "Point",
                "coordinates": [
                    7.6422,
                    49.597491667
                ]
            }
        },
        {
            "type": "Feature",
            "properties": {
                "name": "Obstacle"
            },
            "geometry": {
                "type": "Point",
                "coordinates": [
                    7.445345,
                    50.022147
                ]
            }
        },
        {
            "type": "Feature",
            "properties": {
                "name": "Obstacle"
            },
            "geometry": {
                "type": "Point",
                "coordinates": [
                    6.428967472,
                    50.339824889
                ]
            }
        },
        {
            "type": "Feature",
            "properties": {
                "name": "Obstacle"
            },
            "geometry": {
                "type": "Point",
                "coordinates": [
                    6.475585806,
                    50.316820833
                ]
            }
        },
        {
            "type": "Feature",
            "properties": {
                "name": "Obstacle"
            },
            "geometry": {
                "type": "Point",
                "coordinates": [
                    6.98575,
                    49.828230556
                ]
            }
        },
        {
            "type": "Feature",
            "properties": {
                "name": "Obstacle"
            },
            "geometry": {
                "type": "Point",
                "coordinates": [
                    7.422137139,
                    49.981816444
                ]
            }
        },
        {
            "type": "Feature",
            "properties": {
                "name": "Obstacle"
            },
            "geometry": {
                "type": "Point",
                "coordinates": [
                    7.640189444,
                    49.309450278
                ]
            }
        },
        {
            "type": "Feature",
            "properties": {
                "name": "Obstacle"
            },
            "geometry": {
                "type": "Point",
                "coordinates": [
                    7.202057056,
                    49.644723639
                ]
            }
        },
        {
            "type": "Feature",
            "properties": {
                "name": "Obstacle"
            },
            "geometry": {
                "type": "Point",
                "coordinates": [
                    6.505990222,
                    50.32506925
                ]
            }
        },
        {
            "type": "Feature",
            "properties": {
                "name": "Obstacle"
            },
            "geometry": {
                "type": "Point",
                "coordinates": [
                    8.239782056,
                    49.166003028
                ]
            }
        },
        {
            "type": "Feature",
            "properties": {
                "name": "Obstacle"
            },
            "geometry": {
                "type": "Point",
                "coordinates": [
                    8.238280556,
                    49.124533333
                ]
            }
        },
        {
            "type": "Feature",
            "properties": {
                "name": "Obstacle"
            },
            "geometry": {
                "type": "Point",
                "coordinates": [
                    7.377963889,
                    49.955725
                ]
            }
        },
        {
            "type": "Feature",
            "properties": {
                "name": "Obstacle"
            },
            "geometry": {
                "type": "Point",
                "coordinates": [
                    7.862179167,
                    49.762742194
                ]
            }
        },
        {
            "type": "Feature",
            "properties": {
                "name": "Obstacle"
            },
            "geometry": {
                "type": "Point",
                "coordinates": [
                    6.308431417,
                    50.114205167
                ]
            }
        },
        {
            "type": "Feature",
            "properties": {
                "name": "Obstacle"
            },
            "geometry": {
                "type": "Point",
                "coordinates": [
                    7.518547222,
                    49.379333333
                ]
            }
        },
        {
            "type": "Feature",
            "properties": {
                "name": "Obstacle"
            },
            "geometry": {
                "type": "Point",
                "coordinates": [
                    7.889472222,
                    50.5365
                ]
            }
        },
        {
            "type": "Feature",
            "properties": {
                "name": "Obstacle"
            },
            "geometry": {
                "type": "Point",
                "coordinates": [
                    6.196455556,
                    50.168119444
                ]
            }
        },
        {
            "type": "Feature",
            "properties": {
                "name": "Obstacle"
            },
            "geometry": {
                "type": "Point",
                "coordinates": [
                    8.059458333,
                    49.620383333
                ]
            }
        },
        {
            "type": "Feature",
            "properties": {
                "name": "Obstacle"
            },
            "geometry": {
                "type": "Point",
                "coordinates": [
                    8.104827778,
                    49.078361111
                ]
            }
        },
        {
            "type": "Feature",
            "properties": {
                "name": "Obstacle"
            },
            "geometry": {
                "type": "Point",
                "coordinates": [
                    8.008845528,
                    50.625570306
                ]
            }
        },
        {
            "type": "Feature",
            "properties": {
                "name": "Obstacle"
            },
            "geometry": {
                "type": "Point",
                "coordinates": [
                    7.601205556,
                    49.355858333
                ]
            }
        },
        {
            "type": "Feature",
            "properties": {
                "name": "Obstacle"
            },
            "geometry": {
                "type": "Point",
                "coordinates": [
                    6.325225,
                    50.118336111
                ]
            }
        },
        {
            "type": "Feature",
            "properties": {
                "name": "Obstacle"
            },
            "geometry": {
                "type": "Point",
                "coordinates": [
                    7.017451111,
                    49.833779
                ]
            }
        },
        {
            "type": "Feature",
            "properties": {
                "name": "Obstacle"
            },
            "geometry": {
                "type": "Point",
                "coordinates": [
                    8.351421111,
                    49.275869639
                ]
            }
        },
        {
            "type": "Feature",
            "properties": {
                "name": "Obstacle"
            },
            "geometry": {
                "type": "Point",
                "coordinates": [
                    7.905803639,
                    49.672180417
                ]
            }
        },
        {
            "type": "Feature",
            "properties": {
                "name": "Obstacle"
            },
            "geometry": {
                "type": "Point",
                "coordinates": [
                    6.971900806,
                    49.841212333
                ]
            }
        },
        {
            "type": "Feature",
            "properties": {
                "name": "Obstacle"
            },
            "geometry": {
                "type": "Point",
                "coordinates": [
                    7.015018694,
                    49.846312667
                ]
            }
        },
        {
            "type": "Feature",
            "properties": {
                "name": "Obstacle"
            },
            "geometry": {
                "type": "Point",
                "coordinates": [
                    7.490863889,
                    49.566833333
                ]
            }
        },
        {
            "type": "Feature",
            "properties": {
                "name": "Obstacle"
            },
            "geometry": {
                "type": "Point",
                "coordinates": [
                    7.243891667,
                    49.699719444
                ]
            }
        },
        {
            "type": "Feature",
            "properties": {
                "name": "Obstacle"
            },
            "geometry": {
                "type": "Point",
                "coordinates": [
                    8.023477972,
                    49.820592167
                ]
            }
        },
        {
            "type": "Feature",
            "properties": {
                "name": "Obstacle"
            },
            "geometry": {
                "type": "Point",
                "coordinates": [
                    7.930935,
                    49.728893
                ]
            }
        },
        {
            "type": "Feature",
            "properties": {
                "name": "Obstacle"
            },
            "geometry": {
                "type": "Point",
                "coordinates": [
                    7.647888889,
                    49.585505556
                ]
            }
        },
        {
            "type": "Feature",
            "properties": {
                "name": "Obstacle"
            },
            "geometry": {
                "type": "Point",
                "coordinates": [
                    7.172694444,
                    50.317558333
                ]
            }
        },
        {
            "type": "Feature",
            "properties": {
                "name": "Obstacle"
            },
            "geometry": {
                "type": "Point",
                "coordinates": [
                    8.06292,
                    49.70992
                ]
            }
        },
        {
            "type": "Feature",
            "properties": {
                "name": "Obstacle"
            },
            "geometry": {
                "type": "Point",
                "coordinates": [
                    7.599480833,
                    50.175208333
                ]
            }
        },
        {
            "type": "Feature",
            "properties": {
                "name": "Obstacle"
            },
            "geometry": {
                "type": "Point",
                "coordinates": [
                    7.327222222,
                    49.505833333
                ]
            }
        },
        {
            "type": "Feature",
            "properties": {
                "name": "Obstacle"
            },
            "geometry": {
                "type": "Point",
                "coordinates": [
                    7.607844444,
                    49.847683333
                ]
            }
        },
        {
            "type": "Feature",
            "properties": {
                "name": "Obstacle"
            },
            "geometry": {
                "type": "Point",
                "coordinates": [
                    7.215005,
                    50.216606
                ]
            }
        },
        {
            "type": "Feature",
            "properties": {
                "name": "Obstacle"
            },
            "geometry": {
                "type": "Point",
                "coordinates": [
                    8.018888889,
                    49.813361111
                ]
            }
        },
        {
            "type": "Feature",
            "properties": {
                "name": "Obstacle"
            },
            "geometry": {
                "type": "Point",
                "coordinates": [
                    8.010325,
                    49.824013889
                ]
            }
        },
        {
            "type": "Feature",
            "properties": {
                "name": "Obstacle"
            },
            "geometry": {
                "type": "Point",
                "coordinates": [
                    6.675972222,
                    49.655638889
                ]
            }
        },
        {
            "type": "Feature",
            "properties": {
                "name": "Obstacle"
            },
            "geometry": {
                "type": "Point",
                "coordinates": [
                    7.092662194,
                    50.310615556
                ]
            }
        },
        {
            "type": "Feature",
            "properties": {
                "name": "Obstacle"
            },
            "geometry": {
                "type": "Point",
                "coordinates": [
                    7.947588333,
                    50.712721667
                ]
            }
        },
        {
            "type": "Feature",
            "properties": {
                "name": "Obstacle"
            },
            "geometry": {
                "type": "Point",
                "coordinates": [
                    7.052055556,
                    50.092738889
                ]
            }
        },
        {
            "type": "Feature",
            "properties": {
                "name": "Obstacle"
            },
            "geometry": {
                "type": "Point",
                "coordinates": [
                    7.583158333,
                    49.302411111
                ]
            }
        },
        {
            "type": "Feature",
            "properties": {
                "name": "Obstacle"
            },
            "geometry": {
                "type": "Point",
                "coordinates": [
                    7.769201,
                    50.604113
                ]
            }
        },
        {
            "type": "Feature",
            "properties": {
                "name": "Obstacle"
            },
            "geometry": {
                "type": "Point",
                "coordinates": [
                    6.701416667,
                    49.586222222
                ]
            }
        },
        {
            "type": "Feature",
            "properties": {
                "name": "Obstacle"
            },
            "geometry": {
                "type": "Point",
                "coordinates": [
                    6.388436111,
                    50.283877778
                ]
            }
        },
        {
            "type": "Feature",
            "properties": {
                "name": "Obstacle"
            },
            "geometry": {
                "type": "Point",
                "coordinates": [
                    7.652619444,
                    49.556838889
                ]
            }
        },
        {
            "type": "Feature",
            "properties": {
                "name": "Obstacle"
            },
            "geometry": {
                "type": "Point",
                "coordinates": [
                    6.921436833,
                    49.291344806
                ]
            }
        },
        {
            "type": "Feature",
            "properties": {
                "name": "Obstacle"
            },
            "geometry": {
                "type": "Point",
                "coordinates": [
                    7.294166667,
                    49.265
                ]
            }
        },
        {
            "type": "Feature",
            "properties": {
                "name": "Obstacle"
            },
            "geometry": {
                "type": "Point",
                "coordinates": [
                    6.49185,
                    49.46455
                ]
            }
        },
        {
            "type": "Feature",
            "properties": {
                "name": "Obstacle"
            },
            "geometry": {
                "type": "Point",
                "coordinates": [
                    6.764505545,
                    49.475607641
                ]
            }
        },
        {
            "type": "Feature",
            "properties": {
                "name": "Obstacle"
            },
            "geometry": {
                "type": "Point",
                "coordinates": [
                    7.233583333,
                    49.477592167
                ]
            }
        },
        {
            "type": "Feature",
            "properties": {
                "name": "Obstacle"
            },
            "geometry": {
                "type": "Point",
                "coordinates": [
                    7.270752778,
                    49.560013889
                ]
            }
        },
        {
            "type": "Feature",
            "properties": {
                "name": "Obstacle"
            },
            "geometry": {
                "type": "Point",
                "coordinates": [
                    7.161231944,
                    49.542706111
                ]
            }
        },
        {
            "type": "Feature",
            "properties": {
                "name": "Obstacle"
            },
            "geometry": {
                "type": "Point",
                "coordinates": [
                    6.710229667,
                    49.434089889
                ]
            }
        },
        {
            "type": "Feature",
            "properties": {
                "name": "Obstacle"
            },
            "geometry": {
                "type": "Point",
                "coordinates": [
                    7.244134111,
                    49.508827056
                ]
            }
        },
        {
            "type": "Feature",
            "properties": {
                "name": "Obstacle"
            },
            "geometry": {
                "type": "Point",
                "coordinates": [
                    7.223883333,
                    49.479669444
                ]
            }
        },
        {
            "type": "Feature",
            "properties": {
                "name": "Obstacle"
            },
            "geometry": {
                "type": "Point",
                "coordinates": [
                    7.085994083,
                    49.530875528
                ]
            }
        },
        {
            "type": "Feature",
            "properties": {
                "name": "Obstacle"
            },
            "geometry": {
                "type": "Point",
                "coordinates": [
                    6.423083333,
                    49.491969444
                ]
            }
        },
        {
            "type": "Feature",
            "properties": {
                "name": "Obstacle"
            },
            "geometry": {
                "type": "Point",
                "coordinates": [
                    7.138840194,
                    49.390174222
                ]
            }
        },
        {
            "type": "Feature",
            "properties": {
                "name": "Obstacle"
            },
            "geometry": {
                "type": "Point",
                "coordinates": [
                    6.812433333,
                    49.590808333
                ]
            }
        },
        {
            "type": "Feature",
            "properties": {
                "name": "Obstacle"
            },
            "geometry": {
                "type": "Point",
                "coordinates": [
                    7.229541667,
                    49.400516667
                ]
            }
        },
        {
            "type": "Feature",
            "properties": {
                "name": "Obstacle"
            },
            "geometry": {
                "type": "Point",
                "coordinates": [
                    7.045030556,
                    49.624263889
                ]
            }
        },
        {
            "type": "Feature",
            "properties": {
                "name": "Obstacle"
            },
            "geometry": {
                "type": "Point",
                "coordinates": [
                    7.041897611,
                    49.589466694
                ]
            }
        },
        {
            "type": "Feature",
            "properties": {
                "name": "Obstacle"
            },
            "geometry": {
                "type": "Point",
                "coordinates": [
                    6.947541778,
                    49.6346585
                ]
            }
        },
        {
            "type": "Feature",
            "properties": {
                "name": "Obstacle"
            },
            "geometry": {
                "type": "Point",
                "coordinates": [
                    7.290021528,
                    49.253239278
                ]
            }
        },
        {
            "type": "Feature",
            "properties": {
                "name": "Obstacle"
            },
            "geometry": {
                "type": "Point",
                "coordinates": [
                    7.0718575,
                    49.492349722
                ]
            }
        },
        {
            "type": "Feature",
            "properties": {
                "name": "Obstacle"
            },
            "geometry": {
                "type": "Point",
                "coordinates": [
                    6.889094167,
                    49.612163611
                ]
            }
        },
        {
            "type": "Feature",
            "properties": {
                "name": "Obstacle"
            },
            "geometry": {
                "type": "Point",
                "coordinates": [
                    6.436419444,
                    49.520469444
                ]
            }
        },
        {
            "type": "Feature",
            "properties": {
                "name": "Obstacle"
            },
            "geometry": {
                "type": "Point",
                "coordinates": [
                    6.874244444,
                    49.314280556
                ]
            }
        },
        {
            "type": "Feature",
            "properties": {
                "name": "Obstacle"
            },
            "geometry": {
                "type": "Point",
                "coordinates": [
                    7.080641667,
                    49.347938611
                ]
            }
        },
        {
            "type": "Feature",
            "properties": {
                "name": "Obstacle"
            },
            "geometry": {
                "type": "Point",
                "coordinates": [
                    6.893975,
                    49.609366667
                ]
            }
        },
        {
            "type": "Feature",
            "properties": {
                "name": "Obstacle"
            },
            "geometry": {
                "type": "Point",
                "coordinates": [
                    6.948605556,
                    49.287113889
                ]
            }
        },
        {
            "type": "Feature",
            "properties": {
                "name": "Obstacle"
            },
            "geometry": {
                "type": "Point",
                "coordinates": [
                    6.692919444,
                    49.453777778
                ]
            }
        },
        {
            "type": "Feature",
            "properties": {
                "name": "Obstacle"
            },
            "geometry": {
                "type": "Point",
                "coordinates": [
                    7.196444444,
                    49.436311389
                ]
            }
        },
        {
            "type": "Feature",
            "properties": {
                "name": "Obstacle"
            },
            "geometry": {
                "type": "Point",
                "coordinates": [
                    14.577178861,
                    51.419123694
                ]
            }
        },
        {
            "type": "Feature",
            "properties": {
                "name": "Obstacle"
            },
            "geometry": {
                "type": "Point",
                "coordinates": [
                    13.354308213,
                    50.960982761
                ]
            }
        },
        {
            "type": "Feature",
            "properties": {
                "name": "Obstacle"
            },
            "geometry": {
                "type": "Point",
                "coordinates": [
                    12.372685278,
                    51.182033056
                ]
            }
        },
        {
            "type": "Feature",
            "properties": {
                "name": "Obstacle"
            },
            "geometry": {
                "type": "Point",
                "coordinates": [
                    12.917646044,
                    50.798752192
                ]
            }
        },
        {
            "type": "Feature",
            "properties": {
                "name": "Obstacle"
            },
            "geometry": {
                "type": "Point",
                "coordinates": [
                    12.150433161,
                    50.500403411
                ]
            }
        },
        {
            "type": "Feature",
            "properties": {
                "name": "Obstacle"
            },
            "geometry": {
                "type": "Point",
                "coordinates": [
                    14.149497889,
                    51.246962556
                ]
            }
        },
        {
            "type": "Feature",
            "properties": {
                "name": "Obstacle"
            },
            "geometry": {
                "type": "Point",
                "coordinates": [
                    14.153580167,
                    51.239806278
                ]
            }
        },
        {
            "type": "Feature",
            "properties": {
                "name": "Obstacle"
            },
            "geometry": {
                "type": "Point",
                "coordinates": [
                    14.296338889,
                    51.244531389
                ]
            }
        },
        {
            "type": "Feature",
            "properties": {
                "name": "Obstacle"
            },
            "geometry": {
                "type": "Point",
                "coordinates": [
                    14.402412778,
                    51.530068583
                ]
            }
        },
        {
            "type": "Feature",
            "properties": {
                "name": "Obstacle"
            },
            "geometry": {
                "type": "Point",
                "coordinates": [
                    14.397176611,
                    51.533436944
                ]
            }
        },
        {
            "type": "Feature",
            "properties": {
                "name": "Obstacle"
            },
            "geometry": {
                "type": "Point",
                "coordinates": [
                    13.281286444,
                    51.213103
                ]
            }
        },
        {
            "type": "Feature",
            "properties": {
                "name": "Obstacle"
            },
            "geometry": {
                "type": "Point",
                "coordinates": [
                    12.925822972,
                    51.018188583
                ]
            }
        },
        {
            "type": "Feature",
            "properties": {
                "name": "Obstacle"
            },
            "geometry": {
                "type": "Point",
                "coordinates": [
                    12.960902075,
                    51.090223599
                ]
            }
        },
        {
            "type": "Feature",
            "properties": {
                "name": "Obstacle"
            },
            "geometry": {
                "type": "Point",
                "coordinates": [
                    15.005277633,
                    51.256325754
                ]
            }
        },
        {
            "type": "Feature",
            "properties": {
                "name": "Obstacle"
            },
            "geometry": {
                "type": "Point",
                "coordinates": [
                    14.259987861,
                    51.188877191
                ]
            }
        },
        {
            "type": "Feature",
            "properties": {
                "name": "Obstacle"
            },
            "geometry": {
                "type": "Point",
                "coordinates": [
                    14.818637778,
                    50.934451944
                ]
            }
        },
        {
            "type": "Feature",
            "properties": {
                "name": "Obstacle"
            },
            "geometry": {
                "type": "Point",
                "coordinates": [
                    13.354166667,
                    51.073611111
                ]
            }
        },
        {
            "type": "Feature",
            "properties": {
                "name": "Obstacle"
            },
            "geometry": {
                "type": "Point",
                "coordinates": [
                    14.969736194,
                    51.201677083
                ]
            }
        },
        {
            "type": "Feature",
            "properties": {
                "name": "Obstacle"
            },
            "geometry": {
                "type": "Point",
                "coordinates": [
                    14.196915398,
                    51.171182188
                ]
            }
        },
        {
            "type": "Feature",
            "properties": {
                "name": "Obstacle"
            },
            "geometry": {
                "type": "Point",
                "coordinates": [
                    12.153358333,
                    51.31555
                ]
            }
        },
        {
            "type": "Feature",
            "properties": {
                "name": "Obstacle"
            },
            "geometry": {
                "type": "Point",
                "coordinates": [
                    14.37330043,
                    51.447299406
                ]
            }
        },
        {
            "type": "Feature",
            "properties": {
                "name": "Obstacle"
            },
            "geometry": {
                "type": "Point",
                "coordinates": [
                    14.830736111,
                    51.035540278
                ]
            }
        },
        {
            "type": "Feature",
            "properties": {
                "name": "Obstacle"
            },
            "geometry": {
                "type": "Point",
                "coordinates": [
                    13.143960722,
                    51.247053333
                ]
            }
        },
        {
            "type": "Feature",
            "properties": {
                "name": "Obstacle"
            },
            "geometry": {
                "type": "Point",
                "coordinates": [
                    13.146022778,
                    51.244965694
                ]
            }
        },
        {
            "type": "Feature",
            "properties": {
                "name": "Obstacle"
            },
            "geometry": {
                "type": "Point",
                "coordinates": [
                    12.85252,
                    51.24824425
                ]
            }
        },
        {
            "type": "Feature",
            "properties": {
                "name": "Obstacle"
            },
            "geometry": {
                "type": "Point",
                "coordinates": [
                    14.325686944,
                    51.469190528
                ]
            }
        },
        {
            "type": "Feature",
            "properties": {
                "name": "Obstacle"
            },
            "geometry": {
                "type": "Point",
                "coordinates": [
                    12.483447056,
                    50.827116028
                ]
            }
        },
        {
            "type": "Feature",
            "properties": {
                "name": "Obstacle"
            },
            "geometry": {
                "type": "Point",
                "coordinates": [
                    14.815241389,
                    51.093906667
                ]
            }
        },
        {
            "type": "Feature",
            "properties": {
                "name": "Obstacle"
            },
            "geometry": {
                "type": "Point",
                "coordinates": [
                    12.237094444,
                    51.180855556
                ]
            }
        },
        {
            "type": "Feature",
            "properties": {
                "name": "Obstacle"
            },
            "geometry": {
                "type": "Point",
                "coordinates": [
                    14.941583694,
                    51.048948389
                ]
            }
        },
        {
            "type": "Feature",
            "properties": {
                "name": "Obstacle"
            },
            "geometry": {
                "type": "Point",
                "coordinates": [
                    13.34782,
                    50.751579917
                ]
            }
        },
        {
            "type": "Feature",
            "properties": {
                "name": "Obstacle"
            },
            "geometry": {
                "type": "Point",
                "coordinates": [
                    14.845525,
                    50.949522222
                ]
            }
        },
        {
            "type": "Feature",
            "properties": {
                "name": "Obstacle"
            },
            "geometry": {
                "type": "Point",
                "coordinates": [
                    14.949112667,
                    51.207440722
                ]
            }
        },
        {
            "type": "Feature",
            "properties": {
                "name": "Obstacle"
            },
            "geometry": {
                "type": "Point",
                "coordinates": [
                    11.919203583,
                    50.437506306
                ]
            }
        },
        {
            "type": "Feature",
            "properties": {
                "name": "Obstacle"
            },
            "geometry": {
                "type": "Point",
                "coordinates": [
                    12.2240105,
                    51.326952778
                ]
            }
        },
        {
            "type": "Feature",
            "properties": {
                "name": "Obstacle"
            },
            "geometry": {
                "type": "Point",
                "coordinates": [
                    14.570659722,
                    51.148897222
                ]
            }
        },
        {
            "type": "Feature",
            "properties": {
                "name": "Obstacle"
            },
            "geometry": {
                "type": "Point",
                "coordinates": [
                    12.836461111,
                    50.843136111
                ]
            }
        },
        {
            "type": "Feature",
            "properties": {
                "name": "Obstacle"
            },
            "geometry": {
                "type": "Point",
                "coordinates": [
                    12.354057333,
                    51.108387056
                ]
            }
        },
        {
            "type": "Feature",
            "properties": {
                "name": "Obstacle"
            },
            "geometry": {
                "type": "Point",
                "coordinates": [
                    13.02489325,
                    51.012559861
                ]
            }
        },
        {
            "type": "Feature",
            "properties": {
                "name": "Obstacle"
            },
            "geometry": {
                "type": "Point",
                "coordinates": [
                    13.415109361,
                    50.919649333
                ]
            }
        },
        {
            "type": "Feature",
            "properties": {
                "name": "Obstacle"
            },
            "geometry": {
                "type": "Point",
                "coordinates": [
                    13.368025917,
                    51.343485806
                ]
            }
        },
        {
            "type": "Feature",
            "properties": {
                "name": "Obstacle"
            },
            "geometry": {
                "type": "Point",
                "coordinates": [
                    13.337526472,
                    50.970086611
                ]
            }
        },
        {
            "type": "Feature",
            "properties": {
                "name": "Obstacle"
            },
            "geometry": {
                "type": "Point",
                "coordinates": [
                    12.433474139,
                    51.403479639
                ]
            }
        },
        {
            "type": "Feature",
            "properties": {
                "name": "Obstacle"
            },
            "geometry": {
                "type": "Point",
                "coordinates": [
                    13.115613889,
                    50.664569444
                ]
            }
        },
        {
            "type": "Feature",
            "properties": {
                "name": "Obstacle"
            },
            "geometry": {
                "type": "Point",
                "coordinates": [
                    13.346983806,
                    51.213466694
                ]
            }
        },
        {
            "type": "Feature",
            "properties": {
                "name": "Obstacle"
            },
            "geometry": {
                "type": "Point",
                "coordinates": [
                    13.386751333,
                    51.351526694
                ]
            }
        },
        {
            "type": "Feature",
            "properties": {
                "name": "Obstacle"
            },
            "geometry": {
                "type": "Point",
                "coordinates": [
                    13.284317417,
                    51.208328806
                ]
            }
        },
        {
            "type": "Feature",
            "properties": {
                "name": "Obstacle"
            },
            "geometry": {
                "type": "Point",
                "coordinates": [
                    13.370618222,
                    51.340750333
                ]
            }
        },
        {
            "type": "Feature",
            "properties": {
                "name": "Obstacle"
            },
            "geometry": {
                "type": "Point",
                "coordinates": [
                    12.688,
                    50.764972222
                ]
            }
        },
        {
            "type": "Feature",
            "properties": {
                "name": "Obstacle"
            },
            "geometry": {
                "type": "Point",
                "coordinates": [
                    13.367806111,
                    51.347157778
                ]
            }
        },
        {
            "type": "Feature",
            "properties": {
                "name": "Obstacle"
            },
            "geometry": {
                "type": "Point",
                "coordinates": [
                    12.4862,
                    50.82575
                ]
            }
        },
        {
            "type": "Feature",
            "properties": {
                "name": "Obstacle"
            },
            "geometry": {
                "type": "Point",
                "coordinates": [
                    13.21316925,
                    51.268038778
                ]
            }
        },
        {
            "type": "Feature",
            "properties": {
                "name": "Obstacle"
            },
            "geometry": {
                "type": "Point",
                "coordinates": [
                    12.62854325,
                    50.808435028
                ]
            }
        },
        {
            "type": "Feature",
            "properties": {
                "name": "Obstacle"
            },
            "geometry": {
                "type": "Point",
                "coordinates": [
                    13.379082889,
                    50.746382639
                ]
            }
        },
        {
            "type": "Feature",
            "properties": {
                "name": "Obstacle"
            },
            "geometry": {
                "type": "Point",
                "coordinates": [
                    12.855536417,
                    50.959214833
                ]
            }
        },
        {
            "type": "Feature",
            "properties": {
                "name": "Obstacle"
            },
            "geometry": {
                "type": "Point",
                "coordinates": [
                    13.331228306,
                    51.141109861
                ]
            }
        },
        {
            "type": "Feature",
            "properties": {
                "name": "Obstacle"
            },
            "geometry": {
                "type": "Point",
                "coordinates": [
                    11.992896132,
                    51.458745399
                ]
            }
        },
        {
            "type": "Feature",
            "properties": {
                "name": "Obstacle"
            },
            "geometry": {
                "type": "Point",
                "coordinates": [
                    12.230660215,
                    51.827364246
                ]
            }
        },
        {
            "type": "Feature",
            "properties": {
                "name": "Obstacle"
            },
            "geometry": {
                "type": "Point",
                "coordinates": [
                    11.948764722,
                    51.399166389
                ]
            }
        },
        {
            "type": "Feature",
            "properties": {
                "name": "Obstacle"
            },
            "geometry": {
                "type": "Point",
                "coordinates": [
                    11.678580472,
                    52.302069667
                ]
            }
        },
        {
            "type": "Feature",
            "properties": {
                "name": "Obstacle"
            },
            "geometry": {
                "type": "Point",
                "coordinates": [
                    11.848402778,
                    51.868594444
                ]
            }
        },
        {
            "type": "Feature",
            "properties": {
                "name": "Obstacle"
            },
            "geometry": {
                "type": "Point",
                "coordinates": [
                    11.702333333,
                    51.5825
                ]
            }
        },
        {
            "type": "Feature",
            "properties": {
                "name": "Obstacle"
            },
            "geometry": {
                "type": "Point",
                "coordinates": [
                    11.690111111,
                    51.575130556
                ]
            }
        },
        {
            "type": "Feature",
            "properties": {
                "name": "Obstacle"
            },
            "geometry": {
                "type": "Point",
                "coordinates": [
                    12.409822611,
                    51.701505778
                ]
            }
        },
        {
            "type": "Feature",
            "properties": {
                "name": "Obstacle"
            },
            "geometry": {
                "type": "Point",
                "coordinates": [
                    11.457938889,
                    51.709072222
                ]
            }
        },
        {
            "type": "Feature",
            "properties": {
                "name": "Obstacle"
            },
            "geometry": {
                "type": "Point",
                "coordinates": [
                    12.707083333,
                    51.772944444
                ]
            }
        },
        {
            "type": "Feature",
            "properties": {
                "name": "Obstacle"
            },
            "geometry": {
                "type": "Point",
                "coordinates": [
                    12.406252778,
                    51.902561111
                ]
            }
        },
        {
            "type": "Feature",
            "properties": {
                "name": "Obstacle"
            },
            "geometry": {
                "type": "Point",
                "coordinates": [
                    11.574527778,
                    51.700027778
                ]
            }
        },
        {
            "type": "Feature",
            "properties": {
                "name": "Obstacle"
            },
            "geometry": {
                "type": "Point",
                "coordinates": [
                    12.169038833,
                    51.631217611
                ]
            }
        },
        {
            "type": "Feature",
            "properties": {
                "name": "Obstacle"
            },
            "geometry": {
                "type": "Point",
                "coordinates": [
                    12.177853417,
                    51.629053778
                ]
            }
        },
        {
            "type": "Feature",
            "properties": {
                "name": "Obstacle"
            },
            "geometry": {
                "type": "Point",
                "coordinates": [
                    12.049166667,
                    52.438055556
                ]
            }
        },
        {
            "type": "Feature",
            "properties": {
                "name": "Obstacle"
            },
            "geometry": {
                "type": "Point",
                "coordinates": [
                    11.662452868,
                    51.773911162
                ]
            }
        },
        {
            "type": "Feature",
            "properties": {
                "name": "Obstacle"
            },
            "geometry": {
                "type": "Point",
                "coordinates": [
                    11.71031535,
                    51.37973983
                ]
            }
        },
        {
            "type": "Feature",
            "properties": {
                "name": "Obstacle"
            },
            "geometry": {
                "type": "Point",
                "coordinates": [
                    11.714231854,
                    51.384184384
                ]
            }
        },
        {
            "type": "Feature",
            "properties": {
                "name": "Obstacle"
            },
            "geometry": {
                "type": "Point",
                "coordinates": [
                    11.402393097,
                    51.729101251
                ]
            }
        },
        {
            "type": "Feature",
            "properties": {
                "name": "Obstacle"
            },
            "geometry": {
                "type": "Point",
                "coordinates": [
                    11.453430071,
                    51.975409263
                ]
            }
        },
        {
            "type": "Feature",
            "properties": {
                "name": "Obstacle"
            },
            "geometry": {
                "type": "Point",
                "coordinates": [
                    11.714564608,
                    51.399129002
                ]
            }
        },
        {
            "type": "Feature",
            "properties": {
                "name": "Obstacle"
            },
            "geometry": {
                "type": "Point",
                "coordinates": [
                    11.733814798,
                    51.395518145
                ]
            }
        },
        {
            "type": "Feature",
            "properties": {
                "name": "Obstacle"
            },
            "geometry": {
                "type": "Point",
                "coordinates": [
                    11.671789722,
                    52.822816111
                ]
            }
        },
        {
            "type": "Feature",
            "properties": {
                "name": "Obstacle"
            },
            "geometry": {
                "type": "Point",
                "coordinates": [
                    11.953033611,
                    51.144295278
                ]
            }
        },
        {
            "type": "Feature",
            "properties": {
                "name": "Obstacle"
            },
            "geometry": {
                "type": "Point",
                "coordinates": [
                    12.267355475,
                    51.098189669
                ]
            }
        },
        {
            "type": "Feature",
            "properties": {
                "name": "Obstacle"
            },
            "geometry": {
                "type": "Point",
                "coordinates": [
                    12.278189083,
                    51.091800875
                ]
            }
        },
        {
            "type": "Feature",
            "properties": {
                "name": "Obstacle"
            },
            "geometry": {
                "type": "Point",
                "coordinates": [
                    12.226054167,
                    51.700630889
                ]
            }
        },
        {
            "type": "Feature",
            "properties": {
                "name": "Obstacle"
            },
            "geometry": {
                "type": "Point",
                "coordinates": [
                    12.958333333,
                    51.686388889
                ]
            }
        },
        {
            "type": "Feature",
            "properties": {
                "name": "Obstacle"
            },
            "geometry": {
                "type": "Point",
                "coordinates": [
                    11.833027778,
                    51.76075
                ]
            }
        },
        {
            "type": "Feature",
            "properties": {
                "name": "Obstacle"
            },
            "geometry": {
                "type": "Point",
                "coordinates": [
                    11.394244143,
                    51.758294787
                ]
            }
        },
        {
            "type": "Feature",
            "properties": {
                "name": "Obstacle"
            },
            "geometry": {
                "type": "Point",
                "coordinates": [
                    11.383633253,
                    51.752044554
                ]
            }
        },
        {
            "type": "Feature",
            "properties": {
                "name": "Obstacle"
            },
            "geometry": {
                "type": "Point",
                "coordinates": [
                    11.5538325,
                    52.172351389
                ]
            }
        },
        {
            "type": "Feature",
            "properties": {
                "name": "Obstacle"
            },
            "geometry": {
                "type": "Point",
                "coordinates": [
                    11.415447194,
                    52.132994167
                ]
            }
        },
        {
            "type": "Feature",
            "properties": {
                "name": "Obstacle"
            },
            "geometry": {
                "type": "Point",
                "coordinates": [
                    12.060597972,
                    52.429049333
                ]
            }
        },
        {
            "type": "Feature",
            "properties": {
                "name": "Obstacle"
            },
            "geometry": {
                "type": "Point",
                "coordinates": [
                    11.300918306,
                    52.176920667
                ]
            }
        },
        {
            "type": "Feature",
            "properties": {
                "name": "Obstacle"
            },
            "geometry": {
                "type": "Point",
                "coordinates": [
                    11.977008738,
                    52.662744785
                ]
            }
        },
        {
            "type": "Feature",
            "properties": {
                "name": "Obstacle"
            },
            "geometry": {
                "type": "Point",
                "coordinates": [
                    11.986526491,
                    52.655030725
                ]
            }
        },
        {
            "type": "Feature",
            "properties": {
                "name": "Obstacle"
            },
            "geometry": {
                "type": "Point",
                "coordinates": [
                    11.990551698,
                    52.654222777
                ]
            }
        },
        {
            "type": "Feature",
            "properties": {
                "name": "Obstacle"
            },
            "geometry": {
                "type": "Point",
                "coordinates": [
                    11.620902628,
                    51.977411868
                ]
            }
        },
        {
            "type": "Feature",
            "properties": {
                "name": "Obstacle"
            },
            "geometry": {
                "type": "Point",
                "coordinates": [
                    11.610236267,
                    51.969133833
                ]
            }
        },
        {
            "type": "Feature",
            "properties": {
                "name": "Obstacle"
            },
            "geometry": {
                "type": "Point",
                "coordinates": [
                    12.037842778,
                    52.525168889
                ]
            }
        },
        {
            "type": "Feature",
            "properties": {
                "name": "Obstacle"
            },
            "geometry": {
                "type": "Point",
                "coordinates": [
                    12.058815833,
                    52.531673333
                ]
            }
        },
        {
            "type": "Feature",
            "properties": {
                "name": "Obstacle"
            },
            "geometry": {
                "type": "Point",
                "coordinates": [
                    11.397669444,
                    52.802138889
                ]
            }
        },
        {
            "type": "Feature",
            "properties": {
                "name": "Obstacle"
            },
            "geometry": {
                "type": "Point",
                "coordinates": [
                    11.399161111,
                    52.808213889
                ]
            }
        },
        {
            "type": "Feature",
            "properties": {
                "name": "Obstacle"
            },
            "geometry": {
                "type": "Point",
                "coordinates": [
                    12.721230556,
                    51.775563889
                ]
            }
        },
        {
            "type": "Feature",
            "properties": {
                "name": "Obstacle"
            },
            "geometry": {
                "type": "Point",
                "coordinates": [
                    11.172416667,
                    52.221861111
                ]
            }
        },
        {
            "type": "Feature",
            "properties": {
                "name": "Obstacle"
            },
            "geometry": {
                "type": "Point",
                "coordinates": [
                    11.187388889,
                    52.227083333
                ]
            }
        },
        {
            "type": "Feature",
            "properties": {
                "name": "Obstacle"
            },
            "geometry": {
                "type": "Point",
                "coordinates": [
                    11.804444444,
                    51.691111111
                ]
            }
        },
        {
            "type": "Feature",
            "properties": {
                "name": "Obstacle"
            },
            "geometry": {
                "type": "Point",
                "coordinates": [
                    11.7957425,
                    51.68029
                ]
            }
        },
        {
            "type": "Feature",
            "properties": {
                "name": "Obstacle"
            },
            "geometry": {
                "type": "Point",
                "coordinates": [
                    12.223472222,
                    51.573669444
                ]
            }
        },
        {
            "type": "Feature",
            "properties": {
                "name": "Obstacle"
            },
            "geometry": {
                "type": "Point",
                "coordinates": [
                    11.2165,
                    52.511333333
                ]
            }
        },
        {
            "type": "Feature",
            "properties": {
                "name": "Obstacle"
            },
            "geometry": {
                "type": "Point",
                "coordinates": [
                    11.852027778,
                    51.654222222
                ]
            }
        },
        {
            "type": "Feature",
            "properties": {
                "name": "Obstacle"
            },
            "geometry": {
                "type": "Point",
                "coordinates": [
                    11.418423889,
                    52.124855
                ]
            }
        },
        {
            "type": "Feature",
            "properties": {
                "name": "Obstacle"
            },
            "geometry": {
                "type": "Point",
                "coordinates": [
                    11.163333333,
                    52.125555556
                ]
            }
        },
        {
            "type": "Feature",
            "properties": {
                "name": "Obstacle"
            },
            "geometry": {
                "type": "Point",
                "coordinates": [
                    11.357777778,
                    52.203888889
                ]
            }
        },
        {
            "type": "Feature",
            "properties": {
                "name": "Obstacle"
            },
            "geometry": {
                "type": "Point",
                "coordinates": [
                    11.366666667,
                    52.196944444
                ]
            }
        },
        {
            "type": "Feature",
            "properties": {
                "name": "Obstacle"
            },
            "geometry": {
                "type": "Point",
                "coordinates": [
                    11.482373889,
                    51.794000333
                ]
            }
        },
        {
            "type": "Feature",
            "properties": {
                "name": "Obstacle"
            },
            "geometry": {
                "type": "Point",
                "coordinates": [
                    11.267592611,
                    52.189412417
                ]
            }
        },
        {
            "type": "Feature",
            "properties": {
                "name": "Obstacle"
            },
            "geometry": {
                "type": "Point",
                "coordinates": [
                    11.283511333,
                    52.185868483
                ]
            }
        },
        {
            "type": "Feature",
            "properties": {
                "name": "Obstacle"
            },
            "geometry": {
                "type": "Point",
                "coordinates": [
                    11.642337889,
                    52.273610013
                ]
            }
        },
        {
            "type": "Feature",
            "properties": {
                "name": "Obstacle"
            },
            "geometry": {
                "type": "Point",
                "coordinates": [
                    11.308059889,
                    52.764823083
                ]
            }
        },
        {
            "type": "Feature",
            "properties": {
                "name": "Obstacle"
            },
            "geometry": {
                "type": "Point",
                "coordinates": [
                    12.114531,
                    51.98357
                ]
            }
        },
        {
            "type": "Feature",
            "properties": {
                "name": "Obstacle"
            },
            "geometry": {
                "type": "Point",
                "coordinates": [
                    11.393112778,
                    52.189186111
                ]
            }
        },
        {
            "type": "Feature",
            "properties": {
                "name": "Obstacle"
            },
            "geometry": {
                "type": "Point",
                "coordinates": [
                    11.368666667,
                    52.190916667
                ]
            }
        },
        {
            "type": "Feature",
            "properties": {
                "name": "Obstacle"
            },
            "geometry": {
                "type": "Point",
                "coordinates": [
                    11.479038889,
                    52.208141667
                ]
            }
        },
        {
            "type": "Feature",
            "properties": {
                "name": "Obstacle"
            },
            "geometry": {
                "type": "Point",
                "coordinates": [
                    11.711544444,
                    51.583305556
                ]
            }
        },
        {
            "type": "Feature",
            "properties": {
                "name": "Obstacle"
            },
            "geometry": {
                "type": "Point",
                "coordinates": [
                    11.291006056,
                    52.775213861
                ]
            }
        },
        {
            "type": "Feature",
            "properties": {
                "name": "Obstacle"
            },
            "geometry": {
                "type": "Point",
                "coordinates": [
                    11.125068111,
                    51.999349028
                ]
            }
        },
        {
            "type": "Feature",
            "properties": {
                "name": "Obstacle"
            },
            "geometry": {
                "type": "Point",
                "coordinates": [
                    11.126623889,
                    51.994515667
                ]
            }
        },
        {
            "type": "Feature",
            "properties": {
                "name": "Obstacle"
            },
            "geometry": {
                "type": "Point",
                "coordinates": [
                    11.784916132,
                    51.069301028
                ]
            }
        },
        {
            "type": "Feature",
            "properties": {
                "name": "Obstacle"
            },
            "geometry": {
                "type": "Point",
                "coordinates": [
                    11.781860912,
                    51.076800131
                ]
            }
        },
        {
            "type": "Feature",
            "properties": {
                "name": "Obstacle"
            },
            "geometry": {
                "type": "Point",
                "coordinates": [
                    12.130750833,
                    51.781248444
                ]
            }
        },
        {
            "type": "Feature",
            "properties": {
                "name": "Obstacle"
            },
            "geometry": {
                "type": "Point",
                "coordinates": [
                    12.007582083,
                    52.373755861
                ]
            }
        },
        {
            "type": "Feature",
            "properties": {
                "name": "Obstacle"
            },
            "geometry": {
                "type": "Point",
                "coordinates": [
                    12.243646056,
                    51.700641389
                ]
            }
        },
        {
            "type": "Feature",
            "properties": {
                "name": "Obstacle"
            },
            "geometry": {
                "type": "Point",
                "coordinates": [
                    11.606161694,
                    51.958879972
                ]
            }
        },
        {
            "type": "Feature",
            "properties": {
                "name": "Obstacle"
            },
            "geometry": {
                "type": "Point",
                "coordinates": [
                    11.582472222,
                    51.955666667
                ]
            }
        },
        {
            "type": "Feature",
            "properties": {
                "name": "Obstacle"
            },
            "geometry": {
                "type": "Point",
                "coordinates": [
                    11.589916667,
                    51.950972222
                ]
            }
        },
        {
            "type": "Feature",
            "properties": {
                "name": "Obstacle"
            },
            "geometry": {
                "type": "Point",
                "coordinates": [
                    11.365058333,
                    52.035825
                ]
            }
        },
        {
            "type": "Feature",
            "properties": {
                "name": "Obstacle"
            },
            "geometry": {
                "type": "Point",
                "coordinates": [
                    11.365816667,
                    52.030027778
                ]
            }
        },
        {
            "type": "Feature",
            "properties": {
                "name": "Obstacle"
            },
            "geometry": {
                "type": "Point",
                "coordinates": [
                    11.372816667,
                    52.021311111
                ]
            }
        },
        {
            "type": "Feature",
            "properties": {
                "name": "Obstacle"
            },
            "geometry": {
                "type": "Point",
                "coordinates": [
                    11.37805,
                    52.017511111
                ]
            }
        },
        {
            "type": "Feature",
            "properties": {
                "name": "Obstacle"
            },
            "geometry": {
                "type": "Point",
                "coordinates": [
                    11.098427778,
                    52.009293056
                ]
            }
        },
        {
            "type": "Feature",
            "properties": {
                "name": "Obstacle"
            },
            "geometry": {
                "type": "Point",
                "coordinates": [
                    12.113336111,
                    51.785461111
                ]
            }
        },
        {
            "type": "Feature",
            "properties": {
                "name": "Obstacle"
            },
            "geometry": {
                "type": "Point",
                "coordinates": [
                    12.131383333,
                    51.770213889
                ]
            }
        },
        {
            "type": "Feature",
            "properties": {
                "name": "Obstacle"
            },
            "geometry": {
                "type": "Point",
                "coordinates": [
                    12.237402778,
                    51.709322222
                ]
            }
        },
        {
            "type": "Feature",
            "properties": {
                "name": "Obstacle"
            },
            "geometry": {
                "type": "Point",
                "coordinates": [
                    12.213072222,
                    51.701188889
                ]
            }
        },
        {
            "type": "Feature",
            "properties": {
                "name": "Obstacle"
            },
            "geometry": {
                "type": "Point",
                "coordinates": [
                    12.239605556,
                    51.718233333
                ]
            }
        },
        {
            "type": "Feature",
            "properties": {
                "name": "Obstacle"
            },
            "geometry": {
                "type": "Point",
                "coordinates": [
                    11.448333333,
                    51.973888889
                ]
            }
        },
        {
            "type": "Feature",
            "properties": {
                "name": "Obstacle"
            },
            "geometry": {
                "type": "Point",
                "coordinates": [
                    11.655572222,
                    51.718
                ]
            }
        },
        {
            "type": "Feature",
            "properties": {
                "name": "Obstacle"
            },
            "geometry": {
                "type": "Point",
                "coordinates": [
                    11.657472222,
                    51.72125
                ]
            }
        },
        {
            "type": "Feature",
            "properties": {
                "name": "Obstacle"
            },
            "geometry": {
                "type": "Point",
                "coordinates": [
                    11.601455556,
                    51.728402778
                ]
            }
        },
        {
            "type": "Feature",
            "properties": {
                "name": "Obstacle"
            },
            "geometry": {
                "type": "Point",
                "coordinates": [
                    11.641891667,
                    51.713511111
                ]
            }
        },
        {
            "type": "Feature",
            "properties": {
                "name": "Obstacle"
            },
            "geometry": {
                "type": "Point",
                "coordinates": [
                    11.460277778,
                    51.978611111
                ]
            }
        },
        {
            "type": "Feature",
            "properties": {
                "name": "Obstacle"
            },
            "geometry": {
                "type": "Point",
                "coordinates": [
                    11.411944444,
                    52.145277778
                ]
            }
        },
        {
            "type": "Feature",
            "properties": {
                "name": "Obstacle"
            },
            "geometry": {
                "type": "Point",
                "coordinates": [
                    11.464827778,
                    51.460406806
                ]
            }
        },
        {
            "type": "Feature",
            "properties": {
                "name": "Obstacle"
            },
            "geometry": {
                "type": "Point",
                "coordinates": [
                    11.154170667,
                    52.134351917
                ]
            }
        },
        {
            "type": "Feature",
            "properties": {
                "name": "Obstacle"
            },
            "geometry": {
                "type": "Point",
                "coordinates": [
                    11.797861111,
                    52.164583333
                ]
            }
        },
        {
            "type": "Feature",
            "properties": {
                "name": "Obstacle"
            },
            "geometry": {
                "type": "Point",
                "coordinates": [
                    11.581113111,
                    52.697726028
                ]
            }
        },
        {
            "type": "Feature",
            "properties": {
                "name": "Obstacle"
            },
            "geometry": {
                "type": "Point",
                "coordinates": [
                    11.591872333,
                    52.688012167
                ]
            }
        },
        {
            "type": "Feature",
            "properties": {
                "name": "Obstacle"
            },
            "geometry": {
                "type": "Point",
                "coordinates": [
                    11.830625278,
                    52.211922778
                ]
            }
        },
        {
            "type": "Feature",
            "properties": {
                "name": "Obstacle"
            },
            "geometry": {
                "type": "Point",
                "coordinates": [
                    11.70545,
                    51.423380556
                ]
            }
        },
        {
            "type": "Feature",
            "properties": {
                "name": "Obstacle"
            },
            "geometry": {
                "type": "Point",
                "coordinates": [
                    11.4808355,
                    52.21225975
                ]
            }
        },
        {
            "type": "Feature",
            "properties": {
                "name": "Obstacle"
            },
            "geometry": {
                "type": "Point",
                "coordinates": [
                    11.303632778,
                    52.170166944
                ]
            }
        },
        {
            "type": "Feature",
            "properties": {
                "name": "Obstacle"
            },
            "geometry": {
                "type": "Point",
                "coordinates": [
                    11.664666667,
                    52.153194444
                ]
            }
        },
        {
            "type": "Feature",
            "properties": {
                "name": "Obstacle"
            },
            "geometry": {
                "type": "Point",
                "coordinates": [
                    11.284138889,
                    52.159111111
                ]
            }
        },
        {
            "type": "Feature",
            "properties": {
                "name": "Obstacle"
            },
            "geometry": {
                "type": "Point",
                "coordinates": [
                    11.978051639,
                    51.25664575
                ]
            }
        },
        {
            "type": "Feature",
            "properties": {
                "name": "Obstacle"
            },
            "geometry": {
                "type": "Point",
                "coordinates": [
                    12.625277778,
                    51.964722222
                ]
            }
        },
        {
            "type": "Feature",
            "properties": {
                "name": "Obstacle"
            },
            "geometry": {
                "type": "Point",
                "coordinates": [
                    11.245136111,
                    51.914311111
                ]
            }
        },
        {
            "type": "Feature",
            "properties": {
                "name": "Obstacle"
            },
            "geometry": {
                "type": "Point",
                "coordinates": [
                    11.715863889,
                    51.436216667
                ]
            }
        },
        {
            "type": "Feature",
            "properties": {
                "name": "Obstacle"
            },
            "geometry": {
                "type": "Point",
                "coordinates": [
                    11.709336111,
                    51.427086111
                ]
            }
        },
        {
            "type": "Feature",
            "properties": {
                "name": "Obstacle"
            },
            "geometry": {
                "type": "Point",
                "coordinates": [
                    11.573247222,
                    51.412861111
                ]
            }
        },
        {
            "type": "Feature",
            "properties": {
                "name": "Obstacle"
            },
            "geometry": {
                "type": "Point",
                "coordinates": [
                    11.603780556,
                    51.418394444
                ]
            }
        },
        {
            "type": "Feature",
            "properties": {
                "name": "Obstacle"
            },
            "geometry": {
                "type": "Point",
                "coordinates": [
                    12.723055556,
                    51.867777778
                ]
            }
        },
        {
            "type": "Feature",
            "properties": {
                "name": "Obstacle"
            },
            "geometry": {
                "type": "Point",
                "coordinates": [
                    11.238879722,
                    51.409841111
                ]
            }
        },
        {
            "type": "Feature",
            "properties": {
                "name": "Obstacle"
            },
            "geometry": {
                "type": "Point",
                "coordinates": [
                    11.456553,
                    51.715567056
                ]
            }
        },
        {
            "type": "Feature",
            "properties": {
                "name": "Obstacle"
            },
            "geometry": {
                "type": "Point",
                "coordinates": [
                    11.630938889,
                    51.954658333
                ]
            }
        },
        {
            "type": "Feature",
            "properties": {
                "name": "Obstacle"
            },
            "geometry": {
                "type": "Point",
                "coordinates": [
                    12.8925,
                    51.825
                ]
            }
        },
        {
            "type": "Feature",
            "properties": {
                "name": "Obstacle"
            },
            "geometry": {
                "type": "Point",
                "coordinates": [
                    11.7124,
                    52.667552778
                ]
            }
        },
        {
            "type": "Feature",
            "properties": {
                "name": "Obstacle"
            },
            "geometry": {
                "type": "Point",
                "coordinates": [
                    11.707711111,
                    52.661819444
                ]
            }
        },
        {
            "type": "Feature",
            "properties": {
                "name": "Obstacle"
            },
            "geometry": {
                "type": "Point",
                "coordinates": [
                    11.701297222,
                    52.661861111
                ]
            }
        },
        {
            "type": "Feature",
            "properties": {
                "name": "Obstacle"
            },
            "geometry": {
                "type": "Point",
                "coordinates": [
                    11.849858333,
                    52.116952778
                ]
            }
        },
        {
            "type": "Feature",
            "properties": {
                "name": "Obstacle"
            },
            "geometry": {
                "type": "Point",
                "coordinates": [
                    11.865325,
                    52.117503056
                ]
            }
        },
        {
            "type": "Feature",
            "properties": {
                "name": "Obstacle"
            },
            "geometry": {
                "type": "Point",
                "coordinates": [
                    11.545334333,
                    51.930684917
                ]
            }
        },
        {
            "type": "Feature",
            "properties": {
                "name": "Obstacle"
            },
            "geometry": {
                "type": "Point",
                "coordinates": [
                    11.473712778,
                    51.679116667
                ]
            }
        },
        {
            "type": "Feature",
            "properties": {
                "name": "Obstacle"
            },
            "geometry": {
                "type": "Point",
                "coordinates": [
                    11.095027778,
                    52.38975
                ]
            }
        },
        {
            "type": "Feature",
            "properties": {
                "name": "Obstacle"
            },
            "geometry": {
                "type": "Point",
                "coordinates": [
                    11.249166667,
                    52.158055556
                ]
            }
        },
        {
            "type": "Feature",
            "properties": {
                "name": "Obstacle"
            },
            "geometry": {
                "type": "Point",
                "coordinates": [
                    11.122722222,
                    52.33575
                ]
            }
        },
        {
            "type": "Feature",
            "properties": {
                "name": "Obstacle"
            },
            "geometry": {
                "type": "Point",
                "coordinates": [
                    11.126138889,
                    52.327
                ]
            }
        },
        {
            "type": "Feature",
            "properties": {
                "name": "Obstacle"
            },
            "geometry": {
                "type": "Point",
                "coordinates": [
                    11.812043056,
                    52.158180278
                ]
            }
        },
        {
            "type": "Feature",
            "properties": {
                "name": "Obstacle"
            },
            "geometry": {
                "type": "Point",
                "coordinates": [
                    11.646944444,
                    51.875833333
                ]
            }
        },
        {
            "type": "Feature",
            "properties": {
                "name": "Obstacle"
            },
            "geometry": {
                "type": "Point",
                "coordinates": [
                    11.675105,
                    51.636435278
                ]
            }
        },
        {
            "type": "Feature",
            "properties": {
                "name": "Obstacle"
            },
            "geometry": {
                "type": "Point",
                "coordinates": [
                    11.8035075,
                    52.153976944
                ]
            }
        },
        {
            "type": "Feature",
            "properties": {
                "name": "Obstacle"
            },
            "geometry": {
                "type": "Point",
                "coordinates": [
                    11.885658333,
                    52.166530556
                ]
            }
        },
        {
            "type": "Feature",
            "properties": {
                "name": "Obstacle"
            },
            "geometry": {
                "type": "Point",
                "coordinates": [
                    11.524166667,
                    51.611111111
                ]
            }
        },
        {
            "type": "Feature",
            "properties": {
                "name": "Obstacle"
            },
            "geometry": {
                "type": "Point",
                "coordinates": [
                    11.485998167,
                    51.795067194
                ]
            }
        },
        {
            "type": "Feature",
            "properties": {
                "name": "Obstacle"
            },
            "geometry": {
                "type": "Point",
                "coordinates": [
                    11.824162889,
                    52.405515861
                ]
            }
        },
        {
            "type": "Feature",
            "properties": {
                "name": "Obstacle"
            },
            "geometry": {
                "type": "Point",
                "coordinates": [
                    11.818177722,
                    52.395651389
                ]
            }
        },
        {
            "type": "Feature",
            "properties": {
                "name": "Obstacle"
            },
            "geometry": {
                "type": "Point",
                "coordinates": [
                    11.667169444,
                    51.869555556
                ]
            }
        },
        {
            "type": "Feature",
            "properties": {
                "name": "Obstacle"
            },
            "geometry": {
                "type": "Point",
                "coordinates": [
                    11.537222222,
                    51.913888889
                ]
            }
        },
        {
            "type": "Feature",
            "properties": {
                "name": "Obstacle"
            },
            "geometry": {
                "type": "Point",
                "coordinates": [
                    11.861987028,
                    51.624829667
                ]
            }
        },
        {
            "type": "Feature",
            "properties": {
                "name": "Obstacle"
            },
            "geometry": {
                "type": "Point",
                "coordinates": [
                    11.4694,
                    51.464816667
                ]
            }
        },
        {
            "type": "Feature",
            "properties": {
                "name": "Obstacle"
            },
            "geometry": {
                "type": "Point",
                "coordinates": [
                    11.885316667,
                    52.178002778
                ]
            }
        },
        {
            "type": "Feature",
            "properties": {
                "name": "Obstacle"
            },
            "geometry": {
                "type": "Point",
                "coordinates": [
                    12.094237278,
                    52.475965583
                ]
            }
        },
        {
            "type": "Feature",
            "properties": {
                "name": "Obstacle"
            },
            "geometry": {
                "type": "Point",
                "coordinates": [
                    11.700066667,
                    51.414411111
                ]
            }
        },
        {
            "type": "Feature",
            "properties": {
                "name": "Obstacle"
            },
            "geometry": {
                "type": "Point",
                "coordinates": [
                    11.715230556,
                    51.409069444
                ]
            }
        },
        {
            "type": "Feature",
            "properties": {
                "name": "Obstacle"
            },
            "geometry": {
                "type": "Point",
                "coordinates": [
                    11.487581667,
                    51.678928333
                ]
            }
        },
        {
            "type": "Feature",
            "properties": {
                "name": "Obstacle"
            },
            "geometry": {
                "type": "Point",
                "coordinates": [
                    12.685047222,
                    51.774502778
                ]
            }
        },
        {
            "type": "Feature",
            "properties": {
                "name": "Obstacle"
            },
            "geometry": {
                "type": "Point",
                "coordinates": [
                    12.674555556,
                    51.777375
                ]
            }
        },
        {
            "type": "Feature",
            "properties": {
                "name": "Obstacle"
            },
            "geometry": {
                "type": "Point",
                "coordinates": [
                    11.795461111,
                    51.066625
                ]
            }
        },
        {
            "type": "Feature",
            "properties": {
                "name": "Obstacle"
            },
            "geometry": {
                "type": "Point",
                "coordinates": [
                    11.461388889,
                    51.449166667
                ]
            }
        },
        {
            "type": "Feature",
            "properties": {
                "name": "Obstacle"
            },
            "geometry": {
                "type": "Point",
                "coordinates": [
                    11.951527778,
                    51.117180556
                ]
            }
        },
        {
            "type": "Feature",
            "properties": {
                "name": "Obstacle"
            },
            "geometry": {
                "type": "Point",
                "coordinates": [
                    11.212363056,
                    52.397451278
                ]
            }
        },
        {
            "type": "Feature",
            "properties": {
                "name": "Obstacle"
            },
            "geometry": {
                "type": "Point",
                "coordinates": [
                    11.445861111,
                    52.728363889
                ]
            }
        },
        {
            "type": "Feature",
            "properties": {
                "name": "Obstacle"
            },
            "geometry": {
                "type": "Point",
                "coordinates": [
                    11.452944444,
                    52.737052778
                ]
            }
        },
        {
            "type": "Feature",
            "properties": {
                "name": "Obstacle"
            },
            "geometry": {
                "type": "Point",
                "coordinates": [
                    11.291410556,
                    52.164962778
                ]
            }
        },
        {
            "type": "Feature",
            "properties": {
                "name": "Obstacle"
            },
            "geometry": {
                "type": "Point",
                "coordinates": [
                    11.139178,
                    51.991505
                ]
            }
        },
        {
            "type": "Feature",
            "properties": {
                "name": "Obstacle"
            },
            "geometry": {
                "type": "Point",
                "coordinates": [
                    11.153361111,
                    51.994638889
                ]
            }
        },
        {
            "type": "Feature",
            "properties": {
                "name": "Obstacle"
            },
            "geometry": {
                "type": "Point",
                "coordinates": [
                    11.485777778,
                    51.4594
                ]
            }
        },
        {
            "type": "Feature",
            "properties": {
                "name": "Obstacle"
            },
            "geometry": {
                "type": "Point",
                "coordinates": [
                    11.531084167,
                    51.6161425
                ]
            }
        },
        {
            "type": "Feature",
            "properties": {
                "name": "Obstacle"
            },
            "geometry": {
                "type": "Point",
                "coordinates": [
                    11.3600355,
                    51.953973639
                ]
            }
        },
        {
            "type": "Feature",
            "properties": {
                "name": "Obstacle"
            },
            "geometry": {
                "type": "Point",
                "coordinates": [
                    11.976236389,
                    51.141320278
                ]
            }
        },
        {
            "type": "Feature",
            "properties": {
                "name": "Obstacle"
            },
            "geometry": {
                "type": "Point",
                "coordinates": [
                    11.964726111,
                    51.136811389
                ]
            }
        },
        {
            "type": "Feature",
            "properties": {
                "name": "Obstacle"
            },
            "geometry": {
                "type": "Point",
                "coordinates": [
                    11.966294444,
                    51.666830556
                ]
            }
        },
        {
            "type": "Feature",
            "properties": {
                "name": "Obstacle"
            },
            "geometry": {
                "type": "Point",
                "coordinates": [
                    11.576611111,
                    51.958138889
                ]
            }
        },
        {
            "type": "Feature",
            "properties": {
                "name": "Obstacle"
            },
            "geometry": {
                "type": "Point",
                "coordinates": [
                    11.591305556,
                    51.955
                ]
            }
        },
        {
            "type": "Feature",
            "properties": {
                "name": "Obstacle"
            },
            "geometry": {
                "type": "Point",
                "coordinates": [
                    11.716288889,
                    51.578475
                ]
            }
        },
        {
            "type": "Feature",
            "properties": {
                "name": "Obstacle"
            },
            "geometry": {
                "type": "Point",
                "coordinates": [
                    11.381588778,
                    51.761635083
                ]
            }
        },
        {
            "type": "Feature",
            "properties": {
                "name": "Obstacle"
            },
            "geometry": {
                "type": "Point",
                "coordinates": [
                    11.859425,
                    51.615758333
                ]
            }
        },
        {
            "type": "Feature",
            "properties": {
                "name": "Obstacle"
            },
            "geometry": {
                "type": "Point",
                "coordinates": [
                    12.232625,
                    50.958919444
                ]
            }
        },
        {
            "type": "Feature",
            "properties": {
                "name": "Obstacle"
            },
            "geometry": {
                "type": "Point",
                "coordinates": [
                    11.619075,
                    51.58075
                ]
            }
        },
        {
            "type": "Feature",
            "properties": {
                "name": "Obstacle"
            },
            "geometry": {
                "type": "Point",
                "coordinates": [
                    11.86155,
                    51.428977778
                ]
            }
        },
        {
            "type": "Feature",
            "properties": {
                "name": "Obstacle"
            },
            "geometry": {
                "type": "Point",
                "coordinates": [
                    11.856236111,
                    51.425008333
                ]
            }
        },
        {
            "type": "Feature",
            "properties": {
                "name": "Obstacle"
            },
            "geometry": {
                "type": "Point",
                "coordinates": [
                    11.871036111,
                    51.416844444
                ]
            }
        },
        {
            "type": "Feature",
            "properties": {
                "name": "Obstacle"
            },
            "geometry": {
                "type": "Point",
                "coordinates": [
                    11.825888889,
                    51.618569444
                ]
            }
        },
        {
            "type": "Feature",
            "properties": {
                "name": "Obstacle"
            },
            "geometry": {
                "type": "Point",
                "coordinates": [
                    11.537794722,
                    51.553241778
                ]
            }
        },
        {
            "type": "Feature",
            "properties": {
                "name": "Obstacle"
            },
            "geometry": {
                "type": "Point",
                "coordinates": [
                    11.240083333,
                    51.909333333
                ]
            }
        },
        {
            "type": "Feature",
            "properties": {
                "name": "Obstacle"
            },
            "geometry": {
                "type": "Point",
                "coordinates": [
                    11.954658333,
                    52.275636111
                ]
            }
        },
        {
            "type": "Feature",
            "properties": {
                "name": "Obstacle"
            },
            "geometry": {
                "type": "Point",
                "coordinates": [
                    11.700777778,
                    52.67725
                ]
            }
        },
        {
            "type": "Feature",
            "properties": {
                "name": "Obstacle"
            },
            "geometry": {
                "type": "Point",
                "coordinates": [
                    11.708635306,
                    52.682813139
                ]
            }
        },
        {
            "type": "Feature",
            "properties": {
                "name": "Obstacle"
            },
            "geometry": {
                "type": "Point",
                "coordinates": [
                    11.4877565,
                    51.801349889
                ]
            }
        },
        {
            "type": "Feature",
            "properties": {
                "name": "Obstacle"
            },
            "geometry": {
                "type": "Point",
                "coordinates": [
                    11.491822222,
                    51.803330556
                ]
            }
        },
        {
            "type": "Feature",
            "properties": {
                "name": "Obstacle"
            },
            "geometry": {
                "type": "Point",
                "coordinates": [
                    11.89304,
                    52.711871
                ]
            }
        },
        {
            "type": "Feature",
            "properties": {
                "name": "Obstacle"
            },
            "geometry": {
                "type": "Point",
                "coordinates": [
                    11.912458,
                    52.704174
                ]
            }
        },
        {
            "type": "Feature",
            "properties": {
                "name": "Obstacle"
            },
            "geometry": {
                "type": "Point",
                "coordinates": [
                    11.979344722,
                    51.131270278
                ]
            }
        },
        {
            "type": "Feature",
            "properties": {
                "name": "Obstacle"
            },
            "geometry": {
                "type": "Point",
                "coordinates": [
                    11.718661111,
                    52.380716667
                ]
            }
        },
        {
            "type": "Feature",
            "properties": {
                "name": "Obstacle"
            },
            "geometry": {
                "type": "Point",
                "coordinates": [
                    11.783716667,
                    52.752947222
                ]
            }
        },
        {
            "type": "Feature",
            "properties": {
                "name": "Obstacle"
            },
            "geometry": {
                "type": "Point",
                "coordinates": [
                    11.843833611,
                    51.617956667
                ]
            }
        },
        {
            "type": "Feature",
            "properties": {
                "name": "Obstacle"
            },
            "geometry": {
                "type": "Point",
                "coordinates": [
                    11.131861111,
                    52.12975
                ]
            }
        },
        {
            "type": "Feature",
            "properties": {
                "name": "Obstacle"
            },
            "geometry": {
                "type": "Point",
                "coordinates": [
                    11.156111111,
                    52.131944444
                ]
            }
        },
        {
            "type": "Feature",
            "properties": {
                "name": "Obstacle"
            },
            "geometry": {
                "type": "Point",
                "coordinates": [
                    11.377705556,
                    51.770566667
                ]
            }
        },
        {
            "type": "Feature",
            "properties": {
                "name": "Obstacle"
            },
            "geometry": {
                "type": "Point",
                "coordinates": [
                    11.654583333,
                    52.805741667
                ]
            }
        },
        {
            "type": "Feature",
            "properties": {
                "name": "Obstacle"
            },
            "geometry": {
                "type": "Point",
                "coordinates": [
                    11.711944444,
                    51.356666667
                ]
            }
        },
        {
            "type": "Feature",
            "properties": {
                "name": "Obstacle"
            },
            "geometry": {
                "type": "Point",
                "coordinates": [
                    11.494511694,
                    52.575308972
                ]
            }
        },
        {
            "type": "Feature",
            "properties": {
                "name": "Obstacle"
            },
            "geometry": {
                "type": "Point",
                "coordinates": [
                    11.509681278,
                    52.578870111
                ]
            }
        },
        {
            "type": "Feature",
            "properties": {
                "name": "Obstacle"
            },
            "geometry": {
                "type": "Point",
                "coordinates": [
                    11.519692083,
                    52.572497056
                ]
            }
        },
        {
            "type": "Feature",
            "properties": {
                "name": "Obstacle"
            },
            "geometry": {
                "type": "Point",
                "coordinates": [
                    11.809366667,
                    51.074183333
                ]
            }
        },
        {
            "type": "Feature",
            "properties": {
                "name": "Obstacle"
            },
            "geometry": {
                "type": "Point",
                "coordinates": [
                    11.410488889,
                    52.720258333
                ]
            }
        },
        {
            "type": "Feature",
            "properties": {
                "name": "Obstacle"
            },
            "geometry": {
                "type": "Point",
                "coordinates": [
                    12.238484,
                    51.579286306
                ]
            }
        },
        {
            "type": "Feature",
            "properties": {
                "name": "Obstacle"
            },
            "geometry": {
                "type": "Point",
                "coordinates": [
                    11.868630278,
                    51.431161111
                ]
            }
        },
        {
            "type": "Feature",
            "properties": {
                "name": "Obstacle"
            },
            "geometry": {
                "type": "Point",
                "coordinates": [
                    11.871858056,
                    51.423757778
                ]
            }
        },
        {
            "type": "Feature",
            "properties": {
                "name": "Obstacle"
            },
            "geometry": {
                "type": "Point",
                "coordinates": [
                    11.932005556,
                    52.691386111
                ]
            }
        },
        {
            "type": "Feature",
            "properties": {
                "name": "Obstacle"
            },
            "geometry": {
                "type": "Point",
                "coordinates": [
                    12.031575111,
                    52.528883028
                ]
            }
        },
        {
            "type": "Feature",
            "properties": {
                "name": "Obstacle"
            },
            "geometry": {
                "type": "Point",
                "coordinates": [
                    11.654055556,
                    52.812716667
                ]
            }
        },
        {
            "type": "Feature",
            "properties": {
                "name": "Obstacle"
            },
            "geometry": {
                "type": "Point",
                "coordinates": [
                    11.071986111,
                    52.592272222
                ]
            }
        },
        {
            "type": "Feature",
            "properties": {
                "name": "Obstacle"
            },
            "geometry": {
                "type": "Point",
                "coordinates": [
                    11.827327778,
                    52.744930556
                ]
            }
        },
        {
            "type": "Feature",
            "properties": {
                "name": "Obstacle"
            },
            "geometry": {
                "type": "Point",
                "coordinates": [
                    11.711833333,
                    52.758277778
                ]
            }
        },
        {
            "type": "Feature",
            "properties": {
                "name": "Obstacle"
            },
            "geometry": {
                "type": "Point",
                "coordinates": [
                    11.804088889,
                    51.091325
                ]
            }
        },
        {
            "type": "Feature",
            "properties": {
                "name": "Obstacle"
            },
            "geometry": {
                "type": "Point",
                "coordinates": [
                    12.077131667,
                    52.538742778
                ]
            }
        },
        {
            "type": "Feature",
            "properties": {
                "name": "Obstacle"
            },
            "geometry": {
                "type": "Point",
                "coordinates": [
                    12.223916889,
                    52.494582833
                ]
            }
        },
        {
            "type": "Feature",
            "properties": {
                "name": "Obstacle"
            },
            "geometry": {
                "type": "Point",
                "coordinates": [
                    12.064636111,
                    51.149244444
                ]
            }
        },
        {
            "type": "Feature",
            "properties": {
                "name": "Obstacle"
            },
            "geometry": {
                "type": "Point",
                "coordinates": [
                    12.072138889,
                    51.151363889
                ]
            }
        },
        {
            "type": "Feature",
            "properties": {
                "name": "Obstacle"
            },
            "geometry": {
                "type": "Point",
                "coordinates": [
                    11.819153889,
                    52.385703083
                ]
            }
        },
        {
            "type": "Feature",
            "properties": {
                "name": "Obstacle"
            },
            "geometry": {
                "type": "Point",
                "coordinates": [
                    11.815127333,
                    52.379561917
                ]
            }
        },
        {
            "type": "Feature",
            "properties": {
                "name": "Obstacle"
            },
            "geometry": {
                "type": "Point",
                "coordinates": [
                    12.118611111,
                    51.987755556
                ]
            }
        },
        {
            "type": "Feature",
            "properties": {
                "name": "Obstacle"
            },
            "geometry": {
                "type": "Point",
                "coordinates": [
                    11.904944444,
                    52.704416667
                ]
            }
        },
        {
            "type": "Feature",
            "properties": {
                "name": "Obstacle"
            },
            "geometry": {
                "type": "Point",
                "coordinates": [
                    12.059986778,
                    51.241991361
                ]
            }
        },
        {
            "type": "Feature",
            "properties": {
                "name": "Obstacle"
            },
            "geometry": {
                "type": "Point",
                "coordinates": [
                    12.004729444,
                    51.271991611
                ]
            }
        },
        {
            "type": "Feature",
            "properties": {
                "name": "Obstacle"
            },
            "geometry": {
                "type": "Point",
                "coordinates": [
                    12.133727778,
                    52.00135
                ]
            }
        },
        {
            "type": "Feature",
            "properties": {
                "name": "Obstacle"
            },
            "geometry": {
                "type": "Point",
                "coordinates": [
                    12.121178833,
                    51.996109611
                ]
            }
        },
        {
            "type": "Feature",
            "properties": {
                "name": "Obstacle"
            },
            "geometry": {
                "type": "Point",
                "coordinates": [
                    11.744052778,
                    52.523261111
                ]
            }
        },
        {
            "type": "Feature",
            "properties": {
                "name": "Obstacle"
            },
            "geometry": {
                "type": "Point",
                "coordinates": [
                    11.774016667,
                    52.510794444
                ]
            }
        },
        {
            "type": "Feature",
            "properties": {
                "name": "Obstacle"
            },
            "geometry": {
                "type": "Point",
                "coordinates": [
                    11.787858333,
                    52.517408333
                ]
            }
        },
        {
            "type": "Feature",
            "properties": {
                "name": "Obstacle"
            },
            "geometry": {
                "type": "Point",
                "coordinates": [
                    11.796236111,
                    52.526213889
                ]
            }
        },
        {
            "type": "Feature",
            "properties": {
                "name": "Obstacle"
            },
            "geometry": {
                "type": "Point",
                "coordinates": [
                    11.813902778,
                    52.526391667
                ]
            }
        },
        {
            "type": "Feature",
            "properties": {
                "name": "Obstacle"
            },
            "geometry": {
                "type": "Point",
                "coordinates": [
                    12.017159556,
                    52.381513222
                ]
            }
        },
        {
            "type": "Feature",
            "properties": {
                "name": "Obstacle"
            },
            "geometry": {
                "type": "Point",
                "coordinates": [
                    11.579666667,
                    52.700844444
                ]
            }
        },
        {
            "type": "Feature",
            "properties": {
                "name": "Obstacle"
            },
            "geometry": {
                "type": "Point",
                "coordinates": [
                    11.585833333,
                    52.7075
                ]
            }
        },
        {
            "type": "Feature",
            "properties": {
                "name": "Obstacle"
            },
            "geometry": {
                "type": "Point",
                "coordinates": [
                    11.356944444,
                    52.744166667
                ]
            }
        },
        {
            "type": "Feature",
            "properties": {
                "name": "Obstacle"
            },
            "geometry": {
                "type": "Point",
                "coordinates": [
                    12.860227778,
                    51.921258333
                ]
            }
        },
        {
            "type": "Feature",
            "properties": {
                "name": "Obstacle"
            },
            "geometry": {
                "type": "Point",
                "coordinates": [
                    11.279543833,
                    52.780468861
                ]
            }
        },
        {
            "type": "Feature",
            "properties": {
                "name": "Obstacle"
            },
            "geometry": {
                "type": "Point",
                "coordinates": [
                    10.842580556,
                    51.990030556
                ]
            }
        },
        {
            "type": "Feature",
            "properties": {
                "name": "Obstacle"
            },
            "geometry": {
                "type": "Point",
                "coordinates": [
                    10.833636111,
                    51.987427778
                ]
            }
        },
        {
            "type": "Feature",
            "properties": {
                "name": "Obstacle"
            },
            "geometry": {
                "type": "Point",
                "coordinates": [
                    10.849552778,
                    51.990108333
                ]
            }
        },
        {
            "type": "Feature",
            "properties": {
                "name": "Obstacle"
            },
            "geometry": {
                "type": "Point",
                "coordinates": [
                    10.822530556,
                    51.994622222
                ]
            }
        },
        {
            "type": "Feature",
            "properties": {
                "name": "Obstacle"
            },
            "geometry": {
                "type": "Point",
                "coordinates": [
                    11.622633333,
                    51.732697222
                ]
            }
        },
        {
            "type": "Feature",
            "properties": {
                "name": "Obstacle"
            },
            "geometry": {
                "type": "Point",
                "coordinates": [
                    12.105246667,
                    51.580965556
                ]
            }
        },
        {
            "type": "Feature",
            "properties": {
                "name": "Obstacle"
            },
            "geometry": {
                "type": "Point",
                "coordinates": [
                    10.8895,
                    52.719675
                ]
            }
        },
        {
            "type": "Feature",
            "properties": {
                "name": "Obstacle"
            },
            "geometry": {
                "type": "Point",
                "coordinates": [
                    12.046388889,
                    51.664722222
                ]
            }
        },
        {
            "type": "Feature",
            "properties": {
                "name": "Obstacle"
            },
            "geometry": {
                "type": "Point",
                "coordinates": [
                    11.614575,
                    52.857930556
                ]
            }
        },
        {
            "type": "Feature",
            "properties": {
                "name": "Obstacle"
            },
            "geometry": {
                "type": "Point",
                "coordinates": [
                    11.596241667,
                    52.8463375
                ]
            }
        },
        {
            "type": "Feature",
            "properties": {
                "name": "Obstacle"
            },
            "geometry": {
                "type": "Point",
                "coordinates": [
                    11.260402778,
                    52.847
                ]
            }
        },
        {
            "type": "Feature",
            "properties": {
                "name": "Obstacle"
            },
            "geometry": {
                "type": "Point",
                "coordinates": [
                    11.665552778,
                    52.811483333
                ]
            }
        },
        {
            "type": "Feature",
            "properties": {
                "name": "Obstacle"
            },
            "geometry": {
                "type": "Point",
                "coordinates": [
                    11.575555556,
                    52.646111111
                ]
            }
        },
        {
            "type": "Feature",
            "properties": {
                "name": "Obstacle"
            },
            "geometry": {
                "type": "Point",
                "coordinates": [
                    11.580577778,
                    51.719819444
                ]
            }
        },
        {
            "type": "Feature",
            "properties": {
                "name": "Obstacle"
            },
            "geometry": {
                "type": "Point",
                "coordinates": [
                    11.565911111,
                    51.707530556
                ]
            }
        },
        {
            "type": "Feature",
            "properties": {
                "name": "Obstacle"
            },
            "geometry": {
                "type": "Point",
                "coordinates": [
                    11.544866667,
                    51.724786111
                ]
            }
        },
        {
            "type": "Feature",
            "properties": {
                "name": "Obstacle"
            },
            "geometry": {
                "type": "Point",
                "coordinates": [
                    11.575652778,
                    51.719894444
                ]
            }
        },
        {
            "type": "Feature",
            "properties": {
                "name": "Obstacle"
            },
            "geometry": {
                "type": "Point",
                "coordinates": [
                    11.554572222,
                    51.726916667
                ]
            }
        },
        {
            "type": "Feature",
            "properties": {
                "name": "Obstacle"
            },
            "geometry": {
                "type": "Point",
                "coordinates": [
                    12.16549275,
                    51.143204139
                ]
            }
        },
        {
            "type": "Feature",
            "properties": {
                "name": "Obstacle"
            },
            "geometry": {
                "type": "Point",
                "coordinates": [
                    12.331561111,
                    51.941119444
                ]
            }
        },
        {
            "type": "Feature",
            "properties": {
                "name": "Obstacle"
            },
            "geometry": {
                "type": "Point",
                "coordinates": [
                    12.351938889,
                    51.934336111
                ]
            }
        },
        {
            "type": "Feature",
            "properties": {
                "name": "Obstacle"
            },
            "geometry": {
                "type": "Point",
                "coordinates": [
                    11.572012944,
                    52.707125194
                ]
            }
        },
        {
            "type": "Feature",
            "properties": {
                "name": "Obstacle"
            },
            "geometry": {
                "type": "Point",
                "coordinates": [
                    11.769761111,
                    51.445211111
                ]
            }
        },
        {
            "type": "Feature",
            "properties": {
                "name": "Obstacle"
            },
            "geometry": {
                "type": "Point",
                "coordinates": [
                    13.125988889,
                    51.859444444
                ]
            }
        },
        {
            "type": "Feature",
            "properties": {
                "name": "Obstacle"
            },
            "geometry": {
                "type": "Point",
                "coordinates": [
                    11.721975,
                    52.766605556
                ]
            }
        },
        {
            "type": "Feature",
            "properties": {
                "name": "Obstacle"
            },
            "geometry": {
                "type": "Point",
                "coordinates": [
                    11.687733333,
                    52.681736111
                ]
            }
        },
        {
            "type": "Feature",
            "properties": {
                "name": "Obstacle"
            },
            "geometry": {
                "type": "Point",
                "coordinates": [
                    11.377541667,
                    51.433291667
                ]
            }
        },
        {
            "type": "Feature",
            "properties": {
                "name": "Obstacle"
            },
            "geometry": {
                "type": "Point",
                "coordinates": [
                    11.885713889,
                    51.816875
                ]
            }
        },
        {
            "type": "Feature",
            "properties": {
                "name": "Obstacle"
            },
            "geometry": {
                "type": "Point",
                "coordinates": [
                    12.147159361,
                    51.235566472
                ]
            }
        },
        {
            "type": "Feature",
            "properties": {
                "name": "Obstacle"
            },
            "geometry": {
                "type": "Point",
                "coordinates": [
                    11.641736111,
                    51.645286111
                ]
            }
        },
        {
            "type": "Feature",
            "properties": {
                "name": "Obstacle"
            },
            "geometry": {
                "type": "Point",
                "coordinates": [
                    11.943555556,
                    52.704716667
                ]
            }
        },
        {
            "type": "Feature",
            "properties": {
                "name": "Obstacle"
            },
            "geometry": {
                "type": "Point",
                "coordinates": [
                    11.657966667,
                    51.780302778
                ]
            }
        },
        {
            "type": "Feature",
            "properties": {
                "name": "Obstacle"
            },
            "geometry": {
                "type": "Point",
                "coordinates": [
                    11.930247222,
                    52.704863889
                ]
            }
        },
        {
            "type": "Feature",
            "properties": {
                "name": "Obstacle"
            },
            "geometry": {
                "type": "Point",
                "coordinates": [
                    12.150092028,
                    51.494511389
                ]
            }
        },
        {
            "type": "Feature",
            "properties": {
                "name": "Obstacle"
            },
            "geometry": {
                "type": "Point",
                "coordinates": [
                    11.999722222,
                    51.291666667
                ]
            }
        },
        {
            "type": "Feature",
            "properties": {
                "name": "Obstacle"
            },
            "geometry": {
                "type": "Point",
                "coordinates": [
                    12.110260833,
                    51.791274722
                ]
            }
        },
        {
            "type": "Feature",
            "properties": {
                "name": "Obstacle"
            },
            "geometry": {
                "type": "Point",
                "coordinates": [
                    11.825209806,
                    52.523389
                ]
            }
        },
        {
            "type": "Feature",
            "properties": {
                "name": "Obstacle"
            },
            "geometry": {
                "type": "Point",
                "coordinates": [
                    11.875752222,
                    51.411183889
                ]
            }
        },
        {
            "type": "Feature",
            "properties": {
                "name": "Obstacle"
            },
            "geometry": {
                "type": "Point",
                "coordinates": [
                    11.643189,
                    52.593575
                ]
            }
        },
        {
            "type": "Feature",
            "properties": {
                "name": "Obstacle"
            },
            "geometry": {
                "type": "Point",
                "coordinates": [
                    12.874788889,
                    51.832472222
                ]
            }
        },
        {
            "type": "Feature",
            "properties": {
                "name": "Obstacle"
            },
            "geometry": {
                "type": "Point",
                "coordinates": [
                    12.86915,
                    51.833213889
                ]
            }
        },
        {
            "type": "Feature",
            "properties": {
                "name": "Obstacle"
            },
            "geometry": {
                "type": "Point",
                "coordinates": [
                    11.932505556,
                    52.701302778
                ]
            }
        },
        {
            "type": "Feature",
            "properties": {
                "name": "Obstacle"
            },
            "geometry": {
                "type": "Point",
                "coordinates": [
                    11.875277778,
                    51.822583333
                ]
            }
        },
        {
            "type": "Feature",
            "properties": {
                "name": "Obstacle"
            },
            "geometry": {
                "type": "Point",
                "coordinates": [
                    11.999661111,
                    51.054580556
                ]
            }
        },
        {
            "type": "Feature",
            "properties": {
                "name": "Obstacle"
            },
            "geometry": {
                "type": "Point",
                "coordinates": [
                    11.954014694,
                    51.151682694
                ]
            }
        },
        {
            "type": "Feature",
            "properties": {
                "name": "Obstacle"
            },
            "geometry": {
                "type": "Point",
                "coordinates": [
                    9.507475563,
                    54.739706692
                ]
            }
        },
        {
            "type": "Feature",
            "properties": {
                "name": "Obstacle"
            },
            "geometry": {
                "type": "Point",
                "coordinates": [
                    10.881140903,
                    53.961461241
                ]
            }
        },
        {
            "type": "Feature",
            "properties": {
                "name": "Obstacle"
            },
            "geometry": {
                "type": "Point",
                "coordinates": [
                    9.097536965,
                    54.207546356
                ]
            }
        },
        {
            "type": "Feature",
            "properties": {
                "name": "Obstacle"
            },
            "geometry": {
                "type": "Point",
                "coordinates": [
                    10.541473719,
                    53.574561145
                ]
            }
        },
        {
            "type": "Feature",
            "properties": {
                "name": "Obstacle"
            },
            "geometry": {
                "type": "Point",
                "coordinates": [
                    7.883301944,
                    54.180415278
                ]
            }
        },
        {
            "type": "Feature",
            "properties": {
                "name": "Obstacle"
            },
            "geometry": {
                "type": "Point",
                "coordinates": [
                    9.603505556,
                    53.743533333
                ]
            }
        },
        {
            "type": "Feature",
            "properties": {
                "name": "Obstacle"
            },
            "geometry": {
                "type": "Point",
                "coordinates": [
                    9.724611111,
                    53.627791667
                ]
            }
        },
        {
            "type": "Feature",
            "properties": {
                "name": "Obstacle"
            },
            "geometry": {
                "type": "Point",
                "coordinates": [
                    9.106016333,
                    54.732090694
                ]
            }
        },
        {
            "type": "Feature",
            "properties": {
                "name": "Obstacle"
            },
            "geometry": {
                "type": "Point",
                "coordinates": [
                    9.941627,
                    53.964433
                ]
            }
        },
        {
            "type": "Feature",
            "properties": {
                "name": "Obstacle"
            },
            "geometry": {
                "type": "Point",
                "coordinates": [
                    8.880771,
                    54.825437
                ]
            }
        },
        {
            "type": "Feature",
            "properties": {
                "name": "Obstacle"
            },
            "geometry": {
                "type": "Point",
                "coordinates": [
                    9.954053028,
                    54.127490111
                ]
            }
        },
        {
            "type": "Feature",
            "properties": {
                "name": "Obstacle"
            },
            "geometry": {
                "type": "Point",
                "coordinates": [
                    8.712071056,
                    54.776644833
                ]
            }
        },
        {
            "type": "Feature",
            "properties": {
                "name": "Obstacle"
            },
            "geometry": {
                "type": "Point",
                "coordinates": [
                    8.745561111,
                    54.797072222
                ]
            }
        },
        {
            "type": "Feature",
            "properties": {
                "name": "Obstacle"
            },
            "geometry": {
                "type": "Point",
                "coordinates": [
                    8.756872222,
                    54.798305556
                ]
            }
        },
        {
            "type": "Feature",
            "properties": {
                "name": "Obstacle"
            },
            "geometry": {
                "type": "Point",
                "coordinates": [
                    9.080496944,
                    53.992897222
                ]
            }
        },
        {
            "type": "Feature",
            "properties": {
                "name": "Obstacle"
            },
            "geometry": {
                "type": "Point",
                "coordinates": [
                    9.590861111,
                    54.411416667
                ]
            }
        },
        {
            "type": "Feature",
            "properties": {
                "name": "Obstacle"
            },
            "geometry": {
                "type": "Point",
                "coordinates": [
                    9.584305556,
                    54.418416667
                ]
            }
        },
        {
            "type": "Feature",
            "properties": {
                "name": "Obstacle"
            },
            "geometry": {
                "type": "Point",
                "coordinates": [
                    9.003307444,
                    54.88360475
                ]
            }
        },
        {
            "type": "Feature",
            "properties": {
                "name": "Obstacle"
            },
            "geometry": {
                "type": "Point",
                "coordinates": [
                    8.992002722,
                    54.887261
                ]
            }
        },
        {
            "type": "Feature",
            "properties": {
                "name": "Obstacle"
            },
            "geometry": {
                "type": "Point",
                "coordinates": [
                    8.856221111,
                    54.722502278
                ]
            }
        },
        {
            "type": "Feature",
            "properties": {
                "name": "Obstacle"
            },
            "geometry": {
                "type": "Point",
                "coordinates": [
                    8.939994444,
                    53.983375
                ]
            }
        },
        {
            "type": "Feature",
            "properties": {
                "name": "Obstacle"
            },
            "geometry": {
                "type": "Point",
                "coordinates": [
                    8.821333333,
                    54.724738889
                ]
            }
        },
        {
            "type": "Feature",
            "properties": {
                "name": "Obstacle"
            },
            "geometry": {
                "type": "Point",
                "coordinates": [
                    8.861277778,
                    54.177147222
                ]
            }
        },
        {
            "type": "Feature",
            "properties": {
                "name": "Obstacle"
            },
            "geometry": {
                "type": "Point",
                "coordinates": [
                    9.937888889,
                    53.968861111
                ]
            }
        },
        {
            "type": "Feature",
            "properties": {
                "name": "Obstacle"
            },
            "geometry": {
                "type": "Point",
                "coordinates": [
                    9.031560083,
                    54.457144028
                ]
            }
        },
        {
            "type": "Feature",
            "properties": {
                "name": "Obstacle"
            },
            "geometry": {
                "type": "Point",
                "coordinates": [
                    9.239930556,
                    54.071752778
                ]
            }
        },
        {
            "type": "Feature",
            "properties": {
                "name": "Obstacle"
            },
            "geometry": {
                "type": "Point",
                "coordinates": [
                    8.688286306,
                    54.852780889
                ]
            }
        },
        {
            "type": "Feature",
            "properties": {
                "name": "Obstacle"
            },
            "geometry": {
                "type": "Point",
                "coordinates": [
                    8.760090694,
                    54.815453972
                ]
            }
        },
        {
            "type": "Feature",
            "properties": {
                "name": "Obstacle"
            },
            "geometry": {
                "type": "Point",
                "coordinates": [
                    9.085002778,
                    53.899913889
                ]
            }
        },
        {
            "type": "Feature",
            "properties": {
                "name": "Obstacle"
            },
            "geometry": {
                "type": "Point",
                "coordinates": [
                    9.079366667,
                    53.903519444
                ]
            }
        },
        {
            "type": "Feature",
            "properties": {
                "name": "Obstacle"
            },
            "geometry": {
                "type": "Point",
                "coordinates": [
                    9.102088139,
                    53.957440306
                ]
            }
        },
        {
            "type": "Feature",
            "properties": {
                "name": "Obstacle"
            },
            "geometry": {
                "type": "Point",
                "coordinates": [
                    9.289416667,
                    54.677597222
                ]
            }
        },
        {
            "type": "Feature",
            "properties": {
                "name": "Obstacle"
            },
            "geometry": {
                "type": "Point",
                "coordinates": [
                    8.981358333,
                    53.920663889
                ]
            }
        },
        {
            "type": "Feature",
            "properties": {
                "name": "Obstacle"
            },
            "geometry": {
                "type": "Point",
                "coordinates": [
                    8.993505556,
                    53.92805
                ]
            }
        },
        {
            "type": "Feature",
            "properties": {
                "name": "Obstacle"
            },
            "geometry": {
                "type": "Point",
                "coordinates": [
                    9.005713889,
                    53.927394444
                ]
            }
        },
        {
            "type": "Feature",
            "properties": {
                "name": "Obstacle"
            },
            "geometry": {
                "type": "Point",
                "coordinates": [
                    9.076875833,
                    53.990261111
                ]
            }
        },
        {
            "type": "Feature",
            "properties": {
                "name": "Obstacle"
            },
            "geometry": {
                "type": "Point",
                "coordinates": [
                    9.847339611,
                    54.351190944
                ]
            }
        },
        {
            "type": "Feature",
            "properties": {
                "name": "Obstacle"
            },
            "geometry": {
                "type": "Point",
                "coordinates": [
                    9.278535556,
                    54.739997444
                ]
            }
        },
        {
            "type": "Feature",
            "properties": {
                "name": "Obstacle"
            },
            "geometry": {
                "type": "Point",
                "coordinates": [
                    9.892274694,
                    54.402841972
                ]
            }
        },
        {
            "type": "Feature",
            "properties": {
                "name": "Obstacle"
            },
            "geometry": {
                "type": "Point",
                "coordinates": [
                    9.122838889,
                    54.727694444
                ]
            }
        },
        {
            "type": "Feature",
            "properties": {
                "name": "Obstacle"
            },
            "geometry": {
                "type": "Point",
                "coordinates": [
                    9.04412275,
                    54.1671665
                ]
            }
        },
        {
            "type": "Feature",
            "properties": {
                "name": "Obstacle"
            },
            "geometry": {
                "type": "Point",
                "coordinates": [
                    9.03775,
                    54.669888889
                ]
            }
        },
        {
            "type": "Feature",
            "properties": {
                "name": "Obstacle"
            },
            "geometry": {
                "type": "Point",
                "coordinates": [
                    9.152803056,
                    54.847298889
                ]
            }
        },
        {
            "type": "Feature",
            "properties": {
                "name": "Obstacle"
            },
            "geometry": {
                "type": "Point",
                "coordinates": [
                    9.0852,
                    53.922941667
                ]
            }
        },
        {
            "type": "Feature",
            "properties": {
                "name": "Obstacle"
            },
            "geometry": {
                "type": "Point",
                "coordinates": [
                    9.303252778,
                    54.646944444
                ]
            }
        },
        {
            "type": "Feature",
            "properties": {
                "name": "Obstacle"
            },
            "geometry": {
                "type": "Point",
                "coordinates": [
                    9.3142155,
                    54.646897222
                ]
            }
        },
        {
            "type": "Feature",
            "properties": {
                "name": "Obstacle"
            },
            "geometry": {
                "type": "Point",
                "coordinates": [
                    9.090352028,
                    53.961563667
                ]
            }
        },
        {
            "type": "Feature",
            "properties": {
                "name": "Obstacle"
            },
            "geometry": {
                "type": "Point",
                "coordinates": [
                    9.87073825,
                    54.422055528
                ]
            }
        },
        {
            "type": "Feature",
            "properties": {
                "name": "Obstacle"
            },
            "geometry": {
                "type": "Point",
                "coordinates": [
                    9.295456194,
                    54.539338778
                ]
            }
        },
        {
            "type": "Feature",
            "properties": {
                "name": "Obstacle"
            },
            "geometry": {
                "type": "Point",
                "coordinates": [
                    9.319782917,
                    54.548635194
                ]
            }
        },
        {
            "type": "Feature",
            "properties": {
                "name": "Obstacle"
            },
            "geometry": {
                "type": "Point",
                "coordinates": [
                    9.09075,
                    54.782230556
                ]
            }
        },
        {
            "type": "Feature",
            "properties": {
                "name": "Obstacle"
            },
            "geometry": {
                "type": "Point",
                "coordinates": [
                    9.085023639,
                    53.911660028
                ]
            }
        },
        {
            "type": "Feature",
            "properties": {
                "name": "Obstacle"
            },
            "geometry": {
                "type": "Point",
                "coordinates": [
                    9.01097775,
                    54.643649833
                ]
            }
        },
        {
            "type": "Feature",
            "properties": {
                "name": "Obstacle"
            },
            "geometry": {
                "type": "Point",
                "coordinates": [
                    9.804774667,
                    54.20652075
                ]
            }
        },
        {
            "type": "Feature",
            "properties": {
                "name": "Obstacle"
            },
            "geometry": {
                "type": "Point",
                "coordinates": [
                    8.875,
                    54.657777778
                ]
            }
        },
        {
            "type": "Feature",
            "properties": {
                "name": "Obstacle"
            },
            "geometry": {
                "type": "Point",
                "coordinates": [
                    8.888694222,
                    54.660853972
                ]
            }
        },
        {
            "type": "Feature",
            "properties": {
                "name": "Obstacle"
            },
            "geometry": {
                "type": "Point",
                "coordinates": [
                    9.163925278,
                    54.578567833
                ]
            }
        },
        {
            "type": "Feature",
            "properties": {
                "name": "Obstacle"
            },
            "geometry": {
                "type": "Point",
                "coordinates": [
                    9.861071833,
                    54.001761111
                ]
            }
        },
        {
            "type": "Feature",
            "properties": {
                "name": "Obstacle"
            },
            "geometry": {
                "type": "Point",
                "coordinates": [
                    9.87827,
                    54.005158556
                ]
            }
        },
        {
            "type": "Feature",
            "properties": {
                "name": "Obstacle"
            },
            "geometry": {
                "type": "Point",
                "coordinates": [
                    9.218192639,
                    54.571162056
                ]
            }
        },
        {
            "type": "Feature",
            "properties": {
                "name": "Obstacle"
            },
            "geometry": {
                "type": "Point",
                "coordinates": [
                    9.474993111,
                    53.850842472
                ]
            }
        },
        {
            "type": "Feature",
            "properties": {
                "name": "Obstacle"
            },
            "geometry": {
                "type": "Point",
                "coordinates": [
                    9.255741667,
                    54.135897222
                ]
            }
        },
        {
            "type": "Feature",
            "properties": {
                "name": "Obstacle"
            },
            "geometry": {
                "type": "Point",
                "coordinates": [
                    9.184702778,
                    54.632686111
                ]
            }
        },
        {
            "type": "Feature",
            "properties": {
                "name": "Obstacle"
            },
            "geometry": {
                "type": "Point",
                "coordinates": [
                    9.213454806,
                    54.631767861
                ]
            }
        },
        {
            "type": "Feature",
            "properties": {
                "name": "Obstacle"
            },
            "geometry": {
                "type": "Point",
                "coordinates": [
                    9.138147361,
                    54.728308694
                ]
            }
        },
        {
            "type": "Feature",
            "properties": {
                "name": "Obstacle"
            },
            "geometry": {
                "type": "Point",
                "coordinates": [
                    9.3062335,
                    54.722060306
                ]
            }
        },
        {
            "type": "Feature",
            "properties": {
                "name": "Obstacle"
            },
            "geometry": {
                "type": "Point",
                "coordinates": [
                    9.136208333,
                    54.781208333
                ]
            }
        },
        {
            "type": "Feature",
            "properties": {
                "name": "Obstacle"
            },
            "geometry": {
                "type": "Point",
                "coordinates": [
                    9.144555556,
                    54.593005556
                ]
            }
        },
        {
            "type": "Feature",
            "properties": {
                "name": "Obstacle"
            },
            "geometry": {
                "type": "Point",
                "coordinates": [
                    9.427272194,
                    54.146393306
                ]
            }
        },
        {
            "type": "Feature",
            "properties": {
                "name": "Obstacle"
            },
            "geometry": {
                "type": "Point",
                "coordinates": [
                    9.380194444,
                    54.098444444
                ]
            }
        },
        {
            "type": "Feature",
            "properties": {
                "name": "Obstacle"
            },
            "geometry": {
                "type": "Point",
                "coordinates": [
                    9.371369444,
                    54.101080556
                ]
            }
        },
        {
            "type": "Feature",
            "properties": {
                "name": "Obstacle"
            },
            "geometry": {
                "type": "Point",
                "coordinates": [
                    9.527178111,
                    54.067748917
                ]
            }
        },
        {
            "type": "Feature",
            "properties": {
                "name": "Obstacle"
            },
            "geometry": {
                "type": "Point",
                "coordinates": [
                    8.931861111,
                    54.599619444
                ]
            }
        },
        {
            "type": "Feature",
            "properties": {
                "name": "Obstacle"
            },
            "geometry": {
                "type": "Point",
                "coordinates": [
                    9.168369444,
                    54.862597222
                ]
            }
        },
        {
            "type": "Feature",
            "properties": {
                "name": "Obstacle"
            },
            "geometry": {
                "type": "Point",
                "coordinates": [
                    9.534938806,
                    54.369556278
                ]
            }
        },
        {
            "type": "Feature",
            "properties": {
                "name": "Obstacle"
            },
            "geometry": {
                "type": "Point",
                "coordinates": [
                    9.303672222,
                    54.202888889
                ]
            }
        },
        {
            "type": "Feature",
            "properties": {
                "name": "Obstacle"
            },
            "geometry": {
                "type": "Point",
                "coordinates": [
                    9.116655556,
                    54.2566
                ]
            }
        },
        {
            "type": "Feature",
            "properties": {
                "name": "Obstacle"
            },
            "geometry": {
                "type": "Point",
                "coordinates": [
                    8.957130556,
                    54.188066667
                ]
            }
        },
        {
            "type": "Feature",
            "properties": {
                "name": "Obstacle"
            },
            "geometry": {
                "type": "Point",
                "coordinates": [
                    10.560927778,
                    53.448013889
                ]
            }
        },
        {
            "type": "Feature",
            "properties": {
                "name": "Obstacle"
            },
            "geometry": {
                "type": "Point",
                "coordinates": [
                    8.885544806,
                    54.890887417
                ]
            }
        },
        {
            "type": "Feature",
            "properties": {
                "name": "Obstacle"
            },
            "geometry": {
                "type": "Point",
                "coordinates": [
                    8.915068944,
                    54.89456775
                ]
            }
        },
        {
            "type": "Feature",
            "properties": {
                "name": "Obstacle"
            },
            "geometry": {
                "type": "Point",
                "coordinates": [
                    8.930797,
                    54.880348
                ]
            }
        },
        {
            "type": "Feature",
            "properties": {
                "name": "Obstacle"
            },
            "geometry": {
                "type": "Point",
                "coordinates": [
                    8.929548056,
                    54.892491306
                ]
            }
        },
        {
            "type": "Feature",
            "properties": {
                "name": "Obstacle"
            },
            "geometry": {
                "type": "Point",
                "coordinates": [
                    9.012038889,
                    54.251130556
                ]
            }
        },
        {
            "type": "Feature",
            "properties": {
                "name": "Obstacle"
            },
            "geometry": {
                "type": "Point",
                "coordinates": [
                    10.794168056,
                    54.176440056
                ]
            }
        },
        {
            "type": "Feature",
            "properties": {
                "name": "Obstacle"
            },
            "geometry": {
                "type": "Point",
                "coordinates": [
                    9.60393925,
                    54.621174556
                ]
            }
        },
        {
            "type": "Feature",
            "properties": {
                "name": "Obstacle"
            },
            "geometry": {
                "type": "Point",
                "coordinates": [
                    9.318169444,
                    54.198908333
                ]
            }
        },
        {
            "type": "Feature",
            "properties": {
                "name": "Obstacle"
            },
            "geometry": {
                "type": "Point",
                "coordinates": [
                    8.885794444,
                    54.636308333
                ]
            }
        },
        {
            "type": "Feature",
            "properties": {
                "name": "Obstacle"
            },
            "geometry": {
                "type": "Point",
                "coordinates": [
                    8.877980556,
                    54.631925
                ]
            }
        },
        {
            "type": "Feature",
            "properties": {
                "name": "Obstacle"
            },
            "geometry": {
                "type": "Point",
                "coordinates": [
                    8.89845,
                    54.617266667
                ]
            }
        },
        {
            "type": "Feature",
            "properties": {
                "name": "Obstacle"
            },
            "geometry": {
                "type": "Point",
                "coordinates": [
                    8.936797222,
                    54.575011111
                ]
            }
        },
        {
            "type": "Feature",
            "properties": {
                "name": "Obstacle"
            },
            "geometry": {
                "type": "Point",
                "coordinates": [
                    9.234393556,
                    54.068031139
                ]
            }
        },
        {
            "type": "Feature",
            "properties": {
                "name": "Obstacle"
            },
            "geometry": {
                "type": "Point",
                "coordinates": [
                    9.253243944,
                    54.070804917
                ]
            }
        },
        {
            "type": "Feature",
            "properties": {
                "name": "Obstacle"
            },
            "geometry": {
                "type": "Point",
                "coordinates": [
                    9.297690306,
                    54.673720194
                ]
            }
        },
        {
            "type": "Feature",
            "properties": {
                "name": "Obstacle"
            },
            "geometry": {
                "type": "Point",
                "coordinates": [
                    9.291622222,
                    54.666608333
                ]
            }
        },
        {
            "type": "Feature",
            "properties": {
                "name": "Obstacle"
            },
            "geometry": {
                "type": "Point",
                "coordinates": [
                    9.238809306,
                    54.584477306
                ]
            }
        },
        {
            "type": "Feature",
            "properties": {
                "name": "Obstacle"
            },
            "geometry": {
                "type": "Point",
                "coordinates": [
                    9.172683667,
                    54.648822222
                ]
            }
        },
        {
            "type": "Feature",
            "properties": {
                "name": "Obstacle"
            },
            "geometry": {
                "type": "Point",
                "coordinates": [
                    9.409708333,
                    54.202038889
                ]
            }
        },
        {
            "type": "Feature",
            "properties": {
                "name": "Obstacle"
            },
            "geometry": {
                "type": "Point",
                "coordinates": [
                    9.391213889,
                    53.864841667
                ]
            }
        },
        {
            "type": "Feature",
            "properties": {
                "name": "Obstacle"
            },
            "geometry": {
                "type": "Point",
                "coordinates": [
                    9.063494444,
                    54.000480556
                ]
            }
        },
        {
            "type": "Feature",
            "properties": {
                "name": "Obstacle"
            },
            "geometry": {
                "type": "Point",
                "coordinates": [
                    9.227061111,
                    54.646794444
                ]
            }
        },
        {
            "type": "Feature",
            "properties": {
                "name": "Obstacle"
            },
            "geometry": {
                "type": "Point",
                "coordinates": [
                    9.188441667,
                    54.799455556
                ]
            }
        },
        {
            "type": "Feature",
            "properties": {
                "name": "Obstacle"
            },
            "geometry": {
                "type": "Point",
                "coordinates": [
                    8.917017444,
                    54.785271167
                ]
            }
        },
        {
            "type": "Feature",
            "properties": {
                "name": "Obstacle"
            },
            "geometry": {
                "type": "Point",
                "coordinates": [
                    9.203783333,
                    54.849341667
                ]
            }
        },
        {
            "type": "Feature",
            "properties": {
                "name": "Obstacle"
            },
            "geometry": {
                "type": "Point",
                "coordinates": [
                    9.071822222,
                    54.010738889
                ]
            }
        },
        {
            "type": "Feature",
            "properties": {
                "name": "Obstacle"
            },
            "geometry": {
                "type": "Point",
                "coordinates": [
                    8.741289556,
                    54.817912889
                ]
            }
        },
        {
            "type": "Feature",
            "properties": {
                "name": "Obstacle"
            },
            "geometry": {
                "type": "Point",
                "coordinates": [
                    9.168986528,
                    54.479964194
                ]
            }
        },
        {
            "type": "Feature",
            "properties": {
                "name": "Obstacle"
            },
            "geometry": {
                "type": "Point",
                "coordinates": [
                    9.212055556,
                    54.664866667
                ]
            }
        },
        {
            "type": "Feature",
            "properties": {
                "name": "Obstacle"
            },
            "geometry": {
                "type": "Point",
                "coordinates": [
                    9.268982139,
                    54.738744528
                ]
            }
        },
        {
            "type": "Feature",
            "properties": {
                "name": "Obstacle"
            },
            "geometry": {
                "type": "Point",
                "coordinates": [
                    8.960911111,
                    54.243166667
                ]
            }
        },
        {
            "type": "Feature",
            "properties": {
                "name": "Obstacle"
            },
            "geometry": {
                "type": "Point",
                "coordinates": [
                    9.577077778,
                    53.828894444
                ]
            }
        },
        {
            "type": "Feature",
            "properties": {
                "name": "Obstacle"
            },
            "geometry": {
                "type": "Point",
                "coordinates": [
                    9.085225,
                    54.817794444
                ]
            }
        },
        {
            "type": "Feature",
            "properties": {
                "name": "Obstacle"
            },
            "geometry": {
                "type": "Point",
                "coordinates": [
                    9.174605556,
                    54.688677778
                ]
            }
        },
        {
            "type": "Feature",
            "properties": {
                "name": "Obstacle"
            },
            "geometry": {
                "type": "Point",
                "coordinates": [
                    9.447938889,
                    54.384363889
                ]
            }
        },
        {
            "type": "Feature",
            "properties": {
                "name": "Obstacle"
            },
            "geometry": {
                "type": "Point",
                "coordinates": [
                    9.455408333,
                    54.38875
                ]
            }
        },
        {
            "type": "Feature",
            "properties": {
                "name": "Obstacle"
            },
            "geometry": {
                "type": "Point",
                "coordinates": [
                    10.648770444,
                    53.593824139
                ]
            }
        },
        {
            "type": "Feature",
            "properties": {
                "name": "Obstacle"
            },
            "geometry": {
                "type": "Point",
                "coordinates": [
                    9.032544444,
                    54.148080556
                ]
            }
        },
        {
            "type": "Feature",
            "properties": {
                "name": "Obstacle"
            },
            "geometry": {
                "type": "Point",
                "coordinates": [
                    9.504466306,
                    54.129108194
                ]
            }
        },
        {
            "type": "Feature",
            "properties": {
                "name": "Obstacle"
            },
            "geometry": {
                "type": "Point",
                "coordinates": [
                    9.549155556,
                    53.847122222
                ]
            }
        },
        {
            "type": "Feature",
            "properties": {
                "name": "Obstacle"
            },
            "geometry": {
                "type": "Point",
                "coordinates": [
                    10.545691667,
                    53.941691667
                ]
            }
        },
        {
            "type": "Feature",
            "properties": {
                "name": "Obstacle"
            },
            "geometry": {
                "type": "Point",
                "coordinates": [
                    10.548961111,
                    53.935008333
                ]
            }
        },
        {
            "type": "Feature",
            "properties": {
                "name": "Obstacle"
            },
            "geometry": {
                "type": "Point",
                "coordinates": [
                    10.555744444,
                    53.931433333
                ]
            }
        },
        {
            "type": "Feature",
            "properties": {
                "name": "Obstacle"
            },
            "geometry": {
                "type": "Point",
                "coordinates": [
                    9.294292472,
                    53.907353056
                ]
            }
        },
        {
            "type": "Feature",
            "properties": {
                "name": "Obstacle"
            },
            "geometry": {
                "type": "Point",
                "coordinates": [
                    9.67379825,
                    54.741685944
                ]
            }
        },
        {
            "type": "Feature",
            "properties": {
                "name": "Obstacle"
            },
            "geometry": {
                "type": "Point",
                "coordinates": [
                    9.165638889,
                    54.495138889
                ]
            }
        },
        {
            "type": "Feature",
            "properties": {
                "name": "Obstacle"
            },
            "geometry": {
                "type": "Point",
                "coordinates": [
                    8.850406083,
                    54.737450444
                ]
            }
        },
        {
            "type": "Feature",
            "properties": {
                "name": "Obstacle"
            },
            "geometry": {
                "type": "Point",
                "coordinates": [
                    8.922441667,
                    54.193583333
                ]
            }
        },
        {
            "type": "Feature",
            "properties": {
                "name": "Obstacle"
            },
            "geometry": {
                "type": "Point",
                "coordinates": [
                    9.042570306,
                    54.830717028
                ]
            }
        },
        {
            "type": "Feature",
            "properties": {
                "name": "Obstacle"
            },
            "geometry": {
                "type": "Point",
                "coordinates": [
                    9.191647222,
                    54.290733333
                ]
            }
        },
        {
            "type": "Feature",
            "properties": {
                "name": "Obstacle"
            },
            "geometry": {
                "type": "Point",
                "coordinates": [
                    9.204173972,
                    54.569701444
                ]
            }
        },
        {
            "type": "Feature",
            "properties": {
                "name": "Obstacle"
            },
            "geometry": {
                "type": "Point",
                "coordinates": [
                    9.363819444,
                    54.114191667
                ]
            }
        },
        {
            "type": "Feature",
            "properties": {
                "name": "Obstacle"
            },
            "geometry": {
                "type": "Point",
                "coordinates": [
                    9.270852778,
                    54.742869444
                ]
            }
        },
        {
            "type": "Feature",
            "properties": {
                "name": "Obstacle"
            },
            "geometry": {
                "type": "Point",
                "coordinates": [
                    9.23347475,
                    54.530312306
                ]
            }
        },
        {
            "type": "Feature",
            "properties": {
                "name": "Obstacle"
            },
            "geometry": {
                "type": "Point",
                "coordinates": [
                    8.754580333,
                    54.737400722
                ]
            }
        },
        {
            "type": "Feature",
            "properties": {
                "name": "Obstacle"
            },
            "geometry": {
                "type": "Point",
                "coordinates": [
                    9.374136111,
                    54.118138889
                ]
            }
        },
        {
            "type": "Feature",
            "properties": {
                "name": "Obstacle"
            },
            "geometry": {
                "type": "Point",
                "coordinates": [
                    8.897528111,
                    54.635892944
                ]
            }
        },
        {
            "type": "Feature",
            "properties": {
                "name": "Obstacle"
            },
            "geometry": {
                "type": "Point",
                "coordinates": [
                    9.048130556,
                    54.247633333
                ]
            }
        },
        {
            "type": "Feature",
            "properties": {
                "name": "Obstacle"
            },
            "geometry": {
                "type": "Point",
                "coordinates": [
                    9.386402778,
                    53.867338889
                ]
            }
        },
        {
            "type": "Feature",
            "properties": {
                "name": "Obstacle"
            },
            "geometry": {
                "type": "Point",
                "coordinates": [
                    8.971458333,
                    53.953022222
                ]
            }
        },
        {
            "type": "Feature",
            "properties": {
                "name": "Obstacle"
            },
            "geometry": {
                "type": "Point",
                "coordinates": [
                    9.853819667,
                    54.346295361
                ]
            }
        },
        {
            "type": "Feature",
            "properties": {
                "name": "Obstacle"
            },
            "geometry": {
                "type": "Point",
                "coordinates": [
                    8.898175,
                    54.238702778
                ]
            }
        },
        {
            "type": "Feature",
            "properties": {
                "name": "Obstacle"
            },
            "geometry": {
                "type": "Point",
                "coordinates": [
                    9.129413028,
                    53.926007222
                ]
            }
        },
        {
            "type": "Feature",
            "properties": {
                "name": "Obstacle"
            },
            "geometry": {
                "type": "Point",
                "coordinates": [
                    9.03275,
                    53.986305556
                ]
            }
        },
        {
            "type": "Feature",
            "properties": {
                "name": "Obstacle"
            },
            "geometry": {
                "type": "Point",
                "coordinates": [
                    8.949916667,
                    53.994236111
                ]
            }
        },
        {
            "type": "Feature",
            "properties": {
                "name": "Obstacle"
            },
            "geometry": {
                "type": "Point",
                "coordinates": [
                    8.946683333,
                    54.261525
                ]
            }
        },
        {
            "type": "Feature",
            "properties": {
                "name": "Obstacle"
            },
            "geometry": {
                "type": "Point",
                "coordinates": [
                    9.509791389,
                    54.248124722
                ]
            }
        },
        {
            "type": "Feature",
            "properties": {
                "name": "Obstacle"
            },
            "geometry": {
                "type": "Point",
                "coordinates": [
                    8.91880825,
                    53.9648515
                ]
            }
        },
        {
            "type": "Feature",
            "properties": {
                "name": "Obstacle"
            },
            "geometry": {
                "type": "Point",
                "coordinates": [
                    9.048861111,
                    53.943222222
                ]
            }
        },
        {
            "type": "Feature",
            "properties": {
                "name": "Obstacle"
            },
            "geometry": {
                "type": "Point",
                "coordinates": [
                    8.941008333,
                    54.225936111
                ]
            }
        },
        {
            "type": "Feature",
            "properties": {
                "name": "Obstacle"
            },
            "geometry": {
                "type": "Point",
                "coordinates": [
                    9.106447222,
                    53.949894444
                ]
            }
        },
        {
            "type": "Feature",
            "properties": {
                "name": "Obstacle"
            },
            "geometry": {
                "type": "Point",
                "coordinates": [
                    8.932032,
                    54.765794556
                ]
            }
        },
        {
            "type": "Feature",
            "properties": {
                "name": "Obstacle"
            },
            "geometry": {
                "type": "Point",
                "coordinates": [
                    8.900278028,
                    54.826723194
                ]
            }
        },
        {
            "type": "Feature",
            "properties": {
                "name": "Obstacle"
            },
            "geometry": {
                "type": "Point",
                "coordinates": [
                    8.906041667,
                    54.821377778
                ]
            }
        },
        {
            "type": "Feature",
            "properties": {
                "name": "Obstacle"
            },
            "geometry": {
                "type": "Point",
                "coordinates": [
                    9.607605556,
                    53.859191667
                ]
            }
        },
        {
            "type": "Feature",
            "properties": {
                "name": "Obstacle"
            },
            "geometry": {
                "type": "Point",
                "coordinates": [
                    9.612538889,
                    53.860863889
                ]
            }
        },
        {
            "type": "Feature",
            "properties": {
                "name": "Obstacle"
            },
            "geometry": {
                "type": "Point",
                "coordinates": [
                    8.936596361,
                    54.776996333
                ]
            }
        },
        {
            "type": "Feature",
            "properties": {
                "name": "Obstacle"
            },
            "geometry": {
                "type": "Point",
                "coordinates": [
                    9.989714028,
                    54.321738028
                ]
            }
        },
        {
            "type": "Feature",
            "properties": {
                "name": "Obstacle"
            },
            "geometry": {
                "type": "Point",
                "coordinates": [
                    9.529177778,
                    53.790744444
                ]
            }
        },
        {
            "type": "Feature",
            "properties": {
                "name": "Obstacle"
            },
            "geometry": {
                "type": "Point",
                "coordinates": [
                    9.066358333,
                    54.618519444
                ]
            }
        },
        {
            "type": "Feature",
            "properties": {
                "name": "Obstacle"
            },
            "geometry": {
                "type": "Point",
                "coordinates": [
                    9.041497028,
                    54.445299167
                ]
            }
        },
        {
            "type": "Feature",
            "properties": {
                "name": "Obstacle"
            },
            "geometry": {
                "type": "Point",
                "coordinates": [
                    9.027480556,
                    54.255502778
                ]
            }
        },
        {
            "type": "Feature",
            "properties": {
                "name": "Obstacle"
            },
            "geometry": {
                "type": "Point",
                "coordinates": [
                    8.946466667,
                    54.000666667
                ]
            }
        },
        {
            "type": "Feature",
            "properties": {
                "name": "Obstacle"
            },
            "geometry": {
                "type": "Point",
                "coordinates": [
                    10.4089,
                    53.902332222
                ]
            }
        },
        {
            "type": "Feature",
            "properties": {
                "name": "Obstacle"
            },
            "geometry": {
                "type": "Point",
                "coordinates": [
                    9.0934,
                    53.981355556
                ]
            }
        },
        {
            "type": "Feature",
            "properties": {
                "name": "Obstacle"
            },
            "geometry": {
                "type": "Point",
                "coordinates": [
                    8.987935556,
                    54.836989722
                ]
            }
        },
        {
            "type": "Feature",
            "properties": {
                "name": "Obstacle"
            },
            "geometry": {
                "type": "Point",
                "coordinates": [
                    8.96415,
                    54.185222222
                ]
            }
        },
        {
            "type": "Feature",
            "properties": {
                "name": "Obstacle"
            },
            "geometry": {
                "type": "Point",
                "coordinates": [
                    9.919686611,
                    54.708432
                ]
            }
        },
        {
            "type": "Feature",
            "properties": {
                "name": "Obstacle"
            },
            "geometry": {
                "type": "Point",
                "coordinates": [
                    8.639598833,
                    54.84254275
                ]
            }
        },
        {
            "type": "Feature",
            "properties": {
                "name": "Obstacle"
            },
            "geometry": {
                "type": "Point",
                "coordinates": [
                    9.9105,
                    54.519
                ]
            }
        },
        {
            "type": "Feature",
            "properties": {
                "name": "Obstacle"
            },
            "geometry": {
                "type": "Point",
                "coordinates": [
                    9.254519083,
                    54.510261278
                ]
            }
        },
        {
            "type": "Feature",
            "properties": {
                "name": "Obstacle"
            },
            "geometry": {
                "type": "Point",
                "coordinates": [
                    9.850266722,
                    54.011914611
                ]
            }
        },
        {
            "type": "Feature",
            "properties": {
                "name": "Obstacle"
            },
            "geometry": {
                "type": "Point",
                "coordinates": [
                    10.829889167,
                    54.169113889
                ]
            }
        },
        {
            "type": "Feature",
            "properties": {
                "name": "Obstacle"
            },
            "geometry": {
                "type": "Point",
                "coordinates": [
                    9.660184611,
                    54.606910389
                ]
            }
        },
        {
            "type": "Feature",
            "properties": {
                "name": "Obstacle"
            },
            "geometry": {
                "type": "Point",
                "coordinates": [
                    9.010613889,
                    54.187369444
                ]
            }
        },
        {
            "type": "Feature",
            "properties": {
                "name": "Obstacle"
            },
            "geometry": {
                "type": "Point",
                "coordinates": [
                    9.018291667,
                    54.203802778
                ]
            }
        },
        {
            "type": "Feature",
            "properties": {
                "name": "Obstacle"
            },
            "geometry": {
                "type": "Point",
                "coordinates": [
                    9.027330556,
                    54.178680556
                ]
            }
        },
        {
            "type": "Feature",
            "properties": {
                "name": "Obstacle"
            },
            "geometry": {
                "type": "Point",
                "coordinates": [
                    9.076288889,
                    54.791288889
                ]
            }
        },
        {
            "type": "Feature",
            "properties": {
                "name": "Obstacle"
            },
            "geometry": {
                "type": "Point",
                "coordinates": [
                    10.549758611,
                    53.956885833
                ]
            }
        },
        {
            "type": "Feature",
            "properties": {
                "name": "Obstacle"
            },
            "geometry": {
                "type": "Point",
                "coordinates": [
                    9.193559722,
                    54.742141667
                ]
            }
        },
        {
            "type": "Feature",
            "properties": {
                "name": "Obstacle"
            },
            "geometry": {
                "type": "Point",
                "coordinates": [
                    9.109410833,
                    54.774733889
                ]
            }
        },
        {
            "type": "Feature",
            "properties": {
                "name": "Obstacle"
            },
            "geometry": {
                "type": "Point",
                "coordinates": [
                    10.920738333,
                    54.144180833
                ]
            }
        },
        {
            "type": "Feature",
            "properties": {
                "name": "Obstacle"
            },
            "geometry": {
                "type": "Point",
                "coordinates": [
                    9.142719444,
                    53.929011111
                ]
            }
        },
        {
            "type": "Feature",
            "properties": {
                "name": "Obstacle"
            },
            "geometry": {
                "type": "Point",
                "coordinates": [
                    9.546666667,
                    54.032777778
                ]
            }
        },
        {
            "type": "Feature",
            "properties": {
                "name": "Obstacle"
            },
            "geometry": {
                "type": "Point",
                "coordinates": [
                    10.897844167,
                    54.1480125
                ]
            }
        },
        {
            "type": "Feature",
            "properties": {
                "name": "Obstacle"
            },
            "geometry": {
                "type": "Point",
                "coordinates": [
                    9.253022444,
                    54.504511722
                ]
            }
        },
        {
            "type": "Feature",
            "properties": {
                "name": "Obstacle"
            },
            "geometry": {
                "type": "Point",
                "coordinates": [
                    9.492138139,
                    54.119290028
                ]
            }
        },
        {
            "type": "Feature",
            "properties": {
                "name": "Obstacle"
            },
            "geometry": {
                "type": "Point",
                "coordinates": [
                    8.857277778,
                    54.646052778
                ]
            }
        },
        {
            "type": "Feature",
            "properties": {
                "name": "Obstacle"
            },
            "geometry": {
                "type": "Point",
                "coordinates": [
                    8.915861111,
                    54.620558333
                ]
            }
        },
        {
            "type": "Feature",
            "properties": {
                "name": "Obstacle"
            },
            "geometry": {
                "type": "Point",
                "coordinates": [
                    8.912194444,
                    54.607761111
                ]
            }
        },
        {
            "type": "Feature",
            "properties": {
                "name": "Obstacle"
            },
            "geometry": {
                "type": "Point",
                "coordinates": [
                    8.918775,
                    54.598805556
                ]
            }
        },
        {
            "type": "Feature",
            "properties": {
                "name": "Obstacle"
            },
            "geometry": {
                "type": "Point",
                "coordinates": [
                    8.8676,
                    54.640366667
                ]
            }
        },
        {
            "type": "Feature",
            "properties": {
                "name": "Obstacle"
            },
            "geometry": {
                "type": "Point",
                "coordinates": [
                    10.998434833,
                    54.339775
                ]
            }
        },
        {
            "type": "Feature",
            "properties": {
                "name": "Obstacle"
            },
            "geometry": {
                "type": "Point",
                "coordinates": [
                    8.869689361,
                    54.666855
                ]
            }
        },
        {
            "type": "Feature",
            "properties": {
                "name": "Obstacle"
            },
            "geometry": {
                "type": "Point",
                "coordinates": [
                    9.207101389,
                    54.444380194
                ]
            }
        },
        {
            "type": "Feature",
            "properties": {
                "name": "Obstacle"
            },
            "geometry": {
                "type": "Point",
                "coordinates": [
                    9.249107611,
                    54.669837944
                ]
            }
        },
        {
            "type": "Feature",
            "properties": {
                "name": "Obstacle"
            },
            "geometry": {
                "type": "Point",
                "coordinates": [
                    9.110688194,
                    54.872472056
                ]
            }
        },
        {
            "type": "Feature",
            "properties": {
                "name": "Obstacle"
            },
            "geometry": {
                "type": "Point",
                "coordinates": [
                    8.75766175,
                    54.72719
                ]
            }
        },
        {
            "type": "Feature",
            "properties": {
                "name": "Obstacle"
            },
            "geometry": {
                "type": "Point",
                "coordinates": [
                    8.917488889,
                    54.231472222
                ]
            }
        },
        {
            "type": "Feature",
            "properties": {
                "name": "Obstacle"
            },
            "geometry": {
                "type": "Point",
                "coordinates": [
                    8.935915444,
                    54.8251675
                ]
            }
        },
        {
            "type": "Feature",
            "properties": {
                "name": "Obstacle"
            },
            "geometry": {
                "type": "Point",
                "coordinates": [
                    9.352383028,
                    54.6700505
                ]
            }
        },
        {
            "type": "Feature",
            "properties": {
                "name": "Obstacle"
            },
            "geometry": {
                "type": "Point",
                "coordinates": [
                    9.057145861,
                    54.708401361
                ]
            }
        },
        {
            "type": "Feature",
            "properties": {
                "name": "Obstacle"
            },
            "geometry": {
                "type": "Point",
                "coordinates": [
                    9.412566667,
                    53.980283333
                ]
            }
        },
        {
            "type": "Feature",
            "properties": {
                "name": "Obstacle"
            },
            "geometry": {
                "type": "Point",
                "coordinates": [
                    9.307147222,
                    54.199344444
                ]
            }
        },
        {
            "type": "Feature",
            "properties": {
                "name": "Obstacle"
            },
            "geometry": {
                "type": "Point",
                "coordinates": [
                    8.913086111,
                    54.239527778
                ]
            }
        },
        {
            "type": "Feature",
            "properties": {
                "name": "Obstacle"
            },
            "geometry": {
                "type": "Point",
                "coordinates": [
                    10.943593333,
                    54.238056111
                ]
            }
        },
        {
            "type": "Feature",
            "properties": {
                "name": "Obstacle"
            },
            "geometry": {
                "type": "Point",
                "coordinates": [
                    9.057863889,
                    53.923125
                ]
            }
        },
        {
            "type": "Feature",
            "properties": {
                "name": "Obstacle"
            },
            "geometry": {
                "type": "Point",
                "coordinates": [
                    9.315505556,
                    54.6313
                ]
            }
        },
        {
            "type": "Feature",
            "properties": {
                "name": "Obstacle"
            },
            "geometry": {
                "type": "Point",
                "coordinates": [
                    9.110555556,
                    54.790277778
                ]
            }
        },
        {
            "type": "Feature",
            "properties": {
                "name": "Obstacle"
            },
            "geometry": {
                "type": "Point",
                "coordinates": [
                    9.040905556,
                    54.230730556
                ]
            }
        },
        {
            "type": "Feature",
            "properties": {
                "name": "Obstacle"
            },
            "geometry": {
                "type": "Point",
                "coordinates": [
                    9.464175,
                    54.612088889
                ]
            }
        },
        {
            "type": "Feature",
            "properties": {
                "name": "Obstacle"
            },
            "geometry": {
                "type": "Point",
                "coordinates": [
                    10.797363056,
                    54.276875
                ]
            }
        },
        {
            "type": "Feature",
            "properties": {
                "name": "Obstacle"
            },
            "geometry": {
                "type": "Point",
                "coordinates": [
                    9.336329444,
                    54.202725
                ]
            }
        },
        {
            "type": "Feature",
            "properties": {
                "name": "Obstacle"
            },
            "geometry": {
                "type": "Point",
                "coordinates": [
                    9.122302778,
                    54.790530556
                ]
            }
        },
        {
            "type": "Feature",
            "properties": {
                "name": "Obstacle"
            },
            "geometry": {
                "type": "Point",
                "coordinates": [
                    9.439302778,
                    54.146322222
                ]
            }
        },
        {
            "type": "Feature",
            "properties": {
                "name": "Obstacle"
            },
            "geometry": {
                "type": "Point",
                "coordinates": [
                    9.321888889,
                    54.026944444
                ]
            }
        },
        {
            "type": "Feature",
            "properties": {
                "name": "Obstacle"
            },
            "geometry": {
                "type": "Point",
                "coordinates": [
                    9.574502028,
                    53.831575778
                ]
            }
        },
        {
            "type": "Feature",
            "properties": {
                "name": "Obstacle"
            },
            "geometry": {
                "type": "Point",
                "coordinates": [
                    9.639085444,
                    54.213240667
                ]
            }
        },
        {
            "type": "Feature",
            "properties": {
                "name": "Obstacle"
            },
            "geometry": {
                "type": "Point",
                "coordinates": [
                    9.669170417,
                    54.210416944
                ]
            }
        },
        {
            "type": "Feature",
            "properties": {
                "name": "Obstacle"
            },
            "geometry": {
                "type": "Point",
                "coordinates": [
                    9.065308333,
                    53.989847222
                ]
            }
        },
        {
            "type": "Feature",
            "properties": {
                "name": "Obstacle"
            },
            "geometry": {
                "type": "Point",
                "coordinates": [
                    9.750730556,
                    54.229936111
                ]
            }
        },
        {
            "type": "Feature",
            "properties": {
                "name": "Obstacle"
            },
            "geometry": {
                "type": "Point",
                "coordinates": [
                    8.908800861,
                    54.778675667
                ]
            }
        },
        {
            "type": "Feature",
            "properties": {
                "name": "Obstacle"
            },
            "geometry": {
                "type": "Point",
                "coordinates": [
                    8.912700056,
                    54.772815139
                ]
            }
        },
        {
            "type": "Feature",
            "properties": {
                "name": "Obstacle"
            },
            "geometry": {
                "type": "Point",
                "coordinates": [
                    9.283118,
                    54.752381
                ]
            }
        },
        {
            "type": "Feature",
            "properties": {
                "name": "Obstacle"
            },
            "geometry": {
                "type": "Point",
                "coordinates": [
                    9.049201417,
                    54.169691444
                ]
            }
        },
        {
            "type": "Feature",
            "properties": {
                "name": "Obstacle"
            },
            "geometry": {
                "type": "Point",
                "coordinates": [
                    8.963830556,
                    54.191122222
                ]
            }
        },
        {
            "type": "Feature",
            "properties": {
                "name": "Obstacle"
            },
            "geometry": {
                "type": "Point",
                "coordinates": [
                    9.034486944,
                    54.232286306
                ]
            }
        },
        {
            "type": "Feature",
            "properties": {
                "name": "Obstacle"
            },
            "geometry": {
                "type": "Point",
                "coordinates": [
                    9.136777,
                    54.758073
                ]
            }
        },
        {
            "type": "Feature",
            "properties": {
                "name": "Obstacle"
            },
            "geometry": {
                "type": "Point",
                "coordinates": [
                    8.950204083,
                    54.409242667
                ]
            }
        },
        {
            "type": "Feature",
            "properties": {
                "name": "Obstacle"
            },
            "geometry": {
                "type": "Point",
                "coordinates": [
                    9.675522167,
                    54.761282528
                ]
            }
        },
        {
            "type": "Feature",
            "properties": {
                "name": "Obstacle"
            },
            "geometry": {
                "type": "Point",
                "coordinates": [
                    9.143222222,
                    54.460555556
                ]
            }
        },
        {
            "type": "Feature",
            "properties": {
                "name": "Obstacle"
            },
            "geometry": {
                "type": "Point",
                "coordinates": [
                    9.310166667,
                    53.928333333
                ]
            }
        },
        {
            "type": "Feature",
            "properties": {
                "name": "Obstacle"
            },
            "geometry": {
                "type": "Point",
                "coordinates": [
                    9.354812722,
                    54.010345833
                ]
            }
        },
        {
            "type": "Feature",
            "properties": {
                "name": "Obstacle"
            },
            "geometry": {
                "type": "Point",
                "coordinates": [
                    9.04438375,
                    54.135208444
                ]
            }
        },
        {
            "type": "Feature",
            "properties": {
                "name": "Obstacle"
            },
            "geometry": {
                "type": "Point",
                "coordinates": [
                    9.339850306,
                    54.056155528
                ]
            }
        },
        {
            "type": "Feature",
            "properties": {
                "name": "Obstacle"
            },
            "geometry": {
                "type": "Point",
                "coordinates": [
                    9.373413639,
                    54.535216944
                ]
            }
        },
        {
            "type": "Feature",
            "properties": {
                "name": "Obstacle"
            },
            "geometry": {
                "type": "Point",
                "coordinates": [
                    9.02275,
                    54.176313889
                ]
            }
        },
        {
            "type": "Feature",
            "properties": {
                "name": "Obstacle"
            },
            "geometry": {
                "type": "Point",
                "coordinates": [
                    9.932530417,
                    53.976170611
                ]
            }
        },
        {
            "type": "Feature",
            "properties": {
                "name": "Obstacle"
            },
            "geometry": {
                "type": "Point",
                "coordinates": [
                    9.554348972,
                    53.805874139
                ]
            }
        },
        {
            "type": "Feature",
            "properties": {
                "name": "Obstacle"
            },
            "geometry": {
                "type": "Point",
                "coordinates": [
                    9.851505861,
                    53.890178972
                ]
            }
        },
        {
            "type": "Feature",
            "properties": {
                "name": "Obstacle"
            },
            "geometry": {
                "type": "Point",
                "coordinates": [
                    9.588761944,
                    54.0463325
                ]
            }
        },
        {
            "type": "Feature",
            "properties": {
                "name": "Obstacle"
            },
            "geometry": {
                "type": "Point",
                "coordinates": [
                    9.206644,
                    54.296419944
                ]
            }
        },
        {
            "type": "Feature",
            "properties": {
                "name": "Obstacle"
            },
            "geometry": {
                "type": "Point",
                "coordinates": [
                    9.085771806,
                    54.031933389
                ]
            }
        },
        {
            "type": "Feature",
            "properties": {
                "name": "Obstacle"
            },
            "geometry": {
                "type": "Point",
                "coordinates": [
                    9.003677778,
                    54.000183333
                ]
            }
        },
        {
            "type": "Feature",
            "properties": {
                "name": "Obstacle"
            },
            "geometry": {
                "type": "Point",
                "coordinates": [
                    9.226460583,
                    54.483581056
                ]
            }
        },
        {
            "type": "Feature",
            "properties": {
                "name": "Obstacle"
            },
            "geometry": {
                "type": "Point",
                "coordinates": [
                    8.991826056,
                    54.295167667
                ]
            }
        },
        {
            "type": "Feature",
            "properties": {
                "name": "Obstacle"
            },
            "geometry": {
                "type": "Point",
                "coordinates": [
                    9.130048583,
                    54.262023806
                ]
            }
        },
        {
            "type": "Feature",
            "properties": {
                "name": "Obstacle"
            },
            "geometry": {
                "type": "Point",
                "coordinates": [
                    10.848302778,
                    54.251552778
                ]
            }
        },
        {
            "type": "Feature",
            "properties": {
                "name": "Obstacle"
            },
            "geometry": {
                "type": "Point",
                "coordinates": [
                    10.995288889,
                    54.267677778
                ]
            }
        },
        {
            "type": "Feature",
            "properties": {
                "name": "Obstacle"
            },
            "geometry": {
                "type": "Point",
                "coordinates": [
                    11.015241667,
                    54.2673
                ]
            }
        },
        {
            "type": "Feature",
            "properties": {
                "name": "Obstacle"
            },
            "geometry": {
                "type": "Point",
                "coordinates": [
                    10.080937778,
                    53.8525525
                ]
            }
        },
        {
            "type": "Feature",
            "properties": {
                "name": "Obstacle"
            },
            "geometry": {
                "type": "Point",
                "coordinates": [
                    9.919944444,
                    54.517322222
                ]
            }
        },
        {
            "type": "Feature",
            "properties": {
                "name": "Obstacle"
            },
            "geometry": {
                "type": "Point",
                "coordinates": [
                    10.636412222,
                    54.064129056
                ]
            }
        },
        {
            "type": "Feature",
            "properties": {
                "name": "Obstacle"
            },
            "geometry": {
                "type": "Point",
                "coordinates": [
                    10.645572528,
                    54.051232722
                ]
            }
        },
        {
            "type": "Feature",
            "properties": {
                "name": "Obstacle"
            },
            "geometry": {
                "type": "Point",
                "coordinates": [
                    9.168878333,
                    54.499304833
                ]
            }
        },
        {
            "type": "Feature",
            "properties": {
                "name": "Obstacle"
            },
            "geometry": {
                "type": "Point",
                "coordinates": [
                    9.391063889,
                    54.578705556
                ]
            }
        },
        {
            "type": "Feature",
            "properties": {
                "name": "Obstacle"
            },
            "geometry": {
                "type": "Point",
                "coordinates": [
                    11.003264472,
                    54.279184028
                ]
            }
        },
        {
            "type": "Feature",
            "properties": {
                "name": "Obstacle"
            },
            "geometry": {
                "type": "Point",
                "coordinates": [
                    9.222656889,
                    54.635074694
                ]
            }
        },
        {
            "type": "Feature",
            "properties": {
                "name": "Obstacle"
            },
            "geometry": {
                "type": "Point",
                "coordinates": [
                    11.028711111,
                    54.293591667
                ]
            }
        },
        {
            "type": "Feature",
            "properties": {
                "name": "Obstacle"
            },
            "geometry": {
                "type": "Point",
                "coordinates": [
                    8.910416667,
                    54.230444444
                ]
            }
        },
        {
            "type": "Feature",
            "properties": {
                "name": "Obstacle"
            },
            "geometry": {
                "type": "Point",
                "coordinates": [
                    9.250166667,
                    54.797305556
                ]
            }
        },
        {
            "type": "Feature",
            "properties": {
                "name": "Obstacle"
            },
            "geometry": {
                "type": "Point",
                "coordinates": [
                    10.395496,
                    53.91254
                ]
            }
        },
        {
            "type": "Feature",
            "properties": {
                "name": "Obstacle"
            },
            "geometry": {
                "type": "Point",
                "coordinates": [
                    9.794738889,
                    54.123513889
                ]
            }
        },
        {
            "type": "Feature",
            "properties": {
                "name": "Obstacle"
            },
            "geometry": {
                "type": "Point",
                "coordinates": [
                    10.124413083,
                    54.052799917
                ]
            }
        },
        {
            "type": "Feature",
            "properties": {
                "name": "Obstacle"
            },
            "geometry": {
                "type": "Point",
                "coordinates": [
                    10.554055556,
                    53.4116
                ]
            }
        },
        {
            "type": "Feature",
            "properties": {
                "name": "Obstacle"
            },
            "geometry": {
                "type": "Point",
                "coordinates": [
                    10.569180556,
                    54.074466667
                ]
            }
        },
        {
            "type": "Feature",
            "properties": {
                "name": "Obstacle"
            },
            "geometry": {
                "type": "Point",
                "coordinates": [
                    10.946588056,
                    54.352763889
                ]
            }
        },
        {
            "type": "Feature",
            "properties": {
                "name": "Obstacle"
            },
            "geometry": {
                "type": "Point",
                "coordinates": [
                    11.034754,
                    54.210135
                ]
            }
        },
        {
            "type": "Feature",
            "properties": {
                "name": "Obstacle"
            },
            "geometry": {
                "type": "Point",
                "coordinates": [
                    9.757058,
                    53.913669
                ]
            }
        },
        {
            "type": "Feature",
            "properties": {
                "name": "Obstacle"
            },
            "geometry": {
                "type": "Point",
                "coordinates": [
                    10.274573,
                    53.889926
                ]
            }
        },
        {
            "type": "Feature",
            "properties": {
                "name": "Obstacle"
            },
            "geometry": {
                "type": "Point",
                "coordinates": [
                    9.967646667,
                    54.543956889
                ]
            }
        },
        {
            "type": "Feature",
            "properties": {
                "name": "Obstacle"
            },
            "geometry": {
                "type": "Point",
                "coordinates": [
                    11.131883333,
                    47.502797222
                ]
            }
        },
        {
            "type": "Feature",
            "properties": {
                "name": "Obstacle"
            },
            "geometry": {
                "type": "Point",
                "coordinates": [
                    12.872202778,
                    47.716522222
                ]
            }
        },
        {
            "type": "Feature",
            "properties": {
                "name": "Obstacle"
            },
            "geometry": {
                "type": "Point",
                "coordinates": [
                    10.9851147,
                    47.421106018
                ]
            }
        },
        {
            "type": "Feature",
            "properties": {
                "name": "Obstacle"
            },
            "geometry": {
                "type": "Point",
                "coordinates": [
                    11.282775,
                    47.434336111
                ]
            }
        },
        {
            "type": "Feature",
            "properties": {
                "name": "Obstacle"
            },
            "geometry": {
                "type": "Point",
                "coordinates": [
                    12.568733333,
                    47.766305556
                ]
            }
        },
        {
            "type": "Feature",
            "properties": {
                "name": "Obstacle"
            },
            "geometry": {
                "type": "Point",
                "coordinates": [
                    11.115080556,
                    47.420805556
                ]
            }
        },
        {
            "type": "Feature",
            "properties": {
                "name": "Obstacle"
            },
            "geometry": {
                "type": "Point",
                "coordinates": [
                    12.250127778,
                    47.747894444
                ]
            }
        },
        {
            "type": "Feature",
            "properties": {
                "name": "Obstacle"
            },
            "geometry": {
                "type": "Point",
                "coordinates": [
                    10.344222222,
                    47.418652778
                ]
            }
        },
        {
            "type": "Feature",
            "properties": {
                "name": "Obstacle"
            },
            "geometry": {
                "type": "Point",
                "coordinates": [
                    11.004472222,
                    50.446861111
                ]
            }
        },
        {
            "type": "Feature",
            "properties": {
                "name": "Obstacle"
            },
            "geometry": {
                "type": "Point",
                "coordinates": [
                    11.328559345,
                    50.686140071
                ]
            }
        },
        {
            "type": "Feature",
            "properties": {
                "name": "Obstacle"
            },
            "geometry": {
                "type": "Point",
                "coordinates": [
                    11.81318333,
                    50.498357004
                ]
            }
        },
        {
            "type": "Feature",
            "properties": {
                "name": "Obstacle"
            },
            "geometry": {
                "type": "Point",
                "coordinates": [
                    12.391862679,
                    51.026638847
                ]
            }
        },
        {
            "type": "Feature",
            "properties": {
                "name": "Obstacle"
            },
            "geometry": {
                "type": "Point",
                "coordinates": [
                    11.802777778,
                    50.985277778
                ]
            }
        },
        {
            "type": "Feature",
            "properties": {
                "name": "Obstacle"
            },
            "geometry": {
                "type": "Point",
                "coordinates": [
                    10.818622222,
                    51.097426667
                ]
            }
        },
        {
            "type": "Feature",
            "properties": {
                "name": "Obstacle"
            },
            "geometry": {
                "type": "Point",
                "coordinates": [
                    10.279905444,
                    51.250614808
                ]
            }
        },
        {
            "type": "Feature",
            "properties": {
                "name": "Obstacle"
            },
            "geometry": {
                "type": "Point",
                "coordinates": [
                    10.284606639,
                    51.260158611
                ]
            }
        },
        {
            "type": "Feature",
            "properties": {
                "name": "Obstacle"
            },
            "geometry": {
                "type": "Point",
                "coordinates": [
                    10.284475,
                    51.247425
                ]
            }
        },
        {
            "type": "Feature",
            "properties": {
                "name": "Obstacle"
            },
            "geometry": {
                "type": "Point",
                "coordinates": [
                    10.696111111,
                    51.382777778
                ]
            }
        },
        {
            "type": "Feature",
            "properties": {
                "name": "Obstacle"
            },
            "geometry": {
                "type": "Point",
                "coordinates": [
                    12.399661917,
                    51.032017444
                ]
            }
        },
        {
            "type": "Feature",
            "properties": {
                "name": "Obstacle"
            },
            "geometry": {
                "type": "Point",
                "coordinates": [
                    12.382614,
                    51.035859944
                ]
            }
        },
        {
            "type": "Feature",
            "properties": {
                "name": "Obstacle"
            },
            "geometry": {
                "type": "Point",
                "coordinates": [
                    11.616033333,
                    51.041886111
                ]
            }
        },
        {
            "type": "Feature",
            "properties": {
                "name": "Obstacle"
            },
            "geometry": {
                "type": "Point",
                "coordinates": [
                    11.644869444,
                    51.050977778
                ]
            }
        },
        {
            "type": "Feature",
            "properties": {
                "name": "Obstacle"
            },
            "geometry": {
                "type": "Point",
                "coordinates": [
                    11.767168306,
                    51.017593694
                ]
            }
        },
        {
            "type": "Feature",
            "properties": {
                "name": "Obstacle"
            },
            "geometry": {
                "type": "Point",
                "coordinates": [
                    11.759758361,
                    51.009201083
                ]
            }
        },
        {
            "type": "Feature",
            "properties": {
                "name": "Obstacle"
            },
            "geometry": {
                "type": "Point",
                "coordinates": [
                    10.753305556,
                    51.132722222
                ]
            }
        },
        {
            "type": "Feature",
            "properties": {
                "name": "Obstacle"
            },
            "geometry": {
                "type": "Point",
                "coordinates": [
                    10.761555556,
                    51.132194444
                ]
            }
        },
        {
            "type": "Feature",
            "properties": {
                "name": "Obstacle"
            },
            "geometry": {
                "type": "Point",
                "coordinates": [
                    10.961980028,
                    51.200897639
                ]
            }
        },
        {
            "type": "Feature",
            "properties": {
                "name": "Obstacle"
            },
            "geometry": {
                "type": "Point",
                "coordinates": [
                    12.436033949,
                    50.843717996
                ]
            }
        },
        {
            "type": "Feature",
            "properties": {
                "name": "Obstacle"
            },
            "geometry": {
                "type": "Point",
                "coordinates": [
                    10.91865502,
                    51.303158279
                ]
            }
        },
        {
            "type": "Feature",
            "properties": {
                "name": "Obstacle"
            },
            "geometry": {
                "type": "Point",
                "coordinates": [
                    10.730219722,
                    51.203003889
                ]
            }
        },
        {
            "type": "Feature",
            "properties": {
                "name": "Obstacle"
            },
            "geometry": {
                "type": "Point",
                "coordinates": [
                    10.725040194,
                    51.189877361
                ]
            }
        },
        {
            "type": "Feature",
            "properties": {
                "name": "Obstacle"
            },
            "geometry": {
                "type": "Point",
                "coordinates": [
                    10.72475,
                    51.200694444
                ]
            }
        },
        {
            "type": "Feature",
            "properties": {
                "name": "Obstacle"
            },
            "geometry": {
                "type": "Point",
                "coordinates": [
                    11.616638889,
                    51.03025
                ]
            }
        },
        {
            "type": "Feature",
            "properties": {
                "name": "Obstacle"
            },
            "geometry": {
                "type": "Point",
                "coordinates": [
                    11.516348577,
                    50.899874872
                ]
            }
        },
        {
            "type": "Feature",
            "properties": {
                "name": "Obstacle"
            },
            "geometry": {
                "type": "Point",
                "coordinates": [
                    11.1075,
                    50.931111111
                ]
            }
        },
        {
            "type": "Feature",
            "properties": {
                "name": "Obstacle"
            },
            "geometry": {
                "type": "Point",
                "coordinates": [
                    10.639488889,
                    51.029247222
                ]
            }
        },
        {
            "type": "Feature",
            "properties": {
                "name": "Obstacle"
            },
            "geometry": {
                "type": "Point",
                "coordinates": [
                    10.662508611,
                    51.033198056
                ]
            }
        },
        {
            "type": "Feature",
            "properties": {
                "name": "Obstacle"
            },
            "geometry": {
                "type": "Point",
                "coordinates": [
                    10.621991111,
                    51.036583889
                ]
            }
        },
        {
            "type": "Feature",
            "properties": {
                "name": "Obstacle"
            },
            "geometry": {
                "type": "Point",
                "coordinates": [
                    10.663558056,
                    51.026944444
                ]
            }
        },
        {
            "type": "Feature",
            "properties": {
                "name": "Obstacle"
            },
            "geometry": {
                "type": "Point",
                "coordinates": [
                    10.620811944,
                    51.033691944
                ]
            }
        },
        {
            "type": "Feature",
            "properties": {
                "name": "Obstacle"
            },
            "geometry": {
                "type": "Point",
                "coordinates": [
                    10.7009405,
                    51.537236583
                ]
            }
        },
        {
            "type": "Feature",
            "properties": {
                "name": "Obstacle"
            },
            "geometry": {
                "type": "Point",
                "coordinates": [
                    10.06649225,
                    50.819691111
                ]
            }
        },
        {
            "type": "Feature",
            "properties": {
                "name": "Obstacle"
            },
            "geometry": {
                "type": "Point",
                "coordinates": [
                    11.180971861,
                    51.107140583
                ]
            }
        },
        {
            "type": "Feature",
            "properties": {
                "name": "Obstacle"
            },
            "geometry": {
                "type": "Point",
                "coordinates": [
                    10.856730556,
                    51.216433333
                ]
            }
        },
        {
            "type": "Feature",
            "properties": {
                "name": "Obstacle"
            },
            "geometry": {
                "type": "Point",
                "coordinates": [
                    10.865133333,
                    51.211747222
                ]
            }
        },
        {
            "type": "Feature",
            "properties": {
                "name": "Obstacle"
            },
            "geometry": {
                "type": "Point",
                "coordinates": [
                    10.940536111,
                    51.209297222
                ]
            }
        },
        {
            "type": "Feature",
            "properties": {
                "name": "Obstacle"
            },
            "geometry": {
                "type": "Point",
                "coordinates": [
                    10.956413889,
                    51.210038889
                ]
            }
        },
        {
            "type": "Feature",
            "properties": {
                "name": "Obstacle"
            },
            "geometry": {
                "type": "Point",
                "coordinates": [
                    12.076027778,
                    50.918472222
                ]
            }
        },
        {
            "type": "Feature",
            "properties": {
                "name": "Obstacle"
            },
            "geometry": {
                "type": "Point",
                "coordinates": [
                    10.5661,
                    50.916127778
                ]
            }
        },
        {
            "type": "Feature",
            "properties": {
                "name": "Obstacle"
            },
            "geometry": {
                "type": "Point",
                "coordinates": [
                    10.991236111,
                    51.207381667
                ]
            }
        },
        {
            "type": "Feature",
            "properties": {
                "name": "Obstacle"
            },
            "geometry": {
                "type": "Point",
                "coordinates": [
                    11.243647361,
                    51.108497833
                ]
            }
        },
        {
            "type": "Feature",
            "properties": {
                "name": "Obstacle"
            },
            "geometry": {
                "type": "Point",
                "coordinates": [
                    10.710555556,
                    51.372752778
                ]
            }
        },
        {
            "type": "Feature",
            "properties": {
                "name": "Obstacle"
            },
            "geometry": {
                "type": "Point",
                "coordinates": [
                    11.026283333,
                    51.167633333
                ]
            }
        },
        {
            "type": "Feature",
            "properties": {
                "name": "Obstacle"
            },
            "geometry": {
                "type": "Point",
                "coordinates": [
                    12.382031833,
                    50.868078444
                ]
            }
        },
        {
            "type": "Feature",
            "properties": {
                "name": "Obstacle"
            },
            "geometry": {
                "type": "Point",
                "coordinates": [
                    11.346171389,
                    51.169205278
                ]
            }
        },
        {
            "type": "Feature",
            "properties": {
                "name": "Obstacle"
            },
            "geometry": {
                "type": "Point",
                "coordinates": [
                    11.335705278,
                    51.17818
                ]
            }
        },
        {
            "type": "Feature",
            "properties": {
                "name": "Obstacle"
            },
            "geometry": {
                "type": "Point",
                "coordinates": [
                    11.328096111,
                    51.178565556
                ]
            }
        },
        {
            "type": "Feature",
            "properties": {
                "name": "Obstacle"
            },
            "geometry": {
                "type": "Point",
                "coordinates": [
                    11.344644444,
                    51.174419444
                ]
            }
        },
        {
            "type": "Feature",
            "properties": {
                "name": "Obstacle"
            },
            "geometry": {
                "type": "Point",
                "coordinates": [
                    10.682154444,
                    51.029293333
                ]
            }
        },
        {
            "type": "Feature",
            "properties": {
                "name": "Obstacle"
            },
            "geometry": {
                "type": "Point",
                "coordinates": [
                    12.276388889,
                    50.985277778
                ]
            }
        },
        {
            "type": "Feature",
            "properties": {
                "name": "Obstacle"
            },
            "geometry": {
                "type": "Point",
                "coordinates": [
                    11.913030556,
                    51.026958333
                ]
            }
        },
        {
            "type": "Feature",
            "properties": {
                "name": "Obstacle"
            },
            "geometry": {
                "type": "Point",
                "coordinates": [
                    11.767055556,
                    51.010361111
                ]
            }
        },
        {
            "type": "Feature",
            "properties": {
                "name": "Obstacle"
            },
            "geometry": {
                "type": "Point",
                "coordinates": [
                    10.346711333,
                    51.037554667
                ]
            }
        },
        {
            "type": "Feature",
            "properties": {
                "name": "Obstacle"
            },
            "geometry": {
                "type": "Point",
                "coordinates": [
                    10.928461111,
                    50.949386111
                ]
            }
        },
        {
            "type": "Feature",
            "properties": {
                "name": "Obstacle"
            },
            "geometry": {
                "type": "Point",
                "coordinates": [
                    10.543638889,
                    50.953308333
                ]
            }
        },
        {
            "type": "Feature",
            "properties": {
                "name": "Obstacle"
            },
            "geometry": {
                "type": "Point",
                "coordinates": [
                    11.345994444,
                    51.166869444
                ]
            }
        },
        {
            "type": "Feature",
            "properties": {
                "name": "Obstacle"
            },
            "geometry": {
                "type": "Point",
                "coordinates": [
                    11.353891667,
                    51.180455556
                ]
            }
        },
        {
            "type": "Feature",
            "properties": {
                "name": "Obstacle"
            },
            "geometry": {
                "type": "Point",
                "coordinates": [
                    10.84817425,
                    51.212268889
                ]
            }
        },
        {
            "type": "Feature",
            "properties": {
                "name": "Obstacle"
            },
            "geometry": {
                "type": "Point",
                "coordinates": [
                    11.339861111,
                    51.168583333
                ]
            }
        },
        {
            "type": "Feature",
            "properties": {
                "name": "Obstacle"
            },
            "geometry": {
                "type": "Point",
                "coordinates": [
                    10.869961111,
                    51.210908056
                ]
            }
        },
        {
            "type": "Feature",
            "properties": {
                "name": "Obstacle"
            },
            "geometry": {
                "type": "Point",
                "coordinates": [
                    12.272219444,
                    50.986569444
                ]
            }
        },
        {
            "type": "Feature",
            "properties": {
                "name": "Obstacle"
            },
            "geometry": {
                "type": "Point",
                "coordinates": [
                    10.563982778,
                    51.019891667
                ]
            }
        },
        {
            "type": "Feature",
            "properties": {
                "name": "Obstacle"
            },
            "geometry": {
                "type": "Point",
                "coordinates": [
                    11.809358333,
                    50.496880556
                ]
            }
        },
        {
            "type": "Feature",
            "properties": {
                "name": "Obstacle"
            },
            "geometry": {
                "type": "Point",
                "coordinates": [
                    10.9275,
                    51.296666667
                ]
            }
        },
        {
            "type": "Feature",
            "properties": {
                "name": "Obstacle"
            },
            "geometry": {
                "type": "Point",
                "coordinates": [
                    10.330425722,
                    51.049521778
                ]
            }
        },
        {
            "type": "Feature",
            "properties": {
                "name": "Obstacle"
            },
            "geometry": {
                "type": "Point",
                "coordinates": [
                    11.925710972,
                    50.429413722
                ]
            }
        },
        {
            "type": "Feature",
            "properties": {
                "name": "Obstacle"
            },
            "geometry": {
                "type": "Point",
                "coordinates": [
                    11.744744444,
                    51.053091667
                ]
            }
        },
        {
            "type": "Feature",
            "properties": {
                "name": "Obstacle"
            },
            "geometry": {
                "type": "Point",
                "coordinates": [
                    11.650138889,
                    51.052444444
                ]
            }
        },
        {
            "type": "Feature",
            "properties": {
                "name": "Obstacle"
            },
            "geometry": {
                "type": "Point",
                "coordinates": [
                    10.656269444,
                    51.472705556
                ]
            }
        },
        {
            "type": "Feature",
            "properties": {
                "name": "Obstacle"
            },
            "geometry": {
                "type": "Point",
                "coordinates": [
                    10.905,
                    51.308611111
                ]
            }
        },
        {
            "type": "Feature",
            "properties": {
                "name": "Obstacle"
            },
            "geometry": {
                "type": "Point",
                "coordinates": [
                    10.914066667,
                    51.308269444
                ]
            }
        },
        {
            "type": "Feature",
            "properties": {
                "name": "Obstacle"
            },
            "geometry": {
                "type": "Point",
                "coordinates": [
                    10.38416825,
                    51.007947306
                ]
            }
        },
        {
            "type": "Feature",
            "properties": {
                "name": "Obstacle"
            },
            "geometry": {
                "type": "Point",
                "coordinates": [
                    11.201189167,
                    51.107430833
                ]
            }
        },
        {
            "type": "Feature",
            "properties": {
                "name": "Obstacle"
            },
            "geometry": {
                "type": "Point",
                "coordinates": [
                    12.210486111,
                    50.888044444
                ]
            }
        },
        {
            "type": "Feature",
            "properties": {
                "name": "Obstacle"
            },
            "geometry": {
                "type": "Point",
                "coordinates": [
                    10.674083333,
                    51.465083333
                ]
            }
        },
        {
            "type": "Feature",
            "properties": {
                "name": "Obstacle"
            },
            "geometry": {
                "type": "Point",
                "coordinates": [
                    10.811916667,
                    51.425541667
                ]
            }
        },
        {
            "type": "Feature",
            "properties": {
                "name": "Obstacle"
            },
            "geometry": {
                "type": "Point",
                "coordinates": [
                    10.204444444,
                    51.434444444
                ]
            }
        },
        {
            "type": "Feature",
            "properties": {
                "name": "Obstacle"
            },
            "geometry": {
                "type": "Point",
                "coordinates": [
                    11.621825,
                    51.043733333
                ]
            }
        },
        {
            "type": "Feature",
            "properties": {
                "name": "Obstacle"
            },
            "geometry": {
                "type": "Point",
                "coordinates": [
                    11.63865,
                    51.046772222
                ]
            }
        },
        {
            "type": "Feature",
            "properties": {
                "name": "Obstacle"
            },
            "geometry": {
                "type": "Point",
                "coordinates": [
                    10.545685,
                    51.314827778
                ]
            }
        },
        {
            "type": "Feature",
            "properties": {
                "name": "Obstacle"
            },
            "geometry": {
                "type": "Point",
                "coordinates": [
                    10.535833333,
                    50.960361111
                ]
            }
        },
        {
            "type": "Feature",
            "properties": {
                "name": "Obstacle"
            },
            "geometry": {
                "type": "Point",
                "coordinates": [
                    11.322475444,
                    51.171547333
                ]
            }
        },
        {
            "type": "Feature",
            "properties": {
                "name": "Obstacle"
            },
            "geometry": {
                "type": "Point",
                "coordinates": [
                    10.712225,
                    51.37765
                ]
            }
        },
        {
            "type": "Feature",
            "properties": {
                "name": "Obstacle"
            },
            "geometry": {
                "type": "Point",
                "coordinates": [
                    11.032728222,
                    51.172428667
                ]
            }
        }
    ]
}